{"type":"FeatureCollection","features":[{"type":"Feature","geometry":{"type":"Polygon","coordinates":[[[13.607583,45.9363],[13.607832,45.936346],[13.608379,45.936081],[13.608453,45.936152],[13.608489,45.936157],[13.608934,45.935952],[13.608996,45.935977],[13.60942,45.935782],[13.611809,45.938243],[13.612112,45.938539],[13.612141,45.93855],[13.612324,45.938399],[13.612323,45.938377],[13.611505,45.937537],[13.61151,45.937509],[13.611466,45.937464],[13.611427,45.937456],[13.610756,45.936762],[13.61076,45.936735],[13.610694,45.936669],[13.610657,45.93666],[13.609993,45.935979],[13.609995,45.935953],[13.609929,45.935884],[13.609891,45.935876],[13.608734,45.93469],[13.610318,45.934681],[13.610886,45.934696],[13.611013,45.934723],[13.611309,45.934873],[13.612848,45.935567],[13.612855,45.935601],[13.612889,45.935604],[13.61297,45.935567],[13.613175,45.93565],[13.613197,45.935632],[13.613122,45.934301],[13.613196,45.934289],[13.613207,45.934264],[13.613299,45.934266],[13.613363,45.935458],[13.61349,45.935604],[13.613961,45.93587],[13.613997,45.935872],[13.614233,45.935994],[13.615178,45.936508],[13.615224,45.936501],[13.617023,45.937447],[13.617098,45.937451],[13.618582,45.936571],[13.6187,45.93653],[13.618778,45.936625],[13.618815,45.936631],[13.620566,45.935785],[13.620615,45.935827],[13.620708,45.93579],[13.620716,45.935767],[13.620412,45.935377],[13.620547,45.935404],[13.620733,45.935406],[13.62082,45.935391],[13.621382,45.935201],[13.621752,45.935188],[13.621741,45.93472],[13.621713,45.934698],[13.621684,45.934234],[13.621784,45.934232],[13.621855,45.935297],[13.621973,45.936354],[13.622,45.936414],[13.62212,45.936593],[13.622821,45.937351],[13.622815,45.937379],[13.623785,45.938278],[13.624862,45.937718],[13.624906,45.937726],[13.625095,45.937643],[13.625104,45.937613],[13.625248,45.937551],[13.625291,45.937558],[13.625882,45.937301],[13.626183,45.937187],[13.62641,45.937126],[13.626442,45.937034],[13.626691,45.937013],[13.627013,45.936896],[13.627149,45.936874],[13.629079,45.935963],[13.629058,45.936106],[13.628745,45.936257],[13.628586,45.936332],[13.628546,45.936328],[13.627463,45.936845],[13.627118,45.936989],[13.62651,45.937194],[13.626493,45.937331],[13.626533,45.937518],[13.626562,45.937533],[13.626641,45.937528],[13.626701,45.937764],[13.626672,45.937802],[13.626847,45.937962],[13.627217,45.937962],[13.627637,45.937926],[13.628507,45.93765],[13.628954,45.937574],[13.629132,45.937528],[13.629153,45.937539],[13.629216,45.937533],[13.629306,45.93749],[13.629403,45.937468],[13.630237,45.937341],[13.630629,45.937327],[13.630961,45.937365],[13.630989,45.937387],[13.6313,45.937395],[13.631365,45.937369],[13.631543,45.937489],[13.632005,45.937675],[13.632035,45.937673],[13.632053,45.937641],[13.632437,45.937817],[13.632876,45.938047],[13.633167,45.938308],[13.633745,45.938887],[13.633772,45.938894],[13.633834,45.938853],[13.634058,45.939051],[13.634269,45.939183],[13.634511,45.939308],[13.634496,45.939347],[13.634698,45.939487],[13.63486,45.939641],[13.634979,45.93981],[13.635075,45.940037],[13.635113,45.940219],[13.63511,45.940397],[13.635071,45.940572],[13.634877,45.941024],[13.634926,45.941053],[13.634768,45.941303],[13.634542,45.941531],[13.634453,45.941593],[13.634198,45.94168],[13.634207,45.941702],[13.634276,45.941702],[13.634215,45.941749],[13.634217,45.941775],[13.63429,45.941778],[13.63311,45.942592],[13.632158,45.943268],[13.632144,45.943291],[13.632199,45.943321],[13.63223,45.943316],[13.634366,45.94181],[13.634837,45.941786],[13.635932,45.941857],[13.635958,45.941928],[13.635455,45.943045],[13.635409,45.943054],[13.634745,45.944551],[13.633778,45.946834],[13.633731,45.946883],[13.633702,45.946969],[13.633701,45.947065],[13.633437,45.9477],[13.633387,45.947713],[13.633264,45.948111],[13.633237,45.948335],[13.633241,45.948628],[13.632962,45.948732],[13.633076,45.94889],[13.63327,45.948829],[13.633265,45.948967],[13.633294,45.949094],[13.632814,45.949272],[13.633235,45.949855],[13.633444,45.950401],[13.633649,45.95116],[13.633986,45.952845],[13.633728,45.952887],[13.63353,45.952863],[13.633311,45.952772],[13.632676,45.952409],[13.632053,45.952244],[13.631332,45.952084],[13.630509,45.951779],[13.629723,45.951572],[13.629551,45.951498],[13.629385,45.951339],[13.62932,45.951321],[13.629335,45.951287],[13.62932,45.951276],[13.629225,45.951249],[13.629114,45.951241],[13.629082,45.951252],[13.628736,45.951183],[13.628683,45.951196],[13.628741,45.950995],[13.628519,45.95093],[13.628511,45.95091],[13.628341,45.950796],[13.628092,45.95082],[13.627923,45.950894],[13.627916,45.950946],[13.627886,45.950983],[13.626493,45.951472],[13.626403,45.951484],[13.625051,45.951296],[13.62403,45.951065],[13.623642,45.950964],[13.623381,45.950862],[13.622999,45.950559],[13.622634,45.950317],[13.622104,45.950094],[13.622072,45.950047],[13.621996,45.950036],[13.621966,45.950014],[13.621734,45.949935],[13.620587,45.949763],[13.620385,45.949681],[13.620706,45.949375],[13.620964,45.94918],[13.621049,45.949139],[13.621297,45.949067],[13.621621,45.949016],[13.621593,45.948873],[13.621459,45.948566],[13.621414,45.948504],[13.621554,45.948412],[13.621599,45.948365],[13.621688,45.948176],[13.621781,45.948053],[13.621878,45.947822],[13.621614,45.947734],[13.621594,45.947734],[13.621568,45.947766],[13.621507,45.947759],[13.62147,45.94778],[13.621442,45.947743],[13.621381,45.947709],[13.621387,45.947678],[13.621335,45.94763],[13.621317,45.947623],[13.621272,45.947639],[13.621213,45.947602],[13.621214,45.947559],[13.620907,45.947428],[13.620852,45.947425],[13.620644,45.947295],[13.620502,45.947245],[13.620529,45.947243],[13.620548,45.94721],[13.620514,45.947181],[13.619933,45.947008],[13.619136,45.94664],[13.61904,45.946577],[13.618881,45.94642],[13.618689,45.946154],[13.618466,45.94591],[13.618152,45.94564],[13.618044,45.94558],[13.617914,45.945564],[13.61762,45.945616],[13.616989,45.945655],[13.616764,45.945642],[13.616602,45.945575],[13.616144,45.94533],[13.615717,45.944905],[13.615503,45.944768],[13.615296,45.944685],[13.615143,45.944641],[13.614991,45.944642],[13.614935,45.944753],[13.614815,45.944825],[13.614583,45.944869],[13.614244,45.944887],[13.613812,45.944775],[13.613325,45.944537],[13.613039,45.944374],[13.612863,45.944318],[13.612864,45.943997],[13.61283,45.943887],[13.612725,45.943718],[13.612711,45.943581],[13.61284,45.943349],[13.613115,45.942678],[13.613152,45.942674],[13.613162,45.942653],[13.613123,45.942624],[13.612625,45.942671],[13.612755,45.942515],[13.612988,45.94251],[13.613008,45.942504],[13.613002,45.942477],[13.612237,45.942143],[13.611955,45.942052],[13.61174,45.941961],[13.611596,45.941871],[13.611107,45.941696],[13.610602,45.941548],[13.610248,45.941391],[13.610281,45.941373],[13.610365,45.941194],[13.610369,45.940942],[13.610338,45.940802],[13.610312,45.940782],[13.61032,45.940758],[13.608776,45.938638],[13.608507,45.938232],[13.608596,45.938206],[13.608707,45.938295],[13.608795,45.938336],[13.608817,45.938316],[13.6088,45.938164],[13.608743,45.938153],[13.608587,45.938033],[13.60838,45.93777],[13.607583,45.9363]],[[13.617597,45.941795],[13.617591,45.941821],[13.617859,45.942069],[13.61824,45.941883],[13.618376,45.942019],[13.618162,45.942129],[13.618157,45.942155],[13.618435,45.942402],[13.618683,45.94228],[13.618904,45.942471],[13.618933,45.942534],[13.618959,45.942547],[13.619842,45.942492],[13.619882,45.942463],[13.619918,45.942552],[13.619201,45.942602],[13.619195,45.942624],[13.619435,45.942928],[13.619418,45.943117],[13.61878,45.943538],[13.618778,45.943562],[13.619468,45.944181],[13.619503,45.944184],[13.619765,45.944053],[13.620466,45.944669],[13.621146,45.944332],[13.62178,45.945197],[13.620371,45.946096],[13.620367,45.946121],[13.620395,45.946144],[13.620433,45.946146],[13.620589,45.946054],[13.62089,45.946285],[13.621365,45.945994],[13.621737,45.946271],[13.622469,45.945804],[13.6226,45.945901],[13.62185,45.946381],[13.622068,45.946595],[13.622018,45.946625],[13.622014,45.946651],[13.622279,45.946895],[13.621294,45.947413],[13.621298,45.947443],[13.621388,45.94748],[13.621416,45.947479],[13.622963,45.946688],[13.623148,45.946842],[13.623498,45.947072],[13.623718,45.946905],[13.623892,45.946802],[13.624379,45.947116],[13.624764,45.947412],[13.624748,45.947456],[13.624697,45.947485],[13.62466,45.947487],[13.624296,45.947711],[13.624296,45.947737],[13.624427,45.94774],[13.62451,45.947696],[13.624549,45.947695],[13.624875,45.947487],[13.625063,45.947632],[13.625884,45.948702],[13.626453,45.94933],[13.626604,45.949425],[13.626968,45.949559],[13.627296,45.949424],[13.627499,45.949401],[13.627476,45.949485],[13.627581,45.949522],[13.627943,45.949413],[13.627985,45.949472],[13.628017,45.949481],[13.62849,45.949351],[13.628554,45.949434],[13.628583,45.949444],[13.628775,45.94941],[13.629008,45.949393],[13.629033,45.949434],[13.629063,45.949446],[13.629266,45.94941],[13.6294,45.948938],[13.629428,45.948727],[13.629371,45.948717],[13.629305,45.948742],[13.629207,45.94881],[13.629218,45.948845],[13.628937,45.94899],[13.628941,45.948909],[13.629563,45.948545],[13.62934,45.948319],[13.629113,45.948261],[13.62891,45.948236],[13.629108,45.948181],[13.629139,45.948204],[13.62923,45.948181],[13.629248,45.948162],[13.629239,45.948103],[13.629183,45.948054],[13.629233,45.948042],[13.629406,45.948261],[13.629608,45.948471],[13.629636,45.948478],[13.630004,45.948171],[13.630088,45.948074],[13.63016,45.947946],[13.630151,45.947886],[13.630134,45.947871],[13.62996,45.94783],[13.6294,45.947801],[13.629373,45.947829],[13.629336,45.947836],[13.6293,45.947795],[13.628897,45.947753],[13.628917,45.947681],[13.629791,45.947728],[13.630427,45.94782],[13.630961,45.947695],[13.630979,45.947678],[13.630943,45.947621],[13.630768,45.947533],[13.630647,45.947451],[13.630538,45.947289],[13.630499,45.947259],[13.630194,45.94707],[13.629787,45.946768],[13.629657,45.946706],[13.629625,45.946668],[13.629099,45.946578],[13.628951,45.946511],[13.628916,45.946448],[13.628689,45.94568],[13.628357,45.945565],[13.628024,45.945291],[13.62804,45.945058],[13.628164,45.944836],[13.6285,45.944532],[13.628711,45.944452],[13.628991,45.944306],[13.628747,45.943955],[13.628798,45.9434],[13.629122,45.943395],[13.629646,45.943319],[13.629686,45.943279],[13.629656,45.943264],[13.629137,45.943336],[13.628832,45.943333],[13.628903,45.942766],[13.628982,45.942535],[13.629141,45.94217],[13.629312,45.941948],[13.628892,45.941797],[13.628891,45.941773],[13.629,45.941758],[13.629053,45.941719],[13.62904,45.941672],[13.629068,45.94155],[13.628958,45.941418],[13.629215,45.941308],[13.629224,45.941284],[13.629165,45.941221],[13.629128,45.941222],[13.62903,45.941115],[13.629001,45.941119],[13.628844,45.941236],[13.627951,45.940769],[13.627939,45.940747],[13.627905,45.940738],[13.627901,45.940695],[13.627495,45.940434],[13.627577,45.940123],[13.627569,45.939892],[13.62754,45.939768],[13.627328,45.939254],[13.627204,45.93927],[13.627185,45.939293],[13.627401,45.93985],[13.627408,45.94003],[13.627366,45.940324],[13.624796,45.940312],[13.625011,45.940038],[13.625283,45.939614],[13.624788,45.939196],[13.624566,45.938967],[13.624578,45.938929],[13.624674,45.938925],[13.624744,45.938893],[13.624738,45.938845],[13.624884,45.938789],[13.6249,45.938731],[13.624859,45.938715],[13.624571,45.938838],[13.624463,45.938814],[13.623935,45.938358],[13.623906,45.938358],[13.623773,45.938424],[13.623769,45.93845],[13.623849,45.938465],[13.625128,45.939573],[13.625146,45.939649],[13.62511,45.939752],[13.624686,45.940346],[13.624358,45.940507],[13.624241,45.94052],[13.624156,45.940479],[13.623821,45.94038],[13.623491,45.940236],[13.621621,45.939592],[13.621599,45.939462],[13.62154,45.939334],[13.62148,45.939322],[13.621375,45.939437],[13.621248,45.939503],[13.621136,45.939527],[13.62102,45.939533],[13.620431,45.939891],[13.620521,45.939976],[13.620439,45.94003],[13.620436,45.940103],[13.620759,45.940378],[13.621203,45.940696],[13.621087,45.94079],[13.62028,45.94023],[13.620233,45.940222],[13.618122,45.941242],[13.618133,45.941263],[13.619554,45.941943],[13.619733,45.942065],[13.619717,45.942093],[13.619744,45.942155],[13.619679,45.942101],[13.619491,45.942175],[13.61789,45.941413],[13.617671,45.941529],[13.617823,45.941691],[13.617597,45.941795]]]},"properties":{"prov":"GO","comune_amm":"E098","comune_descr":"GORIZIA","fascia":"B","zona":"B1","zona_descr":"CORSO ITALIA, VIA DUCA D`AOSTA - VIA ALVIANO - VIA BRASS - VIA DEL SAN GABRIELE - VIA GIUSTINIANI","microzona":1,"semestre":"2025/1"}},{"type":"Feature","geometry":{"type":"Polygon","coordinates":[[[13.617578,45.941809],[13.617816,45.94169],[13.617743,45.941591],[13.617677,45.94154],[13.617907,45.941418],[13.61948,45.94217],[13.619508,45.942171],[13.61971,45.942079],[13.619712,45.942052],[13.619502,45.941909],[13.618103,45.941248],[13.620196,45.940229],[13.620277,45.940228],[13.621041,45.940764],[13.621078,45.940762],[13.621153,45.940704],[13.621152,45.940679],[13.620719,45.940378],[13.620404,45.940106],[13.620406,45.940037],[13.620481,45.939981],[13.620393,45.9399],[13.620994,45.939545],[13.621188,45.939528],[13.621309,45.939477],[13.621405,45.939394],[13.621441,45.939321],[13.621536,45.939325],[13.621599,45.939461],[13.621633,45.939596],[13.622469,45.939894],[13.623443,45.940216],[13.623763,45.940358],[13.624155,45.940478],[13.624237,45.940517],[13.62436,45.940505],[13.624684,45.940347],[13.625111,45.939751],[13.625146,45.93965],[13.625128,45.939576],[13.623852,45.938467],[13.623756,45.938453],[13.623956,45.938356],[13.623958,45.938398],[13.624466,45.93883],[13.624566,45.93885],[13.624897,45.938729],[13.624897,45.938784],[13.624785,45.938827],[13.624772,45.938838],[13.624789,45.938872],[13.624672,45.938927],[13.62458,45.938933],[13.624571,45.938971],[13.624789,45.939196],[13.625287,45.939614],[13.62501,45.940039],[13.624816,45.940285],[13.624837,45.940312],[13.627361,45.94032],[13.627403,45.940136],[13.627401,45.939853],[13.627187,45.939296],[13.627342,45.939266],[13.627538,45.939766],[13.627569,45.939893],[13.627577,45.940125],[13.627496,45.940432],[13.627909,45.940699],[13.627911,45.940735],[13.627941,45.940745],[13.627955,45.940771],[13.62883,45.941228],[13.628863,45.941226],[13.628985,45.941141],[13.629075,45.941224],[13.629076,45.941248],[13.629125,45.9413],[13.629173,45.941307],[13.629237,45.941389],[13.628976,45.941501],[13.629081,45.941639],[13.629057,45.941755],[13.629066,45.941799],[13.629027,45.941835],[13.628935,45.94185],[13.628915,45.941873],[13.629374,45.942042],[13.629293,45.942066],[13.62916,45.94225],[13.628972,45.942684],[13.628918,45.942855],[13.628853,45.943414],[13.628831,45.943433],[13.628768,45.943957],[13.629043,45.944305],[13.628855,45.944415],[13.628508,45.944525],[13.628185,45.944797],[13.628057,45.945018],[13.628037,45.945258],[13.628374,45.945539],[13.628712,45.945659],[13.628776,45.945827],[13.628923,45.946397],[13.62898,45.946496],[13.62918,45.946578],[13.629656,45.946656],[13.629639,45.946682],[13.629656,45.946704],[13.629787,45.946767],[13.630194,45.94707],[13.630535,45.947285],[13.63065,45.947452],[13.630768,45.947534],[13.630946,45.947622],[13.630988,45.94769],[13.630472,45.947832],[13.629832,45.947748],[13.628962,45.947715],[13.628956,45.94774],[13.629011,45.947766],[13.629313,45.947797],[13.629333,45.947824],[13.629366,45.94782],[13.629378,45.9478],[13.629965,45.94783],[13.63015,45.947877],[13.630161,45.947943],[13.630088,45.948073],[13.630005,45.94817],[13.629627,45.94849],[13.62927,45.948099],[13.629238,45.948108],[13.62925,45.948164],[13.62914,45.948209],[13.629091,45.948188],[13.628974,45.948224],[13.628994,45.948246],[13.629112,45.94826],[13.62935,45.948324],[13.629571,45.948546],[13.628957,45.948907],[13.628967,45.948956],[13.629001,45.948957],[13.629194,45.948858],[13.629189,45.948823],[13.629308,45.94874],[13.629358,45.948718],[13.629434,45.948722],[13.6294,45.948938],[13.629268,45.949412],[13.629045,45.949449],[13.62902,45.949407],[13.628993,45.949395],[13.628564,45.949446],[13.628506,45.949365],[13.628473,45.949356],[13.628,45.949486],[13.627958,45.949428],[13.627924,45.949419],[13.627565,45.949524],[13.627472,45.949489],[13.627492,45.949416],[13.627464,45.949406],[13.627293,45.949425],[13.626968,45.949561],[13.6266,45.949423],[13.626453,45.949331],[13.625885,45.948703],[13.625074,45.947648],[13.624898,45.947511],[13.624862,45.947509],[13.624434,45.947742],[13.624243,45.947747],[13.624673,45.94748],[13.624734,45.947464],[13.624758,45.947412],[13.624379,45.947116],[13.623892,45.946807],[13.623719,45.946905],[13.623498,45.947079],[13.623147,45.946841],[13.622982,45.9467],[13.622947,45.946697],[13.621406,45.947485],[13.62127,45.947429],[13.62226,45.946906],[13.622266,45.946881],[13.622001,45.946639],[13.62205,45.946608],[13.622056,45.946583],[13.621843,45.946382],[13.622583,45.945916],[13.622585,45.945891],[13.62249,45.945816],[13.622454,45.945814],[13.621736,45.946277],[13.621364,45.946],[13.620904,45.946285],[13.620604,45.946064],[13.620437,45.946161],[13.620378,45.946117],[13.621784,45.945221],[13.621789,45.945199],[13.62125,45.944433],[13.621167,45.94434],[13.62113,45.944336],[13.620465,45.944675],[13.619777,45.944064],[13.619742,45.944061],[13.61948,45.944192],[13.618766,45.943552],[13.619414,45.943122],[13.619442,45.943126],[13.619462,45.943109],[13.619477,45.942914],[13.61922,45.94259],[13.619891,45.942553],[13.619913,45.94254],[13.619898,45.942497],[13.619862,45.942487],[13.618944,45.942548],[13.618911,45.942486],[13.618682,45.942286],[13.618423,45.942401],[13.618143,45.94214],[13.618368,45.942018],[13.618252,45.941896],[13.618216,45.941892],[13.617858,45.942074],[13.617578,45.941809]]]},"properties":{"prov":"GO","comune_amm":"E098","comune_descr":"GORIZIA","fascia":"B","zona":"B2","zona_descr":"PIAZZA DELLA VITTORIA - PIAZZA MUNICIPIO - CORSO VERDI - VIA ROMA - VIA VENTIQUATTRO MAGGIO - VIA RASTELLO - CASTELLO","microzona":1,"semestre":"2025/1"}},{"type":"Feature","geometry":{"type":"Polygon","coordinates":[[[13.600421,45.936217],[13.600606,45.93616],[13.600743,45.936282],[13.600775,45.936287],[13.602469,45.935634],[13.602924,45.935433],[13.603585,45.935105],[13.604422,45.934644],[13.604864,45.934345],[13.605404,45.933902],[13.605611,45.933696],[13.605724,45.933757],[13.605764,45.933751],[13.605798,45.933691],[13.605688,45.93362],[13.605988,45.933297],[13.60605,45.933095],[13.605994,45.933018],[13.606158,45.932841],[13.606254,45.932592],[13.606415,45.932542],[13.606632,45.93261],[13.606666,45.932602],[13.606962,45.932203],[13.606877,45.932075],[13.607158,45.93195],[13.60744,45.93156],[13.607632,45.931504],[13.607774,45.931355],[13.608067,45.930865],[13.608053,45.930841],[13.608027,45.930839],[13.608405,45.930044],[13.608669,45.929624],[13.609387,45.92831],[13.610188,45.927024],[13.610501,45.926381],[13.610656,45.925974],[13.61161,45.926011],[13.612125,45.925993],[13.612931,45.925903],[13.61295,45.925937],[13.613003,45.92593],[13.613237,45.923861],[13.613312,45.923867],[13.613317,45.923894],[13.613078,45.926078],[13.614096,45.92608],[13.614305,45.926058],[13.616109,45.926123],[13.616167,45.926155],[13.616193,45.926206],[13.616325,45.926175],[13.616336,45.926131],[13.61794,45.926197],[13.618129,45.926185],[13.618376,45.926224],[13.61845,45.9263],[13.618482,45.926291],[13.618513,45.926247],[13.618805,45.926369],[13.618863,45.926348],[13.620057,45.92724],[13.620088,45.927243],[13.620244,45.92718],[13.625937,45.931445],[13.625963,45.931432],[13.626046,45.931245],[13.62615,45.931108],[13.626379,45.930928],[13.626663,45.930775],[13.627346,45.930466],[13.627746,45.930261],[13.629983,45.929081],[13.630515,45.92957],[13.632803,45.931281],[13.633721,45.932019],[13.633947,45.932302],[13.634331,45.932923],[13.634409,45.932951],[13.634422,45.933009],[13.634495,45.933091],[13.634477,45.933127],[13.634489,45.933138],[13.6347,45.933216],[13.635247,45.933377],[13.635507,45.933506],[13.635724,45.933678],[13.636836,45.934464],[13.636924,45.934496],[13.636939,45.934523],[13.637841,45.935051],[13.637984,45.935157],[13.638057,45.936559],[13.637605,45.937104],[13.637152,45.938058],[13.637114,45.938077],[13.637049,45.938068],[13.637035,45.938079],[13.636675,45.938866],[13.636687,45.938888],[13.636793,45.938929],[13.636344,45.939893],[13.636546,45.940014],[13.636699,45.94008],[13.636196,45.941159],[13.635953,45.941735],[13.635962,45.941785],[13.634821,45.941703],[13.63436,45.941737],[13.634289,45.941776],[13.63417,45.941782],[13.634238,45.941723],[13.634209,45.941706],[13.634158,45.941709],[13.634159,45.941688],[13.634416,45.941611],[13.634545,45.941528],[13.634825,45.941229],[13.634918,45.941067],[13.634902,45.941043],[13.634841,45.941028],[13.634894,45.941001],[13.635071,45.940571],[13.63511,45.940398],[13.635113,45.940218],[13.635075,45.940036],[13.634978,45.939809],[13.634858,45.939639],[13.634695,45.939485],[13.634483,45.939337],[13.634491,45.939297],[13.634059,45.939053],[13.633937,45.938944],[13.633802,45.938943],[13.632876,45.938048],[13.632706,45.937959],[13.631539,45.937487],[13.63138,45.937378],[13.631304,45.937395],[13.63097,45.937386],[13.630943,45.937363],[13.63063,45.937327],[13.63024,45.937341],[13.629403,45.937468],[13.629302,45.937492],[13.629223,45.937531],[13.629051,45.937541],[13.629028,45.937558],[13.628508,45.93765],[13.627638,45.937926],[13.627217,45.937962],[13.626899,45.937971],[13.626818,45.937947],[13.626661,45.937788],[13.626698,45.937756],[13.626644,45.937543],[13.626615,45.937528],[13.626536,45.937533],[13.626493,45.937334],[13.626507,45.937193],[13.627116,45.936989],[13.627463,45.936846],[13.628562,45.93632],[13.628604,45.936323],[13.629082,45.936097],[13.629101,45.935997],[13.62908,45.935977],[13.62714,45.936878],[13.627103,45.936874],[13.627012,45.936896],[13.626685,45.937014],[13.626446,45.937037],[13.626421,45.937123],[13.626184,45.937187],[13.625882,45.937301],[13.625274,45.937567],[13.62523,45.937558],[13.625122,45.937606],[13.625111,45.937636],[13.624891,45.937733],[13.624847,45.937728],[13.62378,45.938283],[13.622802,45.937367],[13.622809,45.937338],[13.622088,45.936556],[13.621973,45.936354],[13.621851,45.93524],[13.621789,45.934247],[13.621762,45.934229],[13.62171,45.934229],[13.621684,45.934247],[13.621711,45.934678],[13.62174,45.934698],[13.621758,45.935193],[13.621379,45.935202],[13.620822,45.93539],[13.620727,45.935407],[13.620452,45.935396],[13.620443,45.935419],[13.620714,45.935787],[13.620616,45.935834],[13.620584,45.935801],[13.620546,45.935794],[13.618796,45.93664],[13.618698,45.936535],[13.618584,45.936571],[13.617103,45.937451],[13.617025,45.937449],[13.615241,45.93651],[13.615195,45.936517],[13.614233,45.935994],[13.614013,45.93588],[13.613976,45.935879],[13.613491,45.935606],[13.613363,45.93546],[13.613302,45.934297],[13.613284,45.93428],[13.61315,45.934299],[13.613153,45.934449],[13.613132,45.93447],[13.61319,45.93566],[13.61297,45.93557],[13.612848,45.935621],[13.612839,45.935562],[13.610967,45.934707],[13.61066,45.934684],[13.610318,45.934681],[13.608764,45.934693],[13.60876,45.934717],[13.60988,45.935866],[13.609918,45.935873],[13.610005,45.935963],[13.610003,45.93599],[13.610645,45.936648],[13.610682,45.936656],[13.610772,45.936746],[13.610768,45.936773],[13.611415,45.937444],[13.611455,45.937452],[13.61152,45.93752],[13.611516,45.937548],[13.612304,45.938361],[13.612111,45.938534],[13.61193,45.938367],[13.609432,45.935795],[13.609396,45.93579],[13.60898,45.935985],[13.608936,45.935957],[13.608917,45.93596],[13.608471,45.936165],[13.608397,45.936095],[13.608362,45.93609],[13.607821,45.93635],[13.607632,45.936308],[13.6076,45.936318],[13.608381,45.937772],[13.608587,45.938032],[13.608747,45.938158],[13.608787,45.938337],[13.60865,45.938273],[13.608536,45.938187],[13.608471,45.938198],[13.608456,45.938223],[13.608623,45.938457],[13.608659,45.93846],[13.610321,45.940759],[13.610369,45.940939],[13.610365,45.941195],[13.610271,45.941397],[13.610602,45.941548],[13.611107,45.941696],[13.611601,45.941873],[13.61174,45.941961],[13.611953,45.942051],[13.612235,45.942142],[13.613055,45.9425],[13.612754,45.942513],[13.61262,45.942644],[13.612625,45.942668],[13.613144,45.942625],[13.613168,45.942667],[13.613108,45.94268],[13.612923,45.94307],[13.612882,45.943182],[13.612871,45.943277],[13.612718,45.943564],[13.612721,45.94369],[13.612832,45.943888],[13.612853,45.943966],[13.612851,45.944325],[13.613005,45.944367],[13.613791,45.944771],[13.614224,45.944891],[13.614573,45.944871],[13.61484,45.944817],[13.614908,45.944775],[13.614988,45.944634],[13.615109,45.944635],[13.61526,45.944674],[13.615521,45.944789],[13.615687,45.944892],[13.616086,45.945292],[13.616145,45.945333],[13.616563,45.945556],[13.616754,45.945638],[13.616934,45.945653],[13.617615,45.945616],[13.617869,45.945564],[13.618038,45.945562],[13.61813,45.945611],[13.618511,45.945957],[13.618686,45.946151],[13.618869,45.946404],[13.61903,45.946565],[13.6192,45.946669],[13.61972,45.946915],[13.620088,45.947059],[13.620516,45.947174],[13.6206,45.947245],[13.620845,45.947383],[13.620904,45.947387],[13.620881,45.947406],[13.620893,45.947426],[13.621231,45.947567],[13.621217,45.947599],[13.621259,45.947631],[13.621322,45.947619],[13.621388,45.947676],[13.621392,45.947715],[13.621466,45.947767],[13.621565,45.947761],[13.621592,45.947727],[13.621839,45.947815],[13.621722,45.948096],[13.621624,45.948201],[13.621565,45.948384],[13.6214,45.948517],[13.62148,45.948654],[13.621569,45.948875],[13.621606,45.949036],[13.621224,45.949095],[13.620947,45.949194],[13.620703,45.949384],[13.620399,45.94967],[13.620406,45.949697],[13.620582,45.949763],[13.621662,45.949936],[13.621691,45.949931],[13.621834,45.949968],[13.621987,45.950033],[13.622086,45.950048],[13.622109,45.950095],[13.622636,45.950318],[13.623,45.95056],[13.623375,45.95086],[13.623644,45.950965],[13.624029,45.951065],[13.62505,45.951296],[13.6264,45.951484],[13.626498,45.951471],[13.626666,45.951416],[13.627882,45.950984],[13.627913,45.950949],[13.627911,45.9509],[13.628003,45.950867],[13.628057,45.950829],[13.62834,45.950794],[13.628536,45.950935],[13.628766,45.950999],[13.628708,45.951167],[13.629037,45.951241],[13.629271,45.951259],[13.629343,45.951282],[13.629332,45.951318],[13.629393,45.951339],[13.629526,45.951471],[13.629731,45.951581],[13.630519,45.951788],[13.631301,45.952065],[13.63263,45.952383],[13.633451,45.952837],[13.633534,45.952863],[13.633738,45.952886],[13.633994,45.952851],[13.634018,45.952936],[13.634235,45.953097],[13.634611,45.954135],[13.634506,45.954424],[13.634917,45.955635],[13.634885,45.956084],[13.635912,45.959095],[13.634974,45.958696],[13.634958,45.958665],[13.633981,45.958418],[13.633868,45.958401],[13.633721,45.958406],[13.633692,45.958425],[13.63345,45.95835],[13.633418,45.958356],[13.633022,45.958741],[13.632737,45.959169],[13.632235,45.959828],[13.632243,45.959854],[13.632103,45.960098],[13.631609,45.961106],[13.631396,45.961406],[13.63138,45.961472],[13.631421,45.961565],[13.631282,45.961582],[13.631227,45.961551],[13.630831,45.961637],[13.630623,45.961738],[13.630378,45.961913],[13.630159,45.962124],[13.629209,45.963184],[13.629223,45.963216],[13.628668,45.963619],[13.628418,45.963854],[13.628269,45.96402],[13.628089,45.964285],[13.627731,45.964194],[13.6266,45.963821],[13.62632,45.963751],[13.625824,45.963633],[13.625534,45.963609],[13.625428,45.963617],[13.625379,45.963643],[13.625413,45.963812],[13.625453,45.963873],[13.625574,45.96393],[13.625793,45.964068],[13.625832,45.964128],[13.625407,45.96471],[13.625382,45.964775],[13.625372,45.964952],[13.625438,45.965197],[13.625566,45.965542],[13.625554,45.965619],[13.625481,45.965727],[13.62531,45.965736],[13.625257,45.965701],[13.624611,45.965797],[13.624208,45.964641],[13.623613,45.963786],[13.622624,45.96261],[13.621187,45.961352],[13.621039,45.961185],[13.620835,45.961017],[13.620449,45.960822],[13.620139,45.960699],[13.619899,45.960541],[13.618885,45.95975],[13.618216,45.959163],[13.617732,45.958648],[13.617332,45.958031],[13.617038,45.957658],[13.616888,45.957536],[13.616621,45.957367],[13.616144,45.95711],[13.616001,45.95704],[13.614999,45.956659],[13.614418,45.95633],[13.614729,45.956065],[13.614731,45.956036],[13.615818,45.954996],[13.615812,45.954971],[13.615777,45.954974],[13.615577,45.955152],[13.615215,45.955519],[13.614964,45.955722],[13.614696,45.955989],[13.614301,45.956331],[13.614082,45.956194],[13.613048,45.955319],[13.612439,45.954959],[13.612259,45.954871],[13.611531,45.9546],[13.610427,45.954014],[13.609715,45.953668],[13.608977,45.953367],[13.608852,45.953281],[13.608078,45.952954],[13.608035,45.952923],[13.607991,45.952924],[13.6069,45.952151],[13.60579,45.951277],[13.605347,45.950745],[13.604816,45.950034],[13.604355,45.949365],[13.603498,45.947961],[13.603508,45.947933],[13.603309,45.947662],[13.603195,45.946392],[13.603152,45.945495],[13.603363,45.944275],[13.603337,45.94411],[13.60338,45.943689],[13.603194,45.943317],[13.603172,45.943188],[13.603206,45.943082],[13.60339,45.942081],[13.603388,45.941941],[13.603224,45.941101],[13.602669,45.940044],[13.60119,45.938782],[13.600868,45.938428],[13.600606,45.938052],[13.601462,45.937702],[13.601473,45.93768],[13.601433,45.937607],[13.601446,45.93754],[13.601249,45.937215],[13.601103,45.937076],[13.601081,45.937011],[13.601317,45.93693],[13.601328,45.936904],[13.601288,45.936888],[13.60101,45.936975],[13.60095,45.936949],[13.600689,45.936764],[13.60064,45.936647],[13.600651,45.936578],[13.600617,45.936487],[13.600511,45.93643],[13.600516,45.936382],[13.600469,45.936339],[13.600453,45.936265],[13.600421,45.936217]]]},"properties":{"prov":"GO","comune_amm":"E098","comune_descr":"GORIZIA","fascia":"C","zona":"C1","zona_descr":"VIA MONTESANTO - VIALE VENTI SETTEMBRE - LUNGO ISONZO ARGENTINA - VIA TRIESTE - VIA GARZAROLLI - QUARTIERE SANT`ANNA","microzona":1,"semestre":"2025/1"}},{"type":"Feature","geometry":{"type":"Polygon","coordinates":[[[13.582548,45.909676],[13.583527,45.909465],[13.583632,45.909571],[13.583736,45.910463],[13.583754,45.910479],[13.58722,45.91119],[13.587252,45.911175],[13.587266,45.911087],[13.586712,45.909607],[13.588318,45.909357],[13.589,45.909236],[13.591789,45.908605],[13.592017,45.909053],[13.592047,45.909064],[13.594963,45.908559],[13.594982,45.908536],[13.594963,45.908489],[13.602333,45.907044],[13.602825,45.906888],[13.602879,45.906922],[13.606833,45.906451],[13.610509,45.906232],[13.610982,45.90756],[13.611005,45.907573],[13.613964,45.907716],[13.613997,45.907691],[13.615618,45.907688],[13.615658,45.908017],[13.61577,45.908591],[13.615877,45.908982],[13.61596,45.909784],[13.616167,45.910834],[13.616356,45.911392],[13.616433,45.911888],[13.616855,45.913085],[13.617137,45.91377],[13.617404,45.914316],[13.617689,45.914995],[13.617973,45.915569],[13.619444,45.917246],[13.615108,45.918699],[13.613506,45.919117],[13.613496,45.919094],[13.613442,45.919091],[13.613272,45.923869],[13.613347,45.923863],[13.613355,45.92385],[13.61356,45.919159],[13.613629,45.919156],[13.614252,45.918961],[13.615349,45.918698],[13.6195,45.917307],[13.619544,45.917345],[13.619532,45.917375],[13.619862,45.917782],[13.620089,45.918052],[13.620246,45.918206],[13.621527,45.919248],[13.621926,45.919668],[13.622314,45.920587],[13.622543,45.920955],[13.622579,45.920964],[13.624529,45.920186],[13.624794,45.920428],[13.624966,45.920507],[13.62516,45.920832],[13.625597,45.921243],[13.626728,45.922158],[13.626768,45.923081],[13.626655,45.923123],[13.626645,45.923146],[13.626678,45.923155],[13.6268,45.92312],[13.62701,45.924173],[13.626698,45.924484],[13.6267,45.924506],[13.628942,45.926395],[13.62905,45.926544],[13.629359,45.927159],[13.62984,45.928033],[13.630711,45.929389],[13.630889,45.92978],[13.631248,45.930062],[13.632439,45.930919],[13.633793,45.931995],[13.63399,45.932222],[13.634281,45.932678],[13.634374,45.932859],[13.634369,45.932929],[13.634287,45.932903],[13.634159,45.932613],[13.633851,45.932149],[13.633708,45.93198],[13.633176,45.931543],[13.632562,45.931074],[13.631116,45.930023],[13.630274,45.929364],[13.629909,45.929047],[13.627112,45.930565],[13.626582,45.930767],[13.626276,45.93096],[13.62604,45.931145],[13.625976,45.931212],[13.625874,45.931469],[13.620217,45.927195],[13.620185,45.927192],[13.620059,45.927242],[13.618881,45.926361],[13.618861,45.926355],[13.618821,45.926376],[13.618536,45.926256],[13.618501,45.926264],[13.61846,45.92632],[13.618369,45.926223],[13.618131,45.926185],[13.617933,45.926205],[13.617904,45.926192],[13.616357,45.926131],[13.61633,45.926149],[13.616325,45.926178],[13.616178,45.926213],[13.616163,45.926152],[13.616105,45.926123],[13.614307,45.926058],[13.614095,45.92608],[13.613075,45.926084],[13.613095,45.925853],[13.613065,45.925834],[13.612188,45.925934],[13.611828,45.925945],[13.610667,45.925928],[13.610081,45.926067],[13.610078,45.926081],[13.610111,45.926092],[13.610653,45.925974],[13.610501,45.92638],[13.610188,45.927025],[13.609387,45.92831],[13.60867,45.929609],[13.60847,45.929909],[13.608042,45.930808],[13.608057,45.93083],[13.608086,45.930831],[13.607773,45.931356],[13.60763,45.931506],[13.607438,45.931564],[13.607156,45.931952],[13.606885,45.932076],[13.606967,45.932197],[13.606657,45.932614],[13.606431,45.932545],[13.60625,45.932601],[13.606203,45.932759],[13.606158,45.932842],[13.605998,45.933018],[13.606052,45.933092],[13.605988,45.933298],[13.605699,45.933607],[13.605703,45.93363],[13.605803,45.933691],[13.60575,45.933771],[13.605636,45.933706],[13.605599,45.933709],[13.605404,45.933902],[13.604864,45.934345],[13.604423,45.934643],[13.603585,45.935105],[13.602924,45.935433],[13.602469,45.935634],[13.60076,45.936293],[13.600605,45.936164],[13.600429,45.936217],[13.600468,45.936336],[13.600516,45.936377],[13.600513,45.936429],[13.600617,45.936484],[13.600652,45.93658],[13.600641,45.936649],[13.600685,45.936758],[13.60082,45.936866],[13.601018,45.936978],[13.601046,45.937047],[13.60119,45.937182],[13.601287,45.937363],[13.6014,45.937514],[13.601384,45.937587],[13.60143,45.937669],[13.600554,45.938035],[13.59991,45.937144],[13.599011,45.936081],[13.598577,45.935647],[13.598449,45.93542],[13.598234,45.934854],[13.597875,45.934067],[13.597515,45.933418],[13.597425,45.933285],[13.59707,45.932858],[13.596897,45.932548],[13.596872,45.932495],[13.596802,45.932099],[13.59652,45.931331],[13.596178,45.930688],[13.596173,45.930589],[13.595886,45.929512],[13.596002,45.92897],[13.596014,45.928648],[13.595848,45.928211],[13.595835,45.928199],[13.595775,45.928204],[13.595496,45.927578],[13.595429,45.927326],[13.595206,45.926776],[13.595057,45.926333],[13.594927,45.926041],[13.594307,45.924988],[13.593866,45.924314],[13.593396,45.923674],[13.591727,45.921588],[13.591306,45.921202],[13.590839,45.920831],[13.590304,45.920492],[13.59008,45.920373],[13.589728,45.920192],[13.588978,45.919844],[13.588392,45.919541],[13.587953,45.919276],[13.58759,45.918985],[13.586772,45.918492],[13.585917,45.91809],[13.587025,45.917576],[13.588168,45.917171],[13.588179,45.917147],[13.587365,45.916183],[13.585295,45.913845],[13.585299,45.913817],[13.585069,45.913551],[13.5838,45.911713],[13.583157,45.910733],[13.58585,45.911703],[13.585884,45.911696],[13.585886,45.911682],[13.58312,45.910619],[13.582548,45.909676]]]},"properties":{"prov":"GO","comune_amm":"E098","comune_descr":"GORIZIA","fascia":"D","zona":"D1","zona_descr":"FRAZIONE SANT`ANDREA - VIA DEL SAN MICHELE - VIA TERZA ARMATA - VERTOIBA","microzona":2,"semestre":"2025/1"}},{"type":"Feature","geometry":{"type":"Polygon","coordinates":[[[13.552001,45.934965],[13.552222,45.934202],[13.552508,45.933528],[13.552601,45.933242],[13.552811,45.932788],[13.552795,45.932766],[13.552124,45.932626],[13.552115,45.932381],[13.552342,45.932424],[13.552387,45.932393],[13.553565,45.932637],[13.554912,45.93285],[13.555704,45.933037],[13.555901,45.933126],[13.556123,45.933169],[13.557812,45.933426],[13.558111,45.933457],[13.558284,45.933509],[13.558313,45.933504],[13.558322,45.933483],[13.558528,45.933623],[13.559361,45.933881],[13.559733,45.933886],[13.560139,45.933852],[13.560813,45.933945],[13.56106,45.933552],[13.561762,45.932629],[13.562565,45.931397],[13.564984,45.932108],[13.565019,45.932099],[13.565569,45.931148],[13.565573,45.931033],[13.564608,45.930616],[13.564382,45.930544],[13.564175,45.930484],[13.564018,45.930456],[13.563342,45.930423],[13.563362,45.93038],[13.563985,45.930413],[13.564221,45.930457],[13.564477,45.930529],[13.564671,45.930598],[13.565511,45.930971],[13.567057,45.931476],[13.567807,45.930361],[13.568288,45.929727],[13.569276,45.930111],[13.569458,45.929941],[13.569989,45.929519],[13.56999,45.929496],[13.569948,45.929459],[13.569977,45.929431],[13.570024,45.929461],[13.570061,45.929461],[13.570186,45.929359],[13.570438,45.929651],[13.571036,45.930055],[13.571141,45.930054],[13.57114,45.930028],[13.570569,45.929662],[13.570406,45.929513],[13.570116,45.92916],[13.569655,45.928725],[13.569008,45.928284],[13.568908,45.928181],[13.568735,45.92794],[13.568627,45.927645],[13.568562,45.927337],[13.568679,45.926834],[13.568694,45.926621],[13.56865,45.925488],[13.568589,45.925314],[13.568502,45.925221],[13.568043,45.924858],[13.567108,45.924122],[13.566792,45.923892],[13.566268,45.923425],[13.566247,45.923353],[13.566038,45.923111],[13.565781,45.92302],[13.564624,45.922195],[13.564259,45.921875],[13.564014,45.921597],[13.563753,45.920875],[13.563687,45.92085],[13.563495,45.920529],[13.563203,45.920228],[13.562733,45.92001],[13.561491,45.919501],[13.561247,45.919279],[13.561237,45.919231],[13.561296,45.919254],[13.561318,45.919234],[13.561269,45.918899],[13.56136,45.918507],[13.561365,45.918286],[13.561319,45.918101],[13.561295,45.917809],[13.561144,45.917018],[13.56121,45.916717],[13.56126,45.91676],[13.561438,45.91707],[13.561733,45.917396],[13.562239,45.917154],[13.562244,45.917128],[13.56134,45.916301],[13.561346,45.916283],[13.561591,45.916212],[13.562593,45.91581],[13.565101,45.916413],[13.567507,45.916944],[13.570539,45.917644],[13.570738,45.917715],[13.571056,45.917869],[13.573845,45.919535],[13.573877,45.919535],[13.574093,45.919415],[13.574218,45.91938],[13.574474,45.919565],[13.574794,45.919756],[13.575056,45.919963],[13.575368,45.920131],[13.575582,45.920318],[13.576279,45.921022],[13.576396,45.921088],[13.576696,45.921208],[13.577836,45.92191],[13.578493,45.922246],[13.578447,45.922328],[13.578379,45.922398],[13.578161,45.922541],[13.578002,45.922613],[13.577889,45.922736],[13.577815,45.922785],[13.577456,45.92295],[13.577312,45.923032],[13.577184,45.923069],[13.577177,45.923176],[13.576942,45.923625],[13.576715,45.923882],[13.576143,45.924648],[13.575878,45.924911],[13.57543,45.925424],[13.574912,45.925822],[13.574603,45.925979],[13.573938,45.926205],[13.573651,45.926279],[13.573472,45.92638],[13.573103,45.926515],[13.573102,45.926547],[13.574644,45.927199],[13.574648,45.927245],[13.576305,45.927959],[13.577546,45.928514],[13.577581,45.928553],[13.577623,45.928548],[13.579566,45.929403],[13.581365,45.930092],[13.581423,45.930068],[13.583011,45.930607],[13.583604,45.930853],[13.586609,45.93225],[13.586645,45.932245],[13.586803,45.932089],[13.587188,45.932281],[13.587224,45.932277],[13.587467,45.932061],[13.587583,45.931784],[13.588009,45.931141],[13.588241,45.930928],[13.588871,45.930449],[13.589322,45.930001],[13.589853,45.929563],[13.590493,45.929928],[13.591276,45.930402],[13.591703,45.930681],[13.59242,45.931076],[13.592759,45.931283],[13.592795,45.931282],[13.593032,45.931092],[13.593565,45.931403],[13.593631,45.931391],[13.593821,45.931557],[13.594205,45.93182],[13.594366,45.931954],[13.594638,45.932253],[13.594666,45.932249],[13.595381,45.931716],[13.595515,45.931955],[13.595561,45.931959],[13.595561,45.931853],[13.595666,45.931495],[13.595507,45.931393],[13.595466,45.931309],[13.596575,45.931319],[13.596861,45.932073],[13.596966,45.93253],[13.59714,45.932825],[13.597542,45.933306],[13.597907,45.933938],[13.598317,45.934936],[13.59829,45.934964],[13.598506,45.935516],[13.598599,45.93566],[13.598985,45.936043],[13.5997,45.936892],[13.599633,45.93689],[13.599426,45.936955],[13.599401,45.93699],[13.599345,45.936981],[13.599144,45.937045],[13.599119,45.937076],[13.599063,45.937071],[13.598855,45.937138],[13.598829,45.93717],[13.598774,45.937163],[13.598683,45.937199],[13.598804,45.93734],[13.598847,45.937572],[13.59881,45.937672],[13.598852,45.937685],[13.598902,45.937648],[13.598888,45.937388],[13.598817,45.937219],[13.598918,45.937201],[13.598966,45.937212],[13.598996,45.937191],[13.599231,45.937157],[13.599269,45.937169],[13.599305,45.937147],[13.599529,45.937116],[13.599572,45.93713],[13.599603,45.937105],[13.599948,45.937052],[13.599973,45.93707],[13.600016,45.93707],[13.600146,45.93734],[13.6002,45.937387],[13.600327,45.937394],[13.600845,45.938224],[13.601425,45.93892],[13.601563,45.939061],[13.602313,45.939672],[13.60262,45.940058],[13.603092,45.940951],[13.603398,45.941799],[13.603409,45.942203],[13.603358,45.942224],[13.60329,45.943109],[13.603367,45.944051],[13.60327,45.945147],[13.603282,45.945989],[13.603079,45.946719],[13.603138,45.94696],[13.603831,45.948281],[13.604382,45.949609],[13.605078,45.950483],[13.605624,45.951207],[13.605672,45.951219],[13.606332,45.951599],[13.607058,45.952264],[13.607854,45.952796],[13.607897,45.95279],[13.607953,45.952692],[13.608931,45.953044],[13.610302,45.953711],[13.612115,45.954643],[13.612769,45.955123],[13.613886,45.956038],[13.614192,45.956321],[13.614232,45.956321],[13.614309,45.95626],[13.614948,45.956627],[13.615915,45.957005],[13.616218,45.957153],[13.616555,45.957338],[13.616866,45.957544],[13.617159,45.957854],[13.617692,45.958638],[13.618233,45.95921],[13.618822,45.959735],[13.619935,45.96058],[13.620183,45.96074],[13.620472,45.960855],[13.620828,45.961061],[13.622579,45.9626],[13.623442,45.963609],[13.623757,45.964027],[13.624189,45.964659],[13.624573,45.965749],[13.624666,45.966176],[13.624685,45.967238],[13.625156,45.967266],[13.625182,45.967251],[13.625219,45.967125],[13.625193,45.967104],[13.62489,45.967101],[13.624796,45.9661],[13.624686,45.965678],[13.625345,45.965542],[13.625386,45.965572],[13.62552,45.965555],[13.625345,45.964971],[13.62537,45.964751],[13.625818,45.964131],[13.625768,45.964067],[13.625562,45.963936],[13.625429,45.963872],[13.625354,45.96364],[13.625404,45.963612],[13.625501,45.963603],[13.625782,45.963628],[13.626622,45.963835],[13.627722,45.964204],[13.628098,45.9643],[13.628619,45.964463],[13.628635,45.96444],[13.628622,45.964431],[13.628104,45.964252],[13.628302,45.963964],[13.62842,45.963832],[13.628791,45.963493],[13.629175,45.96319],[13.62957,45.962775],[13.630137,45.962134],[13.630411,45.961885],[13.630613,45.961738],[13.630809,45.961638],[13.631256,45.961536],[13.631448,45.961513],[13.631399,45.961419],[13.631425,45.961247],[13.631475,45.96124],[13.63158,45.961072],[13.632143,45.959971],[13.632806,45.959107],[13.633029,45.95876],[13.633478,45.958307],[13.633739,45.958377],[13.634006,45.958395],[13.634765,45.958574],[13.634987,45.958641],[13.634995,45.958675],[13.635873,45.959052],[13.63655,45.961128],[13.636563,45.961312],[13.636623,45.961494],[13.636666,45.961551],[13.636551,45.961617],[13.637095,45.962112],[13.637249,45.962337],[13.63722,45.96238],[13.637303,45.962519],[13.638168,45.965109],[13.637506,45.966035],[13.637451,45.966166],[13.636737,45.965692],[13.636702,45.965691],[13.636654,45.965718],[13.636647,45.965739],[13.636613,45.965742],[13.636471,45.965857],[13.636499,45.965874],[13.636517,45.965869],[13.636659,45.965748],[13.636678,45.965753],[13.637473,45.966251],[13.637432,45.966352],[13.637441,45.966394],[13.63808,45.968235],[13.638048,45.968473],[13.637997,45.968631],[13.638013,45.968954],[13.637962,45.969266],[13.638058,45.969339],[13.638179,45.969328],[13.638169,45.969343],[13.638201,45.969361],[13.638609,45.969294],[13.638746,45.969258],[13.640674,45.969992],[13.64036,45.970399],[13.640272,45.970476],[13.63994,45.970683],[13.639963,45.970807],[13.640145,45.970964],[13.640054,45.971074],[13.639887,45.971555],[13.639956,45.971897],[13.639039,45.97179],[13.638499,45.9717],[13.636784,45.971661],[13.63632,45.971701],[13.63631,45.971647],[13.636281,45.971631],[13.636,45.971654],[13.63514,45.971807],[13.6348,45.971933],[13.633287,45.97272],[13.633116,45.972747],[13.632939,45.972825],[13.632138,45.97342],[13.631134,45.973779],[13.630778,45.973785],[13.630497,45.97374],[13.629276,45.973472],[13.628606,45.973224],[13.628161,45.972982],[13.628107,45.972989],[13.626491,45.971802],[13.625909,45.971296],[13.625626,45.971023],[13.625414,45.970723],[13.625298,45.970443],[13.625257,45.970433],[13.625179,45.970476],[13.625127,45.970055],[13.625095,45.970053],[13.624394,45.970406],[13.62434,45.970366],[13.624092,45.970337],[13.623728,45.970264],[13.623586,45.970217],[13.623207,45.970185],[13.622681,45.970263],[13.622478,45.970329],[13.622382,45.970416],[13.622234,45.970502],[13.622079,45.970537],[13.621949,45.97052],[13.621857,45.97046],[13.621826,45.970359],[13.621891,45.969983],[13.621932,45.969937],[13.621945,45.969866],[13.622086,45.96963],[13.622302,45.969384],[13.622374,45.969212],[13.622422,45.968908],[13.622191,45.968581],[13.622053,45.968422],[13.621773,45.968211],[13.62146,45.968127],[13.621293,45.968201],[13.621071,45.968352],[13.620919,45.96857],[13.620888,45.968667],[13.620641,45.969105],[13.620531,45.969375],[13.620355,45.969589],[13.620083,45.969843],[13.620046,45.969899],[13.619966,45.969877],[13.619923,45.969837],[13.61975,45.969467],[13.619713,45.969348],[13.619694,45.968972],[13.619726,45.968417],[13.619684,45.968169],[13.6197,45.968061],[13.619747,45.968012],[13.619827,45.967986],[13.619904,45.967985],[13.620245,45.968082],[13.620375,45.968065],[13.620443,45.968021],[13.620546,45.967867],[13.620642,45.96763],[13.620686,45.967431],[13.620662,45.967188],[13.620643,45.967172],[13.618918,45.967594],[13.618358,45.967032],[13.618169,45.966909],[13.618127,45.96692],[13.618062,45.967192],[13.618039,45.96722],[13.617968,45.967245],[13.617394,45.966936],[13.617024,45.966497],[13.616894,45.966467],[13.616878,45.966486],[13.616905,45.966643],[13.616827,45.966665],[13.616602,45.96692],[13.616534,45.967134],[13.616418,45.9672],[13.616376,45.967257],[13.616254,45.967236],[13.61618,45.967439],[13.616126,45.967444],[13.615931,45.967637],[13.61547,45.967253],[13.615434,45.967251],[13.615424,45.967262],[13.615409,45.967332],[13.615284,45.967306],[13.615225,45.967318],[13.615184,45.967559],[13.615143,45.96765],[13.615149,45.967881],[13.615287,45.967947],[13.615217,45.967962],[13.615095,45.967902],[13.614942,45.967881],[13.614882,45.967855],[13.614536,45.967597],[13.614336,45.967515],[13.614107,45.967395],[13.613948,45.967245],[13.613701,45.966954],[13.613227,45.966779],[13.612759,45.966572],[13.612388,45.966382],[13.612307,45.966314],[13.612251,45.966149],[13.6121,45.965379],[13.612132,45.965295],[13.61225,45.965189],[13.612295,45.965123],[13.612243,45.964992],[13.612309,45.964856],[13.612318,45.964769],[13.612363,45.964726],[13.612683,45.964669],[13.612803,45.964678],[13.612887,45.964667],[13.61293,45.964637],[13.612949,45.964568],[13.613075,45.964577],[13.61316,45.964561],[13.613229,45.964491],[13.613279,45.964398],[13.61334,45.96435],[13.613696,45.964232],[13.613999,45.964194],[13.613963,45.964109],[13.614011,45.963868],[13.613935,45.963705],[13.614001,45.963539],[13.614189,45.963412],[13.6142,45.963391],[13.614171,45.963379],[13.614028,45.963395],[13.613893,45.96335],[13.613856,45.962812],[13.613876,45.962474],[13.613971,45.962456],[13.613991,45.962439],[13.613806,45.96227],[13.614196,45.962001],[13.614504,45.96234],[13.614521,45.96235],[13.614551,45.962333],[13.614508,45.962234],[13.614249,45.961984],[13.614082,45.961902],[13.6139,45.96186],[13.61382,45.961821],[13.613529,45.961546],[13.613207,45.96134],[13.613376,45.961277],[13.613385,45.961252],[13.613096,45.960893],[13.613268,45.960889],[13.613275,45.960866],[13.61323,45.960804],[13.613578,45.960553],[13.613899,45.960443],[13.614227,45.960878],[13.614775,45.961771],[13.614885,45.962113],[13.614915,45.962127],[13.614937,45.962108],[13.614928,45.962019],[13.614848,45.961773],[13.614266,45.960826],[13.614031,45.9605],[13.613634,45.960051],[13.612906,45.959358],[13.612834,45.959234],[13.61253,45.958391],[13.612495,45.958202],[13.612461,45.958203],[13.612441,45.958253],[13.611866,45.958264],[13.611772,45.958502],[13.611729,45.958531],[13.611738,45.958575],[13.611841,45.958721],[13.611807,45.958729],[13.611692,45.958535],[13.611706,45.958489],[13.611765,45.958458],[13.611809,45.958348],[13.611861,45.958034],[13.612015,45.957659],[13.612081,45.957543],[13.612099,45.957356],[13.612169,45.957153],[13.612162,45.957069],[13.612054,45.956825],[13.612025,45.956813],[13.611104,45.956939],[13.610589,45.956933],[13.610568,45.956988],[13.609706,45.95761],[13.609091,45.957215],[13.609056,45.957213],[13.608194,45.956863],[13.608162,45.956867],[13.607949,45.957052],[13.607518,45.956808],[13.607346,45.956947],[13.60719,45.957121],[13.607147,45.957255],[13.607214,45.957387],[13.60743,45.958077],[13.607384,45.958025],[13.607183,45.957421],[13.607122,45.957312],[13.607088,45.957316],[13.606959,45.957432],[13.606728,45.957516],[13.606483,45.957371],[13.60637,45.957333],[13.605893,45.957216],[13.605626,45.957234],[13.605305,45.957133],[13.605184,45.957079],[13.604932,45.956905],[13.604511,45.956447],[13.604382,45.956198],[13.604235,45.95611],[13.603295,45.9563],[13.60258,45.95638],[13.602259,45.956443],[13.602184,45.956658],[13.601996,45.956863],[13.601837,45.956944],[13.601633,45.956983],[13.601631,45.956917],[13.60194,45.956829],[13.602025,45.956721],[13.602029,45.956544],[13.602158,45.956396],[13.603324,45.956252],[13.604425,45.956016],[13.605725,45.955821],[13.605862,45.955774],[13.605875,45.955552],[13.605811,45.9553],[13.606072,45.955089],[13.606219,45.954998],[13.606704,45.955037],[13.606731,45.955026],[13.606502,45.95423],[13.606479,45.954216],[13.606294,45.954206],[13.606199,45.953884],[13.60615,45.953817],[13.605833,45.953782],[13.605414,45.953402],[13.605025,45.953173],[13.605017,45.953144],[13.604529,45.952889],[13.604493,45.952893],[13.60445,45.95293],[13.604081,45.952814],[13.603886,45.952822],[13.603574,45.95266],[13.603676,45.952483],[13.60346,45.952374],[13.603483,45.952313],[13.603293,45.952201],[13.602786,45.951999],[13.602734,45.952019],[13.602519,45.951923],[13.602205,45.951814],[13.60225,45.951757],[13.602244,45.951734],[13.60195,45.951555],[13.60188,45.951301],[13.601694,45.951013],[13.601519,45.950781],[13.601503,45.950681],[13.601034,45.950307],[13.600899,45.950135],[13.600765,45.949916],[13.600769,45.949831],[13.600887,45.949779],[13.601215,45.949545],[13.600993,45.949312],[13.600843,45.949124],[13.600702,45.949132],[13.600579,45.949187],[13.600364,45.949334],[13.600077,45.949419],[13.599915,45.949523],[13.59973,45.94941],[13.599664,45.949415],[13.599592,45.94944],[13.59956,45.949401],[13.599819,45.94932],[13.600066,45.949187],[13.600071,45.949162],[13.600022,45.949123],[13.599897,45.94916],[13.599845,45.949102],[13.599908,45.949079],[13.599919,45.949053],[13.59983,45.94896],[13.600077,45.948843],[13.600068,45.948795],[13.599762,45.948501],[13.599728,45.948444],[13.599764,45.948422],[13.599761,45.948388],[13.599664,45.94821],[13.599563,45.948057],[13.59948,45.948053],[13.599346,45.947821],[13.599422,45.947775],[13.59907,45.947325],[13.599272,45.94721],[13.599362,45.947176],[13.599326,45.947119],[13.599354,45.947075],[13.599249,45.946973],[13.599524,45.946785],[13.599519,45.946764],[13.598899,45.946341],[13.598594,45.946074],[13.598352,45.946221],[13.598079,45.946443],[13.597948,45.946604],[13.597895,45.946641],[13.597836,45.946679],[13.597591,45.946735],[13.597409,45.946549],[13.597012,45.946209],[13.596834,45.945985],[13.596523,45.945488],[13.59648,45.945478],[13.596204,45.945221],[13.595999,45.944997],[13.595715,45.944624],[13.595536,45.944306],[13.595598,45.944134],[13.595544,45.943969],[13.59543,45.943883],[13.59529,45.943968],[13.595155,45.943762],[13.595215,45.943708],[13.595174,45.943671],[13.595217,45.943624],[13.595168,45.943536],[13.595265,45.94345],[13.595251,45.943432],[13.595117,45.943384],[13.595078,45.943324],[13.595056,45.943152],[13.594828,45.942947],[13.59474,45.942896],[13.594547,45.942828],[13.594262,45.942697],[13.594232,45.942624],[13.59426,45.942561],[13.594263,45.942453],[13.594165,45.942284],[13.593703,45.941895],[13.593698,45.941871],[13.593497,45.941706],[13.59339,45.941642],[13.593342,45.941567],[13.593272,45.941306],[13.592559,45.940975],[13.592696,45.940837],[13.592755,45.940839],[13.592778,45.940818],[13.592773,45.940793],[13.59264,45.940724],[13.59245,45.940811],[13.592101,45.940486],[13.591934,45.940546],[13.591865,45.940601],[13.591806,45.940618],[13.591685,45.940508],[13.591999,45.940346],[13.592005,45.94032],[13.591951,45.940273],[13.591817,45.940211],[13.591483,45.940389],[13.591448,45.940364],[13.591474,45.94034],[13.591466,45.940326],[13.591266,45.940185],[13.591302,45.94015],[13.591248,45.940095],[13.591816,45.939743],[13.591801,45.939724],[13.591692,45.939689],[13.591649,45.939649],[13.591588,45.939621],[13.591475,45.939516],[13.591403,45.93939],[13.59146,45.939297],[13.591473,45.939219],[13.591458,45.939164],[13.591632,45.939066],[13.591742,45.938963],[13.591738,45.938939],[13.590567,45.938908],[13.590414,45.938825],[13.589713,45.938714],[13.588963,45.938482],[13.58788,45.938528],[13.587762,45.938549],[13.587335,45.938518],[13.587285,45.938399],[13.587263,45.938385],[13.586986,45.938366],[13.586369,45.938256],[13.585878,45.938254],[13.585605,45.938234],[13.585231,45.938164],[13.584835,45.938195],[13.584413,45.938181],[13.583745,45.93825],[13.583666,45.938282],[13.583499,45.938228],[13.58269,45.93829],[13.581296,45.93849],[13.580733,45.938648],[13.580639,45.938847],[13.580497,45.938901],[13.580281,45.938921],[13.580226,45.938953],[13.580114,45.939138],[13.580375,45.939446],[13.580506,45.939709],[13.580586,45.93979],[13.580556,45.939965],[13.580657,45.940131],[13.580583,45.940188],[13.580371,45.940276],[13.579887,45.940437],[13.579941,45.94066],[13.579895,45.94095],[13.579669,45.940935],[13.579396,45.94084],[13.579254,45.940747],[13.579205,45.940682],[13.578937,45.940621],[13.578896,45.940637],[13.578056,45.940385],[13.578017,45.940347],[13.577984,45.940362],[13.577948,45.94049],[13.577462,45.940358],[13.577111,45.940285],[13.576732,45.940269],[13.576711,45.940127],[13.576683,45.94011],[13.576029,45.940165],[13.575804,45.940226],[13.575532,45.940363],[13.57515,45.940769],[13.574802,45.941287],[13.574393,45.941192],[13.573756,45.940991],[13.573723,45.940998],[13.573634,45.941094],[13.5729,45.940784],[13.572641,45.940693],[13.572607,45.940702],[13.572474,45.94089],[13.571784,45.940658],[13.571743,45.940444],[13.571601,45.9401],[13.571355,45.939663],[13.571326,45.939653],[13.570703,45.939763],[13.570657,45.939732],[13.570479,45.939904],[13.570433,45.940544],[13.570585,45.940902],[13.570571,45.941058],[13.570228,45.941278],[13.570097,45.941222],[13.569928,45.941296],[13.569187,45.941206],[13.569128,45.941005],[13.568961,45.940806],[13.568887,45.940787],[13.568859,45.940795],[13.568729,45.940943],[13.568673,45.9411],[13.567162,45.940732],[13.567518,45.940267],[13.567376,45.939802],[13.567235,45.939476],[13.5672,45.93948],[13.566322,45.940323],[13.566049,45.939729],[13.565331,45.939222],[13.565306,45.939241],[13.565361,45.939936],[13.565032,45.940211],[13.564958,45.940152],[13.564518,45.939962],[13.563577,45.940412],[13.563324,45.940188],[13.563115,45.939864],[13.563029,45.939693],[13.562807,45.939641],[13.56275,45.939679],[13.562728,45.939294],[13.562686,45.939271],[13.562295,45.939197],[13.56214,45.939187],[13.56213,45.939159],[13.562104,45.939157],[13.561787,45.939477],[13.561572,45.939622],[13.55932,45.939084],[13.55896,45.939538],[13.558933,45.939599],[13.55881,45.939643],[13.558795,45.939661],[13.558807,45.939711],[13.558984,45.939842],[13.559024,45.939899],[13.559171,45.940132],[13.559192,45.940242],[13.558812,45.940258],[13.558777,45.940247],[13.558762,45.940222],[13.558248,45.940074],[13.557976,45.940017],[13.557656,45.940418],[13.557396,45.940102],[13.557285,45.939858],[13.557223,45.939766],[13.557453,45.939559],[13.557507,45.939443],[13.557519,45.939352],[13.557493,45.939277],[13.557353,45.939208],[13.557277,45.939116],[13.557549,45.938462],[13.55804,45.937719],[13.558222,45.93748],[13.558514,45.937165],[13.55888,45.936826],[13.558865,45.936795],[13.559073,45.936604],[13.559129,45.936603],[13.559411,45.936409],[13.55941,45.936379],[13.559368,45.936356],[13.558376,45.936205],[13.557454,45.935985],[13.556377,45.93582],[13.554602,45.935518],[13.554112,45.93543],[13.553393,45.935272],[13.55292,45.935194],[13.552203,45.935113],[13.552194,45.935073],[13.552001,45.934965]]]},"properties":{"prov":"GO","comune_amm":"E098","comune_descr":"GORIZIA","fascia":"D","zona":"D2","zona_descr":"FRAZIONI LUCINICO, PIEDIMONTE DEL CALVARIO, PIUMA, SALCANO E MOCHETTA","microzona":2,"semestre":"2025/1"}},{"type":"Feature","geometry":{"type":"Polygon","coordinates":[[[13.555307,45.956688],[13.554676,45.956269],[13.55565,45.955133],[13.555581,45.955037],[13.555593,45.954915],[13.556046,45.953976],[13.556182,45.953645],[13.556216,45.953476],[13.55611,45.95311],[13.555991,45.951546],[13.555931,45.951129],[13.555941,45.95098],[13.55598,45.950855],[13.556097,45.950678],[13.55552,45.950455],[13.555136,45.950148],[13.555307,45.949778],[13.555105,45.949565],[13.555079,45.949548],[13.555043,45.94955],[13.554972,45.949445],[13.554533,45.949351],[13.554515,45.949317],[13.554545,45.949281],[13.554591,45.949273],[13.554715,45.949124],[13.55487,45.948768],[13.554969,45.948695],[13.555044,45.948522],[13.55554,45.947883],[13.555692,45.947555],[13.555765,45.94744],[13.555784,45.947169],[13.55585,45.94691],[13.555997,45.946951],[13.556064,45.946873],[13.556263,45.9468],[13.5565,45.946808],[13.556527,45.946792],[13.5565,45.946643],[13.556389,45.946474],[13.556533,45.946393],[13.556545,45.946361],[13.556747,45.946313],[13.55677,45.946292],[13.556643,45.946133],[13.55665,45.946082],[13.556841,45.946032],[13.556977,45.945964],[13.556836,45.94584],[13.557001,45.945751],[13.55702,45.945604],[13.557,45.945585],[13.556921,45.945572],[13.556932,45.945534],[13.557141,45.945523],[13.557163,45.945509],[13.557202,45.945375],[13.557148,45.945317],[13.557063,45.945273],[13.557163,45.945144],[13.557079,45.945068],[13.557143,45.944958],[13.557117,45.944926],[13.557251,45.94476],[13.557332,45.944573],[13.557996,45.944181],[13.557996,45.944154],[13.557938,45.944108],[13.559995,45.942974],[13.55966,45.942769],[13.559513,45.942633],[13.559434,45.942482],[13.55925,45.942225],[13.559149,45.94203],[13.559118,45.942016],[13.558906,45.941757],[13.558462,45.941156],[13.55814,45.940849],[13.557881,45.940695],[13.557615,45.940414],[13.55792,45.94],[13.558753,45.940229],[13.558785,45.940252],[13.559147,45.940225],[13.559136,45.940114],[13.559029,45.939944],[13.55895,45.939828],[13.558769,45.939693],[13.558768,45.939639],[13.558905,45.939585],[13.559298,45.939075],[13.561523,45.939614],[13.561766,45.939471],[13.562086,45.939147],[13.562159,45.939137],[13.562151,45.939176],[13.562679,45.939272],[13.562759,45.939304],[13.562781,45.939372],[13.562797,45.939646],[13.562834,45.939645],[13.562876,45.939612],[13.56308,45.939636],[13.563384,45.940146],[13.563607,45.940344],[13.564543,45.939906],[13.564956,45.940095],[13.565021,45.940144],[13.565059,45.940144],[13.565372,45.93989],[13.565329,45.939135],[13.566035,45.939661],[13.566319,45.940251],[13.566352,45.940246],[13.566839,45.939769],[13.567229,45.939421],[13.567359,45.939755],[13.567481,45.940229],[13.56715,45.940661],[13.567163,45.940686],[13.568612,45.941041],[13.568646,45.941028],[13.568692,45.940898],[13.568832,45.940738],[13.56891,45.940745],[13.569094,45.940955],[13.56915,45.941148],[13.569871,45.941246],[13.570042,45.941169],[13.570156,45.941221],[13.570188,45.94122],[13.570514,45.941008],[13.570532,45.940844],[13.570392,45.940508],[13.570432,45.939868],[13.570627,45.939674],[13.570641,45.939706],[13.570672,45.939718],[13.571318,45.939601],[13.57167,45.940287],[13.571711,45.940422],[13.571725,45.940643],[13.572397,45.940893],[13.572591,45.940652],[13.572902,45.940761],[13.573581,45.941091],[13.573619,45.941085],[13.573701,45.940989],[13.5743,45.941179],[13.57477,45.941283],[13.5748,45.941274],[13.575066,45.940868],[13.575331,45.940561],[13.575492,45.940514],[13.575472,45.940438],[13.575533,45.940357],[13.575945,45.940144],[13.576047,45.940143],[13.576098,45.940123],[13.576697,45.94011],[13.57678,45.940073],[13.576838,45.940261],[13.577941,45.940501],[13.577971,45.940492],[13.57804,45.940401],[13.578846,45.940619],[13.578885,45.940607],[13.579158,45.940659],[13.579174,45.940694],[13.579311,45.940815],[13.579621,45.940946],[13.579855,45.94095],[13.579932,45.94065],[13.579959,45.940651],[13.579975,45.94063],[13.579876,45.940329],[13.580571,45.940198],[13.580592,45.94018],[13.580533,45.939977],[13.580422,45.939782],[13.580378,45.939512],[13.580088,45.939194],[13.580093,45.939115],[13.580156,45.939008],[13.580213,45.938962],[13.58047,45.938926],[13.580596,45.938848],[13.580632,45.938801],[13.580641,45.938746],[13.580621,45.938623],[13.58108,45.938452],[13.582092,45.938267],[13.583251,45.938214],[13.583508,45.93825],[13.583553,45.938221],[13.584259,45.938174],[13.584648,45.938191],[13.585074,45.938123],[13.585326,45.938126],[13.585744,45.938175],[13.585914,45.938169],[13.586834,45.938347],[13.587138,45.938391],[13.587191,45.938516],[13.587213,45.938529],[13.587614,45.938559],[13.58769,45.938521],[13.587919,45.938511],[13.588215,45.938464],[13.588831,45.938422],[13.589575,45.938614],[13.590241,45.938808],[13.5904,45.938877],[13.591721,45.93888],[13.591366,45.939175],[13.59129,45.939404],[13.591422,45.939573],[13.591779,45.939717],[13.591228,45.940075],[13.591227,45.940101],[13.591268,45.94013],[13.591236,45.940151],[13.591235,45.940177],[13.591431,45.940316],[13.591403,45.940343],[13.591431,45.940366],[13.591773,45.94019],[13.591929,45.940324],[13.591725,45.940463],[13.591632,45.940507],[13.591731,45.940618],[13.592061,45.940473],[13.592394,45.940766],[13.592433,45.940767],[13.59255,45.940686],[13.592703,45.940766],[13.592664,45.940806],[13.592631,45.940789],[13.592593,45.940794],[13.592534,45.94086],[13.592548,45.94089],[13.592488,45.940973],[13.59316,45.941284],[13.593132,45.94148],[13.593258,45.941667],[13.593498,45.941817],[13.593662,45.941883],[13.593857,45.942149],[13.594096,45.94237],[13.594119,45.94252],[13.5941,45.942623],[13.594207,45.942692],[13.594383,45.942774],[13.594689,45.942875],[13.594993,45.943102],[13.595029,45.943304],[13.595085,45.943369],[13.595247,45.943418],[13.595168,45.943535],[13.595192,45.943612],[13.595158,45.943662],[13.595192,45.943693],[13.595137,45.943764],[13.595195,45.943966],[13.595233,45.943978],[13.595353,45.943917],[13.595519,45.944004],[13.595647,45.944145],[13.595666,45.944317],[13.595637,45.944345],[13.595702,45.944544],[13.595671,45.944581],[13.595903,45.945008],[13.596196,45.945298],[13.596381,45.94544],[13.596449,45.945433],[13.596473,45.94545],[13.597066,45.946252],[13.5973,45.946664],[13.597465,45.94679],[13.597641,45.946735],[13.598243,45.946261],[13.598575,45.946022],[13.598919,45.946331],[13.59966,45.946815],[13.599643,45.946831],[13.599596,45.946798],[13.599558,45.946799],[13.599328,45.946978],[13.599329,45.947002],[13.599434,45.947084],[13.599411,45.947122],[13.599453,45.94719],[13.599369,45.947219],[13.599107,45.947376],[13.599365,45.947735],[13.599357,45.947764],[13.599387,45.9478],[13.599305,45.94784],[13.599297,45.947864],[13.599432,45.948048],[13.599514,45.948065],[13.599737,45.94829],[13.599775,45.94848],[13.59975,45.94854],[13.600015,45.948761],[13.600084,45.948853],[13.600013,45.948896],[13.600028,45.948924],[13.599864,45.949011],[13.599944,45.949097],[13.599873,45.949132],[13.599932,45.949196],[13.600036,45.949158],[13.600124,45.949243],[13.599681,45.949417],[13.599668,45.949428],[13.599686,45.949459],[13.599818,45.949461],[13.599876,45.949556],[13.599927,45.949558],[13.600203,45.949444],[13.600503,45.949349],[13.600676,45.949204],[13.600846,45.949146],[13.600983,45.949264],[13.600988,45.949289],[13.601065,45.949347],[13.601076,45.949379],[13.601302,45.949564],[13.6011,45.949737],[13.601017,45.949836],[13.600851,45.949949],[13.600918,45.950129],[13.601044,45.950319],[13.601529,45.950703],[13.601719,45.950974],[13.602012,45.951339],[13.60205,45.951589],[13.602231,45.951776],[13.602187,45.951819],[13.602193,45.951845],[13.602567,45.952023],[13.602754,45.952081],[13.602801,45.952066],[13.603319,45.952226],[13.603606,45.952358],[13.603567,45.952412],[13.603573,45.952434],[13.603765,45.952548],[13.603712,45.952621],[13.603723,45.952645],[13.604084,45.952786],[13.604193,45.95277],[13.604575,45.952902],[13.604607,45.952895],[13.604652,45.952854],[13.605034,45.953031],[13.605596,45.95344],[13.60597,45.953856],[13.606355,45.95387],[13.606503,45.954257],[13.606712,45.954264],[13.60698,45.955145],[13.606447,45.955159],[13.60588,45.955275],[13.605761,45.955469],[13.605735,45.955731],[13.605671,45.95584],[13.60562,45.955887],[13.605108,45.956002],[13.604316,45.956134],[13.604319,45.956158],[13.604381,45.956196],[13.604512,45.956448],[13.604933,45.956906],[13.605188,45.95708],[13.605302,45.957132],[13.605624,45.957233],[13.60589,45.957215],[13.60637,45.957333],[13.606482,45.95737],[13.606729,45.957513],[13.606965,45.957428],[13.607116,45.957292],[13.60714,45.957286],[13.607186,45.957125],[13.607345,45.956948],[13.607516,45.956802],[13.607948,45.957046],[13.608176,45.956856],[13.609042,45.957207],[13.609078,45.957207],[13.609706,45.957605],[13.610564,45.95699],[13.610591,45.956897],[13.610642,45.956938],[13.611105,45.956939],[13.612049,45.956814],[13.612163,45.957071],[13.612171,45.957152],[13.612099,45.957357],[13.61208,45.957548],[13.612015,45.95766],[13.611862,45.958033],[13.611863,45.958076],[13.612417,45.958081],[13.61237,45.958293],[13.612377,45.9584],[13.612687,45.959325],[13.612848,45.959521],[13.613384,45.959908],[13.613662,45.960175],[13.613897,45.960438],[13.613577,45.960554],[13.61324,45.960797],[13.613237,45.960818],[13.613294,45.960892],[13.613139,45.960893],[13.613113,45.960907],[13.613397,45.961268],[13.613238,45.961326],[13.613224,45.961345],[13.613527,45.961544],[13.613821,45.961822],[13.613905,45.961862],[13.61408,45.961901],[13.614253,45.961987],[13.61451,45.962235],[13.61459,45.962418],[13.614559,45.9625],[13.614075,45.963043],[13.614105,45.963114],[13.614362,45.963244],[13.614328,45.96335],[13.614175,45.963418],[13.614024,45.96352],[13.613945,45.963674],[13.613937,45.963712],[13.614011,45.963861],[13.613962,45.964106],[13.614017,45.964194],[13.613698,45.964232],[13.613333,45.964353],[13.613278,45.9644],[13.61323,45.96449],[13.613156,45.964564],[13.613073,45.964577],[13.612953,45.964572],[13.61293,45.96464],[13.612891,45.964666],[13.612797,45.964679],[13.61268,45.964669],[13.612352,45.964736],[13.612334,45.96475],[13.612308,45.964858],[13.612244,45.964989],[13.612296,45.965119],[13.61225,45.965188],[13.612136,45.965291],[13.6121,45.965381],[13.612251,45.966149],[13.612311,45.966319],[13.612387,45.966382],[13.612759,45.966572],[13.613227,45.966779],[13.613704,45.966955],[13.613846,45.967118],[13.613727,45.967108],[13.613702,45.967136],[13.613883,45.967326],[13.614199,45.967502],[13.614581,45.967794],[13.614662,45.967829],[13.614789,45.967842],[13.614919,45.967903],[13.61495,45.967895],[13.614951,45.967876],[13.614847,45.967823],[13.614848,45.967592],[13.61489,45.967503],[13.614916,45.967286],[13.614936,45.967264],[13.614987,45.967255],[13.615108,45.967275],[13.615141,45.967176],[13.615608,45.967574],[13.615648,45.967573],[13.615879,45.967378],[13.615921,45.967366],[13.615989,45.967184],[13.616103,45.967206],[13.616143,45.967152],[13.61627,45.967077],[13.616352,45.966861],[13.616591,45.96661],[13.61667,45.966589],[13.616653,45.966404],[13.616796,45.966442],[13.617146,45.96689],[13.617458,45.967052],[13.617968,45.967353],[13.618033,45.967415],[13.618228,45.967711],[13.61835,45.968021],[13.618374,45.96815],[13.618381,45.968338],[13.618351,45.968599],[13.618191,45.968768],[13.618123,45.968782],[13.618123,45.968827],[13.618374,45.968952],[13.618412,45.968955],[13.618804,45.969317],[13.618864,45.969447],[13.618852,45.969526],[13.618811,45.969575],[13.618666,45.96965],[13.618554,45.969877],[13.618469,45.970236],[13.618286,45.970438],[13.618249,45.97055],[13.618237,45.970681],[13.618215,45.970722],[13.618098,45.970822],[13.618122,45.970883],[13.618218,45.970935],[13.618169,45.971046],[13.618324,45.971129],[13.61835,45.971117],[13.618398,45.971008],[13.618305,45.970953],[13.61828,45.970916],[13.618303,45.970862],[13.618402,45.970785],[13.618429,45.970734],[13.618466,45.970502],[13.618672,45.970265],[13.618706,45.970049],[13.6188,45.969818],[13.618885,45.969722],[13.619004,45.969699],[13.619071,45.969634],[13.61909,45.969555],[13.619019,45.969413],[13.618733,45.96909],[13.618683,45.96908],[13.618535,45.969001],[13.618502,45.968964],[13.618501,45.968921],[13.618565,45.968899],[13.618687,45.968701],[13.618702,45.968469],[13.61869,45.968253],[13.618605,45.967918],[13.618436,45.967579],[13.618387,45.967512],[13.618173,45.967367],[13.618237,45.967305],[13.618256,45.96707],[13.618346,45.966958],[13.618566,45.967069],[13.618705,45.967268],[13.61885,45.967587],[13.618904,45.967627],[13.620611,45.967177],[13.620654,45.96758],[13.620616,45.96778],[13.620519,45.967977],[13.620284,45.968144],[13.619905,45.968057],[13.619819,45.968049],[13.619735,45.968073],[13.619685,45.968131],[13.619682,45.968245],[13.619728,45.968458],[13.619713,45.96909],[13.619734,45.969361],[13.619915,45.969838],[13.619998,45.969937],[13.620075,45.96997],[13.619992,45.970084],[13.619925,45.970219],[13.619928,45.970253],[13.619971,45.970249],[13.620276,45.969726],[13.620479,45.969435],[13.620826,45.968753],[13.621032,45.968511],[13.62117,45.968379],[13.621371,45.968279],[13.621576,45.968264],[13.621701,45.968297],[13.621875,45.96839],[13.62212,45.968585],[13.622206,45.96877],[13.622269,45.968972],[13.622282,45.969158],[13.622211,45.969358],[13.621924,45.969877],[13.621786,45.969973],[13.62165,45.970128],[13.62161,45.970239],[13.621635,45.970375],[13.621692,45.970441],[13.621803,45.970478],[13.621915,45.970475],[13.622628,45.970333],[13.623027,45.970336],[13.623381,45.970367],[13.624278,45.970404],[13.624308,45.970421],[13.625074,45.970003],[13.625143,45.970233],[13.625304,45.970622],[13.625476,45.970904],[13.625874,45.971298],[13.62666,45.971965],[13.627077,45.972289],[13.627509,45.972572],[13.627957,45.972833],[13.628683,45.973177],[13.628965,45.973274],[13.629473,45.973397],[13.630093,45.973511],[13.630661,45.973518],[13.631316,45.973462],[13.631969,45.973327],[13.632535,45.973072],[13.633496,45.972478],[13.634048,45.972191],[13.634578,45.97193],[13.635126,45.971715],[13.635134,45.971967],[13.634975,45.971992],[13.632963,45.973143],[13.632316,45.973581],[13.632113,45.973648],[13.632132,45.973677],[13.632229,45.973721],[13.632352,45.973868],[13.632482,45.973922],[13.632779,45.974167],[13.633208,45.97444],[13.63324,45.974435],[13.633238,45.974412],[13.632974,45.974224],[13.632726,45.973992],[13.63255,45.973886],[13.632471,45.973767],[13.632358,45.97369],[13.632567,45.97364],[13.633211,45.973249],[13.633949,45.972866],[13.635252,45.972222],[13.635249,45.971998],[13.636025,45.971886],[13.636926,45.971833],[13.63869,45.97187],[13.639233,45.971933],[13.639732,45.97204],[13.639853,45.972594],[13.639891,45.972838],[13.639887,45.973072],[13.639992,45.973469],[13.640051,45.97399],[13.639959,45.974355],[13.639705,45.975129],[13.639793,45.975464],[13.639967,45.975935],[13.639839,45.976884],[13.639861,45.976904],[13.639938,45.976874],[13.639787,45.977618],[13.639782,45.977815],[13.639737,45.97811],[13.639684,45.978331],[13.639485,45.978858],[13.63942,45.979238],[13.639416,45.979403],[13.641845,45.981472],[13.643256,45.982646],[13.643179,45.982762],[13.643166,45.982871],[13.642915,45.982966],[13.642597,45.983245],[13.641894,45.983664],[13.640901,45.984187],[13.640869,45.984236],[13.640714,45.984359],[13.64057,45.984425],[13.640535,45.984501],[13.640488,45.984522],[13.640457,45.984574],[13.640333,45.984674],[13.640295,45.984688],[13.64021,45.984775],[13.640181,45.984844],[13.640044,45.985013],[13.639467,45.985337],[13.639326,45.985362],[13.639186,45.98546],[13.639106,45.985471],[13.63901,45.985533],[13.638953,45.9856],[13.638614,45.985867],[13.638511,45.985925],[13.638485,45.986007],[13.638288,45.986105],[13.638261,45.986152],[13.638105,45.986288],[13.637434,45.98654],[13.637297,45.986536],[13.637155,45.986609],[13.637111,45.986653],[13.637027,45.986659],[13.636831,45.986744],[13.636777,45.986808],[13.636685,45.986828],[13.636623,45.98686],[13.636467,45.986985],[13.636437,45.987052],[13.63625,45.987146],[13.636222,45.987196],[13.636156,45.987239],[13.636136,45.987307],[13.636074,45.987359],[13.63606,45.987399],[13.63596,45.987454],[13.635755,45.987472],[13.635648,45.987536],[13.635664,45.987627],[13.635567,45.987753],[13.635507,45.98779],[13.635489,45.987879],[13.635423,45.987944],[13.635189,45.988015],[13.635093,45.988012],[13.635043,45.988034],[13.63503,45.988081],[13.634959,45.988099],[13.634864,45.988178],[13.634847,45.988238],[13.634725,45.988413],[13.63459,45.988522],[13.634076,45.988678],[13.633965,45.98882],[13.633737,45.98903],[13.633562,45.989124],[13.633478,45.989194],[13.633186,45.98908],[13.632111,45.988396],[13.631853,45.988105],[13.631072,45.987516],[13.630753,45.98736],[13.628383,45.987352],[13.620722,45.984612],[13.620235,45.984239],[13.619964,45.983975],[13.619827,45.983801],[13.619626,45.983607],[13.619256,45.983385],[13.618574,45.983245],[13.618543,45.983253],[13.618475,45.983335],[13.618433,45.983328],[13.617254,45.983411],[13.617129,45.983379],[13.6171,45.983384],[13.61709,45.98348],[13.61716,45.983683],[13.617167,45.983786],[13.617149,45.983846],[13.61669,45.98409],[13.616651,45.984098],[13.616446,45.984243],[13.616339,45.984269],[13.616244,45.984254],[13.616169,45.984224],[13.615914,45.984072],[13.615699,45.984013],[13.615565,45.984018],[13.61546,45.984061],[13.615286,45.984187],[13.615194,45.984366],[13.615148,45.984557],[13.615154,45.984642],[13.615326,45.985065],[13.615345,45.985184],[13.615332,45.985239],[13.615237,45.98532],[13.61519,45.985337],[13.615093,45.985336],[13.614774,45.985278],[13.614313,45.985223],[13.614235,45.985176],[13.614197,45.985109],[13.614185,45.98495],[13.614253,45.984845],[13.614227,45.98481],[13.614177,45.984804],[13.613967,45.984881],[13.613631,45.985076],[13.613476,45.985141],[13.6132,45.985225],[13.612828,45.985261],[13.612492,45.98525],[13.612327,45.985234],[13.611873,45.985112],[13.611822,45.985123],[13.611723,45.985195],[13.61165,45.985221],[13.611532,45.985218],[13.611011,45.985106],[13.610647,45.984914],[13.610476,45.984843],[13.609532,45.984518],[13.609097,45.984419],[13.608793,45.984411],[13.608316,45.984357],[13.608122,45.984388],[13.60802,45.984434],[13.60797,45.984478],[13.607849,45.984658],[13.607699,45.984807],[13.607215,45.984953],[13.606336,45.985353],[13.606279,45.985313],[13.606215,45.985333],[13.606171,45.985314],[13.606,45.985291],[13.605829,45.985289],[13.605724,45.985307],[13.605431,45.985402],[13.605107,45.985529],[13.604958,45.985653],[13.604887,45.985774],[13.605006,45.986046],[13.604949,45.986138],[13.604698,45.986111],[13.604473,45.986288],[13.604389,45.986319],[13.604254,45.986307],[13.604217,45.986263],[13.604104,45.986244],[13.603827,45.986157],[13.603763,45.986106],[13.603522,45.985836],[13.603229,45.985604],[13.602995,45.985377],[13.603193,45.985156],[13.603187,45.985132],[13.603152,45.985135],[13.602929,45.985312],[13.602706,45.985556],[13.60253,45.985394],[13.602068,45.985243],[13.601977,45.985194],[13.601822,45.985079],[13.601405,45.984948],[13.601298,45.984888],[13.601013,45.984673],[13.600913,45.984535],[13.600685,45.98442],[13.600067,45.984383],[13.599882,45.984333],[13.599877,45.984168],[13.59946,45.983944],[13.599356,45.983689],[13.599571,45.983616],[13.599964,45.983541],[13.599983,45.983519],[13.599915,45.98334],[13.599719,45.983125],[13.599513,45.982831],[13.599483,45.982705],[13.599566,45.982625],[13.59957,45.982567],[13.599507,45.982457],[13.599498,45.982325],[13.599346,45.982138],[13.599325,45.982081],[13.599396,45.98203],[13.599489,45.982029],[13.599497,45.981975],[13.599718,45.981999],[13.599796,45.981989],[13.599899,45.981936],[13.600036,45.981774],[13.600207,45.981686],[13.600445,45.981612],[13.600993,45.981524],[13.601088,45.981497],[13.601476,45.981275],[13.601665,45.981386],[13.602263,45.981488],[13.602495,45.981464],[13.602905,45.981474],[13.603219,45.981441],[13.603318,45.9814],[13.603367,45.98125],[13.603428,45.981182],[13.603924,45.980841],[13.603922,45.980795],[13.603807,45.980761],[13.603779,45.980725],[13.60383,45.980645],[13.604131,45.980527],[13.604347,45.980419],[13.604382,45.980298],[13.604545,45.980278],[13.604655,45.980171],[13.604673,45.980089],[13.604647,45.979995],[13.604501,45.979815],[13.604589,45.979709],[13.604643,45.9795],[13.604814,45.979452],[13.604844,45.979417],[13.604832,45.979363],[13.604715,45.979262],[13.604736,45.979216],[13.604916,45.979044],[13.604904,45.979014],[13.604808,45.978936],[13.604793,45.978878],[13.604981,45.978792],[13.605336,45.978725],[13.605553,45.978649],[13.605636,45.97852],[13.605616,45.978261],[13.605773,45.978247],[13.60581,45.978217],[13.605754,45.978125],[13.605831,45.978096],[13.605821,45.978073],[13.60577,45.978053],[13.605526,45.978023],[13.605454,45.977978],[13.605436,45.97794],[13.605439,45.977724],[13.605525,45.977522],[13.605526,45.977417],[13.605464,45.977339],[13.605267,45.977254],[13.605322,45.977177],[13.605237,45.977109],[13.605236,45.97708],[13.60532,45.977059],[13.605341,45.977025],[13.605308,45.976984],[13.605184,45.976904],[13.605122,45.976814],[13.605492,45.976865],[13.605611,45.976939],[13.605717,45.977053],[13.605986,45.977208],[13.606235,45.977321],[13.606793,45.977502],[13.606945,45.977478],[13.607166,45.977369],[13.607265,45.97734],[13.607697,45.977296],[13.607934,45.977305],[13.608209,45.977261],[13.60882,45.97729],[13.609189,45.977219],[13.609622,45.977206],[13.609784,45.97718],[13.609883,45.977178],[13.610183,45.977219],[13.610323,45.977209],[13.610641,45.977142],[13.611275,45.976927],[13.611347,45.976915],[13.611346,45.976963],[13.611365,45.976982],[13.611796,45.977063],[13.611858,45.977011],[13.611897,45.976899],[13.611447,45.976804],[13.611445,45.976755],[13.611415,45.976748],[13.610714,45.976973],[13.610389,45.97704],[13.610253,45.97705],[13.60988,45.977004],[13.609698,45.977031],[13.609231,45.977045],[13.608864,45.977117],[13.608769,45.977122],[13.608226,45.977087],[13.607938,45.977131],[13.607707,45.977123],[13.60726,45.977169],[13.607108,45.977223],[13.606974,45.977309],[13.606897,45.977333],[13.606797,45.977337],[13.606238,45.977149],[13.605959,45.977016],[13.605782,45.976918],[13.60559,45.976739],[13.605501,45.976684],[13.605355,45.976651],[13.605114,45.976631],[13.605114,45.976613],[13.605339,45.976527],[13.605348,45.97649],[13.60475,45.976473],[13.604853,45.976314],[13.604881,45.976159],[13.604825,45.975947],[13.604725,45.975837],[13.604658,45.975793],[13.604433,45.975741],[13.604381,45.975698],[13.604395,45.975503],[13.604362,45.975461],[13.603966,45.975296],[13.603773,45.975193],[13.60374,45.97516],[13.603768,45.975127],[13.60396,45.975095],[13.604013,45.975066],[13.604029,45.97496],[13.604,45.974892],[13.603851,45.974824],[13.603749,45.9748],[13.603382,45.974895],[13.603282,45.974905],[13.603208,45.974888],[13.602835,45.974574],[13.602744,45.974527],[13.60251,45.974473],[13.602451,45.974447],[13.602351,45.974326],[13.602236,45.974062],[13.602232,45.974005],[13.602076,45.973911],[13.601981,45.973542],[13.601979,45.973477],[13.602036,45.973441],[13.602035,45.973407],[13.601744,45.973255],[13.601728,45.973127],[13.601751,45.972906],[13.601709,45.972869],[13.601579,45.972831],[13.601434,45.972704],[13.601279,45.972647],[13.601221,45.972591],[13.601221,45.972542],[13.601394,45.972487],[13.601517,45.972534],[13.601553,45.972528],[13.601564,45.972506],[13.601541,45.972333],[13.601514,45.972274],[13.601445,45.972231],[13.601304,45.972204],[13.601211,45.972154],[13.601152,45.972088],[13.601175,45.971906],[13.601349,45.971802],[13.601313,45.971748],[13.601053,45.971652],[13.601133,45.971437],[13.601142,45.971379],[13.601117,45.971329],[13.600612,45.971101],[13.600565,45.971032],[13.600544,45.970908],[13.60059,45.970824],[13.600598,45.970769],[13.600524,45.970628],[13.600581,45.970495],[13.600557,45.970424],[13.600201,45.970359],[13.600036,45.970256],[13.60002,45.970206],[13.600066,45.970097],[13.600057,45.970045],[13.599927,45.969906],[13.599998,45.969848],[13.60015,45.969766],[13.600175,45.969692],[13.600147,45.969655],[13.599913,45.969557],[13.599814,45.969471],[13.599796,45.969409],[13.599867,45.969371],[13.600026,45.96938],[13.600104,45.96936],[13.600173,45.969283],[13.600171,45.96922],[13.600131,45.969144],[13.600061,45.969076],[13.59985,45.969066],[13.59977,45.969018],[13.599767,45.968905],[13.599668,45.968795],[13.599755,45.96873],[13.599798,45.968674],[13.599791,45.968583],[13.599882,45.968428],[13.599915,45.968304],[13.599865,45.968186],[13.599784,45.968125],[13.599624,45.968054],[13.599695,45.967811],[13.599593,45.967737],[13.599505,45.967603],[13.599394,45.967578],[13.599415,45.967517],[13.599581,45.967332],[13.599571,45.967183],[13.599667,45.966961],[13.599723,45.966965],[13.599889,45.967055],[13.599923,45.967054],[13.599949,45.96676],[13.599924,45.966742],[13.59976,45.966737],[13.599573,45.966803],[13.599401,45.966778],[13.598997,45.966638],[13.598694,45.966698],[13.598453,45.966706],[13.598317,45.965968],[13.597727,45.965483],[13.597409,45.964918],[13.5977,45.964532],[13.597747,45.964407],[13.597689,45.964142],[13.597155,45.963592],[13.596953,45.963191],[13.59663,45.962911],[13.59651,45.96278],[13.596355,45.962553],[13.596346,45.962366],[13.596418,45.961995],[13.596414,45.961686],[13.596276,45.961515],[13.596133,45.961519],[13.595795,45.961092],[13.595958,45.960311],[13.596154,45.960099],[13.596238,45.959964],[13.596281,45.959771],[13.596461,45.959538],[13.596726,45.959359],[13.597142,45.959207],[13.597322,45.959049],[13.597299,45.958907],[13.597267,45.958905],[13.597031,45.95901],[13.596786,45.959086],[13.596587,45.959275],[13.596423,45.959359],[13.595775,45.959484],[13.595051,45.95965],[13.594769,45.959676],[13.594755,45.959697],[13.594778,45.959733],[13.594866,45.959773],[13.594982,45.959866],[13.594983,45.959938],[13.594923,45.960012],[13.594587,45.960183],[13.594357,45.960268],[13.594032,45.960319],[13.59372,45.960324],[13.593279,45.960665],[13.592838,45.960929],[13.592631,45.960924],[13.592448,45.960889],[13.59233,45.960827],[13.592252,45.960808],[13.592144,45.960819],[13.591937,45.960915],[13.591862,45.960912],[13.59176,45.960863],[13.591663,45.960778],[13.591526,45.96073],[13.591208,45.960658],[13.591121,45.960567],[13.591113,45.9604],[13.591083,45.960356],[13.59105,45.960326],[13.59088,45.960255],[13.590619,45.960222],[13.590527,45.960253],[13.590361,45.96038],[13.590302,45.960398],[13.590215,45.960376],[13.590165,45.960336],[13.590095,45.96018],[13.590094,45.960053],[13.590056,45.960035],[13.589945,45.960127],[13.589711,45.960201],[13.589588,45.960315],[13.589456,45.960349],[13.589272,45.960326],[13.589227,45.960342],[13.589206,45.960377],[13.589217,45.960452],[13.589182,45.96048],[13.58912,45.960493],[13.588782,45.960472],[13.588724,45.960485],[13.588648,45.960599],[13.588572,45.960631],[13.588441,45.96062],[13.588284,45.960533],[13.588218,45.960592],[13.588028,45.960537],[13.58793,45.96054],[13.587922,45.96056],[13.587963,45.960647],[13.587936,45.960672],[13.587907,45.960685],[13.587847,45.960678],[13.587419,45.960829],[13.587226,45.960968],[13.586984,45.961028],[13.586837,45.961159],[13.58678,45.961165],[13.586613,45.961103],[13.586418,45.961139],[13.5863,45.961242],[13.586177,45.961291],[13.586015,45.961207],[13.585929,45.961185],[13.585684,45.961286],[13.585585,45.961247],[13.585449,45.96132],[13.585318,45.961294],[13.585163,45.961392],[13.585089,45.96138],[13.584698,45.961453],[13.583992,45.961469],[13.58386,45.961399],[13.583706,45.961395],[13.583558,45.961297],[13.583297,45.96124],[13.583125,45.961177],[13.582993,45.96097],[13.582915,45.960904],[13.582908,45.960784],[13.582689,45.960563],[13.582653,45.96047],[13.582492,45.960362],[13.581902,45.960251],[13.581788,45.960258],[13.581474,45.960336],[13.581248,45.960412],[13.580794,45.960517],[13.580777,45.960539],[13.580862,45.960756],[13.580922,45.961154],[13.580873,45.961469],[13.580663,45.961618],[13.580467,45.961698],[13.580269,45.961772],[13.579784,45.961882],[13.579383,45.961995],[13.579159,45.962131],[13.578976,45.962416],[13.57899,45.962731],[13.579023,45.962823],[13.578893,45.96301],[13.578853,45.963031],[13.578609,45.963045],[13.578346,45.963],[13.578034,45.962893],[13.577885,45.962867],[13.577756,45.962899],[13.577616,45.962976],[13.577478,45.963111],[13.577371,45.96314],[13.577313,45.963138],[13.577138,45.963103],[13.576771,45.962895],[13.576737,45.96289],[13.576721,45.962911],[13.57689,45.963489],[13.576913,45.963675],[13.576876,45.963721],[13.576024,45.963739],[13.575999,45.96376],[13.576005,45.963807],[13.575951,45.963848],[13.575178,45.963419],[13.575123,45.963373],[13.57467,45.963328],[13.574425,45.963281],[13.574101,45.963272],[13.573929,45.963227],[13.573738,45.963132],[13.573142,45.962998],[13.573112,45.963004],[13.571781,45.964399],[13.5718,45.964416],[13.57195,45.964448],[13.572118,45.964575],[13.572361,45.964633],[13.572546,45.965025],[13.572683,45.965222],[13.572786,45.965304],[13.572943,45.965394],[13.573057,45.965613],[13.573085,45.965713],[13.573213,45.965832],[13.573262,45.965902],[13.573208,45.96593],[13.572409,45.965705],[13.572047,45.965577],[13.571721,45.965514],[13.571245,45.965456],[13.570766,45.965255],[13.570611,45.965153],[13.570489,45.964894],[13.569801,45.964484],[13.569668,45.964371],[13.569537,45.964215],[13.569307,45.964111],[13.568971,45.963708],[13.568328,45.96323],[13.568211,45.963095],[13.568122,45.962796],[13.568217,45.962533],[13.568265,45.962319],[13.568277,45.962208],[13.568254,45.962174],[13.568142,45.962181],[13.567848,45.9623],[13.567701,45.962416],[13.567649,45.962407],[13.567103,45.962685],[13.566558,45.962739],[13.565969,45.962819],[13.565598,45.962655],[13.565326,45.962388],[13.565206,45.962323],[13.56521,45.962231],[13.565048,45.962004],[13.565061,45.96192],[13.564973,45.961745],[13.564903,45.961721],[13.564646,45.961531],[13.564474,45.961437],[13.564201,45.961361],[13.563917,45.961233],[13.563631,45.961039],[13.562724,45.960557],[13.562453,45.960341],[13.562769,45.960106],[13.562756,45.960076],[13.562384,45.960215],[13.561917,45.960531],[13.561661,45.960677],[13.5615,45.96071],[13.561025,45.960766],[13.56072,45.960783],[13.560363,45.960858],[13.560105,45.96095],[13.559934,45.961074],[13.559892,45.961273],[13.559889,45.961394],[13.559914,45.961479],[13.560034,45.961703],[13.560058,45.961811],[13.560021,45.962111],[13.559675,45.962187],[13.559525,45.962196],[13.559413,45.962194],[13.559194,45.962144],[13.559098,45.962106],[13.55902,45.962037],[13.559083,45.96194],[13.55926,45.961801],[13.559281,45.96176],[13.559286,45.961624],[13.559235,45.961587],[13.559122,45.961573],[13.558883,45.961613],[13.558795,45.961612],[13.558738,45.961582],[13.558754,45.961482],[13.558876,45.9613],[13.558895,45.961189],[13.558869,45.961091],[13.558893,45.961091],[13.558909,45.961073],[13.558885,45.960879],[13.558956,45.960561],[13.558903,45.960379],[13.558904,45.960013],[13.558862,45.959967],[13.558685,45.959884],[13.558439,45.959427],[13.558468,45.959406],[13.558507,45.959256],[13.558393,45.959094],[13.558131,45.958935],[13.557981,45.958924],[13.557701,45.958752],[13.557717,45.958727],[13.557757,45.958717],[13.557833,45.958577],[13.55782,45.958554],[13.557589,45.958475],[13.557274,45.958485],[13.557163,45.958396],[13.557059,45.958241],[13.556968,45.9582],[13.556786,45.958245],[13.556541,45.958403],[13.556426,45.958354],[13.556437,45.958236],[13.556509,45.9581],[13.556495,45.957986],[13.556244,45.957873],[13.556219,45.957725],[13.55629,45.957681],[13.556298,45.957628],[13.556159,45.957505],[13.555672,45.95719],[13.555307,45.956688]],[[13.613821,45.962259],[13.613819,45.962283],[13.614011,45.962449],[13.613881,45.962473],[13.61386,45.962583],[13.613856,45.962813],[13.613892,45.963341],[13.614026,45.963394],[13.614126,45.963392],[13.614244,45.963364],[13.614304,45.96326],[13.614208,45.963183],[13.614057,45.96313],[13.614016,45.963065],[13.614116,45.962907],[13.614385,45.96261],[13.614528,45.962426],[13.614531,45.962381],[13.614479,45.962305],[13.614193,45.962011],[13.613821,45.962259]]]},"properties":{"prov":"GO","comune_amm":"E098","comune_descr":"GORIZIA","fascia":"R","zona":"R1","zona_descr":"ZONA AGRICOLA - REGIONE AGRARIA 1 - COLLIO E MONTE CALVARIO","microzona":2,"semestre":"2025/1"}},{"type":"Feature","geometry":{"type":"Polygon","coordinates":[[[13.548172,45.912101],[13.548489,45.911514],[13.549246,45.911918],[13.549696,45.912235],[13.55046,45.912823],[13.550917,45.913332],[13.551321,45.913623],[13.551898,45.913926],[13.551986,45.913954],[13.552021,45.913944],[13.552059,45.913873],[13.552051,45.913852],[13.551519,45.91357],[13.551123,45.913286],[13.550672,45.912786],[13.549997,45.912256],[13.54946,45.911868],[13.548725,45.911475],[13.54888,45.911315],[13.548661,45.911159],[13.548587,45.911123],[13.549647,45.910339],[13.55088,45.909463],[13.551139,45.909418],[13.551381,45.909297],[13.551719,45.909222],[13.551947,45.909217],[13.552222,45.909127],[13.553194,45.908397],[13.556955,45.911919],[13.556882,45.911957],[13.556875,45.911982],[13.558774,45.913755],[13.56071,45.914476],[13.5608,45.914567],[13.561261,45.914712],[13.561275,45.914703],[13.561264,45.914679],[13.560818,45.91452],[13.560745,45.91443],[13.561447,45.914253],[13.561692,45.91421],[13.561992,45.914236],[13.56248,45.914222],[13.562586,45.914098],[13.562584,45.914076],[13.561194,45.913904],[13.560469,45.913369],[13.559273,45.912646],[13.559014,45.912305],[13.558842,45.911862],[13.558781,45.91156],[13.558828,45.911209],[13.558801,45.910984],[13.558565,45.910793],[13.558331,45.91043],[13.558266,45.910071],[13.557568,45.909567],[13.557646,45.909408],[13.557182,45.908657],[13.561155,45.909882],[13.567059,45.911534],[13.578367,45.914896],[13.578406,45.914889],[13.586822,45.917459],[13.581012,45.920059],[13.580492,45.920064],[13.580464,45.920079],[13.580468,45.920092],[13.580659,45.920132],[13.580913,45.920161],[13.581439,45.920165],[13.582708,45.919619],[13.585921,45.918283],[13.586474,45.918427],[13.586791,45.918542],[13.587674,45.918932],[13.588724,45.919491],[13.590606,45.920455],[13.590935,45.92085],[13.591153,45.921194],[13.591892,45.921732],[13.592453,45.922211],[13.593085,45.92308],[13.592547,45.923099],[13.592529,45.923105],[13.592529,45.92313],[13.593073,45.92314],[13.593432,45.923573],[13.594005,45.924358],[13.595033,45.925992],[13.595157,45.926252],[13.595238,45.926512],[13.595562,45.927319],[13.595699,45.927738],[13.595899,45.928123],[13.59607,45.928523],[13.596085,45.928622],[13.596076,45.928914],[13.596003,45.92918],[13.595969,45.929483],[13.59628,45.930651],[13.596617,45.931292],[13.595523,45.93129],[13.595515,45.931311],[13.595548,45.931369],[13.595715,45.931467],[13.595613,45.931848],[13.595619,45.932032],[13.595442,45.931723],[13.595414,45.931712],[13.594692,45.932248],[13.594413,45.93194],[13.593876,45.931552],[13.593684,45.931389],[13.59362,45.931394],[13.593231,45.931158],[13.593063,45.931077],[13.592811,45.931272],[13.592446,45.931046],[13.591854,45.930722],[13.590019,45.929618],[13.589847,45.929542],[13.589322,45.92998],[13.588856,45.930432],[13.588226,45.930922],[13.587996,45.931132],[13.58757,45.931788],[13.587467,45.932055],[13.58721,45.932288],[13.586805,45.932093],[13.586624,45.932261],[13.583413,45.930789],[13.582749,45.930539],[13.58154,45.930132],[13.581456,45.930172],[13.581429,45.930159],[13.581446,45.930131],[13.581433,45.930118],[13.579566,45.929402],[13.577655,45.928562],[13.577614,45.928568],[13.577554,45.92854],[13.577539,45.928511],[13.576305,45.927959],[13.574634,45.927239],[13.574631,45.927193],[13.573066,45.926532],[13.573473,45.926379],[13.573654,45.926278],[13.573937,45.926206],[13.5746,45.925981],[13.574912,45.925821],[13.575427,45.925426],[13.575878,45.92491],[13.576144,45.924647],[13.576715,45.923882],[13.576942,45.923626],[13.577177,45.923174],[13.57718,45.923068],[13.577317,45.923029],[13.577457,45.922949],[13.577763,45.922817],[13.577888,45.922737],[13.578008,45.922609],[13.578161,45.92254],[13.578333,45.92243],[13.578506,45.922428],[13.578582,45.922371],[13.578655,45.922273],[13.578745,45.921799],[13.578739,45.921625],[13.578649,45.92107],[13.57866,45.920745],[13.578579,45.920575],[13.578528,45.920518],[13.578185,45.920457],[13.578139,45.92047],[13.578156,45.920495],[13.578394,45.920535],[13.578542,45.920776],[13.578516,45.921055],[13.578531,45.921342],[13.578517,45.921476],[13.578599,45.921702],[13.578618,45.921882],[13.578588,45.922041],[13.578494,45.922245],[13.577835,45.921909],[13.576697,45.921209],[13.576398,45.921089],[13.576278,45.921021],[13.575582,45.920319],[13.575368,45.920132],[13.575059,45.919964],[13.574794,45.919757],[13.574472,45.919564],[13.574252,45.919404],[13.574188,45.91941],[13.573905,45.919571],[13.571056,45.917869],[13.570736,45.917714],[13.570542,45.917644],[13.567507,45.916944],[13.565555,45.916518],[13.562553,45.915809],[13.562532,45.915833],[13.561491,45.916247],[13.561301,45.916287],[13.561281,45.916305],[13.562161,45.917141],[13.561639,45.917386],[13.561366,45.917062],[13.561199,45.916762],[13.561171,45.916743],[13.561142,45.916758],[13.56108,45.917036],[13.561231,45.917788],[13.56126,45.918122],[13.561308,45.918284],[13.561288,45.918487],[13.561188,45.918878],[13.561239,45.919259],[13.561174,45.919235],[13.561158,45.919267],[13.56141,45.919474],[13.561732,45.919597],[13.561622,45.919935],[13.561642,45.919957],[13.561672,45.919943],[13.561813,45.919551],[13.562504,45.91981],[13.562505,45.919896],[13.563188,45.920199],[13.563491,45.920509],[13.563673,45.92081],[13.563742,45.920831],[13.563815,45.921077],[13.564014,45.921596],[13.564258,45.921873],[13.564717,45.922274],[13.56578,45.923019],[13.566035,45.923109],[13.566248,45.923354],[13.56627,45.923427],[13.566793,45.923893],[13.567108,45.924122],[13.568043,45.924858],[13.568504,45.925223],[13.56859,45.925315],[13.56865,45.925489],[13.568694,45.926621],[13.568679,45.926833],[13.568589,45.927162],[13.568569,45.9274],[13.568656,45.927742],[13.568735,45.927939],[13.56891,45.928183],[13.56901,45.928286],[13.569653,45.928723],[13.570117,45.929161],[13.570404,45.929511],[13.570571,45.929663],[13.571193,45.930063],[13.571038,45.930056],[13.570514,45.929704],[13.570437,45.92965],[13.570193,45.929372],[13.570163,45.929377],[13.570044,45.929474],[13.57,45.929444],[13.569959,45.929447],[13.569958,45.929469],[13.570002,45.92951],[13.569458,45.929941],[13.569289,45.930102],[13.568449,45.92973],[13.567401,45.929316],[13.567356,45.929362],[13.567367,45.929386],[13.568285,45.929726],[13.567807,45.930361],[13.567056,45.931481],[13.566015,45.931145],[13.566006,45.931108],[13.565572,45.930959],[13.564699,45.930563],[13.564441,45.930492],[13.564019,45.930407],[13.56327,45.930373],[13.56298,45.930347],[13.562527,45.930241],[13.562092,45.930087],[13.560909,45.929734],[13.560244,45.929443],[13.560227,45.929451],[13.560234,45.929476],[13.560904,45.92979],[13.562037,45.93014],[13.562497,45.93031],[13.562695,45.930333],[13.56296,45.930394],[13.563328,45.930423],[13.563895,45.930444],[13.564171,45.930483],[13.564591,45.93061],[13.565577,45.931033],[13.565568,45.931146],[13.565008,45.932114],[13.562689,45.931438],[13.562313,45.932029],[13.561933,45.932696],[13.561285,45.933578],[13.561041,45.933993],[13.560555,45.9339],[13.560134,45.933852],[13.559731,45.933886],[13.559367,45.933882],[13.558526,45.933622],[13.558347,45.933504],[13.558314,45.933518],[13.558106,45.933456],[13.557812,45.933426],[13.556123,45.933169],[13.555906,45.933128],[13.555702,45.933037],[13.554909,45.932851],[13.553564,45.932637],[13.552405,45.932397],[13.55236,45.932427],[13.552148,45.932386],[13.55212,45.932393],[13.552123,45.932626],[13.552097,45.93262],[13.552077,45.932357],[13.552319,45.932399],[13.55235,45.932388],[13.552548,45.931995],[13.553284,45.930338],[13.553377,45.930059],[13.553326,45.930023],[13.553551,45.929257],[13.553893,45.928308],[13.553906,45.927924],[13.553885,45.927782],[13.553799,45.92765],[13.554581,45.926009],[13.555542,45.924254],[13.553799,45.921428],[13.553807,45.921401],[13.552895,45.919835],[13.551659,45.917791],[13.551268,45.9172],[13.550582,45.916018],[13.549606,45.914401],[13.548466,45.912543],[13.548172,45.912101]]]},"properties":{"prov":"GO","comune_amm":"E098","comune_descr":"GORIZIA","fascia":"R","zona":"R2","zona_descr":"ZONA AGRICOLA - REGIONE AGRARIA 1 - PIANURA","microzona":2,"semestre":"2025/1"}},{"type":"Feature","geometry":{"type":"Polygon","coordinates":[[[13.496893,45.941711],[13.497008,45.941667],[13.497169,45.94163],[13.497794,45.941532],[13.498326,45.94128],[13.49955,45.940745],[13.49956,45.940714],[13.499658,45.940672],[13.499698,45.940679],[13.500774,45.940207],[13.500786,45.940179],[13.500877,45.94014],[13.5009,45.940147],[13.500947,45.940132],[13.501881,45.93972],[13.501894,45.939694],[13.501989,45.939654],[13.502026,45.939655],[13.50285,45.939292],[13.5035,45.938982],[13.503605,45.938956],[13.504069,45.938971],[13.504266,45.937338],[13.504744,45.9374],[13.505015,45.937504],[13.505052,45.9375],[13.505336,45.937602],[13.506948,45.938201],[13.507239,45.938173],[13.507516,45.93817],[13.50754,45.938158],[13.50792,45.937419],[13.508358,45.936801],[13.508882,45.936108],[13.509433,45.936865],[13.509368,45.937292],[13.509342,45.937744],[13.509363,45.937861],[13.509529,45.937867],[13.509555,45.937854],[13.509494,45.937738],[13.509491,45.937584],[13.509451,45.937432],[13.509504,45.936964],[13.509593,45.936959],[13.512422,45.937879],[13.512444,45.937865],[13.512515,45.937605],[13.512501,45.937069],[13.51205,45.93558],[13.512992,45.935583],[13.513022,45.935568],[13.513929,45.935556],[13.513962,45.935575],[13.515021,45.935526],[13.515849,45.935455],[13.516531,45.935416],[13.517503,45.935252],[13.517775,45.935295],[13.517821,45.935242],[13.518016,45.934811],[13.51807,45.934821],[13.518096,45.934806],[13.518299,45.93489],[13.518938,45.935107],[13.519289,45.935281],[13.519745,45.935468],[13.521259,45.936017],[13.521295,45.936012],[13.521389,45.936039],[13.521394,45.936072],[13.523995,45.937027],[13.524005,45.937062],[13.524316,45.937171],[13.524415,45.937267],[13.52445,45.937777],[13.524384,45.938093],[13.524295,45.938291],[13.524303,45.938661],[13.524369,45.938975],[13.524337,45.940087],[13.524264,45.940081],[13.524235,45.940093],[13.524245,45.940132],[13.523572,45.940715],[13.522813,45.941425],[13.523052,45.941565],[13.5247,45.942191],[13.524733,45.942185],[13.525244,45.941647],[13.52561,45.941934],[13.525645,45.94198],[13.52481,45.942851],[13.524852,45.943135],[13.524574,45.943573],[13.524392,45.943955],[13.524824,45.944399],[13.524993,45.944634],[13.523362,45.944853],[13.523297,45.944847],[13.522349,45.944999],[13.522023,45.94507],[13.521734,45.945169],[13.521682,45.945193],[13.521674,45.945217],[13.521705,45.945225],[13.522174,45.945115],[13.523296,45.944903],[13.525001,45.944683],[13.525217,45.945178],[13.525692,45.945165],[13.525711,45.945191],[13.525844,45.94519],[13.525869,45.945223],[13.525662,45.945236],[13.525621,45.9452],[13.523791,45.945268],[13.523761,45.94526],[13.523736,45.945279],[13.523762,45.945517],[13.523543,45.945507],[13.52352,45.94542],[13.523386,45.945405],[13.523365,45.94541],[13.523356,45.945452],[13.522463,45.945526],[13.522614,45.946641],[13.522076,45.946784],[13.522004,45.946821],[13.521785,45.946949],[13.521158,45.947446],[13.521182,45.947463],[13.521666,45.947493],[13.521903,45.947522],[13.522015,45.947555],[13.522186,45.947689],[13.522127,45.947744],[13.52193,45.947601],[13.52178,45.947553],[13.521046,45.947519],[13.520915,45.947435],[13.520921,45.947389],[13.520882,45.947285],[13.520932,45.947158],[13.520819,45.946675],[13.520791,45.94666],[13.515389,45.947152],[13.515372,45.947158],[13.515374,45.947182],[13.515544,45.947309],[13.51595,45.948085],[13.51595,45.948111],[13.515882,45.948185],[13.515922,45.948216],[13.513626,45.947658],[13.513614,45.947682],[13.513628,45.947691],[13.514603,45.947966],[13.514527,45.94806],[13.514498,45.948214],[13.514473,45.948254],[13.514356,45.948353],[13.514232,45.948407],[13.514016,45.948384],[13.513874,45.948271],[13.513779,45.948013],[13.513646,45.947878],[13.513484,45.947784],[13.513018,45.94759],[13.512875,45.947555],[13.512674,45.947552],[13.512475,45.947515],[13.512428,45.947413],[13.512368,45.947081],[13.512261,45.946935],[13.512136,45.946816],[13.512022,45.946762],[13.511832,45.946774],[13.511679,45.946811],[13.511423,45.946767],[13.511194,45.946703],[13.509904,45.946442],[13.508981,45.946225],[13.508787,45.946195],[13.5086,45.946225],[13.508449,45.946227],[13.508194,45.946081],[13.507833,45.945951],[13.507494,45.945807],[13.507288,45.945696],[13.507298,45.945601],[13.507412,45.945452],[13.50763,45.945659],[13.507847,45.945745],[13.50788,45.945737],[13.508074,45.945482],[13.508381,45.945141],[13.50851,45.944957],[13.508369,45.944928],[13.507919,45.94474],[13.507816,45.944662],[13.507063,45.943495],[13.507064,45.943461],[13.507094,45.94343],[13.507348,45.943341],[13.507396,45.943292],[13.506969,45.94265],[13.506906,45.942626],[13.506831,45.942539],[13.506374,45.941857],[13.506834,45.941688],[13.508616,45.941132],[13.50863,45.941102],[13.508848,45.94103],[13.50886,45.941007],[13.508841,45.940977],[13.508807,45.940969],[13.506291,45.941755],[13.505739,45.941466],[13.505399,45.941215],[13.508157,45.940457],[13.50848,45.940347],[13.508485,45.940317],[13.508213,45.940142],[13.505424,45.94089],[13.505409,45.940864],[13.504926,45.940733],[13.505535,45.939699],[13.503989,45.939498],[13.503784,45.939595],[13.50359,45.939829],[13.503455,45.939802],[13.502928,45.940052],[13.502862,45.940035],[13.502659,45.940154],[13.50213,45.940656],[13.50147,45.941054],[13.501449,45.941038],[13.502127,45.94061],[13.50261,45.940129],[13.502701,45.940065],[13.503146,45.939849],[13.503192,45.939852],[13.503914,45.939456],[13.503956,45.939341],[13.503608,45.939285],[13.502749,45.939497],[13.502458,45.939593],[13.502098,45.939736],[13.50109,45.940169],[13.499012,45.941094],[13.497475,45.941824],[13.497218,45.941898],[13.497189,45.941888],[13.497185,45.941819],[13.497352,45.941724],[13.497353,45.941696],[13.497238,45.941707],[13.497094,45.941746],[13.496893,45.941711]]]},"properties":{"prov":"GO","comune_amm":"B712","comune_descr":"CAPRIVA DEL FRIULI","fascia":"B","zona":"B1","zona_descr":"CAPOLUOGO - CENTRO ABITATO","microzona":1,"semestre":"2025/1"}},{"type":"Feature","geometry":{"type":"Polygon","coordinates":[[[13.490887,45.953789],[13.490895,45.953693],[13.491034,45.953684],[13.491257,45.953585],[13.49162,45.953304],[13.491825,45.953189],[13.492019,45.953005],[13.492011,45.952911],[13.492269,45.952723],[13.492423,45.952648],[13.492651,45.952597],[13.492898,45.95263],[13.49305,45.95262],[13.493307,45.952686],[13.493391,45.952731],[13.493551,45.952731],[13.493839,45.952666],[13.493916,45.952601],[13.494517,45.952248],[13.494645,45.952019],[13.494971,45.951587],[13.495014,45.951449],[13.495157,45.95125],[13.495151,45.951033],[13.495106,45.95087],[13.494977,45.950833],[13.495151,45.950544],[13.495331,45.950385],[13.495405,45.950182],[13.495599,45.949976],[13.495773,45.949959],[13.496554,45.950078],[13.496583,45.950068],[13.496529,45.94995],[13.495969,45.949722],[13.495673,45.949454],[13.495453,45.94918],[13.495386,45.949166],[13.495281,45.949215],[13.495175,45.949229],[13.495,45.949232],[13.494934,45.9492],[13.494742,45.949005],[13.494703,45.948894],[13.494683,45.948583],[13.494745,45.948361],[13.494778,45.947672],[13.49486,45.947586],[13.494924,45.947464],[13.495059,45.947437],[13.495226,45.947347],[13.495379,45.947367],[13.495591,45.94734],[13.495884,45.947345],[13.495954,45.947311],[13.495977,45.947245],[13.495932,45.947065],[13.495954,45.946963],[13.496105,45.94671],[13.496129,45.946638],[13.496039,45.946535],[13.496072,45.946462],[13.496189,45.945873],[13.496379,45.945198],[13.496341,45.945069],[13.496364,45.944879],[13.496433,45.944727],[13.496553,45.944623],[13.496659,45.944451],[13.496506,45.943776],[13.496393,45.943552],[13.496431,45.943522],[13.496368,45.943365],[13.496433,45.94314],[13.49642,45.942994],[13.496144,45.94272],[13.496022,45.942388],[13.496266,45.942187],[13.49606,45.942091],[13.495768,45.94201],[13.495104,45.941931],[13.494918,45.941867],[13.494896,45.941827],[13.494905,45.941764],[13.494977,45.941666],[13.495102,45.941559],[13.495295,45.941442],[13.49529,45.941404],[13.495317,45.941389],[13.495352,45.941403],[13.495404,45.941374],[13.495475,45.941273],[13.495482,45.941203],[13.495458,45.941142],[13.495263,45.941015],[13.495232,45.941012],[13.495209,45.941036],[13.494916,45.940781],[13.494714,45.940635],[13.494377,45.940496],[13.494289,45.940442],[13.49404,45.940225],[13.493887,45.940048],[13.493784,45.939987],[13.493734,45.939972],[13.493637,45.939968],[13.493597,45.939985],[13.493592,45.94001],[13.493541,45.939994],[13.493365,45.940053],[13.49326,45.940056],[13.493273,45.940005],[13.493436,45.939869],[13.493417,45.939834],[13.493447,45.939812],[13.493472,45.939834],[13.493502,45.939831],[13.493783,45.939633],[13.49375,45.939583],[13.493732,45.939497],[13.493487,45.939217],[13.493336,45.939154],[13.493172,45.939108],[13.493059,45.939089],[13.493043,45.939117],[13.492904,45.939063],[13.492902,45.93901],[13.492939,45.938959],[13.492993,45.938919],[13.493036,45.938913],[13.493077,45.93886],[13.493013,45.938802],[13.49297,45.9388],[13.492925,45.938773],[13.492911,45.938716],[13.492821,45.93865],[13.492802,45.938601],[13.49282,45.938465],[13.492937,45.938142],[13.493009,45.938091],[13.493016,45.938109],[13.493051,45.938111],[13.493127,45.938073],[13.4934,45.937986],[13.493424,45.937937],[13.493484,45.937923],[13.493682,45.937822],[13.493817,45.937727],[13.49382,45.937697],[13.493965,45.937667],[13.494013,45.937708],[13.494798,45.937973],[13.495679,45.93792],[13.49693,45.93791],[13.498352,45.937805],[13.49982,45.937567],[13.500204,45.937404],[13.500256,45.937414],[13.500379,45.937309],[13.500877,45.937172],[13.501907,45.937017],[13.503051,45.936807],[13.503184,45.936806],[13.503326,45.936743],[13.503756,45.936639],[13.504498,45.93652],[13.505402,45.936414],[13.505615,45.936046],[13.505794,45.935831],[13.506425,45.935518],[13.507205,45.935202],[13.507214,45.935173],[13.507358,45.935183],[13.507664,45.935259],[13.50778,45.935272],[13.507843,45.935253],[13.50796,45.935254],[13.509081,45.935316],[13.5096,45.93537],[13.510207,45.93535],[13.510397,45.935308],[13.510562,45.935239],[13.510625,45.935043],[13.511169,45.934128],[13.511261,45.933809],[13.51124,45.933603],[13.511212,45.933521],[13.51132,45.933365],[13.511384,45.93319],[13.511738,45.932601],[13.511765,45.932601],[13.511792,45.932575],[13.511908,45.932645],[13.513248,45.933092],[13.513449,45.933146],[13.513647,45.933161],[13.513815,45.933194],[13.514935,45.933679],[13.515724,45.934089],[13.51669,45.934381],[13.517866,45.934705],[13.518314,45.934884],[13.518951,45.935101],[13.519278,45.935265],[13.519775,45.935467],[13.521292,45.936014],[13.521268,45.936021],[13.519745,45.935468],[13.519289,45.935281],[13.518937,45.935107],[13.518097,45.934811],[13.518072,45.934826],[13.518024,45.934816],[13.518008,45.934827],[13.517821,45.935243],[13.517772,45.935299],[13.517499,45.935253],[13.516585,45.93541],[13.515782,45.93546],[13.515021,45.935526],[13.513937,45.935576],[13.513906,45.935556],[13.513051,45.935567],[13.51302,45.935584],[13.512104,45.935579],[13.512079,45.9356],[13.51226,45.936234],[13.512495,45.936956],[13.512515,45.937604],[13.51242,45.937951],[13.512437,45.937971],[13.512506,45.937991],[13.51213,45.938812],[13.512068,45.939063],[13.511902,45.938959],[13.511996,45.938918],[13.512366,45.937869],[13.50959,45.93696],[13.509528,45.93696],[13.509503,45.936978],[13.509486,45.937255],[13.509451,45.937431],[13.509491,45.937585],[13.509494,45.937737],[13.509567,45.937866],[13.509362,45.937866],[13.509342,45.937745],[13.509368,45.937293],[13.509433,45.936868],[13.508905,45.936138],[13.508873,45.936129],[13.508358,45.936801],[13.50792,45.937421],[13.507533,45.938168],[13.507238,45.938173],[13.506952,45.938202],[13.505336,45.937602],[13.505073,45.937508],[13.505036,45.937512],[13.504749,45.937401],[13.504273,45.937344],[13.504076,45.938975],[13.503613,45.938956],[13.503498,45.938983],[13.50285,45.939292],[13.502008,45.939662],[13.501972,45.939661],[13.501913,45.939685],[13.5019,45.939712],[13.500947,45.940132],[13.500801,45.940172],[13.500791,45.9402],[13.499681,45.940687],[13.499639,45.940679],[13.49958,45.940706],[13.49957,45.940736],[13.498326,45.94128],[13.497791,45.941533],[13.49709,45.941649],[13.497075,45.941674],[13.497168,45.941693],[13.497201,45.941715],[13.497434,45.941678],[13.497186,45.941818],[13.497183,45.941845],[13.497213,45.94185],[13.497466,45.941777],[13.499025,45.941047],[13.500806,45.940257],[13.502129,45.939699],[13.502492,45.939556],[13.502781,45.939461],[13.503647,45.93925],[13.503998,45.939304],[13.503946,45.939438],[13.503181,45.939858],[13.503136,45.939855],[13.502705,45.940063],[13.502609,45.940131],[13.502388,45.940351],[13.502394,45.940376],[13.50243,45.940372],[13.502657,45.940155],[13.502876,45.940027],[13.502941,45.940045],[13.503463,45.939797],[13.503588,45.939824],[13.503789,45.93959],[13.503984,45.939497],[13.505546,45.939694],[13.504933,45.940719],[13.504948,45.940742],[13.505452,45.94088],[13.508253,45.940126],[13.508478,45.940347],[13.508157,45.940457],[13.505432,45.941206],[13.505416,45.941224],[13.505739,45.941466],[13.506288,45.941754],[13.508842,45.940949],[13.50893,45.940931],[13.508976,45.941012],[13.506834,45.941688],[13.506382,45.941859],[13.506831,45.942538],[13.506903,45.942623],[13.506968,45.942646],[13.507402,45.943301],[13.507347,45.943342],[13.507087,45.943434],[13.507063,45.943493],[13.507815,45.94466],[13.507921,45.944741],[13.508368,45.944927],[13.508557,45.94496],[13.508488,45.944991],[13.508381,45.945141],[13.508074,45.945483],[13.507868,45.945751],[13.507736,45.945711],[13.507629,45.945658],[13.507413,45.945451],[13.507537,45.945296],[13.507573,45.94515],[13.507453,45.945074],[13.507418,45.945077],[13.507426,45.94521],[13.50738,45.945338],[13.507229,45.945556],[13.507197,45.945654],[13.507414,45.945774],[13.508218,45.946097],[13.50847,45.946178],[13.50869,45.946184],[13.510481,45.946495],[13.510964,45.946619],[13.511244,45.946711],[13.511561,45.946749],[13.511856,45.946682],[13.512013,45.946735],[13.512329,45.947038],[13.512273,45.947333],[13.512287,45.947392],[13.512421,45.947473],[13.512656,45.947474],[13.512898,45.947516],[13.513498,45.947806],[13.513851,45.948021],[13.513873,45.948183],[13.514198,45.948328],[13.514396,45.948269],[13.514545,45.947922],[13.514689,45.947843],[13.514755,45.947738],[13.514853,45.94769],[13.514994,45.94768],[13.51506,45.947708],[13.515199,45.94789],[13.515233,45.94806],[13.515131,45.948141],[13.51506,45.948164],[13.51501,45.94822],[13.515014,45.948254],[13.51505,45.948254],[13.515128,45.948179],[13.515567,45.948298],[13.515694,45.948364],[13.515718,45.94834],[13.515764,45.948334],[13.515846,45.948246],[13.515484,45.947499],[13.515419,45.947422],[13.515136,45.947289],[13.515154,45.947246],[13.514911,45.947068],[13.514843,45.947],[13.514664,45.946512],[13.514623,45.945811],[13.514668,45.945997],[13.514724,45.946509],[13.514786,45.946756],[13.514912,45.946995],[13.515109,45.947161],[13.515158,45.947169],[13.515193,45.947157],[13.515261,45.947202],[13.515424,45.947272],[13.515458,45.947268],[13.515457,45.947244],[13.515344,45.947157],[13.520811,45.946658],[13.520932,45.94716],[13.520884,45.947283],[13.520923,45.947441],[13.52105,45.947519],[13.521779,45.947552],[13.521926,45.947598],[13.522026,45.94766],[13.522136,45.947689],[13.522149,45.94766],[13.522022,45.947558],[13.521907,45.947523],[13.521665,45.947493],[13.521132,45.947459],[13.521785,45.946948],[13.522004,45.946821],[13.522071,45.946786],[13.522609,45.94664],[13.522456,45.945523],[13.523335,45.945454],[13.52336,45.945404],[13.523524,45.945417],[13.523536,45.945491],[13.52356,45.945507],[13.523737,45.945516],[13.523765,45.945496],[13.52373,45.945229],[13.523797,45.945268],[13.525219,45.945211],[13.525011,45.944698],[13.524981,45.944685],[13.523296,45.944903],[13.522174,45.945115],[13.521705,45.945225],[13.521314,45.945425],[13.521254,45.945487],[13.521158,45.945378],[13.521228,45.945388],[13.521292,45.945375],[13.521737,45.945168],[13.522021,45.945071],[13.522348,45.944999],[13.523299,45.944847],[13.523364,45.944853],[13.524961,45.944639],[13.524981,45.944623],[13.524822,45.944397],[13.524389,45.943963],[13.524574,45.943574],[13.52485,45.943136],[13.524806,45.942854],[13.525638,45.941989],[13.525638,45.94197],[13.525266,45.941663],[13.525238,45.941659],[13.524721,45.942198],[13.523051,45.941565],[13.522806,45.941426],[13.523572,45.940715],[13.52425,45.940133],[13.524464,45.940272],[13.524845,45.940452],[13.525127,45.940625],[13.526384,45.941437],[13.526515,45.941579],[13.526859,45.941762],[13.526905,45.941817],[13.527659,45.943194],[13.528626,45.945074],[13.528942,45.945859],[13.529241,45.947397],[13.529098,45.947429],[13.529079,45.947449],[13.529145,45.947785],[13.529684,45.94914],[13.529905,45.949404],[13.531672,45.95111],[13.531947,45.953251],[13.531827,45.95335],[13.531812,45.953383],[13.531849,45.953431],[13.531966,45.953488],[13.531958,45.953508],[13.531607,45.953567],[13.53156,45.953684],[13.531507,45.953736],[13.531444,45.95375],[13.531389,45.953744],[13.531289,45.953697],[13.531275,45.953651],[13.531325,45.953547],[13.531231,45.953505],[13.531198,45.953509],[13.531011,45.953677],[13.531017,45.953917],[13.530917,45.954043],[13.530784,45.954094],[13.530703,45.954082],[13.530573,45.954029],[13.530412,45.954081],[13.530272,45.954136],[13.530233,45.954185],[13.53023,45.95426],[13.530162,45.954317],[13.530051,45.954308],[13.529636,45.954151],[13.529351,45.954115],[13.529229,45.954115],[13.529159,45.954183],[13.52913,45.954512],[13.529022,45.954529],[13.528377,45.954434],[13.528257,45.954389],[13.528163,45.95433],[13.528089,45.954311],[13.527941,45.954304],[13.527915,45.954316],[13.527876,45.954388],[13.527857,45.954583],[13.527817,45.954627],[13.527703,45.954609],[13.527597,45.95446],[13.527533,45.954217],[13.527467,45.954167],[13.527277,45.954109],[13.527207,45.954132],[13.527144,45.954181],[13.527116,45.954246],[13.527144,45.95434],[13.527202,45.954415],[13.527195,45.954487],[13.527124,45.954549],[13.526865,45.954567],[13.526725,45.954529],[13.526581,45.954348],[13.526507,45.954303],[13.526434,45.954306],[13.526317,45.95439],[13.525958,45.954577],[13.525844,45.954605],[13.525741,45.95456],[13.525598,45.954381],[13.525421,45.954334],[13.525145,45.954418],[13.524873,45.954565],[13.524744,45.954524],[13.524466,45.954533],[13.524282,45.954411],[13.524138,45.954362],[13.524098,45.954387],[13.52414,45.954625],[13.524032,45.954689],[13.523845,45.954732],[13.52372,45.954715],[13.52357,45.954619],[13.523292,45.954366],[13.523156,45.954294],[13.52303,45.954274],[13.52279,45.954383],[13.52265,45.954614],[13.522614,45.954635],[13.522637,45.954709],[13.522777,45.954843],[13.522787,45.954887],[13.522764,45.954942],[13.522692,45.954993],[13.522571,45.955013],[13.522492,45.954983],[13.522409,45.954917],[13.522248,45.954509],[13.522061,45.954237],[13.521957,45.954203],[13.521886,45.954214],[13.521827,45.954246],[13.521764,45.954325],[13.521697,45.954363],[13.521595,45.954367],[13.521319,45.954095],[13.520938,45.953889],[13.520767,45.95385],[13.520427,45.953801],[13.520391,45.953816],[13.520215,45.953826],[13.520108,45.95399],[13.520059,45.95398],[13.520043,45.953989],[13.519957,45.954098],[13.519965,45.954125],[13.519897,45.954238],[13.519681,45.954316],[13.519599,45.95423],[13.519435,45.954277],[13.519362,45.954408],[13.519315,45.954564],[13.519176,45.954663],[13.519203,45.95477],[13.519213,45.954973],[13.519128,45.955053],[13.519123,45.955148],[13.519187,45.955247],[13.519237,45.955375],[13.519654,45.955385],[13.519574,45.955521],[13.519695,45.955678],[13.51964,45.955815],[13.519769,45.955973],[13.519757,45.956097],[13.519619,45.956158],[13.51933,45.956144],[13.519251,45.956279],[13.519014,45.956425],[13.518874,45.956611],[13.518798,45.956761],[13.518699,45.957112],[13.518699,45.957275],[13.51876,45.957338],[13.518969,45.957384],[13.519121,45.957438],[13.519368,45.957667],[13.519392,45.957816],[13.519318,45.958251],[13.518873,45.958494],[13.518665,45.958676],[13.518513,45.958853],[13.518476,45.959195],[13.519768,45.959978],[13.519383,45.960585],[13.519396,45.960609],[13.519549,45.960654],[13.519408,45.960856],[13.519309,45.960945],[13.519275,45.960998],[13.51912,45.961126],[13.518971,45.96116],[13.518881,45.96122],[13.518719,45.961283],[13.518534,45.961391],[13.518344,45.961446],[13.518325,45.961548],[13.518199,45.961684],[13.51781,45.961835],[13.517662,45.961968],[13.517433,45.962063],[13.517403,45.962045],[13.517147,45.962015],[13.517027,45.962021],[13.516917,45.962056],[13.516762,45.962157],[13.51653,45.962211],[13.516352,45.962358],[13.516114,45.962374],[13.515784,45.962479],[13.515518,45.962476],[13.515307,45.962606],[13.515236,45.962615],[13.515159,45.962592],[13.515054,45.962524],[13.514924,45.962477],[13.514697,45.96248],[13.514657,45.962233],[13.51452,45.962222],[13.514086,45.962004],[13.513932,45.961893],[13.513835,45.96179],[13.513821,45.961726],[13.513798,45.961711],[13.513381,45.961873],[13.513141,45.96194],[13.512931,45.961907],[13.512815,45.961845],[13.51259,45.961831],[13.512432,45.961867],[13.512078,45.961906],[13.511963,45.96197],[13.511815,45.961969],[13.511579,45.961931],[13.511459,45.961821],[13.511212,45.961704],[13.511126,45.961476],[13.511,45.961381],[13.510818,45.961329],[13.510269,45.96105],[13.510048,45.9607],[13.509929,45.960598],[13.509622,45.960442],[13.508917,45.960216],[13.508737,45.960113],[13.508077,45.960074],[13.507796,45.960196],[13.507594,45.960231],[13.507471,45.960163],[13.507233,45.960075],[13.50704,45.960059],[13.506971,45.959721],[13.506791,45.959488],[13.506824,45.95936],[13.506602,45.959143],[13.506448,45.959041],[13.506458,45.958855],[13.506375,45.95871],[13.506234,45.958714],[13.505938,45.95881],[13.505461,45.958919],[13.50533,45.958774],[13.505326,45.958444],[13.505352,45.958293],[13.50532,45.957965],[13.505123,45.957741],[13.505197,45.957608],[13.505361,45.957472],[13.505407,45.95739],[13.505379,45.957378],[13.505154,45.957406],[13.505014,45.956933],[13.504925,45.956817],[13.50489,45.95645],[13.50476,45.956247],[13.504765,45.956118],[13.504694,45.955949],[13.50458,45.955802],[13.504348,45.955805],[13.503904,45.955729],[13.503606,45.955724],[13.503403,45.955786],[13.503275,45.955805],[13.503163,45.955804],[13.502862,45.955754],[13.502885,45.955696],[13.502784,45.955641],[13.502633,45.955663],[13.502341,45.955801],[13.502216,45.955907],[13.50173,45.956076],[13.501501,45.956179],[13.501177,45.956177],[13.50097,45.956225],[13.500492,45.9563],[13.50029,45.956305],[13.500073,45.956255],[13.500081,45.956156],[13.499909,45.956049],[13.49925,45.95592],[13.49912,45.955854],[13.498426,45.955572],[13.497547,45.955335],[13.496631,45.95518],[13.495864,45.955219],[13.495451,45.955182],[13.495124,45.95521],[13.494671,45.955194],[13.494474,45.955212],[13.494149,45.9552],[13.493923,45.955209],[13.493883,45.955197],[13.493699,45.955197],[13.493378,45.955112],[13.49324,45.955022],[13.493057,45.954973],[13.493003,45.954906],[13.492969,45.954728],[13.492749,45.954509],[13.492366,45.954279],[13.492116,45.954028],[13.491905,45.953932],[13.491591,45.953936],[13.491355,45.953915],[13.491138,45.95385],[13.490917,45.953809],[13.490887,45.953789]]]},"properties":{"prov":"GO","comune_amm":"B712","comune_descr":"CAPRIVA DEL FRIULI","fascia":"R","zona":"R1","zona_descr":"ZONA AGRICOLA - REGIONE AGRARIA 2 - INTERO TERRITORIO COMUNALE","microzona":1,"semestre":"2025/1"}},{"type":"Feature","geometry":{"type":"MultiPolygon","coordinates":[[[[13.457573,45.94722],[13.457546,45.947199],[13.457901,45.946721],[13.457941,45.946742],[13.457573,45.94722]]],[[[13.454405,45.966796],[13.454712,45.965525],[13.454699,45.965507],[13.454599,45.96547],[13.454643,45.96523],[13.454789,45.964917],[13.455101,45.964546],[13.455384,45.964259],[13.455655,45.964046],[13.455977,45.963885],[13.45607,45.963885],[13.456193,45.963907],[13.456804,45.964119],[13.456957,45.964143],[13.457294,45.964138],[13.457319,45.964118],[13.456909,45.963906],[13.456714,45.963782],[13.456365,45.963627],[13.455913,45.963482],[13.454732,45.963063],[13.454796,45.963038],[13.456374,45.96359],[13.456638,45.963694],[13.456674,45.963688],[13.456747,45.963584],[13.456661,45.963403],[13.45662,45.963166],[13.456624,45.963018],[13.456877,45.962139],[13.457037,45.962047],[13.458378,45.960843],[13.458679,45.961025],[13.458776,45.961057],[13.458808,45.96105],[13.458803,45.961027],[13.458513,45.960854],[13.459032,45.9604],[13.45902,45.960381],[13.458705,45.960244],[13.458668,45.960253],[13.458693,45.960306],[13.458673,45.960393],[13.458396,45.960609],[13.457195,45.961723],[13.456921,45.961844],[13.456636,45.961793],[13.456162,45.961632],[13.455876,45.961594],[13.455554,45.961399],[13.45459,45.960981],[13.454996,45.960317],[13.45503,45.960203],[13.455949,45.959812],[13.4564,45.95959],[13.456398,45.95955],[13.456424,45.95954],[13.456473,45.959555],[13.456721,45.959437],[13.456858,45.959406],[13.457071,45.959507],[13.457106,45.959504],[13.457106,45.959481],[13.456959,45.959367],[13.456792,45.959293],[13.457205,45.959091],[13.457533,45.95886],[13.457845,45.958682],[13.457846,45.958129],[13.457825,45.958106],[13.458484,45.957185],[13.458804,45.956687],[13.458793,45.956664],[13.458159,45.956412],[13.458431,45.956071],[13.458456,45.956059],[13.459539,45.954639],[13.459529,45.954615],[13.459495,45.954621],[13.45923,45.954923],[13.458065,45.956348],[13.457833,45.956265],[13.457092,45.955939],[13.456772,45.955824],[13.456571,45.955768],[13.456984,45.955135],[13.45721,45.95466],[13.457615,45.953969],[13.457881,45.953435],[13.458237,45.953558],[13.458649,45.953732],[13.459202,45.954016],[13.459763,45.954343],[13.459793,45.954336],[13.459832,45.954294],[13.459826,45.954271],[13.459214,45.953924],[13.458771,45.953707],[13.457928,45.9534],[13.458518,45.952483],[13.46364,45.952431],[13.46994,45.952417],[13.470231,45.952388],[13.470258,45.952366],[13.470229,45.952348],[13.469938,45.952379],[13.46379,45.952391],[13.458898,45.952439],[13.459855,45.951163],[13.459848,45.951141],[13.459712,45.951064],[13.459686,45.951012],[13.459651,45.951015],[13.459595,45.951063],[13.459502,45.951064],[13.459596,45.951012],[13.459756,45.950853],[13.459751,45.950829],[13.459679,45.950785],[13.459736,45.950735],[13.4598,45.950771],[13.45984,45.950766],[13.460017,45.950541],[13.460072,45.950388],[13.460178,45.950226],[13.46028,45.949996],[13.460557,45.949675],[13.460582,45.94959],[13.460549,45.949387],[13.460759,45.948953],[13.460918,45.948749],[13.461596,45.947729],[13.462134,45.946981],[13.462133,45.94689],[13.462048,45.946708],[13.461853,45.946477],[13.461769,45.946339],[13.461503,45.945677],[13.460007,45.943076],[13.465279,45.941907],[13.465399,45.941889],[13.465562,45.941897],[13.466043,45.941587],[13.466196,45.941579],[13.466464,45.941516],[13.466754,45.941517],[13.466954,45.941535],[13.467455,45.941617],[13.468187,45.941814],[13.468615,45.941978],[13.46873,45.942252],[13.468856,45.942735],[13.468877,45.942749],[13.471574,45.942772],[13.472026,45.946672],[13.472088,45.947526],[13.472048,45.948003],[13.471917,45.948718],[13.471831,45.94902],[13.47187,45.949022],[13.472193,45.948787],[13.473751,45.947505],[13.473782,45.947458],[13.473779,45.947401],[13.473887,45.947292],[13.474008,45.94729],[13.474069,45.947254],[13.474161,45.947261],[13.474692,45.947829],[13.47491,45.948144],[13.474576,45.948378],[13.474573,45.948401],[13.475923,45.949731],[13.475723,45.949828],[13.475682,45.949825],[13.475627,45.949853],[13.475615,45.949877],[13.474797,45.95026],[13.472581,45.951392],[13.472547,45.951393],[13.472421,45.951455],[13.472408,45.951478],[13.470874,45.952243],[13.470742,45.952294],[13.47074,45.952308],[13.470852,45.952355],[13.470987,45.952367],[13.471082,45.952347],[13.47126,45.95227],[13.472721,45.951553],[13.472734,45.951529],[13.472897,45.95145],[13.472931,45.95145],[13.474142,45.950867],[13.475174,45.950325],[13.475989,45.949939],[13.476002,45.949914],[13.476088,45.94987],[13.476131,45.949873],[13.476359,45.949754],[13.476339,45.949733],[13.476251,45.949765],[13.474887,45.948413],[13.475223,45.948175],[13.475227,45.948155],[13.475026,45.947867],[13.474484,45.947275],[13.474378,45.947261],[13.474325,45.947296],[13.474392,45.94707],[13.474473,45.946928],[13.47476,45.946591],[13.475491,45.947151],[13.475527,45.947152],[13.475695,45.947048],[13.476623,45.948134],[13.47631,45.948591],[13.476688,45.948797],[13.47686,45.948937],[13.477038,45.94913],[13.47707,45.94929],[13.477104,45.949364],[13.476556,45.949624],[13.476549,45.949648],[13.477284,45.949858],[13.477459,45.950149],[13.475592,45.951055],[13.475583,45.951076],[13.475612,45.951133],[13.475234,45.951317],[13.474803,45.951578],[13.475567,45.952968],[13.4747,45.953099],[13.474425,45.953123],[13.474138,45.953127],[13.473992,45.953149],[13.473923,45.953145],[13.473884,45.953124],[13.473856,45.953139],[13.473917,45.953206],[13.474089,45.953605],[13.47434,45.954019],[13.47446,45.954396],[13.474471,45.954489],[13.474665,45.954582],[13.47502,45.954638],[13.475792,45.954842],[13.476043,45.954855],[13.476233,45.954884],[13.475969,45.955426],[13.475644,45.955646],[13.475467,45.955649],[13.475437,45.955665],[13.475428,45.955724],[13.475331,45.955821],[13.475269,45.955944],[13.47517,45.95626],[13.475104,45.95633],[13.475105,45.956352],[13.475363,45.956396],[13.481307,45.957071],[13.48144,45.957069],[13.481603,45.957028],[13.482106,45.956942],[13.482369,45.956976],[13.48309,45.9569],[13.483221,45.956914],[13.483235,45.956936],[13.48343,45.957038],[13.484845,45.957887],[13.485235,45.958303],[13.485634,45.958652],[13.486891,45.959296],[13.487181,45.959408],[13.487405,45.959536],[13.488625,45.960001],[13.48842,45.960006],[13.487223,45.959537],[13.486636,45.959259],[13.485612,45.958718],[13.485425,45.95897],[13.485418,45.959094],[13.485321,45.959135],[13.485201,45.959262],[13.48508,45.95933],[13.484979,45.959465],[13.484777,45.959477],[13.484565,45.959516],[13.484493,45.95971],[13.484287,45.960043],[13.484104,45.960138],[13.48344,45.960332],[13.48321,45.960501],[13.482758,45.960556],[13.482658,45.960551],[13.482562,45.960486],[13.482478,45.960466],[13.482244,45.9605],[13.481948,45.960506],[13.481905,45.960532],[13.481827,45.960533],[13.481537,45.96067],[13.481171,45.960453],[13.481099,45.960308],[13.481029,45.960238],[13.480978,45.96023],[13.480939,45.960257],[13.48077,45.960178],[13.480449,45.960185],[13.480254,45.960152],[13.479875,45.960143],[13.479874,45.960116],[13.479855,45.960108],[13.479507,45.960081],[13.479306,45.96005],[13.479057,45.95995],[13.478803,45.959958],[13.478709,45.95992],[13.478537,45.959773],[13.47843,45.959712],[13.478254,45.959648],[13.478223,45.959659],[13.478243,45.959722],[13.478139,45.959747],[13.478105,45.95974],[13.477982,45.959798],[13.477927,45.959808],[13.477518,45.960007],[13.477403,45.9599],[13.477012,45.96005],[13.477001,45.960073],[13.477154,45.960304],[13.476658,45.960572],[13.476472,45.960296],[13.475993,45.960407],[13.47604,45.960168],[13.476178,45.96002],[13.476269,45.959981],[13.476151,45.959816],[13.476078,45.959659],[13.476091,45.959503],[13.475963,45.959149],[13.475925,45.959093],[13.475934,45.95878],[13.475734,45.958657],[13.47553,45.958341],[13.475578,45.9583],[13.47558,45.958278],[13.475094,45.957802],[13.474972,45.957729],[13.474917,45.95761],[13.474773,45.957393],[13.474763,45.957319],[13.474903,45.956635],[13.475012,45.956481],[13.474991,45.956466],[13.474851,45.956452],[13.474842,45.956482],[13.47475,45.956559],[13.474623,45.956746],[13.4745,45.957221],[13.474493,45.957398],[13.474671,45.957702],[13.474948,45.957946],[13.475132,45.958176],[13.475203,45.95823],[13.47524,45.958304],[13.475229,45.958365],[13.475298,45.958495],[13.475422,45.958659],[13.475563,45.958733],[13.475569,45.9591],[13.475724,45.959487],[13.475703,45.959508],[13.475706,45.959632],[13.47578,45.959786],[13.47592,45.95996],[13.475873,45.959995],[13.475936,45.960122],[13.475846,45.96047],[13.475691,45.960898],[13.475629,45.960863],[13.475364,45.960411],[13.47533,45.960402],[13.475192,45.960441],[13.475177,45.960465],[13.475195,45.960501],[13.474207,45.961073],[13.474092,45.961152],[13.474085,45.961165],[13.474115,45.961197],[13.473874,45.961413],[13.473806,45.961412],[13.473759,45.961479],[13.473766,45.961559],[13.473822,45.961682],[13.473797,45.961714],[13.473759,45.961727],[13.473762,45.96174],[13.47401,45.962034],[13.474048,45.962137],[13.474235,45.962361],[13.473161,45.962934],[13.473159,45.962961],[13.473441,45.96314],[13.473623,45.963321],[13.473589,45.963343],[13.473605,45.963371],[13.473512,45.963424],[13.473476,45.963422],[13.473237,45.963503],[13.473187,45.963526],[13.473177,45.963555],[13.473082,45.963601],[13.473218,45.96379],[13.473076,45.963862],[13.473086,45.963907],[13.473042,45.963902],[13.472976,45.963864],[13.472885,45.963742],[13.472852,45.963751],[13.472903,45.963861],[13.473005,45.963955],[13.472617,45.964093],[13.471944,45.963613],[13.472145,45.963416],[13.472146,45.963396],[13.472072,45.963371],[13.471485,45.962794],[13.470918,45.962982],[13.470373,45.96322],[13.470155,45.963355],[13.470589,45.963687],[13.470173,45.96396],[13.470171,45.963985],[13.470311,45.964086],[13.47036,45.964078],[13.470596,45.96409],[13.470745,45.964146],[13.470933,45.964395],[13.470957,45.964453],[13.470664,45.964698],[13.470663,45.964721],[13.470698,45.964755],[13.470348,45.964961],[13.469605,45.964438],[13.469417,45.964256],[13.469139,45.964293],[13.46906,45.964284],[13.469003,45.96412],[13.469401,45.963806],[13.469403,45.963784],[13.469372,45.963778],[13.469295,45.963802],[13.469283,45.963829],[13.469136,45.963914],[13.468941,45.964067],[13.468734,45.96435],[13.46872,45.964401],[13.468766,45.964907],[13.468707,45.96505],[13.468779,45.965311],[13.468514,45.965583],[13.468483,45.9655],[13.468401,45.965401],[13.468305,45.965349],[13.468179,45.965317],[13.468147,45.965327],[13.468158,45.965351],[13.468318,45.965409],[13.468397,45.965455],[13.468451,45.965544],[13.468463,45.965794],[13.467878,45.966908],[13.467797,45.967117],[13.467037,45.966861],[13.466422,45.967517],[13.465969,45.96723],[13.465932,45.967233],[13.465069,45.968072],[13.46509,45.96811],[13.464605,45.968612],[13.464417,45.968452],[13.46411,45.968264],[13.464287,45.968136],[13.463884,45.967836],[13.463656,45.967948],[13.463525,45.96827],[13.463166,45.96822],[13.462871,45.96844],[13.462605,45.968361],[13.462392,45.968336],[13.462187,45.968393],[13.46207,45.968444],[13.461853,45.968242],[13.461699,45.968167],[13.461557,45.96804],[13.461526,45.968031],[13.461442,45.968128],[13.460996,45.968402],[13.460796,45.968582],[13.460541,45.968972],[13.460104,45.969536],[13.459757,45.970086],[13.459599,45.970282],[13.459499,45.970274],[13.459886,45.969753],[13.460058,45.969449],[13.460411,45.969012],[13.460435,45.968941],[13.460616,45.968681],[13.460757,45.9685],[13.460937,45.968345],[13.460179,45.967961],[13.459615,45.967702],[13.458523,45.967259],[13.458514,45.967008],[13.458535,45.966947],[13.4587,45.966693],[13.459941,45.965234],[13.460089,45.965071],[13.46031,45.964896],[13.460442,45.964713],[13.460562,45.964322],[13.460709,45.963697],[13.460695,45.963676],[13.460783,45.963222],[13.460813,45.963159],[13.460801,45.963137],[13.460708,45.9631],[13.460864,45.962828],[13.460338,45.962671],[13.460499,45.962409],[13.460095,45.962289],[13.46008,45.962313],[13.460093,45.962323],[13.460356,45.962408],[13.460193,45.962675],[13.460726,45.962852],[13.460555,45.963118],[13.460568,45.963141],[13.460637,45.963169],[13.460601,45.963242],[13.460501,45.96386],[13.46039,45.964332],[13.460268,45.964724],[13.460139,45.964905],[13.459913,45.965084],[13.459627,45.965406],[13.458525,45.96671],[13.458377,45.96692],[13.458343,45.967011],[13.458348,45.967349],[13.458219,45.967913],[13.45822,45.968121],[13.457847,45.968696],[13.457379,45.969311],[13.457071,45.969784],[13.456931,45.969752],[13.456934,45.969718],[13.457433,45.969027],[13.45467,45.968034],[13.455063,45.967581],[13.455363,45.967184],[13.454405,45.966796]],[[13.472595,45.962529],[13.472583,45.962555],[13.473014,45.963086],[13.473014,45.963223],[13.472982,45.96328],[13.472669,45.963502],[13.472755,45.963605],[13.472789,45.963612],[13.472781,45.963508],[13.472807,45.96346],[13.473088,45.963281],[13.473095,45.962983],[13.472792,45.962584],[13.472645,45.962478],[13.472595,45.962529]]],[[[13.454186,45.957893],[13.454156,45.957857],[13.454742,45.958033],[13.454861,45.957853],[13.45497,45.957854],[13.454996,45.957834],[13.454982,45.957445],[13.455301,45.95754],[13.45538,45.957847],[13.455372,45.958099],[13.455356,45.958152],[13.455297,45.958181],[13.455287,45.958203],[13.455381,45.958238],[13.455417,45.958226],[13.455476,45.958065],[13.45546,45.957859],[13.455384,45.957541],[13.455244,45.95722],[13.455686,45.957095],[13.455685,45.957024],[13.455764,45.956823],[13.455991,45.956435],[13.456337,45.955948],[13.456444,45.955889],[13.456514,45.955882],[13.45664,45.955887],[13.456779,45.955923],[13.457479,45.956193],[13.457756,45.956326],[13.458647,45.956663],[13.458195,45.957342],[13.457665,45.958083],[13.457653,45.958669],[13.457338,45.958844],[13.457003,45.959075],[13.45642,45.959352],[13.455535,45.959724],[13.454919,45.959971],[13.454817,45.959906],[13.454781,45.959924],[13.454723,45.959918],[13.454606,45.959988],[13.454459,45.959987],[13.455131,45.958237],[13.455073,45.958202],[13.454378,45.957985],[13.454186,45.957893]]]]},"properties":{"prov":"GO","comune_amm":"D014","comune_descr":"CORMONS","fascia":"B","zona":"B1","zona_descr":"CAPOLUOGO - CENTRO ABITATO","microzona":1,"semestre":"2025/1"}},{"type":"Feature","geometry":{"type":"MultiPolygon","coordinates":[[[[13.440099,45.974847],[13.440098,45.974774],[13.440162,45.974769],[13.440228,45.974817],[13.440417,45.974899],[13.440802,45.975153],[13.441042,45.975256],[13.441143,45.975353],[13.441347,45.97545],[13.442306,45.974503],[13.442298,45.974477],[13.441903,45.974298],[13.442207,45.97395],[13.442198,45.973926],[13.442141,45.973897],[13.442241,45.973785],[13.442313,45.973812],[13.442347,45.973807],[13.44262,45.973532],[13.442287,45.973127],[13.442096,45.972145],[13.441958,45.971099],[13.441899,45.970615],[13.441968,45.970585],[13.442206,45.972203],[13.442402,45.973163],[13.442594,45.973347],[13.443616,45.974151],[13.44389,45.974437],[13.444093,45.974633],[13.444139,45.974656],[13.444277,45.974627],[13.444279,45.974583],[13.444788,45.973694],[13.445331,45.97389],[13.445345,45.973918],[13.44691,45.974472],[13.446957,45.974467],[13.447759,45.973356],[13.447862,45.973309],[13.448172,45.972923],[13.448358,45.972815],[13.448616,45.972741],[13.449075,45.972712],[13.449241,45.972745],[13.450877,45.973233],[13.451291,45.973275],[13.451478,45.973269],[13.451579,45.973244],[13.451681,45.973185],[13.451748,45.97312],[13.452041,45.972709],[13.45203,45.972686],[13.451088,45.972321],[13.45062,45.9722],[13.449937,45.97197],[13.448877,45.971579],[13.447536,45.971118],[13.447359,45.971005],[13.446527,45.970737],[13.446145,45.970597],[13.445626,45.970362],[13.445292,45.970153],[13.445174,45.970006],[13.445652,45.970323],[13.446372,45.970626],[13.447447,45.971003],[13.447547,45.971081],[13.450611,45.972155],[13.451131,45.972263],[13.452296,45.972688],[13.452524,45.972461],[13.452561,45.972448],[13.452559,45.972428],[13.452986,45.971974],[13.452979,45.971949],[13.452737,45.971829],[13.452994,45.97151],[13.453633,45.970977],[13.453731,45.970832],[13.455601,45.971668],[13.456075,45.971848],[13.456275,45.971561],[13.456817,45.971749],[13.456851,45.97174],[13.457806,45.970209],[13.459742,45.970903],[13.459978,45.970965],[13.459913,45.971242],[13.460006,45.971719],[13.460005,45.971901],[13.459943,45.972177],[13.459779,45.972465],[13.459586,45.972701],[13.459037,45.97316],[13.459316,45.973317],[13.459088,45.973595],[13.459096,45.973619],[13.459133,45.973629],[13.459223,45.973526],[13.45928,45.973523],[13.459413,45.973368],[13.46,45.973667],[13.459298,45.974306],[13.459187,45.974431],[13.459192,45.974454],[13.459285,45.974515],[13.459377,45.974864],[13.459306,45.974827],[13.459222,45.974549],[13.459195,45.974527],[13.45837,45.974746],[13.458379,45.974771],[13.458582,45.974858],[13.458377,45.975078],[13.458348,45.975211],[13.458246,45.975408],[13.458258,45.97543],[13.458335,45.975459],[13.458254,45.975609],[13.458346,45.975648],[13.458358,45.975726],[13.45849,45.975728],[13.458538,45.975746],[13.458545,45.975785],[13.458338,45.97579],[13.458124,45.975822],[13.458121,45.975862],[13.458243,45.975863],[13.458051,45.976183],[13.457967,45.976164],[13.457932,45.976176],[13.457861,45.976364],[13.457955,45.97666],[13.457888,45.977306],[13.457903,45.977434],[13.458455,45.97776],[13.458535,45.977844],[13.458873,45.977998],[13.458865,45.978063],[13.458564,45.977963],[13.458508,45.977919],[13.458476,45.977915],[13.458335,45.978144],[13.458005,45.97832],[13.457882,45.978413],[13.457693,45.978488],[13.457321,45.97857],[13.457064,45.978676],[13.456831,45.978837],[13.456771,45.978962],[13.456853,45.979279],[13.457227,45.979668],[13.457076,45.979775],[13.457098,45.979824],[13.457013,45.979925],[13.456777,45.980118],[13.456607,45.980179],[13.456337,45.980137],[13.456147,45.980127],[13.455814,45.980485],[13.455693,45.980475],[13.455391,45.980336],[13.455302,45.980335],[13.45506,45.980261],[13.45492,45.980142],[13.454753,45.980101],[13.454342,45.979951],[13.454158,45.979908],[13.45392,45.979887],[13.453909,45.979751],[13.453868,45.979733],[13.453857,45.979686],[13.453754,45.979681],[13.453718,45.979638],[13.453656,45.979623],[13.453511,45.979655],[13.453366,45.979776],[13.453129,45.979882],[13.452368,45.980405],[13.452306,45.980344],[13.450439,45.979571],[13.45034,45.97944],[13.450134,45.978954],[13.450057,45.978709],[13.44981,45.978367],[13.449326,45.977768],[13.449202,45.977714],[13.447887,45.977649],[13.446945,45.977549],[13.446185,45.977426],[13.445849,45.977306],[13.44504,45.977066],[13.443619,45.976579],[13.442828,45.976213],[13.442301,45.976016],[13.441924,45.97594],[13.441646,45.975783],[13.440883,45.975293],[13.440099,45.974847]]],[[[13.460949,45.968343],[13.460756,45.968502],[13.460436,45.968938],[13.460412,45.969011],[13.46006,45.969447],[13.459886,45.969753],[13.459515,45.970251],[13.459521,45.970273],[13.459548,45.970281],[13.459458,45.970422],[13.459371,45.970503],[13.459296,45.970517],[13.459165,45.970509],[13.457205,45.969782],[13.457517,45.969304],[13.457992,45.968688],[13.458374,45.968113],[13.458375,45.967903],[13.458468,45.967562],[13.458524,45.967262],[13.459615,45.967702],[13.460178,45.967961],[13.460949,45.968343]]]]},"properties":{"prov":"GO","comune_amm":"D014","comune_descr":"CORMONS","fascia":"D","zona":"D1","zona_descr":"FRAZIONI BRAZZANO E GIASSICO","microzona":1,"semestre":"2025/1"}},{"type":"Feature","geometry":{"type":"MultiPolygon","coordinates":[[[[13.438006,45.930786],[13.437647,45.931262],[13.437633,45.931449],[13.437649,45.931528],[13.437681,45.931562],[13.437599,45.931571],[13.437586,45.93163],[13.436891,45.931642],[13.43616,45.931595],[13.436045,45.93155],[13.435937,45.931535],[13.435568,45.931335],[13.434533,45.930902],[13.434581,45.930482],[13.435588,45.930982],[13.435587,45.931174],[13.436043,45.931185],[13.436032,45.931396],[13.436056,45.931414],[13.437814,45.930757],[13.437829,45.930554],[13.438006,45.930786]]],[[[13.44175,45.93481],[13.441304,45.935303],[13.441264,45.935268],[13.441184,45.935239],[13.440919,45.935094],[13.440538,45.934939],[13.440342,45.934998],[13.440294,45.934979],[13.439944,45.935108],[13.437692,45.934333],[13.437039,45.935348],[13.437668,45.934337],[13.437751,45.934172],[13.437738,45.934149],[13.436516,45.933731],[13.437073,45.932876],[13.437117,45.932866],[13.437409,45.932451],[13.437083,45.931807],[13.437176,45.931788],[13.437218,45.931747],[13.437864,45.931658],[13.438598,45.931625],[13.43821,45.932939],[13.43831,45.933012],[13.438248,45.933035],[13.438236,45.933056],[13.440491,45.934112],[13.440382,45.934233],[13.44039,45.934259],[13.441089,45.934529],[13.44175,45.93481]]],[[[13.452966,45.928092],[13.452932,45.928376],[13.452731,45.929317],[13.452568,45.929886],[13.452245,45.930823],[13.452019,45.931405],[13.451671,45.932177],[13.451087,45.933246],[13.450446,45.934247],[13.449994,45.934915],[13.449906,45.934735],[13.449671,45.934584],[13.446881,45.933587],[13.446901,45.93353],[13.446608,45.93331],[13.446555,45.933317],[13.446536,45.933339],[13.4466,45.933505],[13.444567,45.932758],[13.444535,45.932762],[13.44387,45.933301],[13.443373,45.933784],[13.443356,45.933828],[13.44308,45.934058],[13.442654,45.934355],[13.442194,45.934773],[13.441677,45.934543],[13.440831,45.934207],[13.440922,45.93411],[13.440915,45.934085],[13.438499,45.932957],[13.43889,45.931648],[13.438887,45.931598],[13.438862,45.931582],[13.437968,45.931569],[13.437936,45.931539],[13.437918,45.931452],[13.437929,45.931268],[13.438286,45.930788],[13.438111,45.930551],[13.4381,45.930057],[13.438948,45.930149],[13.43896,45.929381],[13.439897,45.929457],[13.439924,45.929446],[13.439844,45.929212],[13.439676,45.929098],[13.439642,45.928964],[13.43927,45.928363],[13.441424,45.928555],[13.44155,45.928581],[13.44158,45.92857],[13.441779,45.928217],[13.443272,45.928653],[13.443322,45.928983],[13.443529,45.929368],[13.44485,45.929703],[13.44527,45.929777],[13.445342,45.929778],[13.445367,45.929759],[13.445353,45.92965],[13.446068,45.928302],[13.446873,45.928494],[13.447964,45.92891],[13.448157,45.928652],[13.448474,45.928354],[13.448608,45.928099],[13.448723,45.927925],[13.448954,45.92767],[13.449146,45.927646],[13.449386,45.927663],[13.449548,45.927587],[13.449969,45.927026],[13.450112,45.926779],[13.450252,45.926429],[13.450333,45.926295],[13.450363,45.926308],[13.45026,45.926523],[13.450167,45.926798],[13.450058,45.926981],[13.450067,45.927003],[13.450298,45.92706],[13.451178,45.927398],[13.451812,45.927613],[13.452344,45.927817],[13.452966,45.928092]]]]},"properties":{"prov":"GO","comune_amm":"D014","comune_descr":"CORMONS","fascia":"E","zona":"E1","zona_descr":"FRAZIONE BORGNANO","microzona":1,"semestre":"2025/1"}},{"type":"Feature","geometry":{"type":"Polygon","coordinates":[[[13.419199,45.941041],[13.419381,45.939776],[13.41961,45.939204],[13.419978,45.938848],[13.419986,45.938738],[13.420049,45.93873],[13.420188,45.938444],[13.42026,45.93811],[13.420144,45.938022],[13.419936,45.937762],[13.419876,45.937538],[13.419899,45.937487],[13.41988,45.937291],[13.419977,45.936594],[13.420244,45.936084],[13.420639,45.935601],[13.421257,45.935403],[13.421303,45.935353],[13.421686,45.93527],[13.421888,45.935276],[13.422292,45.935091],[13.422507,45.93474],[13.42265,45.934226],[13.422712,45.934073],[13.42297,45.933734],[13.422938,45.933287],[13.42243,45.932325],[13.422298,45.932238],[13.421898,45.932054],[13.421524,45.932065],[13.420877,45.932272],[13.420906,45.931357],[13.420974,45.931018],[13.420983,45.930807],[13.420973,45.930575],[13.420902,45.930359],[13.421032,45.929908],[13.421603,45.930236],[13.421899,45.930377],[13.422598,45.929717],[13.42268,45.929747],[13.422703,45.929732],[13.421897,45.928848],[13.42208,45.928817],[13.422467,45.929187],[13.422773,45.929032],[13.423278,45.929505],[13.423974,45.930092],[13.424009,45.930095],[13.424451,45.929888],[13.425075,45.930403],[13.425745,45.929944],[13.425858,45.929883],[13.425993,45.929861],[13.426717,45.92947],[13.426707,45.929451],[13.426067,45.929152],[13.426365,45.928665],[13.427244,45.929012],[13.427622,45.928499],[13.427765,45.928398],[13.428068,45.928282],[13.428779,45.928058],[13.431286,45.927301],[13.432147,45.92739],[13.434242,45.927841],[13.434575,45.927893],[13.436433,45.92813],[13.438992,45.928364],[13.439355,45.928963],[13.439396,45.929099],[13.439558,45.929213],[13.43965,45.929462],[13.438687,45.92939],[13.438672,45.930157],[13.43783,45.930061],[13.437826,45.930753],[13.436091,45.931402],[13.436069,45.931557],[13.43616,45.931595],[13.436352,45.931615],[13.43689,45.931641],[13.437566,45.93163],[13.437591,45.931612],[13.437598,45.931566],[13.438598,45.931581],[13.438594,45.931626],[13.437864,45.931658],[13.437228,45.931746],[13.437182,45.931787],[13.437091,45.93181],[13.437411,45.932448],[13.437105,45.932882],[13.437063,45.932891],[13.436523,45.933715],[13.436535,45.93374],[13.437765,45.934158],[13.4378,45.934149],[13.437935,45.933937],[13.437734,45.934337],[13.437747,45.93436],[13.439932,45.935104],[13.440313,45.934973],[13.44036,45.934992],[13.440538,45.934938],[13.440919,45.935094],[13.441182,45.935237],[13.441266,45.935269],[13.441297,45.935311],[13.44106,45.935751],[13.440476,45.936984],[13.440263,45.937305],[13.440144,45.937543],[13.439792,45.938413],[13.439858,45.939109],[13.440079,45.940085],[13.440245,45.940369],[13.440405,45.940694],[13.440479,45.940919],[13.440493,45.941031],[13.440606,45.941098],[13.441093,45.941506],[13.441445,45.94172],[13.442502,45.942168],[13.443239,45.942449],[13.444435,45.942829],[13.443163,45.944809],[13.442894,45.945185],[13.442842,45.945384],[13.442831,45.945717],[13.442563,45.946227],[13.442391,45.946614],[13.442354,45.946748],[13.442333,45.946964],[13.442296,45.947007],[13.442128,45.947454],[13.44212,45.947758],[13.442059,45.948384],[13.441961,45.949035],[13.442178,45.949212],[13.442382,45.949337],[13.442418,45.949334],[13.442415,45.949309],[13.442138,45.949099],[13.44224,45.948439],[13.442302,45.947808],[13.44231,45.947503],[13.442481,45.947049],[13.442519,45.947007],[13.442541,45.94679],[13.44258,45.946655],[13.442753,45.946268],[13.443022,45.945758],[13.443036,45.945416],[13.443139,45.945026],[13.443877,45.943934],[13.444615,45.942778],[13.443645,45.942458],[13.442289,45.941916],[13.441879,45.941717],[13.441537,45.941511],[13.440934,45.941013],[13.440921,45.940905],[13.440848,45.940685],[13.440689,45.94036],[13.440524,45.940081],[13.440302,45.939111],[13.440235,45.938421],[13.44058,45.937561],[13.440699,45.937323],[13.44091,45.937004],[13.441485,45.935782],[13.441758,45.935289],[13.442164,45.934843],[13.442624,45.934424],[13.443049,45.934128],[13.443322,45.933902],[13.443339,45.933857],[13.44384,45.93337],[13.444422,45.932898],[13.444492,45.932824],[13.446498,45.933545],[13.446517,45.933547],[13.446534,45.933524],[13.446473,45.933388],[13.446552,45.933372],[13.446849,45.933599],[13.446827,45.933629],[13.446837,45.933655],[13.449573,45.934636],[13.449805,45.934787],[13.449907,45.934968],[13.450061,45.934992],[13.450151,45.934963],[13.450133,45.934939],[13.449995,45.934914],[13.450446,45.934247],[13.451087,45.933246],[13.451671,45.932178],[13.452019,45.931405],[13.452245,45.930823],[13.452568,45.929887],[13.452731,45.929317],[13.452932,45.928376],[13.452965,45.928101],[13.452345,45.927817],[13.451812,45.927613],[13.451178,45.927398],[13.450299,45.927061],[13.450108,45.927007],[13.450043,45.927007],[13.450167,45.926797],[13.45026,45.926523],[13.450357,45.926319],[13.450336,45.92629],[13.450964,45.925666],[13.45126,45.925442],[13.45138,45.925483],[13.451415,45.925476],[13.451852,45.924959],[13.452251,45.924572],[13.452444,45.924189],[13.452528,45.924077],[13.452752,45.923938],[13.453198,45.923791],[13.453525,45.923718],[13.453734,45.92371],[13.454366,45.923789],[13.454395,45.923779],[13.45479,45.923223],[13.455564,45.922008],[13.455775,45.921738],[13.456249,45.921196],[13.456736,45.921399],[13.457131,45.921521],[13.45738,45.921616],[13.457719,45.921632],[13.457978,45.921681],[13.45821,45.921817],[13.458271,45.921977],[13.458278,45.922056],[13.458258,45.922097],[13.458143,45.922186],[13.457909,45.922287],[13.457849,45.922377],[13.457801,45.922548],[13.458129,45.923124],[13.458257,45.923134],[13.458365,45.923119],[13.458446,45.923062],[13.458507,45.922985],[13.458546,45.922878],[13.45864,45.922834],[13.458879,45.922917],[13.458958,45.922929],[13.459456,45.922955],[13.45983,45.922923],[13.45996,45.922953],[13.460054,45.922999],[13.460088,45.923051],[13.46009,45.9231],[13.459864,45.923171],[13.459454,45.923269],[13.459358,45.923331],[13.459337,45.923367],[13.459344,45.923424],[13.45941,45.923464],[13.459762,45.923464],[13.459895,45.923488],[13.459955,45.923524],[13.459912,45.923587],[13.459714,45.923713],[13.459612,45.923815],[13.459573,45.923936],[13.459588,45.924035],[13.459704,45.924323],[13.459814,45.924434],[13.459915,45.924448],[13.460084,45.924445],[13.460221,45.924418],[13.46065,45.92429],[13.460732,45.924209],[13.460772,45.923987],[13.460758,45.923959],[13.46068,45.923915],[13.460357,45.923872],[13.460266,45.92381],[13.460241,45.92358],[13.460354,45.923471],[13.460562,45.923425],[13.461033,45.923364],[13.461352,45.923377],[13.461495,45.923415],[13.461654,45.923481],[13.461725,45.923526],[13.46184,45.92355],[13.462001,45.923626],[13.462077,45.923736],[13.462098,45.923871],[13.462299,45.923979],[13.46253,45.924027],[13.462674,45.923953],[13.462856,45.923707],[13.462948,45.923688],[13.463104,45.92373],[13.463218,45.923822],[13.463295,45.92385],[13.463568,45.924131],[13.463648,45.924156],[13.46375,45.92416],[13.46392,45.924222],[13.463977,45.924301],[13.464079,45.924387],[13.464266,45.924436],[13.464365,45.924488],[13.464377,45.924575],[13.464256,45.924794],[13.464299,45.924835],[13.464627,45.924904],[13.46476,45.925003],[13.464829,45.925146],[13.464927,45.92523],[13.465023,45.925239],[13.465071,45.925226],[13.465125,45.925167],[13.465121,45.925137],[13.465045,45.925064],[13.46502,45.925003],[13.464961,45.924957],[13.46497,45.924896],[13.465367,45.924646],[13.465481,45.924621],[13.465622,45.924674],[13.465675,45.924729],[13.465677,45.924832],[13.465586,45.925091],[13.465611,45.925131],[13.465709,45.925161],[13.465918,45.925168],[13.46604,45.925197],[13.466164,45.925248],[13.466289,45.925347],[13.466375,45.925381],[13.466557,45.925317],[13.466639,45.925311],[13.466958,45.925382],[13.467327,45.92562],[13.467453,45.925678],[13.467568,45.92569],[13.467711,45.925738],[13.467754,45.925759],[13.467923,45.925915],[13.468018,45.925932],[13.468385,45.925742],[13.468722,45.925756],[13.468794,45.925732],[13.46885,45.925616],[13.468838,45.92554],[13.468617,45.925282],[13.46863,45.92522],[13.468664,45.925213],[13.468772,45.925239],[13.468861,45.925287],[13.469076,45.925356],[13.469149,45.925354],[13.469185,45.925333],[13.469173,45.925296],[13.468997,45.925173],[13.46898,45.925115],[13.469004,45.925077],[13.469081,45.925056],[13.469255,45.92506],[13.469518,45.924977],[13.469694,45.924893],[13.469889,45.924849],[13.470034,45.924784],[13.470121,45.924765],[13.470187,45.924771],[13.470505,45.924938],[13.47061,45.924952],[13.470935,45.924699],[13.471132,45.924618],[13.471308,45.924605],[13.471374,45.924633],[13.471408,45.924707],[13.471354,45.924795],[13.471176,45.925001],[13.47115,45.925121],[13.471244,45.925172],[13.471482,45.925187],[13.471724,45.925243],[13.471771,45.925272],[13.471895,45.925499],[13.471934,45.925532],[13.47203,45.92555],[13.47213,45.925514],[13.472208,45.92536],[13.472278,45.925276],[13.472289,45.925189],[13.472247,45.925121],[13.472131,45.925002],[13.472134,45.924931],[13.472236,45.924847],[13.472433,45.924848],[13.472474,45.924884],[13.472481,45.925033],[13.472515,45.925163],[13.472614,45.925254],[13.472731,45.925339],[13.472957,45.925427],[13.473123,45.925518],[13.473263,45.925643],[13.473712,45.925945],[13.473844,45.926008],[13.474042,45.926074],[13.474124,45.926086],[13.474279,45.926075],[13.474409,45.926112],[13.474905,45.926379],[13.475038,45.926422],[13.475325,45.926568],[13.47563,45.926758],[13.475874,45.926839],[13.47614,45.926898],[13.476235,45.926906],[13.476365,45.927163],[13.476523,45.927364],[13.476619,45.927537],[13.474491,45.930331],[13.473589,45.931483],[13.472177,45.930957],[13.472027,45.930854],[13.471758,45.930722],[13.471721,45.930729],[13.471706,45.930759],[13.471917,45.930868],[13.472065,45.930971],[13.473449,45.931496],[13.474452,45.931766],[13.475153,45.932172],[13.475265,45.93221],[13.474752,45.932685],[13.474758,45.932711],[13.476652,45.933702],[13.477141,45.934182],[13.477533,45.934474],[13.478192,45.934884],[13.478218,45.934869],[13.478293,45.934752],[13.478287,45.934733],[13.477811,45.934442],[13.477415,45.934152],[13.476925,45.933675],[13.475013,45.932686],[13.475521,45.932209],[13.475512,45.932182],[13.475419,45.932151],[13.474687,45.931764],[13.473697,45.931513],[13.476718,45.927528],[13.476624,45.927351],[13.476466,45.927149],[13.476335,45.92689],[13.476695,45.926897],[13.476834,45.926942],[13.477128,45.92713],[13.477327,45.92721],[13.477709,45.927146],[13.478079,45.92711],[13.478164,45.927143],[13.478385,45.927613],[13.478472,45.927672],[13.478792,45.927782],[13.478848,45.927825],[13.479055,45.928096],[13.479143,45.928128],[13.479239,45.928136],[13.479419,45.928104],[13.479514,45.928063],[13.479627,45.92804],[13.479723,45.928061],[13.4798,45.928116],[13.479959,45.928327],[13.479977,45.9284],[13.479837,45.928706],[13.479878,45.928852],[13.479927,45.928936],[13.480043,45.929063],[13.480269,45.929194],[13.480482,45.929196],[13.480536,45.929151],[13.480549,45.929083],[13.480525,45.929004],[13.480329,45.928666],[13.480311,45.928434],[13.480333,45.928344],[13.480378,45.928275],[13.480579,45.928178],[13.480708,45.928138],[13.480887,45.928162],[13.481042,45.928262],[13.481079,45.928305],[13.481086,45.92834],[13.480981,45.928614],[13.480971,45.928768],[13.480986,45.92884],[13.481035,45.928896],[13.481472,45.928969],[13.481552,45.928944],[13.481587,45.928893],[13.481615,45.928588],[13.481663,45.928524],[13.481762,45.928493],[13.481845,45.928496],[13.481914,45.92853],[13.482071,45.928685],[13.482098,45.92876],[13.482024,45.928971],[13.482078,45.929067],[13.482252,45.929104],[13.482328,45.929098],[13.482462,45.929041],[13.482831,45.928745],[13.482954,45.928728],[13.483164,45.92876],[13.483458,45.928826],[13.483812,45.928933],[13.48423,45.92902],[13.484363,45.92918],[13.48454,45.929141],[13.484717,45.929157],[13.484917,45.929226],[13.485054,45.929253],[13.485851,45.929512],[13.486054,45.929636],[13.486328,45.929727],[13.486496,45.929735],[13.486552,45.929713],[13.486608,45.929655],[13.486587,45.929555],[13.486446,45.929288],[13.48643,45.929221],[13.486463,45.929107],[13.486552,45.929013],[13.486643,45.928965],[13.486799,45.928937],[13.486932,45.928964],[13.487053,45.92908],[13.487337,45.929465],[13.487497,45.929807],[13.487529,45.930029],[13.487591,45.930176],[13.487798,45.930385],[13.487865,45.93049],[13.487973,45.930755],[13.488086,45.930882],[13.488406,45.931103],[13.488412,45.93113],[13.488341,45.931203],[13.487976,45.931358],[13.487901,45.931407],[13.487858,45.931478],[13.488002,45.931672],[13.487982,45.931869],[13.488169,45.932114],[13.488263,45.932389],[13.488336,45.932465],[13.488556,45.932516],[13.488663,45.932521],[13.48877,45.932554],[13.488898,45.932771],[13.488972,45.932803],[13.489079,45.93276],[13.489188,45.932583],[13.489328,45.932512],[13.489446,45.932502],[13.489643,45.932528],[13.489785,45.932591],[13.489858,45.932661],[13.489885,45.932817],[13.489927,45.93287],[13.490045,45.932924],[13.490259,45.932921],[13.490331,45.932941],[13.490561,45.933141],[13.490634,45.933234],[13.490706,45.933408],[13.490663,45.933632],[13.4908,45.933832],[13.490802,45.933896],[13.490757,45.933954],[13.490657,45.933976],[13.490296,45.933934],[13.489957,45.933914],[13.489891,45.933789],[13.489726,45.933824],[13.48971,45.933846],[13.489759,45.933963],[13.489555,45.933964],[13.48937,45.934034],[13.489281,45.934097],[13.489105,45.934349],[13.488988,45.934679],[13.488997,45.93473],[13.489061,45.934755],[13.489407,45.934746],[13.489596,45.934793],[13.489791,45.934894],[13.489949,45.935015],[13.489963,45.935112],[13.489798,45.935429],[13.489832,45.935518],[13.489875,45.935566],[13.490408,45.935617],[13.490904,45.935712],[13.49104,45.935764],[13.49112,45.935813],[13.491211,45.936018],[13.491308,45.936151],[13.491597,45.936427],[13.491668,45.936461],[13.49175,45.936451],[13.492073,45.936315],[13.492156,45.936299],[13.492614,45.936408],[13.492836,45.936502],[13.493298,45.936795],[13.493493,45.936945],[13.493551,45.93705],[13.49366,45.937553],[13.493686,45.9376],[13.49378,45.937674],[13.494128,45.937854],[13.493932,45.938028],[13.493813,45.938096],[13.493466,45.938206],[13.493263,45.938309],[13.493147,45.938421],[13.493049,45.938706],[13.493062,45.938802],[13.493197,45.938909],[13.493197,45.939124],[13.493156,45.939175],[13.493157,45.939217],[13.493176,45.939233],[13.493399,45.939269],[13.493659,45.939334],[13.49386,45.939461],[13.49405,45.939682],[13.494067,45.939731],[13.493622,45.940063],[13.493619,45.940084],[13.493687,45.94017],[13.493722,45.940177],[13.49373,45.940141],[13.4939,45.940077],[13.494,45.940082],[13.494097,45.940113],[13.494229,45.940232],[13.494356,45.940404],[13.494448,45.940473],[13.494617,45.940574],[13.494827,45.940637],[13.495062,45.940752],[13.495236,45.940896],[13.495468,45.941137],[13.495769,45.941369],[13.495786,45.941436],[13.495723,45.941537],[13.495229,45.941839],[13.495169,45.941941],[13.495159,45.94204],[13.495272,45.942097],[13.495511,45.942127],[13.495919,45.942213],[13.496078,45.942263],[13.496404,45.942334],[13.496477,45.942374],[13.496316,45.942517],[13.496318,45.942558],[13.496288,45.942592],[13.496397,45.942893],[13.496624,45.943096],[13.496686,45.94324],[13.496689,45.943335],[13.496607,45.943542],[13.496638,45.943786],[13.496739,45.943947],[13.496961,45.944681],[13.496736,45.94499],[13.496672,45.945142],[13.496672,45.945414],[13.496599,45.945644],[13.496584,45.945867],[13.496502,45.946027],[13.496311,45.946782],[13.496378,45.946884],[13.496382,45.946939],[13.496374,45.94699],[13.496261,45.947143],[13.496234,45.947234],[13.496224,45.947354],[13.496258,45.947509],[13.496224,45.947561],[13.496153,45.947607],[13.495917,45.94759],[13.495626,45.947611],[13.495493,45.947604],[13.495159,45.947718],[13.49509,45.947852],[13.495003,45.947924],[13.494867,45.948863],[13.494862,45.949044],[13.495062,45.94931],[13.495143,45.949364],[13.49531,45.949363],[13.495522,45.949313],[13.495614,45.949335],[13.495782,45.949636],[13.496062,45.949961],[13.496528,45.950199],[13.496555,45.950359],[13.495766,45.950056],[13.495643,45.950077],[13.49543,45.950295],[13.495302,45.95053],[13.495135,45.95065],[13.494945,45.951024],[13.494999,45.951126],[13.495019,45.951345],[13.494775,45.951773],[13.494419,45.952125],[13.494294,45.952312],[13.493883,45.952571],[13.493709,45.952658],[13.493252,45.952794],[13.49316,45.952799],[13.493027,45.95274],[13.492793,45.952676],[13.492627,45.952678],[13.49241,45.952643],[13.492154,45.952716],[13.492018,45.95278],[13.491803,45.952972],[13.491779,45.953056],[13.491688,45.95318],[13.491411,45.95336],[13.491001,45.953659],[13.49077,45.953749],[13.490632,45.953733],[13.490204,45.953726],[13.489965,45.95366],[13.48921,45.953509],[13.489119,45.952867],[13.48942,45.952106],[13.489545,45.951886],[13.489531,45.951707],[13.489448,45.951549],[13.489362,45.951434],[13.488809,45.950871],[13.488567,45.950652],[13.488382,45.950535],[13.487493,45.950096],[13.486802,45.949848],[13.486774,45.949531],[13.486849,45.948104],[13.486823,45.948083],[13.486828,45.948051],[13.486954,45.947854],[13.487252,45.947493],[13.487271,45.947389],[13.487245,45.947302],[13.48719,45.947238],[13.487179,45.947135],[13.487288,45.946991],[13.487302,45.946876],[13.487225,45.946449],[13.487289,45.946199],[13.487078,45.946016],[13.486959,45.945818],[13.486763,45.94586],[13.486864,45.94603],[13.487078,45.946222],[13.487006,45.946459],[13.487082,45.946886],[13.487068,45.947],[13.486957,45.947148],[13.486972,45.947253],[13.487024,45.947314],[13.487048,45.947394],[13.487027,45.947505],[13.48673,45.947862],[13.486599,45.948079],[13.486624,45.948103],[13.486542,45.949527],[13.486569,45.949846],[13.487134,45.950057],[13.487142,45.950094],[13.488177,45.950592],[13.488281,45.95067],[13.489056,45.951463],[13.489141,45.951579],[13.489223,45.951739],[13.489234,45.951916],[13.489109,45.952134],[13.488804,45.952893],[13.488893,45.953535],[13.489647,45.95369],[13.489877,45.953756],[13.490311,45.953766],[13.490302,45.953856],[13.490322,45.953874],[13.490486,45.953904],[13.490803,45.953998],[13.491031,45.954008],[13.491349,45.953986],[13.491525,45.954084],[13.491766,45.954324],[13.492227,45.954586],[13.492449,45.954809],[13.492423,45.954985],[13.492491,45.955033],[13.492649,45.955096],[13.492766,45.955179],[13.493107,45.955307],[13.493326,45.955326],[13.493356,45.955344],[13.493922,45.955356],[13.494163,45.955345],[13.49458,45.955368],[13.494595,45.955382],[13.493462,45.957171],[13.493547,45.957367],[13.493539,45.957549],[13.493271,45.957839],[13.493197,45.958057],[13.493167,45.958258],[13.492956,45.958369],[13.492617,45.958479],[13.492125,45.958598],[13.492109,45.958619],[13.492258,45.958689],[13.492286,45.958688],[13.492385,45.958643],[13.492887,45.958524],[13.493214,45.95842],[13.493452,45.958301],[13.49349,45.958099],[13.493568,45.957862],[13.49384,45.957562],[13.493842,45.957394],[13.49375,45.957181],[13.494887,45.955388],[13.494883,45.955365],[13.495222,45.955327],[13.495674,45.955361],[13.496497,45.955308],[13.497351,45.955417],[13.498264,45.955633],[13.49899,45.955877],[13.499193,45.955984],[13.499878,45.956187],[13.499994,45.956289],[13.499976,45.956403],[13.500071,45.956455],[13.500186,45.956489],[13.500376,45.956487],[13.500598,45.956452],[13.500945,45.956434],[13.501145,45.956379],[13.501706,45.956334],[13.502209,45.956042],[13.502305,45.955958],[13.502615,45.955805],[13.502765,45.95578],[13.502895,45.955831],[13.502862,45.955885],[13.502883,45.9559],[13.503262,45.955947],[13.503408,45.955932],[13.503624,45.955861],[13.503917,45.955865],[13.504394,45.955931],[13.504662,45.955931],[13.504859,45.956251],[13.50482,45.956382],[13.504952,45.956591],[13.504974,45.956973],[13.505044,45.957082],[13.505153,45.957561],[13.505181,45.957576],[13.505456,45.957551],[13.505382,45.957657],[13.505258,45.957724],[13.505189,45.9578],[13.505135,45.957919],[13.505366,45.958141],[13.505407,45.958483],[13.505428,45.958952],[13.505455,45.958959],[13.505627,45.958925],[13.506097,45.958786],[13.506349,45.958766],[13.506366,45.958897],[13.506322,45.959095],[13.506661,45.959443],[13.506637,45.959571],[13.506825,45.959829],[13.506872,45.959946],[13.506886,45.960124],[13.50695,45.960177],[13.507036,45.960181],[13.507287,45.960258],[13.50741,45.96034],[13.507598,45.960328],[13.507879,45.96022],[13.508577,45.960252],[13.508763,45.960364],[13.509518,45.960637],[13.50978,45.960795],[13.510046,45.961077],[13.509119,45.962013],[13.509124,45.962038],[13.509193,45.962065],[13.50923,45.962061],[13.510206,45.961067],[13.510251,45.961119],[13.510246,45.961149],[13.510328,45.961221],[13.51081,45.961494],[13.511016,45.961559],[13.511163,45.961663],[13.511245,45.961918],[13.511514,45.962057],[13.511637,45.962153],[13.51185,45.962189],[13.512006,45.962191],[13.512133,45.962129],[13.512471,45.962099],[13.512702,45.962049],[13.512856,45.962042],[13.512959,45.962086],[13.513029,45.962136],[13.513235,45.962159],[13.513514,45.962069],[13.513901,45.961912],[13.513959,45.962018],[13.5142,45.9622],[13.514548,45.96237],[13.514783,45.962465],[13.514952,45.962479],[13.515035,45.962543],[13.515227,45.96262],[13.515389,45.96264],[13.515569,45.962531],[13.5159,45.962541],[13.51623,45.962474],[13.516349,45.962484],[13.516412,45.962474],[13.516573,45.962363],[13.516779,45.962311],[13.51706,45.962147],[13.517431,45.962172],[13.517466,45.962312],[13.517506,45.962369],[13.517665,45.9625],[13.517702,45.962561],[13.517739,45.962586],[13.518048,45.962654],[13.518372,45.9628],[13.518561,45.962821],[13.518923,45.963147],[13.518922,45.963187],[13.518819,45.96327],[13.518761,45.96329],[13.51864,45.963242],[13.518557,45.963243],[13.518492,45.963364],[13.518499,45.963406],[13.51856,45.963442],[13.518749,45.963642],[13.518884,45.963665],[13.519213,45.963817],[13.519355,45.963912],[13.519573,45.964003],[13.519739,45.964186],[13.519755,45.964329],[13.519794,45.964371],[13.519891,45.964428],[13.519064,45.96832],[13.519085,45.968341],[13.519585,45.968389],[13.519385,45.968621],[13.519362,45.968788],[13.519352,45.969188],[13.518963,45.96934],[13.518735,45.969464],[13.518731,45.969489],[13.518834,45.969596],[13.51887,45.9696],[13.51966,45.969216],[13.519715,45.969145],[13.519673,45.969066],[13.519948,45.968414],[13.519928,45.968392],[13.519476,45.968328],[13.519689,45.967452],[13.519815,45.966764],[13.520295,45.964519],[13.520602,45.964719],[13.521619,45.965282],[13.521794,45.965404],[13.521977,45.965599],[13.522046,45.965708],[13.522091,45.965846],[13.522075,45.965998],[13.522034,45.966072],[13.522006,45.966214],[13.522027,45.966311],[13.522182,45.966707],[13.522189,45.966965],[13.522228,45.96707],[13.522433,45.96725],[13.522519,45.967292],[13.522637,45.967392],[13.522926,45.967558],[13.52338,45.967734],[13.52339,45.967786],[13.52358,45.967919],[13.523632,45.968009],[13.523722,45.968083],[13.523764,45.968159],[13.52378,45.968275],[13.523983,45.968555],[13.524191,45.968711],[13.524514,45.968867],[13.52469,45.968894],[13.524765,45.96894],[13.524838,45.969017],[13.525002,45.969086],[13.525286,45.969255],[13.525407,45.969284],[13.525486,45.969322],[13.525537,45.969417],[13.525725,45.969562],[13.526017,45.969884],[13.526105,45.969918],[13.526219,45.969991],[13.526335,45.970152],[13.526576,45.970384],[13.52665,45.970487],[13.526698,45.970638],[13.526608,45.970933],[13.526554,45.970995],[13.526402,45.971065],[13.526263,45.971174],[13.526105,45.971397],[13.526157,45.971502],[13.526199,45.971663],[13.526158,45.971769],[13.526064,45.971857],[13.526118,45.971983],[13.526251,45.972173],[13.526339,45.972195],[13.52642,45.97224],[13.526531,45.972495],[13.526657,45.97267],[13.526587,45.972949],[13.525996,45.973228],[13.525534,45.973401],[13.525203,45.973404],[13.525012,45.973282],[13.524394,45.973197],[13.52343,45.973183],[13.522797,45.973096],[13.522479,45.97303],[13.52225,45.973038],[13.521585,45.97315],[13.520321,45.973896],[13.519075,45.974451],[13.518589,45.974702],[13.518414,45.974818],[13.517832,45.974966],[13.517816,45.974981],[13.517799,45.975134],[13.517666,45.975404],[13.517694,45.975544],[13.517561,45.975752],[13.517519,45.975968],[13.517332,45.976175],[13.517149,45.976454],[13.51703,45.976693],[13.516769,45.97682],[13.516455,45.97718],[13.516211,45.977425],[13.516058,45.977751],[13.515775,45.97805],[13.515634,45.978333],[13.515477,45.978496],[13.515202,45.978719],[13.514782,45.978989],[13.514578,45.979172],[13.513976,45.979589],[13.5137,45.979752],[13.513371,45.979848],[13.513204,45.979844],[13.513027,45.979894],[13.512779,45.979921],[13.512697,45.980034],[13.512695,45.980148],[13.512632,45.980156],[13.512079,45.980098],[13.511655,45.979998],[13.511442,45.980082],[13.510775,45.980055],[13.509756,45.979873],[13.5096,45.979652],[13.508658,45.979582],[13.508446,45.979631],[13.508487,45.979792],[13.508089,45.979887],[13.507837,45.980075],[13.50735,45.980126],[13.506751,45.98033],[13.505771,45.980563],[13.505354,45.980503],[13.504947,45.980467],[13.504615,45.980468],[13.503935,45.980246],[13.503264,45.980385],[13.502273,45.980312],[13.501979,45.980327],[13.501768,45.980361],[13.501623,45.980441],[13.501471,45.980579],[13.501104,45.98103],[13.500858,45.981208],[13.500386,45.981699],[13.50018,45.981634],[13.499904,45.981504],[13.499434,45.981153],[13.499172,45.980979],[13.498776,45.98088],[13.498519,45.98078],[13.498485,45.980781],[13.498278,45.980656],[13.49781,45.98048],[13.497689,45.980302],[13.497147,45.979641],[13.496991,45.979327],[13.496521,45.978662],[13.496488,45.978586],[13.496484,45.978496],[13.49653,45.978363],[13.496494,45.978342],[13.496418,45.978445],[13.496377,45.978575],[13.496386,45.978693],[13.496895,45.979406],[13.497057,45.979722],[13.497492,45.980235],[13.49773,45.980552],[13.498206,45.980729],[13.498398,45.980842],[13.498703,45.980947],[13.499087,45.981043],[13.499359,45.981216],[13.499844,45.981567],[13.500129,45.981697],[13.500333,45.981761],[13.500299,45.981834],[13.500302,45.982099],[13.499972,45.982926],[13.49985,45.983042],[13.499683,45.983154],[13.499508,45.983221],[13.499446,45.983277],[13.499421,45.983279],[13.499341,45.983125],[13.499294,45.982965],[13.49927,45.98295],[13.498588,45.982921],[13.498106,45.982869],[13.497976,45.982875],[13.49774,45.982924],[13.497553,45.98303],[13.497522,45.983073],[13.497547,45.983089],[13.497702,45.98301],[13.49794,45.982966],[13.498077,45.982962],[13.498786,45.983047],[13.499215,45.983058],[13.499322,45.983375],[13.498962,45.983437],[13.49868,45.983445],[13.498471,45.983547],[13.498293,45.98358],[13.498168,45.983725],[13.4978,45.984376],[13.497096,45.984761],[13.496343,45.985213],[13.496115,45.985277],[13.495805,45.985577],[13.49556,45.986034],[13.494896,45.986538],[13.494691,45.986736],[13.49435,45.987175],[13.494241,45.987466],[13.494185,45.987719],[13.493694,45.98791],[13.493597,45.987779],[13.493568,45.987626],[13.493616,45.987591],[13.493728,45.987562],[13.493875,45.987498],[13.493963,45.987593],[13.493992,45.987593],[13.494025,45.987569],[13.494019,45.987436],[13.493959,45.987331],[13.494031,45.987175],[13.493886,45.98699],[13.493895,45.986937],[13.493927,45.986912],[13.494206,45.986963],[13.494251,45.986938],[13.494339,45.986811],[13.494291,45.986658],[13.494337,45.986525],[13.494392,45.986429],[13.494518,45.986318],[13.494446,45.986268],[13.494425,45.98621],[13.494457,45.986154],[13.494639,45.9861],[13.494665,45.986075],[13.494637,45.986025],[13.494367,45.985895],[13.494325,45.985857],[13.494288,45.985712],[13.494167,45.985547],[13.494139,45.985465],[13.494197,45.985264],[13.494241,45.98522],[13.494384,45.985207],[13.494406,45.985174],[13.494365,45.985127],[13.494096,45.98498],[13.494096,45.984967],[13.494152,45.984949],[13.494289,45.984954],[13.494341,45.984819],[13.494445,45.984741],[13.494449,45.984706],[13.493723,45.98406],[13.493677,45.983996],[13.493605,45.984005],[13.492634,45.98371],[13.492182,45.983557],[13.491864,45.983412],[13.491861,45.98338],[13.491311,45.983081],[13.491192,45.982944],[13.491069,45.982735],[13.490887,45.9822],[13.490819,45.982126],[13.490596,45.982125],[13.490331,45.982095],[13.48971,45.981947],[13.489611,45.982033],[13.489211,45.982283],[13.489134,45.982359],[13.489078,45.982485],[13.489039,45.982663],[13.488732,45.983022],[13.488651,45.983257],[13.488462,45.983475],[13.487594,45.984302],[13.487478,45.984391],[13.487357,45.984559],[13.487094,45.984864],[13.487006,45.984912],[13.486743,45.984913],[13.486638,45.98495],[13.486011,45.985034],[13.485336,45.98518],[13.485216,45.985208],[13.484875,45.98535],[13.484007,45.985599],[13.4832,45.985521],[13.482972,45.985514],[13.482758,45.985527],[13.48243,45.985577],[13.482189,45.985646],[13.48216,45.985627],[13.48204,45.985633],[13.481669,45.985537],[13.481537,45.985486],[13.481269,45.985347],[13.481147,45.985328],[13.480936,45.98534],[13.480814,45.985313],[13.480675,45.985365],[13.480619,45.985361],[13.480189,45.98524],[13.480171,45.985215],[13.480031,45.98517],[13.479954,45.985104],[13.479935,45.985022],[13.480003,45.984748],[13.479928,45.984573],[13.479797,45.984429],[13.479689,45.984345],[13.479353,45.984137],[13.478971,45.983962],[13.477975,45.983546],[13.476183,45.982984],[13.475775,45.982839],[13.476626,45.981104],[13.47661,45.981082],[13.47654,45.981064],[13.476315,45.981038],[13.476286,45.981053],[13.475351,45.983039],[13.475755,45.983184],[13.477555,45.983735],[13.478557,45.984145],[13.47894,45.984316],[13.479279,45.984523],[13.47939,45.984606],[13.479522,45.98475],[13.479599,45.984917],[13.479536,45.985197],[13.479555,45.985278],[13.479642,45.985348],[13.479825,45.985394],[13.479686,45.985467],[13.479036,45.985969],[13.47881,45.986178],[13.478618,45.98641],[13.478571,45.98644],[13.478548,45.986514],[13.478267,45.986767],[13.478055,45.986857],[13.478012,45.986854],[13.477813,45.986973],[13.477614,45.987036],[13.477157,45.987136],[13.477026,45.987193],[13.476717,45.987385],[13.476305,45.987529],[13.475962,45.987202],[13.475439,45.986757],[13.474546,45.986282],[13.474223,45.986047],[13.474104,45.986008],[13.473846,45.985879],[13.47346,45.985645],[13.471894,45.984925],[13.471691,45.984725],[13.471601,45.984602],[13.470994,45.98486],[13.470804,45.984853],[13.470556,45.985088],[13.47032,45.985205],[13.469746,45.985558],[13.469642,45.985674],[13.469352,45.986102],[13.469143,45.986304],[13.469042,45.986472],[13.468912,45.986554],[13.468875,45.986557],[13.46885,45.986451],[13.468792,45.986371],[13.468522,45.986205],[13.467904,45.986521],[13.46707,45.986846],[13.466898,45.987031],[13.466801,45.987038],[13.466666,45.986767],[13.465995,45.986849],[13.465888,45.987093],[13.465829,45.987147],[13.465741,45.987201],[13.46565,45.987224],[13.465474,45.987235],[13.465525,45.987128],[13.465456,45.986895],[13.465493,45.986697],[13.465542,45.986606],[13.465531,45.986584],[13.464664,45.986678],[13.46532,45.986058],[13.465926,45.985524],[13.465793,45.985313],[13.465489,45.985169],[13.464531,45.984821],[13.463346,45.984345],[13.462726,45.984179],[13.462339,45.984169],[13.462177,45.984179],[13.460728,45.984604],[13.46031,45.984664],[13.459602,45.984687],[13.459458,45.984586],[13.459506,45.984393],[13.459504,45.984378],[13.459464,45.984374],[13.459351,45.984445],[13.458905,45.984844],[13.458595,45.985195],[13.458123,45.985914],[13.457593,45.986624],[13.457005,45.98705],[13.456775,45.987177],[13.456232,45.987547],[13.456164,45.987576],[13.456047,45.987577],[13.455947,45.987531],[13.455693,45.987465],[13.455211,45.987428],[13.455055,45.987393],[13.454435,45.987183],[13.454418,45.987151],[13.454324,45.987107],[13.454212,45.987081],[13.454054,45.987019],[13.453403,45.986619],[13.453002,45.986329],[13.452678,45.986009],[13.452462,45.985821],[13.452101,45.985364],[13.452029,45.985172],[13.451978,45.984568],[13.451778,45.983505],[13.451815,45.983169],[13.451981,45.982847],[13.452185,45.98264],[13.452389,45.98248],[13.452756,45.982251],[13.452946,45.982174],[13.45314,45.982122],[13.453491,45.982082],[13.453851,45.982085],[13.45445,45.982038],[13.454654,45.98194],[13.454695,45.981868],[13.454691,45.981758],[13.454644,45.981673],[13.454573,45.981594],[13.454226,45.981305],[13.453765,45.980804],[13.453306,45.980521],[13.452772,45.98025],[13.452667,45.980149],[13.453059,45.979818],[13.453342,45.979629],[13.453575,45.979522],[13.453709,45.979407],[13.453837,45.979372],[13.453827,45.979571],[13.45386,45.979593],[13.453875,45.979729],[13.453914,45.979727],[13.453925,45.979705],[13.453982,45.9797],[13.453992,45.979661],[13.454108,45.97963],[13.454353,45.97965],[13.454527,45.97969],[13.454932,45.979835],[13.455101,45.979875],[13.455239,45.979991],[13.455469,45.98006],[13.455564,45.980059],[13.455852,45.98019],[13.455973,45.980199],[13.456296,45.979851],[13.456763,45.979899],[13.456917,45.979839],[13.457145,45.979648],[13.457157,45.979613],[13.456989,45.979443],[13.456892,45.97914],[13.456941,45.979025],[13.457157,45.978861],[13.457407,45.978738],[13.457775,45.978646],[13.457959,45.978565],[13.458075,45.97847],[13.458384,45.978293],[13.458563,45.977964],[13.458832,45.978055],[13.458869,45.978041],[13.458863,45.977993],[13.458403,45.977785],[13.458098,45.977624],[13.457911,45.977501],[13.457888,45.977307],[13.457955,45.976663],[13.457909,45.976514],[13.45784,45.976418],[13.457938,45.97616],[13.458025,45.97618],[13.458058,45.97617],[13.458228,45.975887],[13.458203,45.975862],[13.458101,45.975866],[13.458122,45.975821],[13.458339,45.97579],[13.458517,45.975789],[13.458542,45.975769],[13.458535,45.975747],[13.458479,45.975727],[13.458176,45.975735],[13.458241,45.975707],[13.458347,45.975695],[13.458343,45.975649],[13.458248,45.975611],[13.458329,45.975461],[13.45824,45.97542],[13.458347,45.975214],[13.458377,45.975077],[13.458573,45.974859],[13.458339,45.97475],[13.459196,45.974524],[13.459222,45.974547],[13.459305,45.974824],[13.459327,45.97484],[13.459363,45.974835],[13.459285,45.974518],[13.459179,45.974441],[13.459297,45.974307],[13.459986,45.973681],[13.459982,45.973656],[13.459415,45.973375],[13.45927,45.973535],[13.459213,45.973539],[13.459138,45.973634],[13.459081,45.973611],[13.459309,45.973318],[13.459028,45.973161],[13.459584,45.972703],[13.45978,45.972463],[13.459942,45.972178],[13.460005,45.971902],[13.460006,45.971719],[13.459913,45.97124],[13.459976,45.970979],[13.459959,45.970959],[13.459826,45.970923],[13.459958,45.970887],[13.460103,45.970691],[13.460324,45.970766],[13.460557,45.970874],[13.460556,45.970896],[13.460598,45.970913],[13.460714,45.970824],[13.460824,45.970695],[13.460778,45.970617],[13.460682,45.970576],[13.46036,45.970568],[13.460134,45.970532],[13.459991,45.97049],[13.459991,45.970443],[13.459861,45.970373],[13.459601,45.970279],[13.459879,45.96991],[13.460126,45.969506],[13.460448,45.969097],[13.460793,45.968584],[13.460994,45.968404],[13.461443,45.968126],[13.461577,45.967959],[13.461557,45.968032],[13.46158,45.96807],[13.4617,45.968168],[13.461852,45.968241],[13.462072,45.968439],[13.462388,45.968336],[13.4626,45.968361],[13.46287,45.968436],[13.463165,45.968218],[13.463521,45.968265],[13.463662,45.96794],[13.463885,45.967831],[13.464293,45.968133],[13.464127,45.96825],[13.464129,45.968277],[13.464414,45.96845],[13.464584,45.968594],[13.464613,45.968599],[13.46508,45.968121],[13.465059,45.968082],[13.465948,45.967218],[13.466421,45.967509],[13.467036,45.966856],[13.467791,45.96711],[13.467878,45.966908],[13.468461,45.965796],[13.46845,45.965548],[13.468389,45.965455],[13.468322,45.965411],[13.468101,45.965341],[13.467578,45.965094],[13.467648,45.965092],[13.468063,45.965288],[13.46831,45.96535],[13.468406,45.965404],[13.468512,45.965556],[13.468546,45.965551],[13.46878,45.965301],[13.468706,45.965048],[13.468766,45.964903],[13.46872,45.964399],[13.468733,45.964351],[13.46894,45.964068],[13.469136,45.963914],[13.469265,45.96384],[13.469272,45.96381],[13.469408,45.963767],[13.46943,45.963784],[13.469006,45.964121],[13.469068,45.964281],[13.469123,45.964277],[13.469159,45.964291],[13.469421,45.964255],[13.469608,45.96444],[13.470345,45.964957],[13.470682,45.964765],[13.470686,45.96474],[13.470652,45.964707],[13.470954,45.964446],[13.470935,45.964397],[13.470742,45.964145],[13.470594,45.96409],[13.470362,45.964077],[13.47031,45.964089],[13.470157,45.963974],[13.47058,45.963687],[13.470144,45.963354],[13.470376,45.963219],[13.470919,45.962981],[13.471483,45.96279],[13.472069,45.963369],[13.472164,45.963397],[13.471954,45.963599],[13.471956,45.963621],[13.472619,45.96409],[13.472982,45.963964],[13.47299,45.963936],[13.472903,45.963863],[13.472783,45.963637],[13.472664,45.963502],[13.472983,45.963278],[13.473014,45.963221],[13.473014,45.963087],[13.472538,45.9625],[13.47258,45.96243],[13.472794,45.962586],[13.473094,45.962977],[13.473088,45.963285],[13.472813,45.963455],[13.472781,45.96351],[13.472793,45.963577],[13.472938,45.963815],[13.472973,45.963859],[13.473035,45.963897],[13.473074,45.963893],[13.473073,45.963859],[13.473211,45.96379],[13.473077,45.963598],[13.473162,45.963562],[13.47317,45.963535],[13.473237,45.963503],[13.473485,45.963418],[13.473522,45.963418],[13.473588,45.963382],[13.473581,45.963341],[13.473614,45.963319],[13.47344,45.96314],[13.473139,45.962947],[13.474228,45.962359],[13.474038,45.962126],[13.474045,45.962102],[13.474009,45.962033],[13.473758,45.961736],[13.473675,45.961701],[13.473686,45.961668],[13.473626,45.961576],[13.473614,45.961491],[13.473679,45.961408],[13.473743,45.961412],[13.473952,45.961234],[13.473922,45.961184],[13.474345,45.960912],[13.475258,45.960391],[13.475558,45.960927],[13.475539,45.961002],[13.475669,45.961106],[13.475708,45.961105],[13.475955,45.960363],[13.475984,45.960192],[13.475948,45.960099],[13.476177,45.96002],[13.476038,45.960174],[13.476,45.960391],[13.476031,45.960399],[13.476475,45.96029],[13.476642,45.960552],[13.476666,45.960563],[13.47715,45.960301],[13.476994,45.960056],[13.477371,45.95992],[13.477421,45.959972],[13.477457,45.959977],[13.478026,45.959716],[13.47807,45.959723],[13.478147,45.959705],[13.478162,45.959695],[13.478155,45.959667],[13.478102,45.959659],[13.47807,45.959634],[13.478126,45.959622],[13.478202,45.959629],[13.478361,45.959697],[13.478455,45.959749],[13.478631,45.959895],[13.478728,45.959936],[13.478967,45.959925],[13.479222,45.960025],[13.479799,45.960082],[13.479823,45.960112],[13.480177,45.960124],[13.480523,45.960173],[13.480708,45.96016],[13.480883,45.960227],[13.48093,45.960198],[13.481018,45.96028],[13.481101,45.960439],[13.481475,45.960653],[13.48177,45.960511],[13.48184,45.960511],[13.48189,45.960486],[13.48219,45.960478],[13.482437,45.960438],[13.482528,45.960465],[13.482624,45.960525],[13.482725,45.960531],[13.48318,45.960469],[13.483417,45.960295],[13.483803,45.960162],[13.48409,45.960092],[13.484244,45.959997],[13.48445,45.959657],[13.484525,45.959467],[13.484944,45.959412],[13.485048,45.959282],[13.485179,45.959197],[13.485292,45.959081],[13.485386,45.959041],[13.485398,45.958917],[13.485602,45.958634],[13.485233,45.958302],[13.484841,45.957884],[13.483205,45.956913],[13.483087,45.9569],[13.482367,45.956977],[13.482104,45.956943],[13.481604,45.957027],[13.481434,45.95707],[13.481308,45.957071],[13.475363,45.956396],[13.475083,45.956352],[13.475171,45.956258],[13.475269,45.955944],[13.475329,45.955825],[13.475426,45.955725],[13.475439,45.95565],[13.475542,45.955656],[13.475647,45.955643],[13.475962,45.955431],[13.476224,45.954888],[13.476043,45.954855],[13.475793,45.954842],[13.475021,45.954639],[13.474662,45.954582],[13.474464,45.954485],[13.47446,45.954395],[13.474339,45.954016],[13.474089,45.953605],[13.473943,45.953246],[13.473466,45.952781],[13.473408,45.9527],[13.47318,45.952062],[13.473206,45.952059],[13.473418,45.952656],[13.473714,45.952978],[13.473912,45.953138],[13.473995,45.953149],[13.47414,45.953127],[13.474425,45.953123],[13.474702,45.953099],[13.47554,45.952973],[13.475558,45.952949],[13.474799,45.951577],[13.475234,45.951317],[13.475599,45.951139],[13.475608,45.951118],[13.475579,45.951061],[13.477391,45.95018],[13.477201,45.949857],[13.476506,45.949653],[13.477099,45.949363],[13.477038,45.949132],[13.476857,45.948935],[13.476691,45.948799],[13.476301,45.948592],[13.476359,45.948539],[13.476617,45.948128],[13.475708,45.947063],[13.475668,45.947059],[13.475508,45.947163],[13.474784,45.946608],[13.474753,45.946605],[13.474475,45.946926],[13.474353,45.947158],[13.474324,45.947295],[13.474188,45.947294],[13.474236,45.947117],[13.474354,45.946939],[13.474435,45.946755],[13.474514,45.946756],[13.474542,45.946726],[13.474952,45.946163],[13.475212,45.945692],[13.47538,45.945272],[13.475392,45.945163],[13.475353,45.944959],[13.475404,45.944546],[13.475499,45.944342],[13.475654,45.944215],[13.475649,45.944109],[13.475733,45.943627],[13.475656,45.94351],[13.475556,45.943148],[13.47544,45.942957],[13.475333,45.942603],[13.475341,45.942365],[13.475304,45.941995],[13.475307,45.941787],[13.475254,45.941628],[13.475239,45.941482],[13.475281,45.941422],[13.475266,45.941311],[13.475197,45.941238],[13.475155,45.941236],[13.474953,45.941432],[13.474909,45.941503],[13.474973,45.941793],[13.47497,45.941995],[13.475008,45.942356],[13.475001,45.942588],[13.475105,45.942933],[13.475219,45.943118],[13.475317,45.943471],[13.475394,45.943584],[13.475312,45.944056],[13.475321,45.944239],[13.475157,45.944371],[13.475064,45.944575],[13.475017,45.944979],[13.475055,45.945183],[13.475044,45.945292],[13.47488,45.945704],[13.474624,45.946221],[13.474201,45.946773],[13.474144,45.94677],[13.474116,45.946783],[13.474046,45.946949],[13.473933,45.947121],[13.473889,45.947288],[13.473781,45.947398],[13.473784,45.947451],[13.473755,45.947503],[13.472191,45.948788],[13.471809,45.949066],[13.471917,45.948719],[13.471964,45.948487],[13.472048,45.948003],[13.472088,45.947526],[13.472026,45.946672],[13.471574,45.94281],[13.469691,45.942793],[13.469048,45.942774],[13.46892,45.942271],[13.468804,45.94199],[13.468312,45.941826],[13.468098,45.941776],[13.467606,45.941623],[13.46711,45.941536],[13.466632,45.94151],[13.466369,45.941572],[13.466186,45.941584],[13.465685,45.941898],[13.465522,45.941887],[13.465402,45.941904],[13.460017,45.943081],[13.461503,45.945678],[13.461805,45.946407],[13.462049,45.946711],[13.462134,45.94689],[13.462133,45.946993],[13.461596,45.947728],[13.460918,45.948748],[13.46076,45.94895],[13.460551,45.949384],[13.460583,45.949592],[13.460558,45.949674],[13.460279,45.949997],[13.460178,45.950226],[13.460074,45.950387],[13.460018,45.950538],[13.459827,45.950782],[13.459737,45.950741],[13.459692,45.950773],[13.459696,45.950798],[13.459767,45.950842],[13.459595,45.951013],[13.459494,45.951065],[13.459184,45.951066],[13.458911,45.951003],[13.458357,45.950813],[13.457782,45.950582],[13.457075,45.950156],[13.456418,45.9497],[13.456049,45.949254],[13.456377,45.949112],[13.456699,45.948893],[13.456859,45.948753],[13.457208,45.948321],[13.457876,45.94743],[13.45787,45.947408],[13.457579,45.94722],[13.457933,45.946753],[13.457905,45.946716],[13.458138,45.946353],[13.458488,45.945685],[13.458474,45.945663],[13.458167,45.945566],[13.458552,45.944765],[13.458738,45.944316],[13.458724,45.944295],[13.458185,45.944117],[13.456871,45.943553],[13.457038,45.942829],[13.457142,45.942665],[13.457215,45.942287],[13.457202,45.94227],[13.456944,45.942174],[13.456914,45.942177],[13.456825,45.942574],[13.456712,45.942746],[13.456546,45.943477],[13.457696,45.943992],[13.45843,45.94425],[13.458227,45.944726],[13.45783,45.945531],[13.457844,45.945553],[13.458169,45.945656],[13.457813,45.946315],[13.457558,45.946727],[13.457179,45.94721],[13.457514,45.947434],[13.456462,45.948795],[13.456295,45.948941],[13.455966,45.94917],[13.455647,45.949309],[13.455637,45.949333],[13.456008,45.949782],[13.456148,45.949891],[13.456678,45.950249],[13.457407,45.950691],[13.457992,45.950924],[13.458393,45.951065],[13.45879,45.951172],[13.459178,45.951176],[13.459282,45.9511],[13.459312,45.951177],[13.45951,45.951294],[13.459441,45.951363],[13.458509,45.952579],[13.458313,45.952592],[13.457792,45.953386],[13.457806,45.95341],[13.457879,45.953437],[13.457615,45.953969],[13.45721,45.95466],[13.456984,45.955134],[13.456581,45.955751],[13.456594,45.955775],[13.456774,45.955823],[13.45709,45.955938],[13.457834,45.956264],[13.458061,45.956348],[13.458011,45.95642],[13.457757,45.956327],[13.45748,45.956194],[13.45678,45.955924],[13.456637,45.955887],[13.45644,45.955891],[13.456336,45.95595],[13.455991,45.956436],[13.455764,45.956823],[13.45568,45.957036],[13.455689,45.957096],[13.45525,45.957222],[13.455384,45.957542],[13.45546,45.95786],[13.455476,45.958067],[13.455407,45.958245],[13.45428,45.957895],[13.454247,45.957902],[13.454245,45.957916],[13.45438,45.957986],[13.455069,45.958201],[13.455135,45.958236],[13.454528,45.959808],[13.454541,45.959828],[13.454585,45.959814],[13.454646,45.959818],[13.454672,45.959792],[13.454906,45.959961],[13.454937,45.959965],[13.455534,45.959725],[13.456466,45.959297],[13.456602,45.959219],[13.456857,45.959405],[13.456717,45.959439],[13.455949,45.959812],[13.455035,45.9602],[13.454997,45.960314],[13.454597,45.960967],[13.454608,45.960989],[13.455557,45.9614],[13.455885,45.961597],[13.456163,45.961632],[13.45664,45.961793],[13.456926,45.961842],[13.457197,45.961722],[13.458397,45.960608],[13.458671,45.960396],[13.458693,45.960308],[13.458651,45.960239],[13.459,45.960395],[13.458866,45.960403],[13.458794,45.960439],[13.458442,45.960788],[13.457357,45.961765],[13.457036,45.962048],[13.456876,45.962142],[13.456624,45.963019],[13.45662,45.963164],[13.456661,45.963402],[13.45675,45.963589],[13.45666,45.963702],[13.456373,45.963589],[13.454805,45.963042],[13.454759,45.963056],[13.454772,45.963078],[13.455915,45.963482],[13.456364,45.963627],[13.456716,45.963782],[13.456911,45.963907],[13.457368,45.964136],[13.456953,45.964143],[13.456808,45.96412],[13.456189,45.963906],[13.455981,45.963885],[13.455653,45.964047],[13.455385,45.964258],[13.455102,45.964545],[13.454792,45.964915],[13.454644,45.965227],[13.4546,45.965458],[13.454715,45.965515],[13.454407,45.966785],[13.454421,45.966803],[13.45537,45.967182],[13.455063,45.967581],[13.454682,45.968018],[13.454693,45.968044],[13.457441,45.969028],[13.457044,45.969545],[13.456922,45.969749],[13.455733,45.969342],[13.453909,45.968616],[13.4499,45.967139],[13.44883,45.966772],[13.447892,45.966543],[13.447505,45.966502],[13.447158,45.96649],[13.446719,45.966404],[13.446035,45.966157],[13.445836,45.965985],[13.44549,45.965854],[13.445375,45.965785],[13.445192,45.965745],[13.444647,45.965672],[13.444533,45.965672],[13.444401,45.965714],[13.444352,45.965749],[13.444033,45.96589],[13.443859,45.965901],[13.443769,45.965892],[13.44355,45.965826],[13.443167,45.965685],[13.443148,45.965702],[13.443098,45.966063],[13.443115,45.966079],[13.443723,45.966222],[13.444326,45.966435],[13.44449,45.966467],[13.444665,45.966475],[13.445078,45.966296],[13.445149,45.966279],[13.445709,45.966332],[13.446024,45.966381],[13.446494,45.966549],[13.446503,45.966577],[13.446645,45.966679],[13.446827,45.966767],[13.447389,45.966949],[13.447895,45.967046],[13.448184,45.967038],[13.448743,45.967103],[13.449478,45.967309],[13.449942,45.967447],[13.450601,45.967683],[13.453243,45.968646],[13.456107,45.969722],[13.457412,45.970166],[13.457531,45.970221],[13.456429,45.972005],[13.455481,45.971713],[13.4544,45.971299],[13.45397,45.971102],[13.453523,45.970923],[13.453346,45.97087],[13.453313,45.97088],[13.453086,45.971286],[13.452583,45.971741],[13.452589,45.971767],[13.452999,45.971959],[13.452567,45.972429],[13.453692,45.972941],[13.454133,45.972471],[13.454145,45.972482],[13.453782,45.97288],[13.453788,45.972907],[13.453744,45.972969],[13.454255,45.973206],[13.454241,45.973233],[13.453734,45.973005],[13.453698,45.97301],[13.453565,45.973152],[13.453523,45.97314],[13.453652,45.972992],[13.453645,45.972967],[13.452548,45.972468],[13.452512,45.972474],[13.452294,45.972693],[13.451103,45.972259],[13.45074,45.971621],[13.450708,45.971518],[13.450096,45.971257],[13.450073,45.971275],[13.450076,45.97155],[13.450248,45.972004],[13.450299,45.972087],[13.450621,45.9722],[13.45109,45.972322],[13.452051,45.972695],[13.451748,45.973121],[13.451685,45.973183],[13.451577,45.973245],[13.451473,45.97327],[13.451292,45.973275],[13.450882,45.973234],[13.449239,45.972744],[13.449076,45.972712],[13.448614,45.972742],[13.448363,45.972814],[13.448171,45.972925],[13.447861,45.973311],[13.447756,45.973359],[13.446964,45.974466],[13.446914,45.974474],[13.445328,45.973912],[13.445314,45.973884],[13.444791,45.973701],[13.444281,45.974582],[13.444282,45.974629],[13.444142,45.974658],[13.444095,45.974634],[13.443615,45.974149],[13.442592,45.973346],[13.4424,45.973161],[13.442206,45.972203],[13.442096,45.971437],[13.441696,45.971271],[13.441675,45.971292],[13.441771,45.971777],[13.441845,45.972315],[13.442044,45.973291],[13.442151,45.973412],[13.442541,45.973494],[13.442623,45.973532],[13.442337,45.973818],[13.442266,45.973792],[13.44223,45.973797],[13.442148,45.973898],[13.442217,45.973938],[13.441911,45.974299],[13.442295,45.97447],[13.442649,45.974128],[13.442698,45.974146],[13.442348,45.974493],[13.442309,45.974499],[13.441345,45.975456],[13.441142,45.975352],[13.44104,45.975255],[13.440801,45.975152],[13.440419,45.974899],[13.440227,45.974816],[13.440161,45.97477],[13.440098,45.974772],[13.440706,45.973335],[13.440588,45.973305],[13.440556,45.973318],[13.439928,45.974802],[13.439876,45.974938],[13.439875,45.97503],[13.439244,45.974633],[13.438806,45.974388],[13.438062,45.9739],[13.437088,45.97315],[13.436876,45.97294],[13.436757,45.97278],[13.436681,45.972629],[13.43663,45.972458],[13.436613,45.972138],[13.436635,45.971716],[13.436619,45.971468],[13.436629,45.971324],[13.436742,45.971074],[13.436975,45.970814],[13.437146,45.970674],[13.437438,45.97052],[13.438186,45.970222],[13.438368,45.970121],[13.438653,45.969866],[13.438945,45.969484],[13.439238,45.969037],[13.43982,45.968028],[13.439814,45.968008],[13.439647,45.967897],[13.439576,45.965802],[13.439769,45.964969],[13.439649,45.963963],[13.439724,45.96394],[13.439968,45.963051],[13.440091,45.962504],[13.440209,45.962186],[13.440187,45.962164],[13.44007,45.962154],[13.440347,45.961841],[13.440527,45.961556],[13.440794,45.961011],[13.440978,45.960693],[13.441047,45.960466],[13.441109,45.960404],[13.441657,45.959995],[13.441682,45.95996],[13.441715,45.95972],[13.44175,45.959631],[13.441906,45.959449],[13.442063,45.959222],[13.442164,45.958995],[13.442176,45.958919],[13.442144,45.958774],[13.441974,45.95876],[13.442241,45.958275],[13.442285,45.95777],[13.442273,45.957529],[13.442107,45.957141],[13.441856,45.956771],[13.441595,45.956569],[13.441501,45.956467],[13.441089,45.956448],[13.440356,45.95685],[13.439069,45.957382],[13.438703,45.957489],[13.43851,45.957499],[13.438326,45.957448],[13.438181,45.957369],[13.438069,45.957278],[13.438032,45.957143],[13.438029,45.956866],[13.437919,45.95672],[13.437706,45.956552],[13.437442,45.956396],[13.437095,45.956241],[13.436583,45.956063],[13.436031,45.955909],[13.435607,45.95584],[13.435114,45.955801],[13.434767,45.955843],[13.433681,45.955911],[13.432316,45.956143],[13.431964,45.956178],[13.431685,45.956175],[13.430712,45.956122],[13.430237,45.956039],[13.430054,45.95599],[13.429884,45.955913],[13.42978,45.955806],[13.429762,45.955651],[13.429834,45.955455],[13.429941,45.955256],[13.430545,45.954516],[13.430763,45.954146],[13.43091,45.953846],[13.430929,45.953626],[13.430909,45.953537],[13.430868,45.953511],[13.430669,45.95324],[13.430502,45.953135],[13.430225,45.952998],[13.429981,45.952897],[13.429041,45.952612],[13.428806,45.95256],[13.428514,45.95253],[13.428171,45.952575],[13.427475,45.952787],[13.427221,45.952894],[13.426312,45.953333],[13.425901,45.953501],[13.425762,45.953531],[13.424635,45.953531],[13.423926,45.953573],[13.423848,45.953394],[13.423691,45.952728],[13.424487,45.952339],[13.425932,45.951577],[13.426337,45.951291],[13.42639,45.951205],[13.426588,45.951106],[13.426872,45.950814],[13.427049,45.950813],[13.427873,45.950136],[13.428818,45.949666],[13.430047,45.948428],[13.430279,45.948157],[13.4296,45.947729],[13.428764,45.9478],[13.428418,45.948263],[13.427847,45.948167],[13.427723,45.948237],[13.42752,45.948145],[13.42734,45.948017],[13.427162,45.947928],[13.426908,45.947831],[13.426746,45.947803],[13.426,45.947819],[13.42578,45.94787],[13.425083,45.947458],[13.423209,45.945967],[13.423867,45.945473],[13.424188,45.945153],[13.424188,45.945133],[13.424115,45.945048],[13.424216,45.944816],[13.424506,45.944535],[13.424847,45.944302],[13.425191,45.944238],[13.425451,45.944207],[13.425753,45.944212],[13.426187,45.94424],[13.426215,45.944227],[13.424769,45.942151],[13.423863,45.941881],[13.423968,45.941856],[13.423956,45.94183],[13.422715,45.941455],[13.421291,45.941315],[13.419199,45.941041]],[[13.434534,45.930891],[13.434546,45.930908],[13.435567,45.931334],[13.435935,45.931534],[13.436018,45.931542],[13.436035,45.931189],[13.435581,45.931178],[13.435579,45.930978],[13.434614,45.930499],[13.434574,45.930512],[13.434534,45.930891]],[[13.454761,45.958015],[13.454775,45.958039],[13.455248,45.958187],[13.455351,45.958155],[13.455383,45.95786],[13.455289,45.957536],[13.455016,45.957454],[13.454984,45.95746],[13.454998,45.95785],[13.454867,45.957854],[13.454761,45.958015]]]},"properties":{"prov":"GO","comune_amm":"D014","comune_descr":"CORMONS","fascia":"R","zona":"R1","zona_descr":"ZONA AGRICOLA - REGIONE AGRARIA 2 - INTERO TERRITORIO COMUNALE","microzona":1,"semestre":"2025/1"}},{"type":"Feature","geometry":{"type":"Polygon","coordinates":[[[13.531095,45.84],[13.53117,45.839949],[13.531442,45.840095],[13.531623,45.840231],[13.531848,45.840354],[13.532927,45.840771],[13.533837,45.839966],[13.533816,45.839937],[13.533625,45.839934],[13.533545,45.839466],[13.534913,45.839335],[13.534989,45.839279],[13.534878,45.839917],[13.535828,45.839976],[13.53589,45.840012],[13.535816,45.84027],[13.535836,45.840291],[13.536118,45.840352],[13.536302,45.840149],[13.536881,45.840367],[13.537094,45.840347],[13.53758,45.840335],[13.538095,45.83985],[13.538601,45.840452],[13.538632,45.840437],[13.53865,45.840362],[13.538664,45.839233],[13.538743,45.839206],[13.538712,45.840375],[13.538731,45.840585],[13.539087,45.840604],[13.539511,45.840588],[13.539248,45.841218],[13.539763,45.841258],[13.539979,45.841166],[13.540282,45.841089],[13.540355,45.841195],[13.540432,45.841271],[13.540464,45.841277],[13.541266,45.841],[13.542452,45.84081],[13.542587,45.840944],[13.542324,45.841],[13.542306,45.841022],[13.542799,45.842063],[13.542501,45.842101],[13.542611,45.842485],[13.542529,45.842512],[13.542514,45.842534],[13.542689,45.843029],[13.543066,45.843668],[13.543157,45.843796],[13.543257,45.84378],[13.543672,45.844386],[13.543387,45.844481],[13.543476,45.844777],[13.543527,45.844831],[13.54348,45.844845],[13.543476,45.844886],[13.5433,45.844889],[13.543177,45.844909],[13.543108,45.844906],[13.543102,45.844854],[13.543077,45.844836],[13.54292,45.844832],[13.542777,45.844218],[13.54276,45.844203],[13.542768,45.844179],[13.54263,45.84401],[13.542578,45.844005],[13.542572,45.844029],[13.542734,45.844206],[13.542768,45.844688],[13.542372,45.844714],[13.5422,45.844602],[13.541835,45.844767],[13.541773,45.844897],[13.541765,45.84497],[13.541634,45.845117],[13.541421,45.845237],[13.54116,45.845357],[13.541097,45.845418],[13.541133,45.845556],[13.541125,45.845633],[13.541073,45.845643],[13.541053,45.845667],[13.541154,45.845885],[13.541045,45.845898],[13.541031,45.845766],[13.54097,45.845701],[13.540959,45.845664],[13.540905,45.845665],[13.540885,45.845688],[13.540951,45.845861],[13.54089,45.845878],[13.540892,45.845914],[13.540659,45.84597],[13.540656,45.846052],[13.540577,45.846313],[13.540598,45.846365],[13.541073,45.84677],[13.539891,45.847329],[13.539805,45.847248],[13.539767,45.847245],[13.539243,45.847556],[13.538911,45.847449],[13.538957,45.846769],[13.538582,45.846721],[13.538517,45.846972],[13.538541,45.846993],[13.538861,45.847014],[13.538835,45.847074],[13.538797,45.847684],[13.538814,45.847702],[13.539169,45.847792],[13.539698,45.847486],[13.539791,45.847559],[13.539824,45.847563],[13.540351,45.847336],[13.540429,45.847456],[13.540586,45.847623],[13.540882,45.847862],[13.541107,45.848005],[13.541143,45.848005],[13.541211,45.847961],[13.541495,45.848163],[13.54142,45.848222],[13.54142,45.848248],[13.541783,45.8485],[13.541863,45.848622],[13.541921,45.848665],[13.542214,45.848619],[13.542273,45.848583],[13.542404,45.848428],[13.542714,45.848837],[13.543078,45.84871],[13.543384,45.849126],[13.542901,45.849312],[13.542757,45.849329],[13.542738,45.849376],[13.542635,45.849408],[13.542558,45.849467],[13.542451,45.849481],[13.542158,45.849441],[13.541972,45.849349],[13.541911,45.849409],[13.541351,45.849661],[13.540933,45.850062],[13.540627,45.849942],[13.540209,45.850154],[13.540201,45.850175],[13.540399,45.850526],[13.540432,45.850536],[13.540749,45.850449],[13.540885,45.850693],[13.540437,45.850835],[13.540554,45.851076],[13.540411,45.851109],[13.540068,45.851112],[13.540008,45.851149],[13.540544,45.851967],[13.54149,45.852529],[13.541688,45.852668],[13.541926,45.852891],[13.542079,45.852995],[13.54285,45.853394],[13.542941,45.853421],[13.542952,45.853449],[13.543642,45.853841],[13.543826,45.853909],[13.543929,45.853976],[13.543876,45.85406],[13.543742,45.853971],[13.543568,45.853897],[13.543183,45.853684],[13.54255,45.853301],[13.542141,45.85313],[13.541789,45.852919],[13.541692,45.852776],[13.541576,45.852684],[13.540579,45.852072],[13.540442,45.85196],[13.539699,45.850829],[13.539161,45.849721],[13.538972,45.849782],[13.538698,45.849983],[13.538277,45.849713],[13.53824,45.849714],[13.537463,45.850343],[13.537037,45.850088],[13.538121,45.849257],[13.538452,45.849071],[13.538699,45.848984],[13.538564,45.848762],[13.538529,45.848767],[13.53812,45.84917],[13.538073,45.849189],[13.538037,45.849183],[13.537976,45.849138],[13.537939,45.84915],[13.537942,45.849297],[13.537459,45.849675],[13.537176,45.849927],[13.536203,45.849251],[13.536277,45.849213],[13.536364,45.849136],[13.53665,45.84897],[13.536804,45.848786],[13.536681,45.848677],[13.537288,45.848147],[13.536934,45.847964],[13.536628,45.848031],[13.536413,45.848118],[13.536289,45.848137],[13.536315,45.848084],[13.536398,45.848004],[13.53657,45.847703],[13.53655,45.847473],[13.536493,45.847374],[13.536492,45.847327],[13.536568,45.847182],[13.537005,45.846785],[13.537303,45.846568],[13.537723,45.84645],[13.537976,45.846364],[13.538502,45.846295],[13.538413,45.846492],[13.538538,45.846529],[13.538534,45.846552],[13.53858,45.846572],[13.538584,45.846667],[13.538626,45.84668],[13.538716,45.846334],[13.538701,45.846314],[13.538641,45.846293],[13.538654,45.846265],[13.53864,45.846254],[13.538561,45.846231],[13.537934,45.846277],[13.53753,45.846206],[13.537519,45.84623],[13.537533,45.84624],[13.53775,45.846297],[13.537727,45.846392],[13.537246,45.846514],[13.536698,45.846974],[13.536002,45.847516],[13.535802,45.847726],[13.535594,45.847889],[13.535589,45.8478],[13.535503,45.847757],[13.535596,45.847594],[13.535612,45.847016],[13.536016,45.846886],[13.537085,45.846616],[13.537101,45.846595],[13.537065,45.846579],[13.536875,45.846601],[13.536313,45.846742],[13.535241,45.847041],[13.534952,45.847104],[13.534932,45.847089],[13.535325,45.846928],[13.535019,45.846525],[13.535248,45.846444],[13.535663,45.846335],[13.536112,45.84617],[13.536323,45.84606],[13.53655,45.845978],[13.536899,45.845892],[13.537107,45.845759],[13.537272,45.845697],[13.537282,45.845671],[13.537078,45.845452],[13.536926,45.845499],[13.536487,45.845583],[13.536458,45.845123],[13.536678,45.845114],[13.536703,45.8451],[13.536499,45.844826],[13.536353,45.844735],[13.53615,45.844657],[13.535812,45.84463],[13.535787,45.844479],[13.535729,45.844322],[13.535634,45.844102],[13.5355,45.843875],[13.535046,45.843892],[13.534785,45.843954],[13.534416,45.843188],[13.534383,45.843177],[13.534318,45.843189],[13.534067,45.843093],[13.533959,45.842993],[13.534274,45.842793],[13.534385,45.842752],[13.535926,45.84237],[13.536426,45.842271],[13.536668,45.842407],[13.537188,45.842594],[13.537553,45.842644],[13.538256,45.842692],[13.538373,45.842722],[13.538501,45.842796],[13.538573,45.842969],[13.538626,45.842997],[13.53872,45.843094],[13.538927,45.843177],[13.539266,45.843233],[13.539559,45.843354],[13.539734,45.843474],[13.539906,45.843549],[13.540128,45.84376],[13.540152,45.843882],[13.540191,45.843885],[13.54021,45.843871],[13.540227,45.843779],[13.540217,45.843674],[13.540012,45.843471],[13.539853,45.843395],[13.539672,45.843269],[13.539332,45.843132],[13.539068,45.843099],[13.538866,45.843017],[13.538672,45.842839],[13.538523,45.842651],[13.538413,45.842595],[13.538275,45.842558],[13.53762,45.842504],[13.537237,45.842457],[13.536674,45.842262],[13.536354,45.842091],[13.536286,45.842068],[13.535191,45.842357],[13.534795,45.841988],[13.53563,45.841679],[13.535639,45.841653],[13.535425,45.841451],[13.535266,45.841387],[13.534927,45.841333],[13.533943,45.841228],[13.533815,45.841258],[13.533726,45.84123],[13.533574,45.841364],[13.533349,45.84127],[13.533318,45.841272],[13.533244,45.841457],[13.532815,45.841383],[13.532726,45.841007],[13.532832,45.840895],[13.532824,45.840869],[13.532018,45.840553],[13.532001,45.84049],[13.531674,45.840351],[13.531501,45.840254],[13.531193,45.840037],[13.531095,45.84]]]},"properties":{"prov":"GO","comune_amm":"D312","comune_descr":"DOBERDO` DEL LAGO","fascia":"B","zona":"B1","zona_descr":"CAPOLUOGO - CENTRO ABITATO","microzona":1,"semestre":"2025/1"}},{"type":"Feature","geometry":{"type":"Polygon","coordinates":[[[13.51327,45.859168],[13.512967,45.85332],[13.518551,45.84918],[13.518583,45.849174],[13.528919,45.841602],[13.530276,45.842569],[13.531066,45.842508],[13.531224,45.842347],[13.531218,45.842323],[13.530424,45.842379],[13.529104,45.841397],[13.531098,45.840001],[13.531191,45.840036],[13.531501,45.840255],[13.531675,45.840352],[13.532009,45.840493],[13.53203,45.840558],[13.532845,45.840877],[13.532727,45.841011],[13.532809,45.841371],[13.532828,45.841385],[13.53324,45.841451],[13.533319,45.841259],[13.533573,45.84136],[13.533725,45.841224],[13.533799,45.841255],[13.53394,45.841228],[13.534544,45.841285],[13.535263,45.841386],[13.535431,45.841454],[13.535655,45.84167],[13.534807,45.841989],[13.535189,45.842358],[13.534297,45.842598],[13.534153,45.842686],[13.534015,45.842419],[13.533988,45.842407],[13.533569,45.842677],[13.533239,45.842278],[13.533208,45.842287],[13.53291,45.842541],[13.532741,45.842584],[13.532553,45.842598],[13.532286,45.842587],[13.532174,45.842509],[13.532153,45.842335],[13.532175,45.842287],[13.53168,45.841871],[13.53165,45.841866],[13.531521,45.842018],[13.532084,45.842479],[13.53205,45.842524],[13.53207,45.842683],[13.532234,45.842774],[13.532695,45.842766],[13.532817,45.842721],[13.533129,45.842472],[13.533483,45.842858],[13.533511,45.842854],[13.533878,45.84258],[13.534028,45.842847],[13.534054,45.842858],[13.534205,45.842768],[13.534393,45.842708],[13.536288,45.842212],[13.536423,45.84227],[13.535926,45.84237],[13.534382,45.842753],[13.534273,45.842794],[13.533965,45.842997],[13.534069,45.843094],[13.534177,45.843137],[13.534313,45.843188],[13.534409,45.843174],[13.534791,45.84395],[13.535041,45.843892],[13.535503,45.843873],[13.535634,45.844102],[13.535729,45.844322],[13.535787,45.844478],[13.535816,45.844627],[13.536148,45.844656],[13.536357,45.844737],[13.536499,45.844825],[13.536718,45.845113],[13.536466,45.845124],[13.536495,45.845576],[13.536929,45.845498],[13.53708,45.845446],[13.537294,45.845684],[13.53711,45.845757],[13.536902,45.845892],[13.536552,45.845977],[13.53632,45.846061],[13.536113,45.84617],[13.535661,45.846336],[13.53525,45.846444],[13.535039,45.846518],[13.535028,45.846543],[13.535334,45.84693],[13.535015,45.847053],[13.535002,45.847076],[13.535035,45.847086],[13.535241,45.847041],[13.536313,45.846742],[13.536872,45.846601],[13.53707,45.846578],[13.537135,45.846598],[13.537253,45.84651],[13.537713,45.846396],[13.537745,45.846299],[13.53751,45.846233],[13.537409,45.84622],[13.53742,45.846181],[13.537927,45.846276],[13.539022,45.846196],[13.539003,45.846266],[13.538502,45.846294],[13.538085,45.846344],[13.537972,45.846365],[13.537723,45.84645],[13.537309,45.846565],[13.537006,45.846784],[13.536569,45.847181],[13.536492,45.847329],[13.536493,45.847372],[13.53655,45.847472],[13.536571,45.847701],[13.536397,45.848005],[13.536317,45.848083],[13.536304,45.848119],[13.536332,45.848131],[13.536408,45.84812],[13.536627,45.848031],[13.536938,45.847963],[13.537297,45.848146],[13.536691,45.848668],[13.536691,45.84869],[13.536808,45.848788],[13.536649,45.848972],[13.536365,45.849135],[13.53628,45.849212],[13.536226,45.849236],[13.536222,45.849264],[13.537176,45.849919],[13.537459,45.849675],[13.537938,45.8493],[13.537938,45.849148],[13.537977,45.849133],[13.538028,45.849177],[13.538068,45.849188],[13.538118,45.849171],[13.538562,45.848735],[13.538587,45.84881],[13.538709,45.848988],[13.53845,45.849072],[13.538124,45.849255],[13.537225,45.849956],[13.537053,45.850071],[13.537054,45.850098],[13.537462,45.850338],[13.538257,45.849701],[13.538698,45.849977],[13.538967,45.849785],[13.539164,45.849714],[13.539699,45.850828],[13.540443,45.851961],[13.540579,45.852072],[13.541578,45.852685],[13.541691,45.852775],[13.541792,45.852921],[13.542144,45.853131],[13.542552,45.853301],[13.543183,45.853684],[13.543565,45.853896],[13.543738,45.853969],[13.543876,45.85406],[13.543914,45.854059],[13.544231,45.853724],[13.544227,45.8537],[13.544106,45.853631],[13.543923,45.853564],[13.543773,45.853482],[13.543328,45.85321],[13.543295,45.853209],[13.543177,45.853275],[13.542989,45.853296],[13.54294,45.85342],[13.542852,45.853395],[13.542079,45.852994],[13.541929,45.852893],[13.541689,45.85267],[13.54149,45.852529],[13.540541,45.851966],[13.540034,45.851178],[13.539999,45.851149],[13.540065,45.851112],[13.54041,45.851109],[13.54053,45.851082],[13.540546,45.851059],[13.54043,45.850833],[13.540879,45.850691],[13.540746,45.850455],[13.540409,45.850542],[13.540197,45.85016],[13.540627,45.84994],[13.540914,45.850055],[13.540947,45.85005],[13.541356,45.849657],[13.541908,45.84941],[13.54197,45.849342],[13.54216,45.849442],[13.542449,45.849481],[13.542554,45.849468],[13.54263,45.849411],[13.542739,45.849367],[13.542755,45.849328],[13.542904,45.849311],[13.543379,45.849121],[13.543087,45.848723],[13.543052,45.848716],[13.542712,45.848842],[13.542412,45.848447],[13.54238,45.848454],[13.542272,45.848585],[13.542207,45.848623],[13.541932,45.848672],[13.541859,45.848619],[13.541781,45.848498],[13.541406,45.848237],[13.541481,45.848178],[13.541481,45.848153],[13.541226,45.847971],[13.54119,45.847971],[13.541121,45.848014],[13.540882,45.847862],[13.540586,45.847623],[13.540429,45.847457],[13.540353,45.847338],[13.541017,45.847041],[13.540552,45.846672],[13.540516,45.846582],[13.540582,45.846361],[13.54059,45.846252],[13.540797,45.846208],[13.540812,45.8462],[13.540806,45.846165],[13.540861,45.846148],[13.540792,45.84594],[13.541144,45.84588],[13.541034,45.84563],[13.541059,45.845604],[13.541035,45.845502],[13.541104,45.845397],[13.541635,45.845115],[13.541761,45.844976],[13.541825,45.844773],[13.542198,45.844598],[13.542379,45.844714],[13.542762,45.844684],[13.542724,45.844206],[13.542552,45.844],[13.542624,45.844004],[13.542767,45.844177],[13.542916,45.844819],[13.542941,45.844834],[13.543099,45.844838],[13.543105,45.84489],[13.543132,45.844907],[13.543454,45.844888],[13.543472,45.844881],[13.543477,45.844841],[13.543531,45.844835],[13.543656,45.845077],[13.543683,45.845249],[13.543773,45.845436],[13.543793,45.846822],[13.543854,45.847029],[13.54386,45.847209],[13.54378,45.847377],[13.543761,45.848053],[13.543828,45.848164],[13.54386,45.848174],[13.544056,45.848126],[13.544258,45.848164],[13.544392,45.848171],[13.544757,45.848362],[13.544932,45.848368],[13.545366,45.848445],[13.54518,45.849179],[13.545109,45.849335],[13.545122,45.849357],[13.545485,45.849495],[13.546119,45.849684],[13.546191,45.849726],[13.546381,45.849777],[13.546768,45.849564],[13.546743,45.849538],[13.546382,45.84944],[13.546291,45.849393],[13.545683,45.849215],[13.54532,45.84908],[13.545379,45.848919],[13.545551,45.848179],[13.545105,45.848107],[13.544962,45.848102],[13.544581,45.847912],[13.544432,45.847904],[13.544291,45.847877],[13.544061,45.8479],[13.543969,45.84775],[13.543976,45.84738],[13.543954,45.847187],[13.543963,45.847093],[13.544043,45.84693],[13.544036,45.846749],[13.543973,45.846545],[13.54393,45.845154],[13.543828,45.844959],[13.543793,45.844784],[13.543659,45.844538],[13.543617,45.844492],[13.543509,45.844191],[13.543771,45.844098],[13.543783,45.844074],[13.543365,45.843485],[13.54331,45.84348],[13.542792,45.842702],[13.542495,45.841872],[13.542665,45.841845],[13.542684,45.841821],[13.542299,45.841008],[13.542555,45.840952],[13.54257,45.840925],[13.542465,45.84082],[13.54244,45.840812],[13.541268,45.841],[13.540449,45.841282],[13.540355,45.841195],[13.54028,45.841095],[13.539981,45.841166],[13.539768,45.841258],[13.539242,45.841224],[13.539501,45.840599],[13.539475,45.840586],[13.539088,45.840604],[13.538723,45.840589],[13.538734,45.840513],[13.538712,45.840376],[13.538744,45.839233],[13.538724,45.839216],[13.538664,45.839242],[13.53865,45.840362],[13.53862,45.840485],[13.538102,45.839865],[13.538071,45.839871],[13.537578,45.840337],[13.537094,45.840347],[13.536869,45.840367],[13.536299,45.840155],[13.536119,45.840356],[13.535957,45.840309],[13.535812,45.840287],[13.535887,45.84002],[13.535831,45.839977],[13.53487,45.839922],[13.534979,45.83934],[13.534953,45.83932],[13.534918,45.839334],[13.533552,45.83947],[13.533623,45.839922],[13.533648,45.839937],[13.533867,45.839938],[13.532928,45.840775],[13.531849,45.840355],[13.531623,45.84023],[13.53144,45.840094],[13.531168,45.839946],[13.541224,45.832878],[13.543613,45.831236],[13.543615,45.831212],[13.54325,45.830896],[13.544371,45.830093],[13.545675,45.829112],[13.545715,45.829105],[13.545716,45.829068],[13.548589,45.826956],[13.556638,45.820972],[13.562067,45.818817],[13.562238,45.816101],[13.562287,45.816127],[13.562305,45.816122],[13.562822,45.815784],[13.562374,45.815457],[13.560815,45.814617],[13.561033,45.814188],[13.561319,45.814033],[13.56155,45.813789],[13.561693,45.813666],[13.561782,45.812386],[13.561825,45.812151],[13.562169,45.811896],[13.562209,45.811791],[13.562638,45.811415],[13.562698,45.811165],[13.562701,45.810978],[13.562655,45.810835],[13.562691,45.810764],[13.562869,45.810679],[13.562863,45.810614],[13.562743,45.810531],[13.562729,45.810466],[13.562923,45.810374],[13.56293,45.810168],[13.563036,45.809933],[13.563163,45.809753],[13.562911,45.809513],[13.562899,45.809452],[13.563015,45.809368],[13.563246,45.809306],[13.563408,45.809211],[13.563799,45.809023],[13.564261,45.808419],[13.564324,45.808365],[13.564535,45.808305],[13.564751,45.808219],[13.564854,45.808169],[13.56503,45.808034],[13.565125,45.808018],[13.565324,45.808122],[13.565345,45.808111],[13.565427,45.807964],[13.566139,45.807845],[13.566223,45.80785],[13.566355,45.807947],[13.566491,45.807957],[13.566624,45.807915],[13.566692,45.807826],[13.56682,45.807754],[13.567709,45.807792],[13.568471,45.807785],[13.569718,45.80741],[13.570457,45.807223],[13.571016,45.807036],[13.571395,45.806944],[13.571609,45.806688],[13.571809,45.806357],[13.572038,45.806064],[13.57249,45.805361],[13.573711,45.804517],[13.573912,45.804425],[13.574404,45.804265],[13.574748,45.804172],[13.574879,45.804158],[13.575162,45.804157],[13.575241,45.804171],[13.575312,45.80421],[13.575375,45.804203],[13.575912,45.804034],[13.576689,45.803886],[13.577802,45.803822],[13.577833,45.80384],[13.577892,45.803813],[13.577943,45.803754],[13.578838,45.80354],[13.579343,45.803621],[13.580041,45.80348],[13.580523,45.803113],[13.580858,45.802996],[13.581369,45.802749],[13.58143,45.802738],[13.581768,45.802583],[13.582025,45.802425],[13.582543,45.801945],[13.582658,45.801788],[13.582772,45.801715],[13.582937,45.801566],[13.583015,45.80155],[13.583063,45.801556],[13.583269,45.801662],[13.583336,45.801662],[13.583477,45.801571],[13.583608,45.801378],[13.583614,45.801337],[13.583655,45.801329],[13.583928,45.801344],[13.584358,45.801476],[13.584478,45.801476],[13.584715,45.80151],[13.586286,45.80247],[13.588693,45.803889],[13.587259,45.804573],[13.58727,45.804594],[13.587537,45.804707],[13.588041,45.804996],[13.588356,45.805209],[13.588565,45.805485],[13.58848,45.805603],[13.588509,45.805684],[13.588742,45.80562],[13.589005,45.805659],[13.589163,45.805602],[13.589288,45.805586],[13.589817,45.805658],[13.590014,45.805865],[13.590018,45.805959],[13.590104,45.805969],[13.59013,45.805957],[13.590196,45.805835],[13.590528,45.805886],[13.590894,45.805759],[13.592345,45.805619],[13.592485,45.805638],[13.592778,45.805806],[13.593774,45.806304],[13.594056,45.806386],[13.594522,45.806864],[13.594586,45.807005],[13.594578,45.807134],[13.594412,45.80741],[13.594324,45.8077],[13.594435,45.807743],[13.594787,45.808032],[13.593401,45.808675],[13.592466,45.809],[13.592347,45.80907],[13.592338,45.809146],[13.592365,45.809164],[13.592812,45.809138],[13.592946,45.809162],[13.593658,45.808924],[13.595124,45.808267],[13.595551,45.808213],[13.595918,45.808334],[13.596003,45.809402],[13.596029,45.809418],[13.596476,45.80942],[13.596383,45.809994],[13.596236,45.810682],[13.596742,45.81074],[13.597283,45.810845],[13.597195,45.81161],[13.596184,45.811638],[13.596159,45.811657],[13.596245,45.81289],[13.596436,45.814998],[13.596513,45.815692],[13.597029,45.819499],[13.594204,45.819441],[13.59402,45.819601],[13.594014,45.819614],[13.594038,45.81963],[13.596775,45.81967],[13.596833,45.819844],[13.59341,45.822547],[13.593022,45.822897],[13.592138,45.823584],[13.590507,45.828245],[13.590329,45.828856],[13.589869,45.828828],[13.583039,45.828878],[13.583014,45.828895],[13.58304,45.828914],[13.58814,45.828902],[13.589867,45.828884],[13.590318,45.828919],[13.588157,45.835564],[13.579472,45.840304],[13.576546,45.841927],[13.57607,45.841805],[13.575715,45.842383],[13.574152,45.842396],[13.574041,45.843025],[13.573999,45.843046],[13.573956,45.84334],[13.573969,45.843404],[13.573998,45.843409],[13.574183,45.84336],[13.574679,45.84327],[13.575347,45.843175],[13.575729,45.843187],[13.575993,45.843214],[13.57614,45.843247],[13.576151,45.843429],[13.575835,45.843628],[13.575648,45.843846],[13.575551,45.844151],[13.575228,45.844308],[13.575129,45.844403],[13.574971,45.844645],[13.574932,45.844817],[13.574911,45.845071],[13.574502,45.845459],[13.574943,45.847028],[13.574969,45.847043],[13.575317,45.847034],[13.575646,45.847094],[13.575508,45.847278],[13.575535,45.847413],[13.575659,45.847614],[13.57583,45.847641],[13.576778,45.850935],[13.57631,45.851808],[13.576018,45.851981],[13.57559,45.852183],[13.575868,45.852836],[13.575882,45.852937],[13.575656,45.852963],[13.57533,45.853146],[13.575228,45.853246],[13.5754,45.853654],[13.576824,45.854863],[13.576986,45.855087],[13.577113,45.855063],[13.5773,45.85495],[13.577857,45.855199],[13.578194,45.855423],[13.578439,45.855457],[13.578686,45.855689],[13.578835,45.855895],[13.579075,45.856116],[13.579256,45.856052],[13.579434,45.855903],[13.579478,45.855943],[13.579374,45.856012],[13.57937,45.856035],[13.579813,45.856488],[13.579648,45.856836],[13.579584,45.857268],[13.579823,45.857672],[13.580329,45.857899],[13.580726,45.858942],[13.581181,45.8594],[13.581586,45.859866],[13.58171,45.860115],[13.581891,45.860668],[13.583615,45.865124],[13.584089,45.866404],[13.584081,45.866723],[13.58393,45.867188],[13.584596,45.867299],[13.584645,45.867548],[13.585906,45.869353],[13.585787,45.869491],[13.586936,45.871113],[13.592978,45.874458],[13.593023,45.874621],[13.592118,45.875516],[13.591324,45.876271],[13.590802,45.876807],[13.590029,45.877663],[13.589371,45.878353],[13.58895,45.878654],[13.58835,45.878976],[13.587424,45.879563],[13.5869,45.880093],[13.586504,45.880532],[13.586373,45.881746],[13.586432,45.881834],[13.58717,45.882353],[13.587184,45.882934],[13.587223,45.88311],[13.587472,45.883541],[13.587784,45.88383],[13.587313,45.883478],[13.587176,45.882931],[13.587157,45.88235],[13.586441,45.881851],[13.585953,45.881467],[13.585987,45.879651],[13.585464,45.877885],[13.585204,45.877342],[13.585304,45.876651],[13.585847,45.875739],[13.585288,45.875115],[13.58353,45.873589],[13.583324,45.872853],[13.583547,45.872073],[13.583788,45.871539],[13.58369,45.871315],[13.583769,45.871205],[13.583724,45.871166],[13.58314,45.870921],[13.583298,45.870748],[13.583567,45.870857],[13.583597,45.870855],[13.583646,45.870726],[13.583991,45.870163],[13.584013,45.870043],[13.584221,45.869954],[13.584088,45.869775],[13.584039,45.869638],[13.584106,45.869259],[13.584085,45.869042],[13.584248,45.868862],[13.584312,45.86866],[13.584301,45.868641],[13.584204,45.868596],[13.584163,45.868603],[13.583989,45.868858],[13.583833,45.869261],[13.583762,45.869366],[13.583644,45.869465],[13.583424,45.8696],[13.583436,45.86962],[13.583617,45.869699],[13.582711,45.870738],[13.582277,45.870571],[13.581329,45.870473],[13.581644,45.870088],[13.581152,45.869683],[13.581092,45.869467],[13.581062,45.869464],[13.580928,45.869506],[13.580914,45.869527],[13.58099,45.869742],[13.581477,45.87014],[13.581187,45.870559],[13.578724,45.871716],[13.579218,45.872642],[13.575609,45.873184],[13.575588,45.873199],[13.575507,45.873813],[13.575444,45.873799],[13.575431,45.873475],[13.575327,45.873165],[13.574743,45.872473],[13.574551,45.872287],[13.574363,45.872054],[13.573952,45.871869],[13.57361,45.871768],[13.573366,45.871742],[13.573121,45.871736],[13.573035,45.871715],[13.572582,45.871117],[13.572305,45.870869],[13.571891,45.869963],[13.571914,45.869911],[13.57181,45.869737],[13.571779,45.86974],[13.571482,45.869941],[13.571318,45.870071],[13.570735,45.870181],[13.570296,45.870016],[13.569633,45.870132],[13.568337,45.87032],[13.567951,45.870305],[13.567744,45.870315],[13.567222,45.86945],[13.567185,45.869443],[13.567168,45.869487],[13.567229,45.869646],[13.567608,45.870169],[13.567662,45.870366],[13.567525,45.870578],[13.567524,45.870704],[13.567551,45.870826],[13.567632,45.870988],[13.567587,45.871136],[13.567621,45.871298],[13.567237,45.871208],[13.564562,45.870686],[13.560797,45.871582],[13.55937,45.870334],[13.558823,45.869997],[13.55686,45.869408],[13.55648,45.869394],[13.556246,45.869345],[13.556226,45.869318],[13.555653,45.869186],[13.555064,45.868724],[13.553787,45.868165],[13.553537,45.867749],[13.553108,45.867201],[13.553026,45.866401],[13.552892,45.866005],[13.552487,45.86529],[13.552437,45.865253],[13.552344,45.865071],[13.551769,45.864454],[13.55141,45.86438],[13.550989,45.864017],[13.550102,45.863423],[13.549861,45.863327],[13.550247,45.862531],[13.550819,45.862389],[13.551699,45.862117],[13.551712,45.862093],[13.551632,45.861954],[13.551742,45.861827],[13.551654,45.861799],[13.551851,45.861672],[13.552179,45.861696],[13.552588,45.86162],[13.552608,45.861602],[13.552545,45.861498],[13.552087,45.861544],[13.551733,45.861535],[13.551571,45.861635],[13.551585,45.861655],[13.551676,45.861682],[13.55154,45.861767],[13.551585,45.861949],[13.55106,45.862122],[13.550195,45.862346],[13.550083,45.862492],[13.549812,45.863103],[13.549762,45.863177],[13.549189,45.863698],[13.548994,45.863945],[13.54883,45.864336],[13.548764,45.864575],[13.548777,45.864595],[13.548865,45.864627],[13.548997,45.864782],[13.548505,45.865255],[13.547273,45.866187],[13.546796,45.866367],[13.546649,45.866444],[13.546462,45.866546],[13.546274,45.866723],[13.545688,45.867],[13.545293,45.867259],[13.544924,45.867457],[13.544464,45.867616],[13.544276,45.867585],[13.544325,45.867495],[13.544334,45.867421],[13.544318,45.867357],[13.544229,45.867217],[13.544099,45.867097],[13.543829,45.867025],[13.54379,45.866959],[13.543796,45.866854],[13.543927,45.866517],[13.544058,45.866275],[13.544037,45.866251],[13.543974,45.866262],[13.543822,45.866542],[13.543692,45.866864],[13.543682,45.866967],[13.543716,45.867041],[13.543993,45.867115],[13.544135,45.867258],[13.54422,45.867443],[13.544215,45.867523],[13.54416,45.867617],[13.544115,45.867533],[13.543404,45.86713],[13.543263,45.867083],[13.542538,45.867059],[13.541454,45.866902],[13.540548,45.866809],[13.538966,45.866475],[13.537213,45.866447],[13.537167,45.866221],[13.537202,45.866046],[13.537167,45.865747],[13.537043,45.865478],[13.536878,45.864747],[13.536683,45.864097],[13.536447,45.863664],[13.535904,45.863765],[13.535463,45.86382],[13.535138,45.863809],[13.534392,45.863981],[13.534154,45.863302],[13.533222,45.863404],[13.532747,45.863538],[13.532206,45.86352],[13.531676,45.86345],[13.531563,45.86342],[13.529972,45.863331],[13.529281,45.863568],[13.52893,45.863716],[13.528201,45.863903],[13.527149,45.863839],[13.526359,45.863754],[13.526121,45.863266],[13.525367,45.863156],[13.524506,45.863201],[13.523217,45.863224],[13.522903,45.863225],[13.521985,45.863173],[13.520705,45.862627],[13.520368,45.862288],[13.519912,45.861735],[13.518584,45.861022],[13.51802,45.86066],[13.517918,45.86061],[13.517208,45.859982],[13.516373,45.86016],[13.515801,45.860646],[13.515663,45.860579],[13.51691,45.859462],[13.517858,45.858493],[13.517971,45.858338],[13.518405,45.857882],[13.518778,45.857595],[13.518631,45.857464],[13.51853,45.857404],[13.51844,45.8573],[13.518361,45.857067],[13.518274,45.856938],[13.518133,45.856802],[13.517989,45.856595],[13.517841,45.856426],[13.517942,45.856342],[13.518016,45.856305],[13.518011,45.856274],[13.517952,45.856284],[13.517831,45.856344],[13.517761,45.856401],[13.517759,45.856422],[13.517928,45.856619],[13.518041,45.856788],[13.518187,45.85694],[13.518267,45.857064],[13.51831,45.857233],[13.518371,45.857325],[13.518428,45.857385],[13.518526,45.85745],[13.518663,45.857604],[13.51832,45.857858],[13.517871,45.858324],[13.517768,45.858453],[13.516748,45.859493],[13.515544,45.860542],[13.51327,45.859168]],[[13.535509,45.847746],[13.53552,45.847768],[13.535592,45.847799],[13.535601,45.847857],[13.535638,45.847856],[13.535802,45.847725],[13.536,45.847518],[13.536698,45.846973],[13.537076,45.846654],[13.537077,45.846632],[13.537047,45.846626],[13.536016,45.846886],[13.535615,45.847017],[13.535596,45.847596],[13.535509,45.847746]]]},"properties":{"prov":"GO","comune_amm":"D312","comune_descr":"DOBERDO` DEL LAGO","fascia":"R","zona":"R2","zona_descr":"FRAZIONE IAMIANO - BORGHI CARSICI - ZONA AGRICOLA","microzona":0,"semestre":"2025/1"}},{"type":"Feature","geometry":{"type":"MultiPolygon","coordinates":[[[[13.484345,46.031675],[13.48427,46.031798],[13.484159,46.031787],[13.484058,46.031811],[13.483989,46.031988],[13.483797,46.032085],[13.483566,46.032235],[13.48337,46.032329],[13.483811,46.03275],[13.483901,46.032926],[13.483857,46.032957],[13.483435,46.033009],[13.483256,46.033089],[13.483114,46.033109],[13.482994,46.033046],[13.4826,46.032917],[13.482409,46.03294],[13.482263,46.033026],[13.482083,46.033076],[13.481875,46.03306],[13.481342,46.032936],[13.480896,46.032788],[13.480793,46.032771],[13.480765,46.032779],[13.48079,46.032992],[13.480769,46.03303],[13.480848,46.033335],[13.481142,46.033991],[13.481192,46.034286],[13.481096,46.034315],[13.480957,46.034121],[13.480839,46.034156],[13.48049,46.033061],[13.48039,46.0329],[13.479821,46.033082],[13.479439,46.032542],[13.479239,46.032554],[13.479131,46.032541],[13.478544,46.032695],[13.478232,46.032734],[13.478126,46.032433],[13.477646,46.032465],[13.477457,46.032115],[13.477471,46.031901],[13.47736,46.031656],[13.477243,46.030963],[13.477263,46.030937],[13.477198,46.0309],[13.47707,46.030896],[13.476901,46.030293],[13.476877,46.030036],[13.476896,46.029715],[13.476734,46.028398],[13.477043,46.028398],[13.477119,46.028425],[13.477241,46.028512],[13.477289,46.028653],[13.477511,46.028906],[13.478067,46.029398],[13.478103,46.029401],[13.478398,46.028079],[13.478592,46.027608],[13.478813,46.027162],[13.478801,46.027004],[13.47893,46.027006],[13.479114,46.027065],[13.479729,46.027521],[13.479958,46.027757],[13.480212,46.02797],[13.481242,46.027912],[13.481487,46.027931],[13.482082,46.027911],[13.482026,46.027989],[13.482022,46.028117],[13.482165,46.028449],[13.482357,46.028727],[13.482567,46.029208],[13.482622,46.029243],[13.482647,46.029312],[13.482867,46.029326],[13.482962,46.029389],[13.48325,46.029361],[13.483367,46.029318],[13.483412,46.029322],[13.483532,46.029413],[13.483606,46.029427],[13.48371,46.029409],[13.483816,46.029574],[13.484274,46.029769],[13.484073,46.029739],[13.483958,46.02977],[13.483632,46.029819],[13.48337,46.029831],[13.483202,46.029919],[13.482916,46.029966],[13.482896,46.029987],[13.483055,46.030458],[13.48305,46.030628],[13.483009,46.03077],[13.483049,46.030772],[13.483132,46.030717],[13.483353,46.03083],[13.483575,46.030764],[13.483806,46.030796],[13.483817,46.030838],[13.483878,46.030841],[13.483863,46.031016],[13.483938,46.031199],[13.483831,46.031223],[13.483819,46.031251],[13.484092,46.03149],[13.484172,46.031611],[13.484345,46.031675]]],[[[13.486867,46.035042],[13.486645,46.035016],[13.485807,46.034977],[13.48556,46.034926],[13.48536,46.034902],[13.485085,46.034953],[13.484762,46.035056],[13.484627,46.035114],[13.484534,46.035188],[13.484641,46.034965],[13.484513,46.034807],[13.484457,46.034804],[13.484358,46.034685],[13.484907,46.034483],[13.484917,46.034457],[13.484106,46.033505],[13.484055,46.0335],[13.483661,46.03304],[13.483898,46.033028],[13.483932,46.03304],[13.484044,46.033138],[13.484183,46.033201],[13.484514,46.033544],[13.48473,46.033711],[13.484989,46.034017],[13.485376,46.034418],[13.485601,46.034584],[13.485663,46.03461],[13.485959,46.034662],[13.486168,46.03477],[13.486367,46.034846],[13.48666,46.034922],[13.486867,46.035042]]]]},"properties":{"prov":"GO","comune_amm":"D321","comune_descr":"DOLEGNA DEL COLLIO","fascia":"B","zona":"B1","zona_descr":"CAPOLUOGO - CENTRO ABITATO","microzona":1,"semestre":"2025/1"}},{"type":"Feature","geometry":{"type":"MultiPolygon","coordinates":[[[[13.490737,46.048968],[13.490703,46.048807],[13.490766,46.048831],[13.490966,46.048866],[13.491127,46.048548],[13.491534,46.048664],[13.492122,46.048786],[13.492255,46.048793],[13.492286,46.048769],[13.492385,46.048771],[13.492595,46.048797],[13.492801,46.048745],[13.493193,46.048723],[13.493386,46.048661],[13.493462,46.048747],[13.493631,46.048797],[13.493926,46.049541],[13.494128,46.049993],[13.49468,46.05061],[13.49487,46.050881],[13.495037,46.051274],[13.49497,46.051311],[13.495027,46.051403],[13.494832,46.051439],[13.494801,46.051461],[13.494095,46.051071],[13.4937,46.050511],[13.493521,46.050406],[13.492432,46.049907],[13.491512,46.049422],[13.491117,46.049039],[13.490737,46.048968]]],[[[13.460188,46.005225],[13.46015,46.005143],[13.460273,46.004879],[13.46033,46.004678],[13.460537,46.00441],[13.460582,46.004319],[13.460676,46.003995],[13.460667,46.003837],[13.460594,46.003695],[13.460491,46.003347],[13.460471,46.003156],[13.460661,46.002494],[13.460706,46.00222],[13.460685,46.001825],[13.460506,46.000776],[13.460538,46.000339],[13.460513,46.000144],[13.460544,46.000059],[13.460811,45.999826],[13.46126,45.999528],[13.46158,45.999383],[13.4619,45.999269],[13.462242,45.999089],[13.462952,45.998786],[13.463412,45.998675],[13.463815,45.999848],[13.463848,45.999848],[13.463988,45.999775],[13.464271,45.999691],[13.464427,45.999742],[13.464886,45.999836],[13.465088,45.999903],[13.46533,46.000103],[13.465691,46.000536],[13.466184,46.000998],[13.466242,46.001076],[13.466272,46.001084],[13.466288,46.001044],[13.466229,46.000959],[13.465739,46.000494],[13.465385,46.000052],[13.465144,45.999848],[13.464936,45.999775],[13.46448,45.999677],[13.464323,45.999624],[13.46403,45.999703],[13.463852,45.999791],[13.463472,45.998581],[13.463757,45.998484],[13.463927,45.998447],[13.464269,45.998392],[13.464489,45.998373],[13.465328,45.998366],[13.466445,45.998439],[13.467233,45.998403],[13.467615,45.998352],[13.467967,45.998169],[13.468075,45.998045],[13.468102,45.997926],[13.468229,45.997696],[13.468291,45.9975],[13.468289,45.997446],[13.46823,45.997377],[13.468255,45.997107],[13.468223,45.996681],[13.468102,45.996255],[13.467964,45.995972],[13.467692,45.995491],[13.467449,45.995189],[13.46724,45.994859],[13.46716,45.994698],[13.466916,45.993993],[13.466816,45.993765],[13.466663,45.993059],[13.466625,45.99255],[13.466563,45.992252],[13.466459,45.991993],[13.466307,45.991736],[13.465992,45.991308],[13.465507,45.990838],[13.465504,45.990813],[13.465157,45.990517],[13.464564,45.990104],[13.464405,45.989976],[13.464333,45.989873],[13.464267,45.989606],[13.464267,45.989312],[13.464408,45.988157],[13.464426,45.987543],[13.464635,45.986914],[13.464917,45.986528],[13.46584,45.98645],[13.465776,45.98657],[13.465742,45.986749],[13.465819,45.987002],[13.465785,45.987085],[13.465816,45.987095],[13.466006,45.987056],[13.466171,45.986948],[13.466256,45.986711],[13.467008,45.986623],[13.467141,45.986907],[13.467191,45.986915],[13.467364,45.986768],[13.468038,45.986519],[13.468819,45.98612],[13.468989,45.986205],[13.469099,45.986285],[13.469157,45.986352],[13.469212,45.98646],[13.469239,45.986473],[13.46935,45.986404],[13.469683,45.98601],[13.469977,45.985573],[13.47007,45.98547],[13.470487,45.985215],[13.470827,45.98506],[13.470883,45.98502],[13.471098,45.984785],[13.471375,45.984766],[13.471942,45.984524],[13.472074,45.984705],[13.472271,45.984889],[13.473045,45.98523],[13.473819,45.985611],[13.474128,45.985811],[13.474599,45.98604],[13.474958,45.986281],[13.475716,45.986712],[13.475825,45.986793],[13.476248,45.987183],[13.476338,45.987291],[13.47656,45.987483],[13.476595,45.987487],[13.47675,45.987414],[13.476935,45.987372],[13.477172,45.987203],[13.477432,45.987082],[13.477951,45.986977],[13.478173,45.986879],[13.478253,45.986819],[13.478533,45.986765],[13.478577,45.986708],[13.478556,45.986677],[13.478634,45.986631],[13.47881,45.986471],[13.478859,45.98639],[13.478982,45.986268],[13.479061,45.986142],[13.479325,45.985881],[13.47994,45.985396],[13.480079,45.985336],[13.480393,45.985409],[13.480581,45.985437],[13.480696,45.985384],[13.480925,45.985362],[13.481008,45.98537],[13.481167,45.985415],[13.48153,45.985581],[13.48168,45.985625],[13.482007,45.985676],[13.482145,45.985674],[13.482489,45.985609],[13.48292,45.985551],[13.483123,45.985555],[13.483843,45.985652],[13.483943,45.985654],[13.484032,45.98564],[13.48429,45.985547],[13.484671,45.985467],[13.484869,45.985361],[13.485151,45.985258],[13.485308,45.985231],[13.48583,45.985088],[13.486033,45.985052],[13.486311,45.985043],[13.486879,45.984952],[13.486977,45.984894],[13.487107,45.984687],[13.487204,45.984593],[13.487371,45.984377],[13.487682,45.98408],[13.488087,45.98376],[13.488512,45.983327],[13.488566,45.983245],[13.488584,45.983137],[13.488965,45.982718],[13.489007,45.982574],[13.489082,45.982428],[13.489175,45.982351],[13.489532,45.98217],[13.48976,45.981917],[13.489847,45.981951],[13.490367,45.982086],[13.490406,45.982075],[13.4909,45.98213],[13.49096,45.98215],[13.491007,45.982204],[13.491046,45.98242],[13.491167,45.982713],[13.491273,45.982891],[13.491449,45.983104],[13.491692,45.983211],[13.491982,45.983386],[13.491995,45.983414],[13.49217,45.983482],[13.493385,45.983833],[13.493772,45.983979],[13.493895,45.984129],[13.494309,45.984444],[13.494617,45.984651],[13.494534,45.984723],[13.494425,45.98488],[13.494233,45.984891],[13.494194,45.984911],[13.494206,45.984933],[13.494339,45.984982],[13.49446,45.985059],[13.4945,45.985116],[13.494466,45.985151],[13.494374,45.985143],[13.494312,45.985161],[13.494272,45.985209],[13.494251,45.985299],[13.494242,45.985424],[13.494269,45.985542],[13.494408,45.985688],[13.494405,45.985806],[13.49446,45.985859],[13.49458,45.985878],[13.494688,45.985953],[13.494743,45.985969],[13.494775,45.98601],[13.494727,45.986044],[13.494594,45.986067],[13.494555,45.986109],[13.494568,45.986166],[13.49465,45.986219],[13.49468,45.986267],[13.494523,45.986432],[13.494477,45.986598],[13.494487,45.986659],[13.494558,45.986729],[13.494568,45.986761],[13.494541,45.98688],[13.494503,45.986905],[13.49444,45.986908],[13.494243,45.986868],[13.49418,45.986879],[13.494146,45.986928],[13.494148,45.986996],[13.494174,45.987051],[13.49427,45.987168],[13.494269,45.987193],[13.494231,45.987235],[13.494232,45.987282],[13.494342,45.987354],[13.494386,45.987403],[13.494408,45.987511],[13.494351,45.987544],[13.494239,45.987457],[13.494141,45.987466],[13.49409,45.987524],[13.493912,45.987596],[13.493879,45.987661],[13.493883,45.987722],[13.493919,45.987789],[13.494039,45.987885],[13.494065,45.987927],[13.494066,45.987985],[13.494005,45.988063],[13.49399,45.988134],[13.494008,45.988241],[13.494152,45.988577],[13.494037,45.988691],[13.494044,45.988806],[13.494025,45.988849],[13.493948,45.988862],[13.493854,45.988834],[13.49379,45.988841],[13.493758,45.988875],[13.493699,45.989072],[13.493502,45.989253],[13.493391,45.989303],[13.493239,45.989346],[13.493206,45.989371],[13.493163,45.989467],[13.493006,45.989516],[13.492832,45.989598],[13.492404,45.989984],[13.492416,45.990112],[13.492393,45.990305],[13.492269,45.990406],[13.492251,45.990539],[13.492084,45.990708],[13.491848,45.99067],[13.491715,45.99062],[13.49156,45.990484],[13.491469,45.990476],[13.491384,45.990435],[13.491288,45.990352],[13.491063,45.990249],[13.490928,45.990212],[13.490827,45.990087],[13.490837,45.990049],[13.490754,45.990006],[13.49053,45.989938],[13.490437,45.989884],[13.490349,45.989886],[13.490351,45.989912],[13.490431,45.989959],[13.490661,45.990029],[13.490761,45.990083],[13.490739,45.990121],[13.490837,45.990238],[13.490964,45.990272],[13.491196,45.990379],[13.491288,45.990459],[13.49137,45.990497],[13.491457,45.990501],[13.491615,45.990644],[13.491757,45.990698],[13.49199,45.990738],[13.491804,45.990927],[13.491673,45.99124],[13.491621,45.991267],[13.491459,45.99129],[13.491391,45.991351],[13.491369,45.991404],[13.491411,45.99159],[13.49137,45.991634],[13.491258,45.991651],[13.491198,45.991688],[13.491127,45.991857],[13.491065,45.991931],[13.49097,45.992137],[13.490934,45.992174],[13.490809,45.992249],[13.490582,45.992304],[13.490115,45.992517],[13.490025,45.992585],[13.489942,45.992742],[13.489743,45.992875],[13.489615,45.992985],[13.489562,45.993061],[13.489374,45.993135],[13.489094,45.993298],[13.489062,45.993336],[13.489062,45.993395],[13.489111,45.993451],[13.489115,45.993485],[13.489037,45.993581],[13.488996,45.993695],[13.489012,45.993881],[13.488955,45.993882],[13.488877,45.993852],[13.488748,45.99387],[13.488428,45.993975],[13.488317,45.994031],[13.488287,45.994065],[13.488274,45.994114],[13.488347,45.994309],[13.488328,45.994438],[13.488339,45.994594],[13.488198,45.994587],[13.488094,45.994621],[13.487871,45.994764],[13.487843,45.994837],[13.487875,45.994994],[13.487971,45.995167],[13.48798,45.99528],[13.488059,45.995338],[13.488027,45.995438],[13.488148,45.995508],[13.48816,45.995531],[13.488065,45.995557],[13.487895,45.995775],[13.487897,45.995835],[13.487941,45.9959],[13.488092,45.995945],[13.48815,45.995986],[13.488202,45.996152],[13.488198,45.996202],[13.488074,45.996286],[13.488038,45.996397],[13.487986,45.996468],[13.487964,45.996576],[13.487894,45.996542],[13.487839,45.996554],[13.487781,45.996671],[13.487738,45.996695],[13.487508,45.996952],[13.486935,45.997471],[13.486938,45.997507],[13.486826,45.997556],[13.48687,45.99767],[13.486912,45.997895],[13.486736,45.998174],[13.486529,45.998418],[13.486331,45.998744],[13.486074,45.999268],[13.485883,45.999542],[13.485329,46.000066],[13.484888,46.000427],[13.484673,46.00058],[13.483634,46.000973],[13.482793,46.00135],[13.482224,46.001707],[13.481979,46.001819],[13.481525,46.002102],[13.481266,46.002179],[13.480274,46.002272],[13.479825,46.002512],[13.4797,46.0026],[13.479358,46.002549],[13.479203,46.002502],[13.478847,46.002494],[13.478658,46.002435],[13.478515,46.002277],[13.478476,46.002273],[13.478472,46.002301],[13.478632,46.002475],[13.478767,46.00252],[13.478832,46.002536],[13.479188,46.002542],[13.479333,46.002588],[13.479679,46.002639],[13.479333,46.002891],[13.478598,46.003467],[13.478386,46.003699],[13.478115,46.004126],[13.478129,46.004177],[13.478093,46.004193],[13.477957,46.004754],[13.47774,46.005177],[13.47744,46.005561],[13.477265,46.005645],[13.47644,46.005847],[13.476106,46.006],[13.476096,46.006021],[13.476216,46.006258],[13.476365,46.006685],[13.47684,46.006638],[13.476901,46.007057],[13.477026,46.007583],[13.477389,46.007857],[13.477962,46.008243],[13.478426,46.008352],[13.478687,46.008684],[13.478864,46.008832],[13.478891,46.008837],[13.479243,46.008763],[13.479697,46.008777],[13.480037,46.008998],[13.480249,46.009027],[13.4808,46.009451],[13.480626,46.009611],[13.480236,46.00986],[13.480146,46.010061],[13.479801,46.01027],[13.479468,46.010865],[13.479151,46.010883],[13.479128,46.0109],[13.479179,46.010957],[13.47928,46.011008],[13.479534,46.01099],[13.47962,46.010997],[13.479597,46.011033],[13.479614,46.011066],[13.479622,46.011407],[13.479662,46.011496],[13.479755,46.011549],[13.480033,46.011648],[13.480176,46.011744],[13.480147,46.011804],[13.48016,46.011826],[13.480433,46.011909],[13.480637,46.012013],[13.481391,46.012094],[13.4818,46.012219],[13.482754,46.012543],[13.483122,46.012782],[13.483491,46.012908],[13.483804,46.01286],[13.484113,46.012769],[13.484171,46.01277],[13.484297,46.01281],[13.484474,46.012821],[13.484546,46.012802],[13.484751,46.012669],[13.484838,46.012635],[13.485022,46.012633],[13.485114,46.012667],[13.485295,46.012868],[13.485408,46.012956],[13.485661,46.013085],[13.485941,46.013189],[13.48609,46.013276],[13.486367,46.013713],[13.486303,46.013904],[13.486397,46.014003],[13.486581,46.014063],[13.487163,46.014144],[13.487508,46.014226],[13.487553,46.014246],[13.487698,46.014397],[13.48786,46.014512],[13.488062,46.01457],[13.488342,46.014589],[13.488458,46.014644],[13.48861,46.014761],[13.488886,46.014849],[13.489124,46.014863],[13.489266,46.014809],[13.489308,46.014735],[13.489354,46.014511],[13.489382,46.01448],[13.489472,46.014449],[13.489588,46.01445],[13.489666,46.014467],[13.489874,46.014609],[13.489924,46.014621],[13.490543,46.014548],[13.490922,46.014532],[13.491088,46.014464],[13.491502,46.014468],[13.491673,46.014409],[13.492104,46.014555],[13.492437,46.014548],[13.492689,46.014734],[13.49291,46.014861],[13.493171,46.014847],[13.493572,46.01491],[13.493749,46.014908],[13.493994,46.0148],[13.494156,46.014694],[13.494212,46.014688],[13.494413,46.014776],[13.494479,46.014835],[13.494553,46.014942],[13.494692,46.015051],[13.495085,46.015308],[13.495164,46.015417],[13.495288,46.015516],[13.495382,46.015567],[13.495714,46.015696],[13.495842,46.015778],[13.496105,46.015866],[13.496234,46.015944],[13.496418,46.016153],[13.496621,46.016268],[13.496755,46.016392],[13.496886,46.016561],[13.497016,46.01683],[13.497211,46.016913],[13.497323,46.017007],[13.497372,46.017109],[13.497355,46.017185],[13.4972,46.017342],[13.497176,46.017543],[13.497272,46.017808],[13.497455,46.017987],[13.497464,46.01811],[13.497408,46.018399],[13.497533,46.018676],[13.497617,46.018815],[13.496661,46.018862],[13.496164,46.018903],[13.494813,46.019078],[13.494561,46.01901],[13.494447,46.01901],[13.493622,46.019165],[13.492373,46.019571],[13.492348,46.019543],[13.492056,46.019406],[13.492036,46.019402],[13.492016,46.019422],[13.492437,46.019634],[13.493646,46.019238],[13.494502,46.019083],[13.49461,46.019077],[13.494885,46.019147],[13.49623,46.018971],[13.497678,46.018886],[13.497699,46.01903],[13.497987,46.019408],[13.498302,46.019667],[13.49836,46.019738],[13.498352,46.01987],[13.498369,46.019964],[13.498513,46.020256],[13.49859,46.020328],[13.498809,46.020602],[13.49884,46.020619],[13.498983,46.020643],[13.499079,46.02072],[13.499084,46.020788],[13.499028,46.020932],[13.499017,46.021046],[13.499078,46.021272],[13.499231,46.021613],[13.499533,46.021876],[13.499878,46.022058],[13.500034,46.022186],[13.500365,46.022571],[13.500489,46.022785],[13.500652,46.022884],[13.500712,46.023285],[13.500872,46.023528],[13.50084,46.023532],[13.500545,46.02345],[13.499755,46.023816],[13.499396,46.024052],[13.499243,46.024252],[13.499175,46.024481],[13.499141,46.024705],[13.499188,46.024876],[13.49902,46.025133],[13.498703,46.025334],[13.498536,46.025393],[13.498328,46.02544],[13.497791,46.026009],[13.497138,46.026009],[13.496391,46.026083],[13.495911,46.026367],[13.496212,46.026739],[13.496285,46.026997],[13.496826,46.028087],[13.496871,46.028104],[13.49688,46.028122],[13.496694,46.02826],[13.496692,46.028281],[13.49761,46.029257],[13.498047,46.030096],[13.498042,46.030282],[13.498218,46.030345],[13.498295,46.030404],[13.49838,46.030615],[13.498392,46.030705],[13.498465,46.030821],[13.498357,46.031151],[13.498357,46.031339],[13.498278,46.0316],[13.498285,46.031678],[13.498391,46.032006],[13.498353,46.032268],[13.49818,46.032434],[13.498183,46.032485],[13.498217,46.03252],[13.498253,46.032609],[13.498178,46.032785],[13.49812,46.032994],[13.498112,46.033075],[13.498151,46.03314],[13.49814,46.033203],[13.497989,46.03331],[13.497958,46.033384],[13.497952,46.033547],[13.497875,46.033609],[13.4972,46.033932],[13.496933,46.03411],[13.496631,46.034248],[13.496425,46.034426],[13.496202,46.034579],[13.496184,46.034633],[13.496227,46.034812],[13.496188,46.034883],[13.496215,46.034903],[13.496305,46.0349],[13.496425,46.034859],[13.496433,46.03482],[13.49638,46.034691],[13.496373,46.034623],[13.496397,46.034557],[13.496826,46.034259],[13.497009,46.034196],[13.497232,46.034075],[13.497426,46.033932],[13.497664,46.033853],[13.497831,46.033752],[13.498077,46.033636],[13.498104,46.033568],[13.498109,46.033392],[13.498268,46.033286],[13.498294,46.033217],[13.498237,46.033115],[13.498262,46.032981],[13.498345,46.032754],[13.498396,46.032713],[13.498308,46.032526],[13.498483,46.032354],[13.498544,46.032135],[13.49845,46.031809],[13.498565,46.031196],[13.498647,46.031051],[13.498536,46.03093],[13.498527,46.030877],[13.498733,46.030955],[13.498906,46.031194],[13.499002,46.031192],[13.499056,46.03115],[13.499152,46.031016],[13.499125,46.031003],[13.499049,46.031007],[13.498945,46.030881],[13.498877,46.030766],[13.498666,46.03068],[13.498606,46.030439],[13.498544,46.030388],[13.498314,46.0303],[13.498334,46.03011],[13.497861,46.029288],[13.497027,46.028403],[13.49698,46.028315],[13.497123,46.028214],[13.497129,46.028194],[13.496893,46.027758],[13.496637,46.027157],[13.496554,46.026904],[13.496229,46.026543],[13.49669,46.026258],[13.497748,46.026192],[13.498111,46.026201],[13.498665,46.025655],[13.498966,46.025594],[13.499311,46.025433],[13.499561,46.025119],[13.499553,46.025016],[13.499499,46.024922],[13.499673,46.024433],[13.499722,46.024371],[13.500133,46.02408],[13.500984,46.023732],[13.501246,46.023806],[13.501262,46.023783],[13.501195,46.02364],[13.501216,46.02363],[13.501396,46.023984],[13.50143,46.024017],[13.501544,46.024061],[13.501759,46.024098],[13.501826,46.024138],[13.501849,46.024192],[13.501829,46.024306],[13.501708,46.024439],[13.50158,46.024525],[13.501576,46.024594],[13.501652,46.024647],[13.502228,46.024783],[13.502423,46.02487],[13.502562,46.024956],[13.50288,46.025233],[13.503112,46.025499],[13.503217,46.025648],[13.503316,46.025731],[13.503498,46.025823],[13.503535,46.025861],[13.503618,46.026057],[13.503878,46.026253],[13.503947,46.026419],[13.504097,46.026554],[13.504054,46.026797],[13.504267,46.027007],[13.504224,46.027282],[13.504231,46.027363],[13.504326,46.027513],[13.504463,46.027656],[13.50455,46.027784],[13.504617,46.02798],[13.504624,46.028095],[13.504596,46.028286],[13.50451,46.028536],[13.5044,46.029156],[13.504626,46.029507],[13.504693,46.029915],[13.504756,46.029991],[13.50386,46.03025],[13.50372,46.030351],[13.50365,46.030363],[13.503417,46.030357],[13.50337,46.030403],[13.503316,46.030423],[13.503099,46.030455],[13.503003,46.03055],[13.503027,46.030622],[13.503056,46.030634],[13.503114,46.030625],[13.503154,46.030611],[13.503205,46.03056],[13.503429,46.030569],[13.503505,46.030557],[13.503555,46.030534],[13.503637,46.030461],[13.504522,46.030215],[13.504598,46.030354],[13.504564,46.030552],[13.504569,46.030629],[13.504613,46.030725],[13.504706,46.030801],[13.505008,46.030916],[13.505209,46.030884],[13.505284,46.030892],[13.505504,46.031054],[13.505627,46.031204],[13.505689,46.031367],[13.5057,46.031562],[13.505806,46.031769],[13.505849,46.031947],[13.506284,46.03215],[13.506589,46.032392],[13.506837,46.032623],[13.507211,46.033162],[13.507159,46.033307],[13.507034,46.033502],[13.507054,46.033575],[13.507154,46.03365],[13.50734,46.033738],[13.507709,46.033718],[13.507767,46.033727],[13.50795,46.033886],[13.507952,46.033974],[13.507917,46.034086],[13.508006,46.034325],[13.508152,46.03456],[13.508111,46.034779],[13.508398,46.034989],[13.508299,46.03509],[13.508209,46.035283],[13.508299,46.035505],[13.508117,46.035735],[13.508445,46.035928],[13.50841,46.035987],[13.508069,46.036303],[13.508035,46.036388],[13.508061,46.036496],[13.508249,46.03672],[13.508277,46.036839],[13.508274,46.036957],[13.508213,46.037154],[13.508182,46.037413],[13.508243,46.037574],[13.508623,46.03782],[13.508738,46.038002],[13.508748,46.038075],[13.508673,46.038412],[13.508879,46.038968],[13.508929,46.039263],[13.508964,46.039815],[13.508934,46.039986],[13.508107,46.03905],[13.508028,46.038892],[13.507916,46.038347],[13.507843,46.038295],[13.507615,46.038203],[13.507383,46.037937],[13.507353,46.037927],[13.507334,46.037948],[13.507371,46.038105],[13.507417,46.038191],[13.507436,46.038357],[13.507569,46.038499],[13.507789,46.038589],[13.507866,46.038647],[13.507962,46.039184],[13.50804,46.039345],[13.508845,46.040282],[13.508804,46.040393],[13.508801,46.040552],[13.508883,46.040795],[13.509185,46.041217],[13.509218,46.041292],[13.509174,46.041721],[13.509222,46.041878],[13.50926,46.041949],[13.509714,46.042486],[13.509167,46.042807],[13.508173,46.043323],[13.508013,46.04342],[13.507863,46.043546],[13.507829,46.043684],[13.50847,46.044245],[13.508392,46.044651],[13.508205,46.046141],[13.507056,46.046214],[13.506214,46.04603],[13.505852,46.046079],[13.505226,46.046304],[13.5047,46.046355],[13.503491,46.046615],[13.50258,46.046788],[13.50019,46.047298],[13.499922,46.047285],[13.499377,46.047309],[13.498745,46.047389],[13.498477,46.047394],[13.498225,46.047464],[13.498088,46.047583],[13.497931,46.047761],[13.497491,46.048162],[13.497056,46.048231],[13.496775,46.0482],[13.496236,46.048318],[13.496164,46.04842],[13.496167,46.04847],[13.496009,46.048413],[13.495942,46.048325],[13.495748,46.048368],[13.495355,46.048364],[13.495145,46.048401],[13.494942,46.04836],[13.494884,46.048355],[13.494852,46.048377],[13.494681,46.048356],[13.494124,46.048196],[13.493765,46.048073],[13.493569,46.0484],[13.493355,46.048343],[13.49332,46.048347],[13.493325,46.048508],[13.492775,46.048428],[13.492406,46.048358],[13.491672,46.048292],[13.490597,46.048288],[13.488973,46.048348],[13.488279,46.048416],[13.487819,46.04852],[13.487329,46.048653],[13.48699,46.048629],[13.486559,46.048431],[13.486207,46.048056],[13.485901,46.047545],[13.485677,46.047333],[13.485369,46.047175],[13.48497,46.046922],[13.484727,46.046578],[13.48468,46.046347],[13.48474,46.046177],[13.484997,46.045987],[13.485451,46.045535],[13.485547,46.045045],[13.48555,46.044637],[13.485442,46.044224],[13.485134,46.044026],[13.48429,46.043788],[13.4836,46.043674],[13.483027,46.043557],[13.482597,46.043399],[13.482209,46.043097],[13.482235,46.042727],[13.482657,46.042282],[13.483177,46.041609],[13.483475,46.041153],[13.483523,46.040998],[13.483492,46.040843],[13.483822,46.040883],[13.483974,46.040888],[13.484135,46.040927],[13.484439,46.041073],[13.484791,46.041288],[13.485262,46.041473],[13.485653,46.041156],[13.485824,46.041207],[13.485955,46.041221],[13.486334,46.041106],[13.486892,46.040977],[13.487027,46.040958],[13.48716,46.040959],[13.487153,46.040872],[13.487122,46.040856],[13.48701,46.040869],[13.486616,46.040957],[13.48641,46.040987],[13.486021,46.041093],[13.485899,46.041074],[13.485738,46.041025],[13.485332,46.041332],[13.484881,46.041137],[13.484866,46.041104],[13.48476,46.04102],[13.484293,46.04076],[13.484133,46.040716],[13.483982,46.040708],[13.483656,46.04066],[13.483613,46.040407],[13.483389,46.039806],[13.483114,46.039447],[13.482839,46.038917],[13.482747,46.038607],[13.48271,46.038382],[13.481923,46.037899],[13.481384,46.037758],[13.480661,46.037771],[13.480009,46.037866],[13.479253,46.038005],[13.478935,46.037572],[13.478481,46.036826],[13.477521,46.034615],[13.477506,46.034224],[13.477635,46.03346],[13.47756,46.032665],[13.477373,46.032085],[13.477081,46.030936],[13.47724,46.030945],[13.477352,46.03099],[13.47789,46.031368],[13.478342,46.031625],[13.478381,46.031672],[13.478422,46.031895],[13.478459,46.03197],[13.478555,46.032039],[13.478939,46.032182],[13.479104,46.03222],[13.479222,46.032271],[13.479365,46.032274],[13.479445,46.032223],[13.479495,46.032246],[13.479517,46.032287],[13.479502,46.032324],[13.479389,46.032378],[13.479392,46.032408],[13.479474,46.032476],[13.479654,46.032501],[13.480079,46.03265],[13.480356,46.032788],[13.480822,46.032763],[13.481198,46.032894],[13.481812,46.033076],[13.482097,46.033118],[13.482188,46.033114],[13.482407,46.033032],[13.482464,46.032973],[13.482584,46.032947],[13.482761,46.032947],[13.482874,46.033012],[13.483022,46.033034],[13.483145,46.033101],[13.483273,46.033138],[13.483396,46.033062],[13.483478,46.033031],[13.48394,46.033002],[13.483941,46.032976],[13.483903,46.032946],[13.483926,46.032914],[13.483837,46.032746],[13.483376,46.032321],[13.483575,46.032229],[13.483795,46.032086],[13.483984,46.03199],[13.484055,46.031809],[13.484168,46.031786],[13.484268,46.031794],[13.484336,46.031677],[13.484174,46.031614],[13.48409,46.031489],[13.483797,46.031231],[13.483915,46.031205],[13.483932,46.031183],[13.483863,46.031014],[13.483877,46.030861],[13.483849,46.030841],[13.483811,46.030844],[13.483804,46.0308],[13.48358,46.030765],[13.483353,46.030832],[13.483132,46.030722],[13.482994,46.030809],[13.483054,46.030629],[13.483067,46.03052],[13.482889,46.029971],[13.48321,46.029916],[13.483366,46.029831],[13.483633,46.029819],[13.483956,46.02977],[13.484062,46.029739],[13.484144,46.029745],[13.484157,46.029723],[13.483808,46.029568],[13.483708,46.029414],[13.483596,46.029428],[13.483528,46.029413],[13.483407,46.029322],[13.483332,46.029322],[13.483252,46.029361],[13.482947,46.02939],[13.48286,46.029326],[13.482633,46.029313],[13.482613,46.029256],[13.48255,46.029216],[13.482331,46.028726],[13.482138,46.02845],[13.481989,46.028113],[13.481978,46.028061],[13.482003,46.027937],[13.481528,46.027952],[13.481332,46.027933],[13.480282,46.027986],[13.480194,46.027935],[13.479984,46.027764],[13.479769,46.027542],[13.479597,46.027398],[13.479166,46.027086],[13.478964,46.027027],[13.478863,46.027028],[13.478837,46.027047],[13.478848,46.027173],[13.478824,46.027262],[13.478603,46.027676],[13.478433,46.028103],[13.478126,46.029478],[13.477519,46.028951],[13.477286,46.028693],[13.477237,46.02855],[13.477119,46.028468],[13.477026,46.028436],[13.476717,46.028439],[13.476697,46.0283],[13.476447,46.027608],[13.47567,46.025644],[13.475403,46.025098],[13.475107,46.024692],[13.474683,46.024279],[13.474308,46.023974],[13.474091,46.023814],[13.473489,46.02342],[13.472997,46.022952],[13.472947,46.022884],[13.472869,46.022732],[13.472802,46.022512],[13.472755,46.022186],[13.472765,46.022078],[13.472605,46.02101],[13.472492,46.020712],[13.472324,46.020492],[13.471929,46.020136],[13.471438,46.019947],[13.471287,46.019853],[13.471178,46.019726],[13.471004,46.019297],[13.470984,46.019069],[13.47105,46.01885],[13.471154,46.018341],[13.471512,46.01743],[13.471515,46.016959],[13.471316,46.016227],[13.471267,46.015807],[13.471135,46.015288],[13.471086,46.014781],[13.470944,46.014454],[13.470864,46.014006],[13.470872,46.013269],[13.471042,46.012498],[13.471101,46.012324],[13.471292,46.012053],[13.470774,46.011511],[13.469784,46.010863],[13.469077,46.010207],[13.468685,46.009918],[13.46844,46.009809],[13.468695,46.009669],[13.468785,46.009597],[13.469286,46.009985],[13.469317,46.009989],[13.470823,46.009399],[13.471201,46.009348],[13.471387,46.009242],[13.471396,46.009204],[13.471345,46.009166],[13.471137,46.009277],[13.470772,46.009326],[13.469282,46.009912],[13.468793,46.009537],[13.468707,46.009599],[13.468425,46.009738],[13.468055,46.009472],[13.466953,46.008909],[13.466666,46.008563],[13.466361,46.008155],[13.465114,46.006932],[13.465068,46.006933],[13.464741,46.006672],[13.46426,46.006385],[13.463988,46.006255],[13.463507,46.006097],[13.462768,46.005817],[13.462335,46.005687],[13.461683,46.005585],[13.460982,46.005508],[13.46056,46.00541],[13.460252,46.005283],[13.460188,46.005225]],[[13.477285,46.030974],[13.477248,46.030993],[13.47736,46.031655],[13.477471,46.031897],[13.477459,46.032118],[13.477641,46.032455],[13.477668,46.032466],[13.47813,46.032429],[13.478223,46.032717],[13.478253,46.032731],[13.478548,46.032694],[13.479134,46.03254],[13.479237,46.032554],[13.479442,46.032539],[13.479823,46.033077],[13.480393,46.032893],[13.48049,46.033062],[13.480832,46.034136],[13.48087,46.034148],[13.48096,46.034114],[13.481084,46.034301],[13.481117,46.03431],[13.481174,46.034294],[13.48119,46.034275],[13.481143,46.033991],[13.480848,46.033336],[13.480766,46.03302],[13.48079,46.032991],[13.480755,46.032796],[13.480349,46.032816],[13.480072,46.032671],[13.479896,46.032604],[13.479461,46.032498],[13.479357,46.032419],[13.47933,46.032378],[13.479372,46.032337],[13.479466,46.032319],[13.479482,46.032297],[13.47947,46.032281],[13.479313,46.032313],[13.479237,46.032302],[13.479091,46.032231],[13.478934,46.032199],[13.478811,46.032142],[13.478536,46.032051],[13.478426,46.031986],[13.478366,46.031875],[13.478362,46.031676],[13.478334,46.031634],[13.477891,46.031379],[13.477346,46.030996],[13.477285,46.030974]],[[13.483701,46.033038],[13.483682,46.033065],[13.484046,46.033488],[13.484095,46.033493],[13.484929,46.034471],[13.484367,46.034687],[13.484448,46.034793],[13.484503,46.034796],[13.484644,46.034969],[13.48458,46.035099],[13.484591,46.03512],[13.485089,46.034952],[13.485371,46.034901],[13.485811,46.034978],[13.486796,46.035028],[13.486796,46.035001],[13.486665,46.034925],[13.486367,46.034846],[13.486171,46.034772],[13.485956,46.034662],[13.48566,46.034609],[13.485596,46.034582],[13.485378,46.03442],[13.484989,46.034017],[13.48473,46.03371],[13.484512,46.033542],[13.484184,46.033202],[13.484039,46.033136],[13.483924,46.033036],[13.483701,46.033038]]]]},"properties":{"prov":"GO","comune_amm":"D321","comune_descr":"DOLEGNA DEL COLLIO","fascia":"R","zona":"R1","zona_descr":"ZONA AGRICOLA - REGIONE AGRARIA 2 - INTERO TERRITORIO COMUNALE","microzona":1,"semestre":"2025/1"}},{"type":"Feature","geometry":{"type":"MultiPolygon","coordinates":[[[[13.512582,45.906003],[13.512567,45.906049],[13.512515,45.906043],[13.511851,45.905667],[13.512535,45.905586],[13.512582,45.906003]]],[[[13.513583,45.907393],[13.513578,45.907489],[13.512753,45.908264],[13.51268,45.908317],[13.512527,45.908386],[13.51223,45.90848],[13.510336,45.908989],[13.509391,45.908841],[13.508858,45.908781],[13.507653,45.90858],[13.507326,45.908549],[13.506739,45.908437],[13.506485,45.908321],[13.506454,45.908322],[13.50458,45.909339],[13.504237,45.909541],[13.504092,45.909662],[13.503895,45.909869],[13.503563,45.910464],[13.503354,45.910457],[13.50368,45.909894],[13.503848,45.909672],[13.503956,45.909561],[13.504293,45.909327],[13.505042,45.908912],[13.506011,45.908404],[13.508311,45.907136],[13.508699,45.906996],[13.509035,45.906945],[13.509408,45.906914],[13.51193,45.906783],[13.51212,45.906756],[13.512206,45.906721],[13.512217,45.906699],[13.512188,45.906688],[13.511968,45.90671],[13.511435,45.906731],[13.511807,45.906149],[13.511798,45.906128],[13.511563,45.906013],[13.51177,45.905723],[13.512506,45.906142],[13.512784,45.906411],[13.512641,45.906499],[13.512636,45.906523],[13.512863,45.906758],[13.513435,45.907242],[13.513583,45.907393]]],[[[13.515106,45.910769],[13.514113,45.912213],[13.514139,45.912267],[13.514256,45.912323],[13.514325,45.912399],[13.513549,45.913525],[13.512735,45.913222],[13.513599,45.91211],[13.513586,45.912085],[13.513323,45.912004],[13.513876,45.911204],[13.511964,45.910581],[13.512161,45.910296],[13.51191,45.910174],[13.512102,45.909967],[13.511463,45.909716],[13.511288,45.909622],[13.510463,45.909093],[13.51049,45.909022],[13.511049,45.908858],[13.511919,45.90865],[13.512601,45.908421],[13.512854,45.90852],[13.512641,45.90879],[13.512927,45.908933],[13.51219,45.909925],[13.512747,45.910153],[13.513311,45.910347],[13.513953,45.910423],[13.515049,45.910705],[13.515106,45.910769]]],[[[13.524088,45.914426],[13.524077,45.914529],[13.523868,45.915152],[13.52382,45.915149],[13.523806,45.91516],[13.523672,45.915458],[13.522308,45.915085],[13.522891,45.914039],[13.523145,45.914051],[13.523492,45.914119],[13.523617,45.914145],[13.524035,45.914278],[13.524088,45.914426]]],[[[13.524577,45.913999],[13.524512,45.914328],[13.524011,45.914208],[13.523984,45.914125],[13.524369,45.914057],[13.524577,45.913999]]],[[[13.540545,45.903301],[13.540062,45.903892],[13.540035,45.903914],[13.539981,45.903927],[13.539965,45.903302],[13.540545,45.903301]]],[[[13.512643,45.909885],[13.513492,45.908782],[13.514005,45.908148],[13.513972,45.908129],[13.513907,45.908031],[13.513837,45.908044],[13.513117,45.908934],[13.512831,45.908802],[13.513047,45.90853],[13.512705,45.908396],[13.512883,45.90833],[13.512973,45.908271],[13.513783,45.907495],[13.513782,45.907419],[13.51375,45.907369],[13.513682,45.907297],[13.513446,45.907125],[13.513521,45.907059],[13.513526,45.907035],[13.513237,45.906767],[13.51272,45.906222],[13.512655,45.90618],[13.512722,45.906124],[13.512767,45.906125],[13.512794,45.906076],[13.512743,45.905717],[13.512806,45.905274],[13.512829,45.904939],[13.512791,45.904528],[13.512727,45.904505],[13.512766,45.90413],[13.512811,45.903948],[13.513663,45.902111],[13.513962,45.901691],[13.514469,45.90111],[13.514503,45.901034],[13.51449,45.901012],[13.514157,45.900822],[13.512976,45.900363],[13.513037,45.900284],[13.514496,45.900823],[13.515443,45.901433],[13.515482,45.901419],[13.515522,45.90132],[13.515625,45.901268],[13.516202,45.901238],[13.516857,45.901223],[13.517435,45.901238],[13.51824,45.90123],[13.518387,45.901255],[13.518505,45.901239],[13.518534,45.90125],[13.518567,45.901234],[13.519142,45.901215],[13.518949,45.901507],[13.518955,45.90152],[13.51957,45.901987],[13.519641,45.901934],[13.519633,45.901912],[13.519089,45.901515],[13.519285,45.901209],[13.520199,45.901164],[13.520369,45.901137],[13.521029,45.90115],[13.521979,45.90112],[13.523329,45.90114],[13.525273,45.901263],[13.52759,45.901554],[13.529507,45.901898],[13.529912,45.901987],[13.529734,45.90273],[13.529709,45.90275],[13.529684,45.903412],[13.529707,45.90343],[13.529808,45.903444],[13.529726,45.904174],[13.529905,45.904297],[13.529969,45.904297],[13.529994,45.904279],[13.529913,45.904218],[13.530019,45.903491],[13.529997,45.903471],[13.529898,45.90346],[13.529909,45.902765],[13.529964,45.902746],[13.529992,45.902547],[13.530146,45.902108],[13.531047,45.902163],[13.531132,45.902192],[13.532248,45.902408],[13.532926,45.902562],[13.535148,45.90298],[13.536029,45.903118],[13.536145,45.90362],[13.536182,45.903612],[13.536201,45.903577],[13.536206,45.903439],[13.536151,45.903133],[13.536759,45.903207],[13.537757,45.903267],[13.538099,45.903275],[13.538581,45.903138],[13.538597,45.903092],[13.538944,45.90302],[13.538941,45.903107],[13.538623,45.903254],[13.538612,45.903267],[13.538637,45.903287],[13.539834,45.903301],[13.539839,45.90396],[13.539694,45.904275],[13.539718,45.904299],[13.539807,45.904296],[13.539876,45.904132],[13.540059,45.904038],[13.540678,45.903298],[13.540935,45.903297],[13.542106,45.904116],[13.541869,45.90416],[13.541604,45.904173],[13.541462,45.904196],[13.541016,45.904276],[13.540907,45.904314],[13.540812,45.904355],[13.540638,45.90449],[13.540292,45.904717],[13.540246,45.904717],[13.540216,45.904749],[13.540233,45.904772],[13.540149,45.904824],[13.539994,45.904842],[13.539751,45.904906],[13.53922,45.904988],[13.5385,45.905042],[13.538103,45.905143],[13.537966,45.905136],[13.537338,45.905184],[13.53679,45.905131],[13.536658,45.905136],[13.535819,45.905293],[13.535221,45.905311],[13.534739,45.905212],[13.534664,45.905203],[13.534299,45.90521],[13.534052,45.905148],[13.533705,45.905178],[13.533408,45.905163],[13.533163,45.90519],[13.532948,45.905292],[13.532848,45.905322],[13.532588,45.905337],[13.532149,45.905499],[13.531113,45.905627],[13.53082,45.905624],[13.530648,45.906095],[13.530182,45.905997],[13.530169,45.905962],[13.53015,45.905957],[13.530097,45.905959],[13.530068,45.905982],[13.529708,45.905977],[13.529499,45.905911],[13.529485,45.905874],[13.528851,45.905754],[13.528093,45.905661],[13.527045,45.905608],[13.527018,45.905625],[13.527,45.905773],[13.527395,45.905837],[13.527476,45.906068],[13.52726,45.906031],[13.527264,45.905966],[13.527239,45.905947],[13.526999,45.905939],[13.526965,45.905978],[13.52577,45.905963],[13.525483,45.905964],[13.525329,45.905978],[13.524929,45.906033],[13.524354,45.906231],[13.523974,45.906323],[13.523018,45.906449],[13.522478,45.906493],[13.521837,45.906664],[13.521594,45.906666],[13.521056,45.906725],[13.521034,45.90674],[13.520879,45.907478],[13.520825,45.907495],[13.520646,45.908289],[13.519548,45.908371],[13.519546,45.908249],[13.519584,45.90823],[13.519609,45.908045],[13.519587,45.908025],[13.51947,45.908014],[13.519567,45.907387],[13.519583,45.907328],[13.519706,45.907342],[13.519736,45.90732],[13.519535,45.906696],[13.519775,45.906645],[13.520057,45.90624],[13.520114,45.906243],[13.520127,45.906231],[13.52034,45.905571],[13.520402,45.904599],[13.520283,45.904443],[13.520223,45.90428],[13.520257,45.904245],[13.520254,45.904211],[13.520088,45.904177],[13.520066,45.904277],[13.520032,45.904327],[13.520095,45.90449],[13.520258,45.904643],[13.520189,45.905619],[13.519963,45.90626],[13.519858,45.90624],[13.519827,45.90625],[13.519529,45.906651],[13.519317,45.906702],[13.519518,45.907383],[13.519374,45.907372],[13.519345,45.907388],[13.519248,45.908026],[13.519273,45.908046],[13.519391,45.90805],[13.519379,45.908264],[13.519336,45.908288],[13.519346,45.908373],[13.519375,45.90839],[13.519466,45.908382],[13.519476,45.908424],[13.519533,45.908429],[13.519539,45.908696],[13.519558,45.908717],[13.519386,45.909376],[13.51934,45.90943],[13.519351,45.909454],[13.519328,45.909502],[13.5193,45.909516],[13.519131,45.909843],[13.518978,45.909975],[13.518994,45.909992],[13.51911,45.91002],[13.51929,45.909877],[13.519471,45.909536],[13.519505,45.909509],[13.519496,45.909488],[13.51953,45.909417],[13.51956,45.909412],[13.519578,45.909374],[13.520169,45.909486],[13.519632,45.910153],[13.519293,45.91007],[13.51926,45.910079],[13.519104,45.910341],[13.519396,45.91044],[13.519134,45.910792],[13.519349,45.910877],[13.519601,45.911064],[13.520021,45.911503],[13.520392,45.911791],[13.52072,45.912077],[13.52075,45.912082],[13.52108,45.911984],[13.52111,45.912383],[13.521941,45.912398],[13.52223,45.912474],[13.522597,45.912539],[13.522942,45.912664],[13.523306,45.912871],[13.523424,45.913014],[13.523414,45.913093],[13.523473,45.913173],[13.523678,45.913253],[13.523722,45.913241],[13.523868,45.913296],[13.524196,45.913383],[13.524236,45.913408],[13.524471,45.913461],[13.524617,45.913462],[13.524719,45.913859],[13.524302,45.913923],[13.524046,45.913939],[13.52333,45.913927],[13.523,45.913896],[13.520802,45.913762],[13.519607,45.91367],[13.519592,45.913737],[13.519713,45.914263],[13.519749,45.914812],[13.519582,45.915287],[13.517965,45.914893],[13.51855,45.913927],[13.517957,45.913707],[13.518396,45.913104],[13.518391,45.913078],[13.518672,45.912812],[13.518668,45.912788],[13.518065,45.91242],[13.51759,45.91216],[13.517624,45.912124],[13.517615,45.912097],[13.516935,45.911835],[13.516901,45.911841],[13.51602,45.912882],[13.514807,45.912441],[13.514836,45.912375],[13.514804,45.912312],[13.514751,45.912263],[13.51463,45.912208],[13.514616,45.91218],[13.515208,45.911368],[13.515607,45.910736],[13.515555,45.910714],[13.515503,45.910654],[13.514413,45.910371],[13.514187,45.910336],[13.513795,45.910304],[13.513586,45.910252],[13.512643,45.909885]]],[[[13.544384,45.904333],[13.544376,45.904344],[13.54405,45.904342],[13.541084,45.904313],[13.541559,45.904222],[13.541832,45.904213],[13.54203,45.904192],[13.54216,45.904162],[13.542365,45.904303],[13.544384,45.904333]]]]},"properties":{"prov":"GO","comune_amm":"D504","comune_descr":"FARRA D`ISONZO","fascia":"B","zona":"B1","zona_descr":"CAPOLUOGO - CENTRO ABITATO","microzona":1,"semestre":"2025/1"}},{"type":"Feature","geometry":{"type":"Polygon","coordinates":[[[13.499938,45.911846],[13.500674,45.910211],[13.501858,45.908495],[13.502356,45.908684],[13.50239,45.908677],[13.503574,45.907116],[13.503566,45.907092],[13.503512,45.907064],[13.504145,45.905851],[13.504722,45.905849],[13.504823,45.905866],[13.505133,45.905812],[13.505146,45.90589],[13.505241,45.905969],[13.505984,45.906224],[13.506661,45.906367],[13.507135,45.906569],[13.507264,45.90664],[13.507873,45.906819],[13.508669,45.907004],[13.508309,45.907136],[13.506011,45.908404],[13.505042,45.908912],[13.504293,45.909326],[13.503956,45.909561],[13.503847,45.909673],[13.50368,45.909894],[13.503366,45.910434],[13.503373,45.910455],[13.503545,45.910464],[13.50357,45.910453],[13.503894,45.90987],[13.504093,45.909661],[13.504239,45.90954],[13.50458,45.909339],[13.506469,45.908315],[13.506745,45.908439],[13.507277,45.908542],[13.508008,45.90863],[13.508857,45.908781],[13.50939,45.908841],[13.510301,45.908993],[13.511049,45.908805],[13.512528,45.908386],[13.512595,45.908421],[13.51192,45.90865],[13.511048,45.908858],[13.510504,45.909014],[13.510464,45.90909],[13.511288,45.909622],[13.511461,45.909715],[13.51211,45.909962],[13.511918,45.910175],[13.512168,45.910295],[13.511972,45.910563],[13.511983,45.910588],[13.513884,45.911202],[13.513333,45.911989],[13.513346,45.912014],[13.513609,45.912096],[13.512743,45.913205],[13.512753,45.913229],[13.513545,45.913532],[13.51338,45.9138],[13.512739,45.914721],[13.512799,45.914748],[13.512834,45.914739],[13.512976,45.914555],[13.513316,45.914672],[13.513363,45.914652],[13.514461,45.91498],[13.513966,45.915826],[13.513981,45.915849],[13.514014,45.91584],[13.514627,45.914834],[13.513716,45.914568],[13.513697,45.914568],[13.513664,45.9146],[13.513298,45.914486],[13.514786,45.912379],[13.514756,45.912302],[13.514707,45.912263],[13.514607,45.912225],[13.51458,45.912194],[13.515561,45.910719],[13.515616,45.910736],[13.515208,45.911368],[13.514618,45.912177],[13.514633,45.91221],[13.51475,45.912262],[13.514801,45.912308],[13.514839,45.912379],[13.514813,45.912424],[13.514824,45.912447],[13.516017,45.912876],[13.516913,45.911827],[13.517638,45.912105],[13.517602,45.912142],[13.517606,45.912168],[13.518065,45.91242],[13.518684,45.912798],[13.518406,45.913064],[13.518407,45.91309],[13.517966,45.913695],[13.517978,45.913719],[13.518558,45.913928],[13.518428,45.914109],[13.517946,45.914917],[13.515255,45.914059],[13.51522,45.914069],[13.515196,45.914127],[13.517719,45.914954],[13.517761,45.914941],[13.519423,45.915339],[13.519596,45.914847],[13.519575,45.914676],[13.519573,45.914285],[13.519483,45.91386],[13.519508,45.913828],[13.519602,45.913826],[13.519601,45.913666],[13.520802,45.913762],[13.523,45.913896],[13.52333,45.913927],[13.524046,45.913939],[13.524301,45.913923],[13.524696,45.913864],[13.524716,45.913843],[13.524613,45.913466],[13.524478,45.913462],[13.524234,45.913407],[13.524193,45.913383],[13.523867,45.913296],[13.523742,45.913248],[13.523697,45.913261],[13.523457,45.913167],[13.523455,45.913139],[13.523413,45.913096],[13.523421,45.913011],[13.523301,45.912868],[13.522943,45.912665],[13.522596,45.912539],[13.522232,45.912474],[13.521947,45.912399],[13.521103,45.912386],[13.521076,45.911998],[13.521046,45.911993],[13.520732,45.912086],[13.520392,45.911791],[13.520018,45.911501],[13.519599,45.911063],[13.519353,45.910881],[13.519125,45.910794],[13.519386,45.910454],[13.519372,45.910428],[13.519097,45.910343],[13.519268,45.910067],[13.519609,45.91015],[13.519641,45.910142],[13.520158,45.909494],[13.520138,45.909478],[13.519578,45.909371],[13.519719,45.90873],[13.519723,45.908422],[13.519716,45.908409],[13.519673,45.908401],[13.519672,45.908362],[13.520642,45.908287],[13.520828,45.907481],[13.520883,45.907464],[13.521038,45.906728],[13.521591,45.906666],[13.521838,45.906663],[13.522474,45.906493],[13.523018,45.906449],[13.523972,45.906324],[13.524357,45.90623],[13.524933,45.906032],[13.525329,45.905978],[13.525484,45.905964],[13.52577,45.905963],[13.526945,45.905978],[13.526979,45.905938],[13.52726,45.905947],[13.527263,45.906026],[13.527453,45.90606],[13.527468,45.906039],[13.527393,45.905839],[13.526994,45.905776],[13.527026,45.905607],[13.528092,45.905661],[13.528851,45.905754],[13.529318,45.905833],[13.529505,45.905879],[13.529516,45.905916],[13.529706,45.905977],[13.530045,45.905981],[13.530077,45.90596],[13.530172,45.905957],[13.530196,45.906001],[13.530644,45.906095],[13.530379,45.906843],[13.530395,45.906865],[13.530421,45.906865],[13.530777,45.905908],[13.530827,45.905826],[13.530854,45.905635],[13.531121,45.905644],[13.532157,45.905505],[13.532592,45.905344],[13.532876,45.905325],[13.533144,45.905201],[13.533406,45.905166],[13.533808,45.905174],[13.53409,45.905149],[13.534347,45.905211],[13.5347,45.905198],[13.535144,45.905294],[13.535285,45.905307],[13.535878,45.905284],[13.536086,45.905244],[13.536399,45.905221],[13.536744,45.905143],[13.536977,45.905136],[13.537401,45.905161],[13.53801,45.905106],[13.538155,45.905112],[13.538336,45.905069],[13.538508,45.905006],[13.539267,45.904943],[13.539768,45.90485],[13.539942,45.904796],[13.540154,45.904766],[13.540226,45.90472],[13.540212,45.904681],[13.540273,45.904646],[13.540325,45.904655],[13.540671,45.904424],[13.540835,45.904294],[13.540937,45.904253],[13.541144,45.904252],[13.541605,45.904173],[13.541868,45.90416],[13.542079,45.904118],[13.542076,45.904094],[13.540946,45.903303],[13.540695,45.903296],[13.540058,45.90404],[13.539875,45.904134],[13.539812,45.904296],[13.539685,45.904297],[13.539839,45.903956],[13.539829,45.903305],[13.53856,45.903286],[13.538939,45.903106],[13.538944,45.903044],[13.538911,45.903027],[13.538614,45.903088],[13.538595,45.903135],[13.538102,45.903275],[13.537468,45.903256],[13.536759,45.903207],[13.536169,45.903138],[13.536154,45.903157],[13.536206,45.903438],[13.5362,45.903582],[13.536165,45.903642],[13.536083,45.903702],[13.535847,45.90381],[13.535722,45.903945],[13.535685,45.904273],[13.535632,45.904276],[13.535657,45.903969],[13.535809,45.903801],[13.536046,45.903688],[13.536133,45.903608],[13.536036,45.903131],[13.536017,45.903116],[13.535149,45.90298],[13.532926,45.902562],[13.532248,45.902408],[13.531136,45.902193],[13.531045,45.902163],[13.530143,45.902106],[13.530518,45.900673],[13.530945,45.899182],[13.531288,45.899113],[13.532151,45.898975],[13.532314,45.898753],[13.533141,45.898708],[13.533161,45.89868],[13.5331,45.898617],[13.532992,45.898583],[13.532915,45.898506],[13.53267,45.898156],[13.530921,45.897603],[13.529983,45.897343],[13.529085,45.897266],[13.527851,45.896958],[13.524212,45.895861],[13.523861,45.895786],[13.52505,45.895345],[13.525061,45.895322],[13.52503,45.895312],[13.523713,45.895794],[13.523676,45.895817],[13.523674,45.895843],[13.523888,45.895842],[13.524246,45.895914],[13.527069,45.896766],[13.527951,45.897046],[13.529338,45.897388],[13.530241,45.897526],[13.530899,45.897705],[13.531261,45.897778],[13.532159,45.89806],[13.53226,45.898158],[13.532467,45.898462],[13.532544,45.898537],[13.532656,45.898573],[13.53273,45.898656],[13.532014,45.898718],[13.531837,45.898967],[13.530633,45.899201],[13.530288,45.900463],[13.529916,45.901987],[13.529489,45.901894],[13.52759,45.901554],[13.525273,45.901263],[13.523848,45.901166],[13.523213,45.901136],[13.521979,45.90112],[13.521029,45.90115],[13.520364,45.901138],[13.520199,45.901164],[13.519299,45.901208],[13.519095,45.901504],[13.5191,45.901524],[13.519626,45.90191],[13.520683,45.902464],[13.52076,45.902453],[13.52079,45.902549],[13.52076,45.902589],[13.519646,45.901997],[13.51959,45.902007],[13.518954,45.901518],[13.518507,45.90124],[13.51838,45.901255],[13.518237,45.90123],[13.517437,45.901238],[13.516859,45.901223],[13.5162,45.901238],[13.515629,45.901268],[13.515516,45.901328],[13.515477,45.901431],[13.515427,45.901432],[13.5145,45.900826],[13.513039,45.900282],[13.513781,45.899654],[13.513773,45.899627],[13.513587,45.89957],[13.512858,45.900206],[13.512773,45.900306],[13.513868,45.900746],[13.514315,45.900979],[13.513915,45.901472],[13.51375,45.901633],[13.513447,45.902052],[13.512827,45.903398],[13.512623,45.903886],[13.512527,45.904412],[13.512549,45.904432],[13.512593,45.90444],[13.512636,45.904897],[13.512607,45.905201],[13.512537,45.905582],[13.511905,45.90566],[13.511884,45.90568],[13.512516,45.906045],[13.512446,45.906107],[13.511773,45.905732],[13.511569,45.906014],[13.511815,45.906138],[13.511433,45.906732],[13.509649,45.906819],[13.509233,45.906856],[13.508908,45.90691],[13.50808,45.906705],[13.507501,45.906535],[13.507491,45.906503],[13.506958,45.906279],[13.506293,45.906139],[13.50555,45.905879],[13.505467,45.905806],[13.505452,45.905744],[13.505146,45.905777],[13.504483,45.905759],[13.504471,45.905699],[13.505067,45.904387],[13.505065,45.904372],[13.505021,45.904357],[13.505532,45.903186],[13.505523,45.903166],[13.505354,45.903089],[13.505403,45.902677],[13.505511,45.90248],[13.505645,45.902482],[13.505671,45.902468],[13.505755,45.902222],[13.505644,45.902136],[13.505874,45.901897],[13.506014,45.901457],[13.506039,45.901463],[13.506066,45.901449],[13.506114,45.901305],[13.507946,45.901663],[13.507998,45.901651],[13.50811,45.901452],[13.508222,45.901303],[13.509036,45.901513],[13.509069,45.901503],[13.509846,45.900148],[13.510204,45.899616],[13.510568,45.899179],[13.509813,45.898684],[13.5099,45.898609],[13.50991,45.89849],[13.510035,45.898443],[13.510156,45.898451],[13.510192,45.898368],[13.510259,45.898339],[13.510242,45.898303],[13.510314,45.898271],[13.510354,45.898276],[13.510401,45.898258],[13.510651,45.898127],[13.511182,45.897736],[13.511336,45.897572],[13.511439,45.897418],[13.511845,45.896452],[13.511818,45.89639],[13.51158,45.896108],[13.511536,45.89601],[13.511536,45.89591],[13.511793,45.894854],[13.51196,45.894589],[13.512483,45.89358],[13.512997,45.892894],[13.513257,45.892321],[13.514496,45.890944],[13.514718,45.891],[13.514959,45.891185],[13.516042,45.891686],[13.517263,45.89197],[13.518404,45.892266],[13.518923,45.892262],[13.519429,45.892333],[13.520421,45.892558],[13.521404,45.892801],[13.521973,45.89298],[13.523295,45.893453],[13.523978,45.893664],[13.524825,45.893878],[13.525871,45.894019],[13.527222,45.894154],[13.527255,45.89419],[13.527296,45.894174],[13.527846,45.894176],[13.528486,45.89409],[13.528849,45.894015],[13.52893,45.894011],[13.528961,45.894034],[13.529954,45.89436],[13.531547,45.894843],[13.531972,45.895054],[13.532466,45.895251],[13.532866,45.895431],[13.53331,45.895568],[13.534296,45.895947],[13.534496,45.896068],[13.534546,45.896115],[13.534618,45.896219],[13.534677,45.89635],[13.534745,45.8967],[13.534751,45.897158],[13.534792,45.897374],[13.534886,45.897569],[13.535209,45.897798],[13.535757,45.898082],[13.536024,45.898254],[13.536256,45.898421],[13.53657,45.898776],[13.535395,45.898811],[13.534766,45.898662],[13.534733,45.898674],[13.534734,45.898687],[13.535711,45.898946],[13.536898,45.898943],[13.537033,45.89913],[13.537337,45.899427],[13.537861,45.899844],[13.538008,45.899929],[13.538426,45.900095],[13.538755,45.900168],[13.538774,45.900186],[13.538974,45.900238],[13.539139,45.900271],[13.539594,45.900326],[13.540127,45.900292],[13.540466,45.900227],[13.540734,45.900154],[13.541042,45.900037],[13.541119,45.90003],[13.543454,45.899101],[13.54382,45.899027],[13.544189,45.898883],[13.54462,45.89876],[13.544823,45.898733],[13.545205,45.89871],[13.546371,45.898722],[13.546437,45.89994],[13.546458,45.899957],[13.546827,45.900009],[13.546882,45.901156],[13.546909,45.901174],[13.547019,45.901169],[13.546926,45.901263],[13.546932,45.901288],[13.547178,45.901279],[13.547032,45.901472],[13.546707,45.901768],[13.546537,45.90188],[13.546431,45.901974],[13.54626,45.902213],[13.546268,45.902235],[13.546301,45.902234],[13.546472,45.902134],[13.546648,45.901893],[13.546759,45.901792],[13.546925,45.901677],[13.547236,45.90139],[13.547367,45.901208],[13.547338,45.901194],[13.547092,45.901215],[13.547149,45.901179],[13.547203,45.901106],[13.547175,45.901091],[13.547094,45.901091],[13.54703,45.899959],[13.547009,45.899941],[13.54664,45.899894],[13.546565,45.898678],[13.548603,45.898855],[13.55088,45.89909],[13.551534,45.899197],[13.552486,45.899416],[13.551781,45.900145],[13.55297,45.900706],[13.553462,45.901088],[13.555254,45.900482],[13.555352,45.901],[13.555778,45.902107],[13.556489,45.903507],[13.556735,45.90389],[13.556916,45.904397],[13.555668,45.904464],[13.555597,45.904498],[13.555623,45.904519],[13.556954,45.904479],[13.558511,45.907918],[13.557203,45.908496],[13.557193,45.908518],[13.557649,45.909356],[13.557582,45.90949],[13.558258,45.909989],[13.558425,45.910242],[13.558785,45.910902],[13.558823,45.911192],[13.558768,45.911539],[13.558976,45.912214],[13.559237,45.912566],[13.560357,45.913282],[13.5611,45.913842],[13.562491,45.914021],[13.562394,45.914101],[13.562389,45.914169],[13.561875,45.914201],[13.561551,45.914146],[13.561367,45.914163],[13.560794,45.914338],[13.56067,45.914394],[13.558755,45.913672],[13.555021,45.910128],[13.553085,45.908326],[13.552057,45.909091],[13.551844,45.909154],[13.551627,45.909168],[13.551288,45.90924],[13.551023,45.909376],[13.55076,45.909428],[13.548525,45.911122],[13.548522,45.911143],[13.548577,45.911163],[13.54882,45.911328],[13.548654,45.91149],[13.5483,45.912055],[13.548066,45.911678],[13.547985,45.911667],[13.548004,45.91156],[13.548045,45.911498],[13.547984,45.911415],[13.547951,45.911428],[13.547928,45.911491],[13.547904,45.911878],[13.548305,45.912501],[13.551435,45.917778],[13.551472,45.917804],[13.551873,45.918476],[13.553101,45.920568],[13.54762,45.920218],[13.546447,45.920122],[13.546405,45.920151],[13.54082,45.919847],[13.538684,45.91971],[13.534175,45.921486],[13.533075,45.921905],[13.532823,45.921932],[13.530957,45.921739],[13.529661,45.921551],[13.529597,45.921535],[13.529612,45.921381],[13.529583,45.921361],[13.529539,45.9214],[13.52952,45.921552],[13.529242,45.921534],[13.527158,45.921959],[13.527058,45.921874],[13.526693,45.921839],[13.525985,45.921815],[13.52553,45.921746],[13.525417,45.921711],[13.523172,45.921477],[13.521298,45.921349],[13.520791,45.921335],[13.520052,45.921243],[13.517242,45.920852],[13.515111,45.920393],[13.516091,45.91833],[13.516075,45.918307],[13.515953,45.918272],[13.516775,45.916786],[13.513908,45.915972],[13.513875,45.915982],[13.513812,45.916089],[13.513827,45.916113],[13.514956,45.916395],[13.516624,45.916855],[13.515829,45.918321],[13.515846,45.918345],[13.51594,45.918364],[13.51587,45.918571],[13.515012,45.920428],[13.514057,45.920234],[13.513909,45.920216],[13.512501,45.919896],[13.50973,45.919299],[13.509723,45.919247],[13.508803,45.918976],[13.505624,45.91783],[13.501062,45.916121],[13.50162,45.916029],[13.501773,45.915747],[13.501987,45.91553],[13.501713,45.915317],[13.501098,45.914768],[13.501681,45.913878],[13.501682,45.913864],[13.501643,45.913843],[13.501768,45.913629],[13.50065,45.913385],[13.501276,45.912237],[13.499938,45.911846]],[[13.519619,45.913809],[13.519641,45.913834],[13.520233,45.913863],[13.521792,45.913979],[13.522889,45.914039],[13.522316,45.915082],[13.523648,45.915453],[13.523681,45.915441],[13.523813,45.915144],[13.52386,45.915147],[13.523872,45.915134],[13.524086,45.914479],[13.524077,45.914378],[13.524041,45.914287],[13.523904,45.914233],[13.523942,45.914179],[13.523928,45.914154],[13.523643,45.914074],[13.523054,45.913984],[13.521735,45.913921],[13.519672,45.913783],[13.519619,45.913809]],[[13.539965,45.903319],[13.539981,45.903903],[13.540015,45.903919],[13.540063,45.903891],[13.540528,45.903317],[13.540503,45.9033],[13.53999,45.9033],[13.539965,45.903319]]]},"properties":{"prov":"GO","comune_amm":"D504","comune_descr":"FARRA D`ISONZO","fascia":"R","zona":"R1","zona_descr":"ZONA AGRICOLA - REGIONE AGRARIA 2 - INTERO TERRITORIO COMUNALE","microzona":1,"semestre":"2025/1"}},{"type":"Feature","geometry":{"type":"MultiPolygon","coordinates":[[[[13.490314,45.863819],[13.489612,45.864499],[13.489192,45.864285],[13.489419,45.86414],[13.489716,45.863904],[13.489873,45.863721],[13.490092,45.863719],[13.490314,45.863819]]],[[[13.487509,45.865377],[13.487456,45.865394],[13.487139,45.865336],[13.487328,45.865222],[13.487509,45.865377]]],[[[13.478242,45.863295],[13.478166,45.863348],[13.478022,45.863404],[13.477034,45.863226],[13.476928,45.863229],[13.477365,45.862727],[13.478242,45.863295]]],[[[13.473597,45.859208],[13.473675,45.858869],[13.474231,45.858467],[13.475383,45.857574],[13.475282,45.85738],[13.474751,45.856731],[13.474797,45.856703],[13.474792,45.856689],[13.474326,45.856241],[13.474356,45.856201],[13.474474,45.856279],[13.474888,45.856684],[13.476473,45.858806],[13.476618,45.858953],[13.476799,45.859047],[13.477727,45.860109],[13.477838,45.860484],[13.47858,45.862276],[13.479001,45.862812],[13.479073,45.862944],[13.479069,45.863035],[13.479034,45.863119],[13.47907,45.863145],[13.479105,45.863145],[13.479234,45.863055],[13.479001,45.862676],[13.478664,45.862243],[13.477993,45.860609],[13.477809,45.860081],[13.477482,45.859682],[13.476895,45.859029],[13.476734,45.858944],[13.47665,45.858879],[13.474962,45.856665],[13.474639,45.856306],[13.47418,45.855988],[13.474254,45.855945],[13.4742,45.8559],[13.476118,45.855175],[13.476541,45.85533],[13.476479,45.855661],[13.476509,45.855784],[13.476923,45.856401],[13.47695,45.856431],[13.477021,45.856442],[13.477423,45.856991],[13.477565,45.85732],[13.477674,45.857759],[13.478007,45.858722],[13.478435,45.86011],[13.478492,45.860198],[13.480654,45.861333],[13.48068,45.861321],[13.481691,45.859284],[13.483137,45.859349],[13.483548,45.859349],[13.483848,45.859334],[13.483865,45.859488],[13.483828,45.85985],[13.48375,45.860311],[13.48439,45.860447],[13.484452,45.860436],[13.484627,45.859818],[13.484725,45.859727],[13.486003,45.859951],[13.486266,45.860036],[13.486107,45.860305],[13.486116,45.860327],[13.487009,45.860784],[13.48724,45.860847],[13.487224,45.860891],[13.487252,45.860913],[13.487085,45.861268],[13.486974,45.86174],[13.487004,45.861765],[13.487008,45.861826],[13.487038,45.861832],[13.48724,45.861779],[13.487383,45.861787],[13.487529,45.861823],[13.486938,45.862945],[13.487051,45.863024],[13.487207,45.86324],[13.488375,45.863924],[13.48899,45.864256],[13.488963,45.864307],[13.489061,45.864362],[13.488946,45.864479],[13.488808,45.864536],[13.488733,45.864603],[13.488614,45.864654],[13.488775,45.864801],[13.488489,45.864942],[13.488435,45.864933],[13.488212,45.865029],[13.488035,45.864943],[13.487964,45.864925],[13.487938,45.864899],[13.487866,45.864887],[13.487554,45.864982],[13.48756,45.86496],[13.487483,45.864854],[13.487447,45.864846],[13.487427,45.864876],[13.487515,45.864977],[13.487546,45.864985],[13.487547,45.865022],[13.487417,45.865081],[13.487355,45.865027],[13.487193,45.865086],[13.487163,45.865064],[13.487141,45.865069],[13.487018,45.865142],[13.486966,45.865102],[13.486931,45.865101],[13.486256,45.865498],[13.485992,45.86563],[13.485598,45.865791],[13.485589,45.865816],[13.485633,45.865866],[13.485603,45.865905],[13.48517,45.866016],[13.485152,45.866033],[13.485171,45.86606],[13.485134,45.866121],[13.484865,45.866243],[13.484816,45.866229],[13.484734,45.866268],[13.484725,45.866288],[13.484767,45.866377],[13.484889,45.866514],[13.484128,45.866854],[13.484146,45.866884],[13.484119,45.866933],[13.484145,45.866969],[13.483883,45.867237],[13.483796,45.867376],[13.483701,45.86754],[13.483582,45.867898],[13.484604,45.868008],[13.485312,45.868168],[13.485418,45.868177],[13.48547,45.868305],[13.484376,45.868633],[13.482289,45.869569],[13.480916,45.870225],[13.480872,45.870213],[13.480365,45.870441],[13.480323,45.870439],[13.4786,45.871459],[13.478858,45.871205],[13.478708,45.870766],[13.478616,45.869924],[13.47859,45.869907],[13.478568,45.869913],[13.47855,45.869602],[13.47851,45.869458],[13.478486,45.869444],[13.47845,45.869452],[13.478234,45.869145],[13.478191,45.869016],[13.477035,45.869171],[13.477065,45.868968],[13.477032,45.868645],[13.476994,45.868506],[13.476719,45.868136],[13.476354,45.867791],[13.477075,45.867389],[13.477085,45.867362],[13.477551,45.8671],[13.4777,45.867052],[13.477987,45.866889],[13.478281,45.866884],[13.478278,45.866826],[13.478254,45.86681],[13.477863,45.866844],[13.477724,45.866945],[13.477584,45.867019],[13.47748,45.867051],[13.477037,45.867296],[13.477001,45.867298],[13.476263,45.867702],[13.47565,45.867127],[13.475632,45.867099],[13.475595,45.866784],[13.476932,45.866744],[13.477031,45.866731],[13.477039,45.866704],[13.477013,45.866684],[13.475589,45.866725],[13.475512,45.865864],[13.475526,45.865845],[13.47551,45.865827],[13.475304,45.863569],[13.476254,45.863325],[13.476609,45.863276],[13.477022,45.863263],[13.478208,45.863503],[13.478241,45.863488],[13.478255,45.863407],[13.478242,45.863377],[13.478386,45.863273],[13.47856,45.863386],[13.478789,45.863576],[13.478827,45.863578],[13.478881,45.863536],[13.478372,45.863177],[13.477848,45.862851],[13.476157,45.861682],[13.475466,45.861272],[13.474653,45.860751],[13.474787,45.860031],[13.473597,45.859208]]]]},"properties":{"prov":"GO","comune_amm":"D645","comune_descr":"FOGLIANO REDIPUGLIA","fascia":"B","zona":"B1","zona_descr":"CAPOLUOGO - CENTRO ABITATO","microzona":1,"semestre":"2025/1"}},{"type":"Feature","geometry":{"type":"MultiPolygon","coordinates":[[[[13.489282,45.84157],[13.489091,45.842008],[13.488357,45.841921],[13.487624,45.841732],[13.487577,45.841702],[13.487634,45.84174],[13.488359,45.841951],[13.48909,45.842063],[13.489315,45.841635],[13.489588,45.841804],[13.48992,45.841955],[13.491308,45.842462],[13.491421,45.842331],[13.491999,45.842764],[13.492874,45.84363],[13.492653,45.843877],[13.492236,45.844236],[13.491157,45.845387],[13.491261,45.845409],[13.491101,45.845584],[13.489965,45.845941],[13.489408,45.846102],[13.489401,45.84612],[13.489475,45.846108],[13.490989,45.845635],[13.490698,45.845908],[13.490145,45.846475],[13.490224,45.846518],[13.490323,45.846683],[13.490332,45.846782],[13.49055,45.846917],[13.490582,45.846915],[13.490744,45.846823],[13.490878,45.8467],[13.490906,45.84661],[13.49098,45.846516],[13.491079,45.84644],[13.491297,45.846346],[13.491962,45.845977],[13.492286,45.8462],[13.492485,45.846114],[13.492637,45.84627],[13.492243,45.84644],[13.492457,45.846565],[13.492132,45.846753],[13.492059,45.846739],[13.492049,45.846705],[13.491929,45.846663],[13.491879,45.84659],[13.491721,45.846613],[13.491961,45.846772],[13.491963,45.846819],[13.492006,45.846817],[13.49206,45.847015],[13.492127,45.847015],[13.492133,45.846943],[13.492737,45.846965],[13.492872,45.847038],[13.492767,45.847134],[13.492609,45.847054],[13.492606,45.847088],[13.492343,45.847077],[13.492334,45.847184],[13.491577,45.847143],[13.491595,45.847233],[13.491135,45.847299],[13.491095,45.847257],[13.490826,45.847386],[13.490657,45.847492],[13.490529,45.847545],[13.490513,45.847522],[13.490458,45.847656],[13.490319,45.847836],[13.490573,45.847879],[13.490321,45.848108],[13.490027,45.848049],[13.489936,45.848239],[13.489874,45.848325],[13.48989,45.848325],[13.489943,45.84868],[13.489899,45.84868],[13.489808,45.848856],[13.489677,45.848845],[13.489683,45.848831],[13.489151,45.848721],[13.489156,45.848707],[13.489135,45.848706],[13.489072,45.84892],[13.489054,45.849053],[13.488987,45.849162],[13.488962,45.849322],[13.489026,45.849471],[13.489279,45.84965],[13.489305,45.849634],[13.489794,45.849902],[13.489782,45.849911],[13.490186,45.850142],[13.490302,45.850193],[13.490896,45.850148],[13.491002,45.85007],[13.491081,45.850064],[13.490904,45.850161],[13.490835,45.850178],[13.490732,45.850193],[13.490462,45.850199],[13.490341,45.850221],[13.494475,45.851993],[13.493861,45.852839],[13.49357,45.852814],[13.490658,45.852062],[13.487192,45.851202],[13.487184,45.851596],[13.48732,45.852198],[13.487227,45.852625],[13.48703,45.853972],[13.488136,45.853863],[13.488519,45.853985],[13.489708,45.853794],[13.489646,45.854754],[13.488255,45.855634],[13.48829,45.855672],[13.488771,45.855661],[13.488966,45.855871],[13.488559,45.856013],[13.488476,45.855908],[13.488288,45.856064],[13.488394,45.856132],[13.488696,45.856276],[13.488764,45.856207],[13.489485,45.856518],[13.489405,45.856601],[13.490911,45.856689],[13.491279,45.856787],[13.491136,45.857647],[13.49108,45.85778],[13.49093,45.857997],[13.490609,45.85801],[13.490651,45.85811],[13.490917,45.858084],[13.491051,45.858026],[13.491212,45.85792],[13.491438,45.857658],[13.491577,45.857552],[13.491734,45.85747],[13.492074,45.85736],[13.492102,45.857414],[13.492434,45.857354],[13.492469,45.858454],[13.492535,45.8585],[13.492423,45.859621],[13.492354,45.859613],[13.492376,45.859844],[13.492355,45.859892],[13.492015,45.859832],[13.492115,45.859711],[13.492172,45.859585],[13.492097,45.859573],[13.491942,45.859875],[13.492374,45.859984],[13.492362,45.860252],[13.492391,45.860239],[13.492404,45.860382],[13.492549,45.860407],[13.492464,45.860662],[13.491853,45.860438],[13.491676,45.860335],[13.49146,45.860137],[13.491415,45.859963],[13.491724,45.859955],[13.491725,45.859881],[13.491471,45.859901],[13.491299,45.859326],[13.491228,45.859362],[13.491256,45.85961],[13.49127,45.85961],[13.491366,45.86013],[13.491392,45.8602],[13.491487,45.86023],[13.491456,45.860258],[13.491576,45.860342],[13.491052,45.860705],[13.490987,45.860703],[13.490992,45.860754],[13.491037,45.860751],[13.491258,45.860615],[13.491569,45.86039],[13.491816,45.860528],[13.491214,45.861117],[13.491881,45.861358],[13.490701,45.861073],[13.49061,45.861255],[13.490761,45.861284],[13.4907,45.861436],[13.490571,45.861413],[13.490395,45.861851],[13.490522,45.861884],[13.49042,45.862181],[13.489813,45.862052],[13.489602,45.862501],[13.48965,45.862506],[13.489528,45.86269],[13.488707,45.862598],[13.48914,45.861821],[13.489136,45.861626],[13.488946,45.861546],[13.488607,45.861754],[13.488549,45.861749],[13.488229,45.861847],[13.488104,45.861866],[13.487963,45.861867],[13.487336,45.861783],[13.487049,45.861814],[13.48706,45.861763],[13.487287,45.861727],[13.487416,45.861727],[13.48799,45.861806],[13.488107,45.861804],[13.488246,45.86178],[13.488618,45.86166],[13.48939,45.861185],[13.489591,45.861087],[13.489473,45.859827],[13.489372,45.859603],[13.489272,45.859221],[13.488928,45.859193],[13.488582,45.859069],[13.488581,45.859057],[13.48858,45.859057],[13.488581,45.859049],[13.48858,45.85904],[13.487784,45.859126],[13.487841,45.859372],[13.487858,45.860088],[13.487737,45.86045],[13.487581,45.860765],[13.487354,45.860721],[13.487312,45.860752],[13.487301,45.860791],[13.487336,45.860842],[13.487131,45.861294],[13.487082,45.861754],[13.486935,45.861766],[13.487042,45.861312],[13.487257,45.860824],[13.487013,45.860768],[13.486113,45.860285],[13.486268,45.859989],[13.484703,45.85972],[13.484611,45.859786],[13.484453,45.860451],[13.483713,45.860278],[13.483796,45.859997],[13.483879,45.859303],[13.483583,45.859309],[13.482669,45.859308],[13.481667,45.85922],[13.48167,45.859183],[13.481452,45.85917],[13.481598,45.85844],[13.481459,45.857733],[13.481436,45.857739],[13.480997,45.857146],[13.480273,45.85625],[13.480833,45.856279],[13.480844,45.856217],[13.481282,45.85669],[13.481322,45.856688],[13.481418,45.855658],[13.482636,45.855682],[13.483148,45.855666],[13.483201,45.855923],[13.483267,45.855938],[13.483332,45.855811],[13.483241,45.855809],[13.483521,45.855234],[13.483479,45.855217],[13.483119,45.854839],[13.483017,45.854709],[13.482923,45.85463],[13.482882,45.854562],[13.482577,45.854366],[13.482288,45.854154],[13.482252,45.854075],[13.482126,45.853984],[13.482,45.853863],[13.481746,45.853703],[13.48154,45.85364],[13.481376,45.853558],[13.481242,45.853515],[13.481345,45.851272],[13.481884,45.851229],[13.483632,45.851038],[13.483815,45.850987],[13.484107,45.85093],[13.484504,45.850908],[13.484784,45.850868],[13.485227,45.850795],[13.485357,45.850753],[13.4855,45.850769],[13.485586,45.850801],[13.485623,45.850825],[13.485777,45.851013],[13.485787,45.850976],[13.48596,45.851003],[13.486004,45.850844],[13.486111,45.850594],[13.486306,45.850197],[13.486394,45.850057],[13.486963,45.849656],[13.487127,45.849508],[13.487226,45.849376],[13.487294,45.849182],[13.48732,45.849021],[13.487301,45.848721],[13.487256,45.848557],[13.487252,45.848567],[13.48723,45.848545],[13.487129,45.848526],[13.487092,45.848398],[13.487112,45.848297],[13.487042,45.84823],[13.487055,45.848063],[13.487174,45.847951],[13.48748,45.848004],[13.487711,45.847454],[13.487802,45.847351],[13.487871,45.847301],[13.487995,45.847277],[13.488401,45.84677],[13.489865,45.844784],[13.489824,45.844772],[13.487998,45.847238],[13.487965,45.847268],[13.48787,45.847288],[13.487803,45.84733],[13.487686,45.847462],[13.487484,45.847957],[13.487172,45.847929],[13.48714,45.847946],[13.487067,45.848044],[13.48704,45.848016],[13.486832,45.847936],[13.486772,45.847949],[13.486752,45.847918],[13.486669,45.847862],[13.486635,45.847865],[13.486619,45.847831],[13.486401,45.84775],[13.486,45.847703],[13.485134,45.847664],[13.484893,45.847685],[13.484414,45.847775],[13.483706,45.847979],[13.483226,45.848086],[13.482442,45.848376],[13.48202,45.848487],[13.481603,45.848564],[13.481378,45.848558],[13.481053,45.848528],[13.480348,45.848333],[13.48012,45.848285],[13.479938,45.84822],[13.479599,45.848196],[13.478872,45.848247],[13.478228,45.848354],[13.47818,45.848211],[13.478034,45.84824],[13.475955,45.848414],[13.475883,45.848085],[13.475289,45.84802],[13.475621,45.847352],[13.473796,45.847049],[13.473975,45.846424],[13.474224,45.845907],[13.474498,45.845441],[13.474688,45.845009],[13.47494,45.844578],[13.475043,45.844299],[13.475185,45.844003],[13.475041,45.843941],[13.475149,45.843841],[13.475221,45.843802],[13.476248,45.843281],[13.476772,45.843458],[13.476913,45.84349],[13.477358,45.843573],[13.477744,45.843613],[13.47818,45.843582],[13.478592,45.843507],[13.479094,45.843394],[13.479617,45.843249],[13.480022,45.843013],[13.480053,45.842919],[13.480047,45.842864],[13.479949,45.842728],[13.479921,45.842657],[13.480091,45.842598],[13.480732,45.84232],[13.481125,45.842173],[13.481438,45.842078],[13.482629,45.84142],[13.482799,45.841524],[13.483003,45.841753],[13.483311,45.841563],[13.483379,45.841497],[13.484195,45.840941],[13.484364,45.840808],[13.484658,45.84051],[13.485034,45.840219],[13.485447,45.839992],[13.485522,45.840016],[13.485538,45.840038],[13.485657,45.840149],[13.485784,45.840198],[13.485872,45.840207],[13.486303,45.840071],[13.486624,45.839851],[13.486948,45.839655],[13.487191,45.839606],[13.487273,45.839409],[13.487339,45.839336],[13.487436,45.839286],[13.487513,45.839394],[13.487862,45.839514],[13.488183,45.839673],[13.488296,45.839759],[13.488695,45.840238],[13.488669,45.840386],[13.488871,45.841201],[13.489083,45.841421],[13.489282,45.84157]]],[[[13.489505,45.856243],[13.489725,45.85632],[13.489572,45.856514],[13.489333,45.856421],[13.489505,45.856243]]]]},"properties":{"prov":"GO","comune_amm":"D645","comune_descr":"FOGLIANO REDIPUGLIA","fascia":"D","zona":"D1","zona_descr":"FRAZIONI REDIPUGLIA E POLAZZO","microzona":1,"semestre":"2025/1"}},{"type":"Feature","geometry":{"type":"MultiPolygon","coordinates":[[[[13.47452,45.858278],[13.474494,45.858298],[13.474496,45.85828],[13.47452,45.858278]]],[[[13.486311,45.859095],[13.486253,45.859152],[13.486189,45.859121],[13.486246,45.859065],[13.486311,45.859095]]],[[[13.489591,45.861085],[13.489389,45.861186],[13.488619,45.861659],[13.488246,45.861779],[13.488105,45.861805],[13.487988,45.861806],[13.487381,45.861726],[13.487261,45.861729],[13.487061,45.861762],[13.487162,45.861245],[13.487243,45.861055],[13.487398,45.860749],[13.487464,45.860714],[13.487581,45.860726],[13.48761,45.860714],[13.487811,45.860216],[13.487864,45.859991],[13.487872,45.859773],[13.487858,45.859394],[13.487807,45.85915],[13.487858,45.859135],[13.487858,45.859085],[13.488576,45.859009],[13.488595,45.859074],[13.488925,45.859191],[13.489273,45.859223],[13.489372,45.859602],[13.489472,45.859826],[13.489591,45.861085]]],[[[13.483573,45.867902],[13.483701,45.867537],[13.48388,45.86724],[13.484145,45.866969],[13.484219,45.867034],[13.484252,45.867039],[13.485269,45.866643],[13.485278,45.866617],[13.485168,45.866493],[13.48515,45.866389],[13.485235,45.866341],[13.485257,45.866361],[13.485293,45.866365],[13.485551,45.866246],[13.485589,45.8662],[13.485559,45.866145],[13.48574,45.866111],[13.485911,45.866053],[13.48594,45.865936],[13.486449,45.865736],[13.486708,45.865604],[13.487134,45.865337],[13.487451,45.865393],[13.487481,45.865387],[13.48749,45.86536],[13.487331,45.865221],[13.487389,45.865187],[13.487464,45.865236],[13.487618,45.865157],[13.487671,45.865181],[13.487822,45.865129],[13.487879,45.865182],[13.488,45.865142],[13.48801,45.865117],[13.487892,45.864957],[13.487947,45.86494],[13.488056,45.865081],[13.488351,45.864989],[13.488407,45.865009],[13.488434,45.865046],[13.488676,45.86515],[13.48893,45.865057],[13.488988,45.865077],[13.489254,45.864964],[13.48926,45.864937],[13.489085,45.864781],[13.489313,45.864668],[13.489495,45.864617],[13.490301,45.863835],[13.490294,45.863808],[13.490102,45.863723],[13.489874,45.863723],[13.489719,45.863902],[13.489417,45.864141],[13.489189,45.864281],[13.488987,45.864461],[13.488981,45.864474],[13.489017,45.864506],[13.488795,45.864615],[13.488684,45.864698],[13.488476,45.864722],[13.488746,45.864626],[13.488991,45.864321],[13.488682,45.864147],[13.488367,45.863929],[13.487243,45.86327],[13.487038,45.862998],[13.48694,45.862934],[13.487529,45.861826],[13.487906,45.861868],[13.488274,45.861846],[13.48845,45.861787],[13.488578,45.861785],[13.488937,45.861543],[13.489132,45.861625],[13.489139,45.861823],[13.488719,45.862577],[13.488739,45.862601],[13.489525,45.862686],[13.489636,45.862527],[13.489604,45.862497],[13.489814,45.862053],[13.490413,45.862173],[13.490517,45.861899],[13.4905,45.861878],[13.490396,45.861848],[13.49057,45.861416],[13.490695,45.86143],[13.490753,45.861301],[13.490736,45.861279],[13.490612,45.861254],[13.4907,45.861076],[13.491545,45.861276],[13.491577,45.861267],[13.491566,45.861244],[13.491216,45.861116],[13.491805,45.86053],[13.491456,45.860315],[13.491317,45.860167],[13.491274,45.859843],[13.491233,45.85966],[13.491206,45.859641],[13.491205,45.859394],[13.491304,45.859349],[13.491364,45.859549],[13.491425,45.860045],[13.491463,45.86014],[13.491674,45.860333],[13.491855,45.860439],[13.492434,45.860652],[13.492471,45.86064],[13.492544,45.860425],[13.492525,45.860403],[13.492404,45.860379],[13.492393,45.860269],[13.492363,45.860251],[13.492369,45.859986],[13.491944,45.859872],[13.492101,45.859574],[13.492171,45.859589],[13.492115,45.85971],[13.492032,45.859812],[13.492035,45.859833],[13.49235,45.859886],[13.492376,45.859841],[13.492355,45.859618],[13.492415,45.859614],[13.492425,45.859602],[13.492534,45.858508],[13.492469,45.858451],[13.492425,45.857363],[13.492108,45.857413],[13.492084,45.857378],[13.492049,45.857368],[13.491736,45.857469],[13.491576,45.857553],[13.491439,45.857656],[13.491213,45.857919],[13.49105,45.858027],[13.490915,45.858084],[13.490636,45.858112],[13.49054,45.858094],[13.490488,45.858004],[13.490897,45.858038],[13.490924,45.858025],[13.491044,45.857753],[13.491182,45.856746],[13.490745,45.8566],[13.489501,45.856605],[13.489714,45.856323],[13.489525,45.85625],[13.489493,45.856257],[13.489319,45.856434],[13.48885,45.856256],[13.488817,45.856261],[13.488723,45.856338],[13.488379,45.856168],[13.488527,45.855976],[13.488587,45.856038],[13.488622,45.856044],[13.488955,45.855891],[13.488764,45.855696],[13.488201,45.855741],[13.487989,45.855891],[13.488135,45.856019],[13.488056,45.856078],[13.487942,45.856015],[13.487806,45.855897],[13.487979,45.855811],[13.489752,45.854692],[13.489792,45.854398],[13.489778,45.85438],[13.489674,45.854344],[13.489703,45.853807],[13.489676,45.853799],[13.488524,45.853984],[13.488129,45.853864],[13.487031,45.853969],[13.487227,45.852625],[13.48732,45.852201],[13.487184,45.851596],[13.487193,45.851203],[13.490659,45.852062],[13.493573,45.852815],[13.493843,45.852837],[13.49387,45.852828],[13.494463,45.852008],[13.494455,45.851985],[13.490345,45.850223],[13.490334,45.850194],[13.490187,45.850142],[13.489786,45.849913],[13.489774,45.849891],[13.489323,45.849643],[13.489275,45.849648],[13.489086,45.849522],[13.489007,45.849432],[13.488963,45.849323],[13.488987,45.849163],[13.489054,45.84905],[13.489072,45.848919],[13.489144,45.848682],[13.489656,45.848815],[13.48977,45.848819],[13.489795,45.848808],[13.489882,45.848653],[13.489913,45.848632],[13.489904,45.848504],[13.489842,45.84848],[13.489836,45.848326],[13.490014,45.848025],[13.490254,45.848068],[13.490496,45.847869],[13.490485,45.847842],[13.490259,45.847778],[13.490408,45.8476],[13.490443,45.847519],[13.490492,45.847516],[13.490799,45.847332],[13.491028,45.847227],[13.491095,45.84728],[13.491505,45.847221],[13.491526,45.847201],[13.49152,45.847135],[13.492222,45.847154],[13.492249,45.847138],[13.492264,45.847067],[13.492496,45.847075],[13.492527,45.847038],[13.492691,45.847115],[13.49277,45.847054],[13.492766,45.84703],[13.49264,45.846958],[13.492072,45.846936],[13.492046,45.846953],[13.492038,45.847005],[13.491976,45.847003],[13.491929,45.846828],[13.49188,45.846813],[13.49182,45.84674],[13.491658,45.846603],[13.491792,45.846589],[13.491869,45.846662],[13.491967,45.846694],[13.491976,45.846725],[13.492088,45.846752],[13.492117,45.846693],[13.492347,45.846554],[13.492154,45.846427],[13.492537,45.846257],[13.492397,45.846117],[13.49217,45.846203],[13.491843,45.845965],[13.491171,45.846363],[13.490994,45.846433],[13.490862,45.846548],[13.490788,45.846694],[13.490659,45.846815],[13.490501,45.846897],[13.490296,45.846775],[13.49025,45.846639],[13.490099,45.84645],[13.490908,45.845645],[13.491106,45.845579],[13.491247,45.845418],[13.49116,45.845385],[13.492236,45.844236],[13.492652,45.843877],[13.492875,45.843631],[13.49323,45.843936],[13.493346,45.844013],[13.493741,45.844192],[13.494353,45.844364],[13.49458,45.84436],[13.49475,45.844257],[13.494789,45.844271],[13.495762,45.844335],[13.496278,45.844321],[13.49681,45.844271],[13.496839,45.844292],[13.496957,45.844302],[13.499044,45.84497],[13.499442,45.845179],[13.500051,45.845826],[13.501594,45.846863],[13.502557,45.847455],[13.502976,45.847662],[13.503221,45.847872],[13.504559,45.848715],[13.505189,45.848818],[13.505559,45.84885],[13.508069,45.849638],[13.508461,45.84984],[13.508977,45.850064],[13.511265,45.851399],[13.512934,45.852584],[13.513756,45.853201],[13.513106,45.85367],[13.513128,45.855079],[13.513056,45.855062],[13.513038,45.85508],[13.513303,45.859304],[13.511059,45.86129],[13.509937,45.862312],[13.509847,45.862317],[13.508795,45.863192],[13.508249,45.863688],[13.506817,45.864906],[13.506574,45.865138],[13.505505,45.866053],[13.504622,45.866868],[13.502065,45.86911],[13.496435,45.866899],[13.493758,45.865884],[13.485479,45.868302],[13.485426,45.868189],[13.485404,45.868176],[13.485308,45.868168],[13.484603,45.868008],[13.483573,45.867902]]]]},"properties":{"prov":"GO","comune_amm":"D645","comune_descr":"FOGLIANO REDIPUGLIA","fascia":"R","zona":"R1","zona_descr":"ZONA AGRICOLA - REGIONE AGRARIA 3 - CARSO","microzona":1,"semestre":"2025/1"}},{"type":"Feature","geometry":{"type":"Polygon","coordinates":[[[13.467875,45.866713],[13.466457,45.866189],[13.469464,45.863563],[13.470443,45.863448],[13.471336,45.862128],[13.471392,45.862152],[13.471429,45.862147],[13.472151,45.861258],[13.472212,45.861253],[13.472621,45.860597],[13.4728,45.860199],[13.472901,45.860198],[13.472927,45.860183],[13.473,45.859872],[13.472871,45.859765],[13.472678,45.859555],[13.472882,45.859397],[13.472446,45.859144],[13.472527,45.858157],[13.472504,45.857813],[13.472411,45.857514],[13.472244,45.857162],[13.472105,45.856927],[13.472896,45.85669],[13.47291,45.856666],[13.472551,45.85615],[13.472388,45.855972],[13.471984,45.855701],[13.472228,45.855074],[13.472347,45.854811],[13.472424,45.854715],[13.472798,45.854934],[13.47304,45.85522],[13.473157,45.855324],[13.473364,45.855461],[13.473395,45.855464],[13.473521,45.855412],[13.4734,45.855226],[13.473354,45.854831],[13.473226,45.854101],[13.473125,45.852582],[13.473293,45.852577],[13.473318,45.852558],[13.473299,45.852408],[13.473031,45.852404],[13.472945,45.852134],[13.472288,45.850705],[13.472206,45.850446],[13.472924,45.850325],[13.473467,45.850171],[13.473585,45.850219],[13.47407,45.850498],[13.474938,45.850786],[13.476106,45.850839],[13.476599,45.850808],[13.477293,45.850794],[13.477658,45.850829],[13.480507,45.851282],[13.480941,45.8513],[13.481343,45.851273],[13.481247,45.853513],[13.481377,45.853558],[13.481537,45.853639],[13.481748,45.853704],[13.482002,45.853864],[13.482125,45.853983],[13.48225,45.854074],[13.482292,45.854157],[13.482576,45.854366],[13.482881,45.85456],[13.482925,45.854632],[13.483017,45.85471],[13.483478,45.855219],[13.48313,45.855947],[13.483055,45.855932],[13.48302,45.855714],[13.482992,45.855699],[13.482533,45.855722],[13.481333,45.855707],[13.48124,45.856652],[13.481204,45.856647],[13.480862,45.856295],[13.480833,45.856312],[13.480824,45.856358],[13.480341,45.856323],[13.480314,45.856336],[13.480389,45.856461],[13.481464,45.857781],[13.481615,45.858484],[13.48149,45.859191],[13.481511,45.859211],[13.481707,45.859236],[13.480668,45.861343],[13.478486,45.860192],[13.478436,45.860113],[13.478007,45.858722],[13.477674,45.85776],[13.477565,45.85732],[13.477425,45.856994],[13.477026,45.856449],[13.476946,45.856431],[13.476509,45.855783],[13.476477,45.855663],[13.476527,45.855384],[13.47613,45.855245],[13.474276,45.855923],[13.474267,45.855953],[13.474196,45.855995],[13.474643,45.856309],[13.474962,45.856666],[13.476647,45.858876],[13.476737,45.858946],[13.476894,45.859027],[13.477482,45.859682],[13.47781,45.860085],[13.477993,45.860609],[13.478664,45.862242],[13.479001,45.862675],[13.479237,45.863058],[13.479091,45.863154],[13.479031,45.863121],[13.479069,45.863035],[13.479071,45.862942],[13.478931,45.862714],[13.478578,45.862273],[13.477838,45.860484],[13.477726,45.860107],[13.4768,45.859049],[13.47662,45.858954],[13.476472,45.858805],[13.474886,45.856683],[13.474565,45.85636],[13.474379,45.856219],[13.47435,45.856215],[13.474333,45.856248],[13.474806,45.856702],[13.474762,45.856744],[13.475281,45.857378],[13.475385,45.857574],[13.474231,45.858467],[13.473678,45.858868],[13.473598,45.859199],[13.474789,45.860032],[13.474662,45.860757],[13.475466,45.861272],[13.476157,45.861682],[13.477848,45.862851],[13.478372,45.863177],[13.478882,45.863528],[13.478797,45.86358],[13.478559,45.863385],[13.478386,45.863279],[13.478252,45.86337],[13.478231,45.863509],[13.477605,45.863372],[13.477016,45.863264],[13.476611,45.863276],[13.476256,45.863325],[13.475322,45.863562],[13.475306,45.86358],[13.475515,45.865827],[13.477101,45.866145],[13.477429,45.866242],[13.477791,45.866321],[13.477803,45.866359],[13.477083,45.86618],[13.475531,45.86587],[13.475514,45.865887],[13.475595,45.866723],[13.477042,45.866687],[13.477035,45.866734],[13.47693,45.866744],[13.475621,45.866782],[13.475596,45.866802],[13.475632,45.867097],[13.475651,45.867129],[13.475822,45.867305],[13.476264,45.867695],[13.477481,45.86705],[13.477579,45.867021],[13.477727,45.866944],[13.477868,45.866838],[13.478228,45.866815],[13.478301,45.866784],[13.478317,45.86689],[13.477968,45.866897],[13.477699,45.867053],[13.477547,45.867102],[13.477096,45.867357],[13.477086,45.867382],[13.476362,45.867792],[13.47672,45.868138],[13.476992,45.868501],[13.477032,45.868646],[13.477058,45.868894],[13.47704,45.869088],[13.477067,45.869095],[13.478179,45.868937],[13.478218,45.869059],[13.478281,45.869155],[13.478464,45.869367],[13.478514,45.869368],[13.478586,45.869562],[13.478708,45.870767],[13.478857,45.871217],[13.478595,45.871462],[13.476134,45.872909],[13.47444,45.87394],[13.47203,45.87209],[13.471903,45.871086],[13.471565,45.869658],[13.471426,45.869348],[13.471363,45.869114],[13.471346,45.868886],[13.471105,45.868713],[13.471032,45.868638],[13.470797,45.868513],[13.47082,45.868472],[13.470812,45.86845],[13.470496,45.868287],[13.470515,45.868224],[13.47051,45.868131],[13.47037,45.867921],[13.4703,45.867908],[13.470207,45.867941],[13.469832,45.867937],[13.468662,45.86719],[13.467875,45.866713]],[[13.476951,45.863201],[13.476974,45.863228],[13.477184,45.863248],[13.478017,45.863403],[13.478162,45.86335],[13.478233,45.863295],[13.477367,45.862736],[13.476951,45.863201]]]},"properties":{"prov":"GO","comune_amm":"D645","comune_descr":"FOGLIANO REDIPUGLIA","fascia":"R","zona":"R2","zona_descr":"ZONA AGRICOLA - REGIONE AGRARIA 3 - PIANURA","microzona":1,"semestre":"2025/1"}},{"type":"Feature","geometry":{"type":"MultiPolygon","coordinates":[[[[13.493345,45.887394],[13.493114,45.888602],[13.492152,45.887956],[13.491573,45.887535],[13.491995,45.886986],[13.492232,45.886747],[13.493247,45.887261],[13.493312,45.887314],[13.493345,45.887394]]],[[[13.491694,45.885385],[13.492225,45.884837],[13.491736,45.88456],[13.492249,45.884172],[13.493002,45.884499],[13.493566,45.883931],[13.493658,45.883941],[13.494048,45.884116],[13.495255,45.883423],[13.496137,45.883331],[13.496317,45.883364],[13.49635,45.883347],[13.495618,45.882875],[13.495684,45.882866],[13.495682,45.88284],[13.494649,45.882188],[13.49465,45.882157],[13.494582,45.882102],[13.49427,45.881957],[13.493714,45.881782],[13.492445,45.881576],[13.492584,45.881514],[13.492886,45.881545],[13.493578,45.881653],[13.494024,45.881765],[13.494454,45.881931],[13.49456,45.881989],[13.494783,45.882048],[13.500668,45.885819],[13.50071,45.885808],[13.50105,45.884533],[13.501077,45.884588],[13.501057,45.884735],[13.501068,45.884775],[13.501242,45.884933],[13.501227,45.885085],[13.501257,45.88519],[13.501494,45.885439],[13.501658,45.885664],[13.50195,45.885836],[13.502583,45.886149],[13.502856,45.886315],[13.503923,45.886799],[13.504104,45.886856],[13.504298,45.886943],[13.504467,45.886993],[13.504518,45.886974],[13.504539,45.886924],[13.504615,45.886932],[13.504615,45.88699],[13.504648,45.887056],[13.504823,45.8873],[13.505112,45.887572],[13.505385,45.888253],[13.50544,45.888276],[13.505464,45.888313],[13.505444,45.888346],[13.505365,45.888365],[13.505328,45.888406],[13.505237,45.888596],[13.505235,45.888655],[13.505305,45.888685],[13.505,45.889339],[13.505006,45.889665],[13.504828,45.889948],[13.504666,45.890021],[13.50439,45.890184],[13.504386,45.890214],[13.50434,45.890204],[13.504137,45.890323],[13.503463,45.890938],[13.503246,45.89128],[13.503079,45.891439],[13.502962,45.891649],[13.502698,45.892037],[13.502648,45.892167],[13.502829,45.892497],[13.502979,45.892443],[13.502844,45.892237],[13.502849,45.892184],[13.502909,45.892122],[13.503455,45.892376],[13.503868,45.892225],[13.503901,45.892237],[13.50412,45.892481],[13.504108,45.892505],[13.503737,45.892658],[13.503729,45.892683],[13.50377,45.892727],[13.503661,45.892736],[13.503237,45.892895],[13.503138,45.892918],[13.503121,45.892936],[13.503174,45.892994],[13.503206,45.892999],[13.503598,45.892857],[13.503831,45.8928],[13.504248,45.892899],[13.504118,45.893202],[13.504443,45.893454],[13.503914,45.893751],[13.504039,45.893909],[13.503914,45.894016],[13.503949,45.89406],[13.503942,45.894097],[13.50398,45.89422],[13.503856,45.89444],[13.50374,45.894711],[13.503584,45.894731],[13.503563,45.894752],[13.503728,45.89538],[13.503597,45.8954],[13.503555,45.895422],[13.501098,45.894552],[13.500982,45.894687],[13.500758,45.894794],[13.500482,45.89498],[13.500266,45.895235],[13.50016,45.895241],[13.500055,45.8952],[13.499592,45.894332],[13.50011,45.894225],[13.500126,45.894203],[13.500081,45.894187],[13.499733,45.894266],[13.49954,45.894291],[13.49952,45.894313],[13.499539,45.894367],[13.49944,45.894385],[13.499334,45.894374],[13.499306,45.894386],[13.499738,45.895211],[13.49984,45.895522],[13.499508,45.895572],[13.49919,45.895438],[13.49857,45.895226],[13.498239,45.895667],[13.49713,45.895223],[13.497331,45.894924],[13.497125,45.894838],[13.497384,45.894505],[13.497373,45.894481],[13.497339,45.894488],[13.497057,45.894842],[13.497069,45.894867],[13.497238,45.894927],[13.497003,45.895239],[13.495959,45.894849],[13.496118,45.894626],[13.495979,45.893973],[13.495979,45.893854],[13.496027,45.893784],[13.496123,45.893721],[13.496259,45.893674],[13.496267,45.893646],[13.492983,45.8911],[13.493161,45.891023],[13.49303,45.890855],[13.493051,45.890717],[13.493146,45.890635],[13.493476,45.889978],[13.493452,45.889964],[13.4925,45.889922],[13.492503,45.889839],[13.49244,45.889651],[13.49283,45.889582],[13.492892,45.889416],[13.492973,45.889376],[13.492969,45.889352],[13.492624,45.889121],[13.492776,45.888958],[13.493203,45.888589],[13.493408,45.887366],[13.493382,45.887288],[13.493248,45.887197],[13.4923,45.886723],[13.492979,45.886059],[13.492973,45.886033],[13.492682,45.885889],[13.492678,45.885854],[13.491694,45.885385]]]]},"properties":{"prov":"GO","comune_amm":"E124","comune_descr":"GRADISCA D`ISONZO","fascia":"B","zona":"B1","zona_descr":"CENTRO STORICO - PIAZZA UNITA` D`ITALIA - VIALE TRIESTE - VIA AQUILEIA - VIA GARIBALDI","microzona":1,"semestre":"2025/1"}},{"type":"Feature","geometry":{"type":"MultiPolygon","coordinates":[[[[13.466265,45.897142],[13.466367,45.89624],[13.466588,45.895348],[13.46699,45.894346],[13.467184,45.893705],[13.468331,45.893693],[13.469264,45.89366],[13.4691,45.894279],[13.468674,45.89551],[13.468677,45.895523],[13.468711,45.895529],[13.469246,45.894257],[13.469439,45.893591],[13.472246,45.893511],[13.474268,45.892834],[13.475456,45.892379],[13.476539,45.892004],[13.476556,45.892041],[13.476491,45.892217],[13.475686,45.893964],[13.474733,45.895534],[13.473118,45.89871],[13.471039,45.898246],[13.470954,45.898296],[13.470659,45.898222],[13.470573,45.898164],[13.470495,45.898145],[13.470369,45.898148],[13.469664,45.897963],[13.469224,45.897867],[13.468703,45.897716],[13.467982,45.897532],[13.467946,45.897535],[13.466635,45.897205],[13.466265,45.897142]]],[[[13.500981,45.902072],[13.500966,45.902097],[13.500843,45.902063],[13.500981,45.902072]]],[[[13.467324,45.893402],[13.467812,45.892371],[13.469329,45.889045],[13.469681,45.888354],[13.469808,45.888296],[13.470976,45.885839],[13.470973,45.885823],[13.470912,45.885806],[13.472265,45.883015],[13.47225,45.882992],[13.471747,45.882849],[13.472063,45.882123],[13.472195,45.882007],[13.472191,45.881981],[13.470251,45.882254],[13.47029,45.882093],[13.47003,45.882043],[13.47009,45.881818],[13.469597,45.881505],[13.469707,45.881143],[13.472409,45.881516],[13.472436,45.881508],[13.472473,45.881456],[13.472454,45.88144],[13.46918,45.880982],[13.469824,45.880101],[13.467638,45.878691],[13.467195,45.878248],[13.467239,45.878196],[13.467721,45.878681],[13.469868,45.880062],[13.470373,45.879898],[13.471333,45.879749],[13.471662,45.879996],[13.471698,45.879997],[13.471715,45.879961],[13.471599,45.87987],[13.471693,45.879756],[13.47242,45.878412],[13.474813,45.879051],[13.478374,45.880061],[13.480463,45.880431],[13.481842,45.880562],[13.482651,45.880619],[13.482792,45.880561],[13.483213,45.880566],[13.483425,45.880539],[13.483663,45.880466],[13.483916,45.880497],[13.484044,45.880394],[13.484176,45.880232],[13.487597,45.880984],[13.488158,45.881041],[13.489256,45.881024],[13.489523,45.881029],[13.489799,45.881059],[13.490054,45.881056],[13.490398,45.881127],[13.490731,45.881168],[13.491104,45.881265],[13.491489,45.881318],[13.492126,45.881431],[13.492285,45.881471],[13.492559,45.88151],[13.492478,45.881548],[13.49247,45.881573],[13.492485,45.881581],[13.493684,45.881791],[13.493862,45.88184],[13.493894,45.881833],[13.494274,45.881958],[13.494583,45.882103],[13.494661,45.882166],[13.494663,45.882196],[13.495725,45.882867],[13.495658,45.882877],[13.49566,45.882903],[13.496415,45.883384],[13.496253,45.883338],[13.496155,45.883329],[13.495262,45.883422],[13.494043,45.884126],[13.493658,45.883948],[13.493591,45.88394],[13.492967,45.884516],[13.492228,45.884189],[13.491726,45.884548],[13.491729,45.884574],[13.492221,45.884854],[13.491689,45.885396],[13.492647,45.885883],[13.492649,45.885917],[13.492937,45.886071],[13.492583,45.886389],[13.491995,45.886986],[13.491583,45.887527],[13.492647,45.888281],[13.493066,45.888541],[13.493067,45.888572],[13.493113,45.888604],[13.493072,45.888651],[13.493014,45.888615],[13.492977,45.888615],[13.492682,45.888841],[13.49255,45.889002],[13.492555,45.889025],[13.492935,45.889279],[13.492836,45.889324],[13.492794,45.889451],[13.492603,45.889444],[13.492242,45.889544],[13.492226,45.889564],[13.492283,45.889754],[13.492308,45.889769],[13.492776,45.889777],[13.493051,45.889763],[13.493114,45.889736],[13.493167,45.889735],[13.493447,45.889782],[13.493184,45.890427],[13.493116,45.890561],[13.493027,45.890674],[13.493021,45.890795],[13.493153,45.890955],[13.493015,45.891012],[13.493008,45.891039],[13.495361,45.892899],[13.495977,45.893376],[13.496269,45.89358],[13.496102,45.89364],[13.495866,45.893684],[13.495194,45.893764],[13.49508,45.893831],[13.494911,45.893838],[13.494867,45.893805],[13.49348,45.893935],[13.490868,45.893832],[13.489712,45.89372],[13.489683,45.893735],[13.489688,45.893748],[13.490932,45.893891],[13.493495,45.89402],[13.494877,45.893903],[13.494929,45.89394],[13.495069,45.893934],[13.495191,45.893863],[13.495821,45.893792],[13.495992,45.893764],[13.496122,45.893722],[13.496023,45.893789],[13.495973,45.893883],[13.496119,45.894629],[13.495965,45.894844],[13.498097,45.895646],[13.498133,45.895637],[13.499115,45.894253],[13.499186,45.894286],[13.498536,45.895203],[13.49919,45.895438],[13.499504,45.89557],[13.499836,45.895518],[13.499738,45.895212],[13.499249,45.894291],[13.499342,45.894281],[13.49937,45.894301],[13.499856,45.895209],[13.500035,45.895681],[13.500147,45.89634],[13.500354,45.896757],[13.500694,45.897247],[13.500592,45.897305],[13.500618,45.897347],[13.500558,45.897429],[13.500674,45.897526],[13.500673,45.897569],[13.500827,45.897658],[13.501885,45.898981],[13.502753,45.899975],[13.501278,45.90195],[13.500958,45.901922],[13.500928,45.90194],[13.500926,45.90198],[13.50043,45.901921],[13.500039,45.901862],[13.499923,45.90183],[13.498524,45.901688],[13.4974,45.901522],[13.496498,45.901338],[13.496467,45.901349],[13.496373,45.901515],[13.496286,45.901492],[13.496372,45.901333],[13.496356,45.901309],[13.495367,45.901076],[13.494375,45.9008],[13.492998,45.903161],[13.493001,45.903224],[13.492517,45.903178],[13.492691,45.903156],[13.492856,45.903098],[13.492945,45.903049],[13.493072,45.902888],[13.494285,45.900774],[13.493762,45.900605],[13.490054,45.899279],[13.48956,45.899084],[13.48966,45.899003],[13.489651,45.898974],[13.489372,45.898891],[13.48812,45.898452],[13.48809,45.898455],[13.486574,45.89947],[13.484179,45.901017],[13.484111,45.900969],[13.486223,45.899622],[13.488049,45.898405],[13.488034,45.898386],[13.487106,45.898077],[13.486631,45.897831],[13.484098,45.896826],[13.483849,45.896685],[13.483046,45.896529],[13.481999,45.896414],[13.483863,45.893745],[13.484057,45.893426],[13.48421,45.89324],[13.484207,45.893217],[13.484064,45.893208],[13.483998,45.89325],[13.48383,45.893435],[13.481964,45.896257],[13.481328,45.896045],[13.480609,45.895771],[13.479418,45.895439],[13.477671,45.894689],[13.476102,45.894155],[13.475324,45.895464],[13.475341,45.895489],[13.475554,45.895527],[13.475191,45.896285],[13.474583,45.896164],[13.47494,45.895444],[13.474902,45.895413],[13.475609,45.89426],[13.475835,45.893854],[13.476675,45.892156],[13.476783,45.892024],[13.47692,45.891937],[13.47693,45.891924],[13.476901,45.891905],[13.47663,45.891927],[13.472165,45.893341],[13.467324,45.893402]]],[[[13.510658,45.899056],[13.510226,45.899544],[13.510234,45.89957],[13.510215,45.899596],[13.510178,45.899606],[13.510108,45.899686],[13.51011,45.899709],[13.510032,45.899823],[13.509377,45.89961],[13.509249,45.899844],[13.508859,45.899744],[13.509089,45.89931],[13.509074,45.899286],[13.508622,45.899156],[13.5084,45.899548],[13.50807,45.899456],[13.508273,45.899067],[13.508259,45.899044],[13.506783,45.898608],[13.50675,45.898619],[13.50665,45.898786],[13.506618,45.898902],[13.506047,45.898914],[13.506113,45.898767],[13.506099,45.898745],[13.504905,45.898373],[13.504873,45.898379],[13.504878,45.898517],[13.504978,45.898973],[13.504721,45.899531],[13.50449,45.899932],[13.504304,45.900181],[13.504077,45.90037],[13.503717,45.900599],[13.503686,45.900639],[13.504157,45.901195],[13.504571,45.901482],[13.505148,45.9018],[13.505429,45.901931],[13.505618,45.902054],[13.505607,45.902097],[13.505708,45.902168],[13.505684,45.902207],[13.5053,45.901952],[13.504775,45.901688],[13.50442,45.901474],[13.504067,45.90121],[13.50208,45.898943],[13.501027,45.897666],[13.500848,45.897556],[13.500857,45.897513],[13.500747,45.897424],[13.500806,45.897345],[13.500776,45.897303],[13.500873,45.897252],[13.50088,45.89723],[13.500557,45.89676],[13.500355,45.896348],[13.500246,45.895694],[13.500059,45.895205],[13.500156,45.89524],[13.500262,45.895235],[13.500478,45.894983],[13.500758,45.894793],[13.500979,45.894688],[13.501087,45.894558],[13.50356,45.89542],[13.50361,45.895381],[13.503702,45.895368],[13.503722,45.895348],[13.503568,45.894718],[13.503715,45.894687],[13.503828,45.894373],[13.503886,45.894053],[13.50408,45.893942],[13.504254,45.894061],[13.504728,45.894287],[13.50492,45.894351],[13.505758,45.89417],[13.506203,45.894099],[13.506435,45.894083],[13.506463,45.894064],[13.507553,45.894208],[13.507298,45.895479],[13.506905,45.895298],[13.50647,45.89562],[13.50708,45.895997],[13.507467,45.896318],[13.507745,45.896597],[13.508599,45.897312],[13.509894,45.898003],[13.509927,45.898001],[13.509987,45.897957],[13.510105,45.898011],[13.510194,45.897951],[13.510518,45.898073],[13.5103,45.898193],[13.510288,45.898215],[13.510016,45.898313],[13.509332,45.898161],[13.509299,45.898181],[13.509442,45.898273],[13.509464,45.898277],[13.509498,45.898254],[13.509955,45.898349],[13.509802,45.898475],[13.509804,45.8985],[13.510658,45.899056]]]]},"properties":{"prov":"GO","comune_amm":"E124","comune_descr":"GRADISCA D`ISONZO","fascia":"D","zona":"D1","zona_descr":"BORGO BIASIOL - BORGO TREVISAN - BORGO VIOLA - BORGO TINTOR - BORGO BIDISCHINI","microzona":1,"semestre":"2025/1"}},{"type":"Feature","geometry":{"type":"MultiPolygon","coordinates":[[[[13.472487,45.881446],[13.472424,45.881518],[13.469733,45.881143],[13.469703,45.881157],[13.4696,45.881504],[13.470099,45.881823],[13.470038,45.882039],[13.470298,45.88209],[13.470258,45.882228],[13.470271,45.882247],[13.472238,45.881968],[13.472062,45.882124],[13.471752,45.882834],[13.471768,45.882855],[13.472271,45.883002],[13.470934,45.88576],[13.470937,45.885775],[13.470998,45.885791],[13.469807,45.888299],[13.46968,45.888357],[13.469329,45.889045],[13.467812,45.892371],[13.467324,45.893402],[13.466391,45.893421],[13.465762,45.893417],[13.465763,45.893357],[13.465806,45.893331],[13.466439,45.892014],[13.466475,45.891677],[13.46646,45.891621],[13.466506,45.891526],[13.466575,45.891448],[13.46663,45.891271],[13.466638,45.890656],[13.46671,45.890239],[13.46679,45.889971],[13.466709,45.889156],[13.4666,45.888769],[13.466459,45.888496],[13.466437,45.88835],[13.466498,45.888159],[13.466612,45.887939],[13.466837,45.887583],[13.466898,45.887596],[13.466913,45.887586],[13.466858,45.887476],[13.466809,45.887274],[13.466821,45.887148],[13.466871,45.886967],[13.466947,45.886809],[13.466793,45.886765],[13.466586,45.886039],[13.466674,45.885697],[13.466836,45.885417],[13.467154,45.885416],[13.467176,45.885406],[13.467673,45.884738],[13.4687,45.88344],[13.469649,45.882584],[13.469499,45.882468],[13.469469,45.882364],[13.468624,45.88168],[13.467463,45.880837],[13.467208,45.880718],[13.467001,45.880587],[13.466886,45.880543],[13.466779,45.880476],[13.466604,45.880412],[13.466405,45.880294],[13.466556,45.880091],[13.466745,45.879881],[13.466079,45.87947],[13.467193,45.878247],[13.467639,45.878692],[13.469829,45.8801],[13.469195,45.880962],[13.469199,45.880982],[13.472487,45.881446]]],[[[13.461013,45.880562],[13.461,45.879349],[13.461026,45.879152],[13.461098,45.878939],[13.461117,45.878702],[13.461365,45.878038],[13.461611,45.877524],[13.462034,45.876902],[13.462482,45.87661],[13.46258,45.876452],[13.462644,45.876284],[13.462614,45.876169],[13.463385,45.875189],[13.463478,45.875179],[13.463676,45.875104],[13.465242,45.872972],[13.467453,45.869907],[13.470007,45.868275],[13.470523,45.868338],[13.470605,45.868483],[13.47093,45.868787],[13.471169,45.868881],[13.471625,45.869239],[13.472065,45.871225],[13.472192,45.872227],[13.474443,45.874111],[13.472308,45.875295],[13.472311,45.875325],[13.473898,45.875953],[13.474479,45.876155],[13.475135,45.876322],[13.475751,45.876425],[13.476375,45.876583],[13.477494,45.876925],[13.479981,45.877623],[13.481385,45.877969],[13.483114,45.878349],[13.48313,45.878946],[13.483151,45.878964],[13.484989,45.879211],[13.486753,45.879694],[13.487421,45.879798],[13.488491,45.880053],[13.48965,45.880413],[13.490516,45.880628],[13.49149,45.880745],[13.49339,45.880827],[13.495619,45.880893],[13.497056,45.881006],[13.497831,45.881246],[13.498439,45.881494],[13.498916,45.881729],[13.499595,45.881828],[13.498788,45.883389],[13.499039,45.883465],[13.499476,45.883652],[13.500442,45.884177],[13.500516,45.884231],[13.500718,45.884329],[13.501039,45.884548],[13.500697,45.885836],[13.49638,45.883071],[13.494353,45.882323],[13.493919,45.882189],[13.492144,45.88177],[13.491505,45.88169],[13.489727,45.881546],[13.488584,45.881412],[13.486269,45.881064],[13.483748,45.880587],[13.483537,45.880523],[13.483489,45.88052],[13.483173,45.88057],[13.482794,45.880561],[13.482956,45.880499],[13.482934,45.880476],[13.482896,45.880474],[13.482507,45.880532],[13.481899,45.880564],[13.480465,45.880431],[13.478376,45.880062],[13.474813,45.879051],[13.47244,45.878418],[13.472406,45.878428],[13.471694,45.879754],[13.471607,45.879861],[13.47161,45.879883],[13.471731,45.879974],[13.471683,45.880006],[13.471321,45.879751],[13.470369,45.879899],[13.469864,45.880064],[13.467724,45.878684],[13.467303,45.87826],[13.468094,45.877155],[13.46515,45.876306],[13.464649,45.875845],[13.463945,45.875083],[13.463766,45.875143],[13.463756,45.875168],[13.4644,45.875862],[13.464887,45.876319],[13.467391,45.877028],[13.467787,45.877165],[13.466936,45.878319],[13.466915,45.878306],[13.466883,45.878313],[13.465724,45.879536],[13.466408,45.879948],[13.466212,45.880158],[13.46606,45.880351],[13.466067,45.880373],[13.466266,45.880486],[13.466401,45.880532],[13.46651,45.880597],[13.46664,45.880649],[13.466859,45.880779],[13.467089,45.880878],[13.468287,45.881733],[13.46916,45.882416],[13.469176,45.882466],[13.466411,45.882663],[13.466384,45.882701],[13.465815,45.882738],[13.465515,45.882795],[13.462674,45.883547],[13.462613,45.883409],[13.462567,45.883057],[13.462362,45.882857],[13.462195,45.882644],[13.462053,45.882356],[13.461653,45.881743],[13.461307,45.881257],[13.461167,45.881009],[13.461013,45.880562]]],[[[13.4644,45.896925],[13.464686,45.896018],[13.465292,45.894466],[13.465607,45.893753],[13.466247,45.893742],[13.466915,45.893703],[13.467177,45.893704],[13.46699,45.894346],[13.466588,45.895348],[13.466367,45.89624],[13.46627,45.897139],[13.466636,45.897205],[13.467954,45.897538],[13.46799,45.897535],[13.468703,45.897716],[13.469223,45.897867],[13.469663,45.897963],[13.470366,45.898148],[13.470487,45.898144],[13.470575,45.898164],[13.470663,45.898223],[13.470941,45.898292],[13.471026,45.898243],[13.473115,45.898704],[13.474733,45.895534],[13.475686,45.893963],[13.476491,45.892218],[13.476554,45.892045],[13.476542,45.892003],[13.476626,45.891968],[13.476914,45.891938],[13.476782,45.892025],[13.476622,45.892247],[13.475766,45.893996],[13.474911,45.895398],[13.474948,45.89543],[13.474592,45.896162],[13.475168,45.896282],[13.475199,45.89627],[13.475546,45.895543],[13.475528,45.895519],[13.475314,45.89548],[13.476102,45.894148],[13.477671,45.894689],[13.479422,45.895439],[13.480612,45.89577],[13.481328,45.896045],[13.481965,45.896257],[13.481873,45.89641],[13.481879,45.896431],[13.48296,45.896522],[13.483219,45.89657],[13.482654,45.897469],[13.482684,45.897632],[13.482769,45.897823],[13.482888,45.897971],[13.483024,45.898077],[13.48315,45.898143],[13.483216,45.898152],[13.48323,45.898131],[13.483104,45.898069],[13.482966,45.897958],[13.482851,45.897812],[13.48278,45.897624],[13.48275,45.897451],[13.483346,45.896583],[13.483852,45.896685],[13.484007,45.896786],[13.484098,45.896826],[13.486629,45.89783],[13.487107,45.898078],[13.488067,45.898397],[13.486223,45.899622],[13.484181,45.900921],[13.484173,45.900941],[13.484212,45.900988],[13.486574,45.89947],[13.488104,45.898447],[13.489372,45.898891],[13.48968,45.898983],[13.489579,45.899068],[13.489585,45.899096],[13.490053,45.899279],[13.493762,45.900605],[13.494293,45.900772],[13.493072,45.902887],[13.492943,45.903051],[13.492856,45.903098],[13.492658,45.903164],[13.492674,45.903194],[13.492992,45.903218],[13.492997,45.903163],[13.494372,45.900795],[13.495367,45.901076],[13.496379,45.901316],[13.495858,45.902265],[13.495583,45.902831],[13.495236,45.90344],[13.495098,45.903586],[13.495048,45.903539],[13.493967,45.903373],[13.493132,45.903309],[13.492737,45.903254],[13.492651,45.903247],[13.49247,45.903273],[13.492318,45.903333],[13.492339,45.903356],[13.492454,45.903368],[13.492396,45.903466],[13.492412,45.90349],[13.492498,45.903457],[13.492786,45.903397],[13.493288,45.903452],[13.494144,45.903501],[13.495187,45.903639],[13.495214,45.903671],[13.495246,45.90368],[13.495358,45.903523],[13.495619,45.902922],[13.49586,45.902433],[13.496333,45.901563],[13.497529,45.901791],[13.497927,45.901851],[13.498316,45.901905],[13.499107,45.901983],[13.499136,45.901967],[13.499115,45.901947],[13.498074,45.901823],[13.497021,45.901646],[13.496382,45.901516],[13.496476,45.901335],[13.4974,45.901522],[13.49834,45.901663],[13.49913,45.901757],[13.499924,45.90183],[13.500036,45.901862],[13.500433,45.901922],[13.500878,45.901973],[13.500906,45.901964],[13.500908,45.901915],[13.501248,45.901937],[13.502607,45.899916],[13.503774,45.901123],[13.504135,45.901368],[13.504488,45.901562],[13.50504,45.901813],[13.505437,45.902061],[13.505354,45.902283],[13.50526,45.90228],[13.505234,45.902291],[13.505127,45.902495],[13.505083,45.902935],[13.50529,45.903029],[13.504828,45.90418],[13.504872,45.904218],[13.504454,45.905253],[13.504422,45.905453],[13.504375,45.905475],[13.503746,45.906877],[13.503813,45.906923],[13.502578,45.908508],[13.502093,45.908341],[13.502058,45.90835],[13.50134,45.909407],[13.50089,45.910139],[13.500711,45.910533],[13.500612,45.910818],[13.49812,45.910199],[13.498085,45.91021],[13.498044,45.910302],[13.498063,45.910326],[13.499249,45.910679],[13.500498,45.911025],[13.500475,45.911102],[13.50006,45.91185],[13.500847,45.912101],[13.5014,45.912239],[13.500752,45.913365],[13.501835,45.913604],[13.501112,45.914716],[13.501965,45.915472],[13.501718,45.915715],[13.501592,45.915935],[13.501001,45.916022],[13.494874,45.912883],[13.494735,45.912832],[13.493532,45.912163],[13.493555,45.912105],[13.493544,45.912085],[13.491773,45.911255],[13.491097,45.910889],[13.490582,45.910631],[13.488906,45.909867],[13.488276,45.909652],[13.487938,45.909591],[13.487629,45.909548],[13.487177,45.909543],[13.486158,45.909415],[13.485465,45.909346],[13.485056,45.909206],[13.485174,45.908867],[13.484429,45.908687],[13.484697,45.908209],[13.484681,45.908185],[13.48442,45.908118],[13.48508,45.906908],[13.485721,45.90706],[13.485753,45.907049],[13.48772,45.903519],[13.487681,45.903485],[13.488381,45.90235],[13.488845,45.90243],[13.489991,45.902699],[13.490049,45.902768],[13.490346,45.902905],[13.49087,45.903074],[13.49111,45.903135],[13.491249,45.903217],[13.491632,45.903287],[13.492224,45.903345],[13.49225,45.903335],[13.492321,45.903238],[13.492316,45.903217],[13.491518,45.903122],[13.491273,45.903072],[13.491155,45.903035],[13.490991,45.902931],[13.490343,45.902727],[13.490048,45.90258],[13.489987,45.902509],[13.488834,45.902214],[13.488363,45.902127],[13.486471,45.901696],[13.484127,45.901096],[13.484067,45.901192],[13.484081,45.901215],[13.488116,45.902211],[13.487442,45.903336],[13.485445,45.90684],[13.48482,45.906689],[13.484788,45.9067],[13.484103,45.907877],[13.484116,45.9079],[13.484389,45.907984],[13.484108,45.90849],[13.482676,45.908179],[13.481762,45.908008],[13.480257,45.907699],[13.47883,45.907369],[13.478637,45.907271],[13.475463,45.906199],[13.474904,45.903382],[13.475081,45.90332],[13.475096,45.903301],[13.474479,45.90032],[13.467636,45.897977],[13.4644,45.896925]]],[[[13.505515,45.886219],[13.504648,45.886959],[13.504612,45.886913],[13.504624,45.886884],[13.504609,45.886858],[13.504538,45.886853],[13.50452,45.886903],[13.504482,45.886923],[13.504409,45.886907],[13.504116,45.886781],[13.503939,45.886728],[13.503361,45.886452],[13.503169,45.886377],[13.502887,45.886245],[13.502494,45.886007],[13.502377,45.885965],[13.501921,45.885727],[13.501778,45.885623],[13.501701,45.885589],[13.501554,45.885374],[13.501313,45.885114],[13.501291,45.885022],[13.501309,45.884879],[13.501143,45.884725],[13.50113,45.884682],[13.501146,45.884529],[13.501079,45.884434],[13.500145,45.883908],[13.499978,45.883842],[13.499546,45.883588],[13.499185,45.883434],[13.498882,45.883342],[13.499721,45.881701],[13.50124,45.882892],[13.502667,45.884044],[13.503082,45.884481],[13.503975,45.885228],[13.505515,45.886219]]],[[[13.510032,45.899825],[13.509954,45.899937],[13.509964,45.899964],[13.509084,45.901503],[13.508244,45.901295],[13.508159,45.901395],[13.508015,45.901635],[13.507885,45.90164],[13.506122,45.901286],[13.506065,45.901439],[13.506021,45.901434],[13.506007,45.901446],[13.50585,45.901864],[13.505622,45.902055],[13.50543,45.901932],[13.504783,45.901605],[13.504403,45.901378],[13.504154,45.901194],[13.503682,45.900639],[13.503714,45.9006],[13.504077,45.90037],[13.504306,45.900178],[13.50449,45.899931],[13.504721,45.89953],[13.504977,45.898967],[13.504878,45.898518],[13.504867,45.898362],[13.506116,45.89875],[13.506056,45.89889],[13.506081,45.898913],[13.506614,45.898899],[13.506648,45.898786],[13.506759,45.898603],[13.507072,45.89869],[13.50828,45.899051],[13.508076,45.89944],[13.508091,45.899463],[13.508401,45.899543],[13.508622,45.89915],[13.509095,45.899294],[13.508867,45.899727],[13.508881,45.899751],[13.509249,45.899838],[13.509376,45.899603],[13.510032,45.899825]]],[[[13.50267,45.892203],[13.502694,45.892102],[13.502964,45.891679],[13.50308,45.891457],[13.503245,45.891291],[13.503449,45.890953],[13.504086,45.890352],[13.504328,45.890203],[13.504765,45.890006],[13.504901,45.889809],[13.505014,45.889582],[13.505154,45.888933],[13.505243,45.888749],[13.505201,45.888693],[13.50522,45.888621],[13.50534,45.888408],[13.50542,45.888402],[13.505468,45.888352],[13.505414,45.888312],[13.505115,45.887615],[13.504661,45.887048],[13.505498,45.886306],[13.506424,45.887098],[13.506758,45.887577],[13.507338,45.888029],[13.508046,45.88845],[13.508785,45.888779],[13.509331,45.889051],[13.509879,45.889406],[13.511323,45.88999],[13.512448,45.890436],[13.513122,45.890644],[13.514125,45.890912],[13.513416,45.891807],[13.512592,45.893009],[13.511992,45.893946],[13.512005,45.893971],[13.512126,45.89401],[13.511792,45.894674],[13.51181,45.894701],[13.511618,45.895379],[13.511511,45.895862],[13.511619,45.896024],[13.511901,45.896347],[13.511455,45.897398],[13.511392,45.897496],[13.511075,45.897777],[13.510656,45.8981],[13.510307,45.898252],[13.510311,45.898319],[13.510199,45.898342],[13.510066,45.898413],[13.510009,45.898467],[13.51,45.898627],[13.509788,45.898486],[13.509932,45.898371],[13.509934,45.898349],[13.509514,45.898257],[13.509484,45.898265],[13.509484,45.898298],[13.509249,45.898155],[13.509144,45.898119],[13.510009,45.898311],[13.510262,45.898225],[13.51049,45.898091],[13.510498,45.89807],[13.510195,45.897955],[13.510106,45.898016],[13.509988,45.897963],[13.509908,45.898011],[13.508597,45.897311],[13.507744,45.896597],[13.507468,45.896319],[13.507077,45.895995],[13.506462,45.895622],[13.506903,45.895294],[13.507265,45.895464],[13.507297,45.895462],[13.507551,45.894213],[13.506486,45.894068],[13.505759,45.89417],[13.504915,45.894352],[13.504726,45.894286],[13.504252,45.89406],[13.504081,45.893942],[13.503919,45.893746],[13.504433,45.893453],[13.504115,45.893203],[13.504244,45.892904],[13.503827,45.892801],[13.503594,45.892858],[13.503362,45.892952],[13.503266,45.892972],[13.503185,45.893022],[13.503104,45.892937],[13.503245,45.892906],[13.50367,45.892742],[13.503761,45.892733],[13.503745,45.892681],[13.504142,45.892523],[13.504155,45.892484],[13.503937,45.892248],[13.503893,45.892238],[13.50348,45.892386],[13.502931,45.89213],[13.502872,45.89219],[13.502868,45.892249],[13.503007,45.892454],[13.502844,45.892508],[13.50284,45.892478],[13.502725,45.892316],[13.50267,45.892203]]]]},"properties":{"prov":"GO","comune_amm":"E124","comune_descr":"GRADISCA D`ISONZO","fascia":"R","zona":"R1","zona_descr":"ZONA AGRICOLA - REGIONE AGRARIA 2 - INTERO TERRITORIO COMUNALE","microzona":1,"semestre":"2025/1"}},{"type":"Feature","geometry":{"type":"MultiPolygon","coordinates":[[[[13.399506,45.679644],[13.398945,45.680237],[13.398334,45.679951],[13.398199,45.680093],[13.397848,45.679928],[13.397583,45.679824],[13.397509,45.679907],[13.396448,45.679438],[13.396538,45.67934],[13.396179,45.679174],[13.3957,45.678975],[13.395404,45.678874],[13.395184,45.678808],[13.394782,45.678719],[13.390249,45.678162],[13.390013,45.678184],[13.390015,45.678197],[13.389671,45.678274],[13.389536,45.678329],[13.389523,45.678318],[13.389093,45.678543],[13.3884,45.67895],[13.388292,45.679045],[13.388236,45.679143],[13.388175,45.679599],[13.388323,45.679603],[13.388345,45.679623],[13.388324,45.679624],[13.388316,45.679693],[13.388333,45.679694],[13.388317,45.679711],[13.388235,45.679706],[13.388161,45.679727],[13.387879,45.682424],[13.387758,45.682422],[13.387758,45.682425],[13.387884,45.682427],[13.387901,45.682466],[13.387883,45.682513],[13.387836,45.682576],[13.387765,45.682592],[13.387767,45.682624],[13.38671,45.682687],[13.386711,45.682712],[13.386662,45.68274],[13.386608,45.682731],[13.386567,45.682694],[13.386262,45.682708],[13.386238,45.682738],[13.386058,45.682758],[13.385835,45.682751],[13.385833,45.682772],[13.385528,45.682751],[13.385531,45.68273],[13.38548,45.682727],[13.385474,45.682771],[13.385356,45.682759],[13.384815,45.68281],[13.383432,45.68314],[13.383409,45.683094],[13.384141,45.682916],[13.384112,45.682905],[13.384117,45.682884],[13.384148,45.682888],[13.38399,45.682582],[13.38381,45.68257],[13.383814,45.682535],[13.384007,45.682548],[13.384218,45.68254],[13.384399,45.682663],[13.384799,45.682691],[13.384886,45.682638],[13.38502,45.682645],[13.385385,45.679988],[13.385496,45.678824],[13.385554,45.678799],[13.385545,45.678791],[13.385506,45.678787],[13.385545,45.67879],[13.385411,45.678664],[13.385297,45.678594],[13.385159,45.678543],[13.384569,45.678445],[13.384411,45.678446],[13.384317,45.678094],[13.385055,45.677982],[13.38504,45.677935],[13.385165,45.677929],[13.385234,45.67795],[13.385747,45.678251],[13.385852,45.678261],[13.386405,45.677814],[13.386953,45.678193],[13.385936,45.678819],[13.385969,45.678821],[13.387055,45.67815],[13.387485,45.678512],[13.386441,45.679095],[13.386394,45.679484],[13.385898,45.679454],[13.385882,45.679559],[13.386419,45.679602],[13.386349,45.68011],[13.385805,45.680074],[13.385789,45.680188],[13.386332,45.680223],[13.386245,45.680851],[13.385698,45.680823],[13.385685,45.680913],[13.386229,45.680947],[13.386169,45.681386],[13.386126,45.681382],[13.38602,45.682137],[13.386405,45.682139],[13.386398,45.68218],[13.386356,45.682429],[13.386314,45.682466],[13.386286,45.682464],[13.386284,45.682481],[13.386331,45.682483],[13.386372,45.682445],[13.386586,45.682452],[13.386575,45.682442],[13.386599,45.682136],[13.387755,45.682134],[13.387755,45.682171],[13.387839,45.68217],[13.388159,45.679165],[13.388194,45.679084],[13.38825,45.679003],[13.388349,45.67892],[13.389094,45.678476],[13.389475,45.678275],[13.389306,45.678123],[13.388511,45.678587],[13.387963,45.678904],[13.387677,45.678666],[13.387659,45.678819],[13.387803,45.678935],[13.38774,45.679568],[13.387223,45.679537],[13.387304,45.67875],[13.387486,45.678649],[13.387662,45.678655],[13.387582,45.67859],[13.388882,45.677856],[13.388862,45.677855],[13.388761,45.677772],[13.388868,45.677704],[13.388959,45.677335],[13.388973,45.677338],[13.389173,45.67647],[13.389065,45.676456],[13.388991,45.676304],[13.392659,45.676744],[13.392783,45.676198],[13.394295,45.676358],[13.394398,45.675902],[13.394711,45.675937],[13.395529,45.675975],[13.395859,45.674374],[13.394158,45.673701],[13.394114,45.67371],[13.394095,45.6737],[13.394111,45.673666],[13.394156,45.673675],[13.394157,45.673699],[13.395859,45.67437],[13.395902,45.674375],[13.395881,45.674475],[13.395863,45.674485],[13.395548,45.675976],[13.396635,45.676122],[13.39765,45.676228],[13.398305,45.676326],[13.398778,45.676347],[13.398905,45.676359],[13.399098,45.676402],[13.399308,45.676415],[13.399568,45.676454],[13.400168,45.6765],[13.400204,45.676527],[13.400241,45.676583],[13.400878,45.67668],[13.401364,45.676694],[13.402108,45.676687],[13.40269,45.676721],[13.402648,45.676945],[13.402938,45.677011],[13.403166,45.677043],[13.403579,45.677071],[13.404572,45.67706],[13.405121,45.677102],[13.405148,45.677159],[13.405227,45.677204],[13.405585,45.677261],[13.406034,45.677288],[13.406028,45.677559],[13.408907,45.677718],[13.408906,45.67779],[13.408872,45.678163],[13.408846,45.678162],[13.408825,45.678336],[13.405844,45.678173],[13.405264,45.678359],[13.405095,45.678344],[13.40508,45.678469],[13.405015,45.678468],[13.405026,45.67834],[13.401395,45.678026],[13.40123,45.678368],[13.401231,45.678369],[13.400852,45.67909],[13.401249,45.679105],[13.402085,45.679101],[13.402274,45.679231],[13.401193,45.679238],[13.400712,45.679223],[13.400708,45.679303],[13.400638,45.679371],[13.400345,45.67921],[13.400254,45.67919],[13.400191,45.679199],[13.400117,45.67924],[13.399801,45.679574],[13.398817,45.679118],[13.398974,45.67895],[13.398809,45.679122],[13.397944,45.678714],[13.397821,45.678854],[13.399506,45.679644]]],[[[13.372937,45.679978],[13.372967,45.679969],[13.373115,45.680199],[13.373367,45.680482],[13.37372,45.680774],[13.373915,45.68089],[13.37421,45.68103],[13.374777,45.681219],[13.375151,45.681297],[13.375542,45.681351],[13.376003,45.681237],[13.376267,45.68113],[13.376483,45.681069],[13.376784,45.681007],[13.377326,45.680928],[13.377983,45.680735],[13.378131,45.680707],[13.378473,45.680575],[13.378907,45.680445],[13.379225,45.680376],[13.379599,45.680254],[13.379783,45.680229],[13.380935,45.679773],[13.380731,45.679722],[13.380778,45.679263],[13.380635,45.678817],[13.381378,45.67871],[13.381951,45.677579],[13.382281,45.677706],[13.382031,45.678142],[13.38191,45.6784],[13.382302,45.678549],[13.382816,45.677912],[13.382961,45.67797],[13.382445,45.678606],[13.382719,45.678721],[13.383228,45.678072],[13.383299,45.678096],[13.382727,45.678829],[13.383277,45.679035],[13.383832,45.67832],[13.383816,45.678291],[13.383901,45.678322],[13.383402,45.67899],[13.383711,45.679071],[13.3842,45.678434],[13.384277,45.678416],[13.384347,45.678476],[13.384265,45.679222],[13.385074,45.679436],[13.385398,45.679452],[13.385352,45.679977],[13.384997,45.682612],[13.384898,45.682606],[13.384809,45.68266],[13.384388,45.682631],[13.384206,45.682508],[13.383995,45.682516],[13.383799,45.682504],[13.383794,45.682541],[13.383546,45.682515],[13.383541,45.682525],[13.383269,45.682508],[13.383079,45.683122],[13.38306,45.683119],[13.383091,45.683023],[13.382965,45.683009],[13.382967,45.682963],[13.380925,45.682836],[13.380924,45.682852],[13.380887,45.682859],[13.380424,45.682828],[13.380421,45.682843],[13.377904,45.682715],[13.377888,45.682605],[13.377839,45.682498],[13.37761,45.68221],[13.377283,45.681824],[13.377128,45.681697],[13.376986,45.681605],[13.376665,45.681457],[13.376413,45.681391],[13.376202,45.681352],[13.375873,45.681379],[13.375654,45.68138],[13.375165,45.681323],[13.374803,45.681253],[13.37418,45.681042],[13.373749,45.680827],[13.373467,45.680611],[13.37318,45.680328],[13.372937,45.679978]]],[[[13.387253,45.67971],[13.387271,45.679656],[13.387828,45.679687],[13.387859,45.679706],[13.387719,45.680941],[13.387656,45.680937],[13.38762,45.68108],[13.387552,45.681164],[13.387461,45.681215],[13.387144,45.681318],[13.387191,45.680911],[13.387106,45.680907],[13.387253,45.67971]]],[[[13.387781,45.68193],[13.387657,45.681921],[13.387664,45.681875],[13.387788,45.681882],[13.387781,45.68193]]],[[[13.387052,45.679525],[13.386542,45.679492],[13.38658,45.679159],[13.386598,45.679159],[13.386601,45.679135],[13.386703,45.679139],[13.386706,45.679128],[13.38709,45.679148],[13.387052,45.679525]]],[[[13.387301,45.681685],[13.38731,45.681606],[13.387382,45.681611],[13.387403,45.681442],[13.387609,45.681453],[13.387526,45.682068],[13.387236,45.682051],[13.387227,45.682122],[13.386993,45.68211],[13.387016,45.681932],[13.38725,45.681943],[13.387283,45.681684],[13.387301,45.681685]]],[[[13.386609,45.680877],[13.386399,45.680865],[13.38657,45.679605],[13.387177,45.679644],[13.387014,45.680902],[13.386772,45.680887],[13.386691,45.68152],[13.386599,45.681587],[13.3865,45.681716],[13.386609,45.680877]]],[[[13.386681,45.68172],[13.386751,45.681648],[13.386854,45.68158],[13.387085,45.681493],[13.387086,45.681509],[13.387188,45.68157],[13.387237,45.681664],[13.387229,45.681718],[13.387185,45.681787],[13.387082,45.681847],[13.386999,45.681864],[13.38684,45.681842],[13.386769,45.681802],[13.386707,45.681728],[13.386681,45.68172]]],[[[13.38791,45.679477],[13.387829,45.679474],[13.387837,45.679347],[13.387921,45.679351],[13.38791,45.679477]]]]},"properties":{"prov":"GO","comune_amm":"E125","comune_descr":"GRADO","fascia":"B","zona":"B1","zona_descr":"LUNGOMARE NAZARIO SAURO - PARCO DELLE ROSE - RIVA SLATAPER - RIVA SCARAMUZZA - PIAZZA CARPACCIO - COLMATA EMERSA","microzona":1,"semestre":"2025/1"}},{"type":"Feature","geometry":{"type":"Polygon","coordinates":[[[13.381914,45.678401],[13.382031,45.678142],[13.382259,45.677745],[13.382247,45.677723],[13.381913,45.677593],[13.382162,45.677105],[13.382432,45.676686],[13.382637,45.676444],[13.38263,45.67642],[13.382582,45.67639],[13.383179,45.675861],[13.383576,45.675593],[13.384204,45.67525],[13.384565,45.675094],[13.384984,45.674954],[13.385772,45.674788],[13.386096,45.674756],[13.388649,45.674985],[13.389147,45.675011],[13.389703,45.674203],[13.389747,45.674227],[13.389224,45.674997],[13.389246,45.675022],[13.389387,45.675035],[13.389369,45.675369],[13.389549,45.675464],[13.38975,45.675518],[13.390443,45.675612],[13.390608,45.67561],[13.390941,45.675647],[13.391284,45.675718],[13.391632,45.675769],[13.391781,45.675777],[13.391928,45.67581],[13.392125,45.675812],[13.39215,45.675796],[13.392548,45.674028],[13.392583,45.674035],[13.392181,45.675805],[13.392887,45.675794],[13.393808,45.675868],[13.394321,45.675895],[13.394348,45.675879],[13.39437,45.675763],[13.394348,45.675722],[13.39432,45.675716],[13.39434,45.675556],[13.394231,45.675539],[13.394274,45.67533],[13.394696,45.675369],[13.39465,45.675582],[13.394531,45.675578],[13.394494,45.67573],[13.394462,45.675732],[13.394422,45.675768],[13.394294,45.676357],[13.392789,45.676203],[13.392654,45.676743],[13.38904,45.67631],[13.389012,45.676321],[13.389077,45.676457],[13.38919,45.676475],[13.388896,45.67769],[13.388814,45.677747],[13.388908,45.677841],[13.387603,45.678579],[13.3876,45.678605],[13.387662,45.678656],[13.387479,45.678653],[13.387303,45.678758],[13.387231,45.679532],[13.387713,45.679567],[13.387741,45.67955],[13.387802,45.678941],[13.387659,45.678815],[13.387674,45.678665],[13.387964,45.678897],[13.389359,45.678092],[13.389542,45.678238],[13.389095,45.678475],[13.388351,45.67892],[13.388253,45.679],[13.388158,45.679168],[13.387834,45.68217],[13.387757,45.68217],[13.387729,45.682135],[13.386624,45.682136],[13.386597,45.682153],[13.386576,45.682438],[13.386361,45.682429],[13.386395,45.682145],[13.38602,45.682134],[13.386125,45.681386],[13.386172,45.681368],[13.386221,45.680952],[13.385685,45.680909],[13.385703,45.680823],[13.386219,45.68085],[13.386247,45.680833],[13.386324,45.680228],[13.385794,45.680189],[13.385806,45.680075],[13.386324,45.680108],[13.386352,45.680092],[13.386411,45.679606],[13.385879,45.679558],[13.385891,45.679455],[13.386387,45.679478],[13.386446,45.679092],[13.387474,45.678511],[13.38707,45.678163],[13.387035,45.67816],[13.386926,45.678214],[13.386323,45.677817],[13.385787,45.678258],[13.385683,45.678249],[13.385158,45.677955],[13.38508,45.677933],[13.384973,45.677946],[13.384973,45.677987],[13.384251,45.678107],[13.384324,45.678394],[13.384371,45.678429],[13.384525,45.678432],[13.38512,45.678529],[13.385254,45.678578],[13.38537,45.678647],[13.385512,45.678781],[13.385457,45.678817],[13.385396,45.679451],[13.385075,45.679436],[13.384266,45.679222],[13.384347,45.678483],[13.384294,45.678435],[13.384183,45.678457],[13.38371,45.67907],[13.383405,45.678989],[13.383875,45.678358],[13.383854,45.678329],[13.383819,45.678337],[13.383276,45.679034],[13.382731,45.678831],[13.383274,45.678117],[13.383237,45.678096],[13.383202,45.678104],[13.382715,45.678719],[13.382447,45.678603],[13.382934,45.678003],[13.382923,45.677979],[13.382822,45.67794],[13.382787,45.677947],[13.382305,45.678546],[13.381914,45.678401]],[[13.386402,45.680847],[13.386424,45.680867],[13.386608,45.680881],[13.386511,45.681628],[13.386547,45.681647],[13.386692,45.681513],[13.386771,45.680891],[13.386989,45.6809],[13.387016,45.680884],[13.387175,45.679661],[13.387151,45.679642],[13.386596,45.679606],[13.386568,45.679623],[13.386402,45.680847]],[[13.386545,45.679475],[13.386567,45.679494],[13.387046,45.679519],[13.387082,45.679152],[13.386728,45.67913],[13.386607,45.67914],[13.386579,45.679175],[13.386545,45.679475]],[[13.386698,45.681702],[13.38679,45.681816],[13.386915,45.681861],[13.387003,45.681863],[13.387078,45.681848],[13.387161,45.681807],[13.387213,45.681751],[13.387236,45.681661],[13.38719,45.681574],[13.38707,45.681503],[13.386851,45.681582],[13.386698,45.681702]],[[13.386995,45.682092],[13.387019,45.682112],[13.387201,45.682121],[13.387229,45.682105],[13.38724,45.682051],[13.387519,45.682062],[13.387599,45.681457],[13.387409,45.681448],[13.387382,45.681607],[13.387317,45.681612],[13.387281,45.681701],[13.387251,45.68194],[13.387022,45.681937],[13.386995,45.682092]],[[13.387109,45.680888],[13.387133,45.680908],[13.387191,45.680915],[13.387148,45.681286],[13.387167,45.681305],[13.387492,45.681201],[13.387596,45.681118],[13.387656,45.680937],[13.387712,45.680935],[13.387721,45.680922],[13.387856,45.679712],[13.387832,45.679695],[13.387285,45.679657],[13.387259,45.679673],[13.387109,45.680888]]]},"properties":{"prov":"GO","comune_amm":"E125","comune_descr":"GRADO","fascia":"B","zona":"B2","zona_descr":"CENTRO STORICO - PORTO - VIALE EUROPA UNITA - VIALE REGINA ELENA - VIALE DANTE - LARGO SAN GRISOGONO","microzona":1,"semestre":"2025/1"}},{"type":"Feature","geometry":{"type":"Polygon","coordinates":[[[13.384789,45.686623],[13.385234,45.682824],[13.385304,45.682796],[13.385469,45.682806],[13.385496,45.682825],[13.385747,45.682842],[13.385779,45.682827],[13.386001,45.68283],[13.386145,45.682814],[13.386186,45.682776],[13.386502,45.682767],[13.386528,45.682794],[13.386591,45.68281],[13.386635,45.682791],[13.386652,45.682762],[13.387966,45.682725],[13.389784,45.682721],[13.391647,45.682736],[13.391846,45.682796],[13.392823,45.682707],[13.392883,45.682669],[13.392973,45.682576],[13.393332,45.6825],[13.393482,45.682427],[13.393699,45.682279],[13.394211,45.681801],[13.394422,45.681527],[13.394684,45.681258],[13.395677,45.680327],[13.396466,45.679799],[13.396454,45.679781],[13.396124,45.67963],[13.396092,45.679632],[13.395333,45.680153],[13.394368,45.681166],[13.393765,45.68189],[13.393336,45.682243],[13.393055,45.682378],[13.392869,45.682402],[13.392667,45.682575],[13.392639,45.682638],[13.392616,45.682631],[13.392632,45.682582],[13.392603,45.682571],[13.391735,45.682668],[13.391478,45.682606],[13.389015,45.682598],[13.387762,45.682622],[13.387764,45.68259],[13.387825,45.682578],[13.387853,45.682556],[13.387898,45.68247],[13.38788,45.682423],[13.38816,45.67973],[13.388232,45.679707],[13.388307,45.679705],[13.388316,45.679693],[13.388313,45.679657],[13.388267,45.679633],[13.388127,45.679619],[13.388178,45.67918],[13.388239,45.679066],[13.388333,45.678979],[13.389047,45.678569],[13.389645,45.678278],[13.389738,45.67825],[13.389979,45.678211],[13.390003,45.678191],[13.390244,45.67817],[13.394498,45.678669],[13.394784,45.678709],[13.395104,45.67878],[13.395624,45.678938],[13.396158,45.679163],[13.396485,45.679324],[13.396415,45.679403],[13.396422,45.679428],[13.397451,45.679903],[13.397263,45.680132],[13.39766,45.68032],[13.397975,45.679993],[13.398193,45.68009],[13.398334,45.679952],[13.398944,45.680229],[13.399495,45.679645],[13.397801,45.678844],[13.397931,45.678704],[13.399799,45.679567],[13.400116,45.679242],[13.400194,45.679198],[13.40025,45.679191],[13.400346,45.679211],[13.400636,45.679363],[13.400704,45.679307],[13.400717,45.679223],[13.401193,45.679238],[13.40223,45.679226],[13.402229,45.6792],[13.402074,45.679102],[13.401249,45.679104],[13.400853,45.67909],[13.401415,45.678038],[13.405046,45.678337],[13.405073,45.678359],[13.40526,45.67837],[13.405857,45.678177],[13.408848,45.678347],[13.408876,45.678331],[13.408898,45.678199],[13.40888,45.678176],[13.408945,45.677769],[13.408921,45.677749],[13.406094,45.677592],[13.406098,45.67746],[13.407531,45.677598],[13.410011,45.677724],[13.410038,45.677707],[13.410073,45.677178],[13.410277,45.677445],[13.410728,45.677528],[13.411379,45.677528],[13.412016,45.677503],[13.413685,45.677379],[13.414358,45.677408],[13.414328,45.677936],[13.414353,45.677955],[13.414389,45.677956],[13.414417,45.677939],[13.414429,45.67776],[13.415172,45.677759],[13.417595,45.677683],[13.419204,45.677507],[13.420281,45.677364],[13.420288,45.677881],[13.419469,45.677986],[13.419434,45.677957],[13.419262,45.677975],[13.419272,45.678002],[13.419433,45.678054],[13.419308,45.678327],[13.419491,45.67835],[13.41929,45.678423],[13.419135,45.678529],[13.419129,45.67855],[13.419221,45.678592],[13.416902,45.681371],[13.416838,45.68137],[13.416474,45.681804],[13.416405,45.681888],[13.416402,45.681966],[13.413743,45.682679],[13.413727,45.682739],[13.411864,45.683203],[13.41142,45.683342],[13.410955,45.683449],[13.409948,45.684],[13.409776,45.684131],[13.409695,45.68416],[13.407393,45.683273],[13.406761,45.682994],[13.406708,45.682989],[13.406566,45.683052],[13.406377,45.68325],[13.406335,45.683326],[13.406353,45.68335],[13.407043,45.683505],[13.407096,45.683556],[13.407337,45.68363],[13.407693,45.683784],[13.408209,45.684049],[13.407932,45.684114],[13.407543,45.684156],[13.407437,45.684249],[13.407424,45.684566],[13.407298,45.68558],[13.407246,45.685936],[13.407175,45.686127],[13.406968,45.686232],[13.405805,45.686549],[13.405507,45.686617],[13.405447,45.686612],[13.405827,45.686224],[13.40582,45.686199],[13.405294,45.685947],[13.405074,45.686156],[13.403459,45.685372],[13.405188,45.683647],[13.405179,45.683621],[13.404865,45.683491],[13.4045,45.683847],[13.404053,45.683779],[13.4038,45.68384],[13.403494,45.683778],[13.403243,45.683696],[13.403216,45.683674],[13.403092,45.683382],[13.403028,45.683362],[13.402858,45.68335],[13.402863,45.683289],[13.40284,45.68327],[13.402323,45.683238],[13.402048,45.682879],[13.401995,45.682874],[13.397571,45.680432],[13.393222,45.684945],[13.38633,45.684483],[13.386302,45.684497],[13.386249,45.6847],[13.386041,45.684688],[13.386013,45.684704],[13.385876,45.68549],[13.385826,45.685647],[13.3857,45.685863],[13.384983,45.686632],[13.384789,45.686623]]]},"properties":{"prov":"GO","comune_amm":"E125","comune_descr":"GRADO","fascia":"C","zona":"C1","zona_descr":"ISOLA DELLA SCHIUSA - CITTA` GIARDINO - VIALE DEL TURISMO - VIALE DEL SOLE","microzona":1,"semestre":"2025/1"}},{"type":"Feature","geometry":{"type":"Polygon","coordinates":[[[13.409477,45.68398],[13.41065,45.683488],[13.411261,45.683401],[13.41325,45.682861],[13.413328,45.682851],[13.413354,45.68283],[13.415903,45.682201],[13.416417,45.682045],[13.416548,45.68199],[13.416564,45.681924],[13.417017,45.6814],[13.417062,45.681392],[13.418359,45.679847],[13.419228,45.678697],[13.419217,45.678673],[13.419139,45.678643],[13.419191,45.678574],[13.419463,45.678412],[13.419441,45.678389],[13.419328,45.678381],[13.419452,45.678081],[13.419531,45.678086],[13.419539,45.678002],[13.419817,45.677971],[13.420326,45.677962],[13.420626,45.677916],[13.420657,45.677416],[13.423395,45.677435],[13.424254,45.677339],[13.424275,45.677318],[13.424124,45.67667],[13.426169,45.676242],[13.428081,45.676117],[13.430394,45.67628],[13.431313,45.676411],[13.432768,45.676657],[13.433153,45.677072],[13.432613,45.677755],[13.432787,45.677887],[13.432894,45.678055],[13.432976,45.678295],[13.433115,45.678845],[13.433396,45.679383],[13.43332,45.679749],[13.432975,45.680241],[13.432393,45.680295],[13.43237,45.680311],[13.432144,45.681656],[13.432159,45.681707],[13.432247,45.681807],[13.433881,45.682407],[13.43403,45.682429],[13.43548,45.682862],[13.437319,45.683214],[13.43795,45.683223],[13.438274,45.683355],[13.438651,45.68362],[13.438744,45.683792],[13.440112,45.685065],[13.440312,45.685048],[13.440633,45.685192],[13.440691,45.685422],[13.440834,45.685535],[13.440905,45.685558],[13.441149,45.685528],[13.441887,45.68588],[13.442263,45.686264],[13.444156,45.687343],[13.444478,45.687481],[13.445304,45.687617],[13.443843,45.689136],[13.446078,45.69022],[13.446283,45.690414],[13.446609,45.690594],[13.446672,45.690671],[13.446671,45.690749],[13.446482,45.690989],[13.447024,45.691855],[13.44732,45.692066],[13.447132,45.692242],[13.446842,45.692004],[13.446744,45.69189],[13.446082,45.690869],[13.446048,45.69086],[13.445529,45.691872],[13.4455,45.69201],[13.445064,45.691888],[13.444891,45.691756],[13.444679,45.691655],[13.444499,45.691654],[13.444078,45.691908],[13.443995,45.691983],[13.443972,45.69203],[13.443837,45.692147],[13.443668,45.692257],[13.443596,45.692285],[13.443359,45.692271],[13.443165,45.692192],[13.443113,45.692131],[13.442989,45.69208],[13.442729,45.692131],[13.442489,45.692144],[13.442239,45.69221],[13.442113,45.692271],[13.442052,45.692358],[13.441936,45.692442],[13.441873,45.692518],[13.441714,45.69263],[13.441599,45.69275],[13.441544,45.692859],[13.441318,45.693114],[13.441224,45.693258],[13.441081,45.693325],[13.440567,45.693341],[13.440232,45.693404],[13.439887,45.6935],[13.439747,45.693501],[13.43961,45.693464],[13.439564,45.693419],[13.439575,45.693199],[13.439482,45.693087],[13.439381,45.693047],[13.43923,45.693079],[13.439067,45.693027],[13.439032,45.692939],[13.439111,45.692853],[13.439124,45.692793],[13.439117,45.692779],[13.43908,45.692778],[13.438954,45.692881],[13.43897,45.693072],[13.439108,45.69313],[13.439352,45.693119],[13.439403,45.693132],[13.439461,45.693208],[13.439349,45.693315],[13.439349,45.693411],[13.43931,45.693468],[13.43911,45.693532],[13.439002,45.693545],[13.438841,45.693636],[13.438779,45.69373],[13.43874,45.693901],[13.438757,45.693985],[13.438822,45.694112],[13.438822,45.694155],[13.438774,45.694175],[13.438629,45.694192],[13.438397,45.694158],[13.438293,45.694101],[13.437403,45.694198],[13.437196,45.694524],[13.43693,45.694703],[13.436675,45.694725],[13.436512,45.694677],[13.436342,45.694673],[13.436065,45.694569],[13.435099,45.694462],[13.435068,45.694478],[13.435064,45.69456],[13.435026,45.694576],[13.434786,45.694537],[13.434573,45.69454],[13.434545,45.694454],[13.433837,45.694293],[13.433505,45.694123],[13.432529,45.692968],[13.43135,45.692626],[13.430764,45.69225],[13.431598,45.691986],[13.431611,45.691961],[13.431549,45.691894],[13.430646,45.692159],[13.428751,45.691378],[13.428243,45.691464],[13.42782,45.691443],[13.427095,45.691575],[13.426866,45.691261],[13.426837,45.691249],[13.426554,45.691505],[13.426376,45.691587],[13.425827,45.691734],[13.425511,45.691765],[13.424972,45.691701],[13.424574,45.691612],[13.424244,45.691486],[13.424186,45.691505],[13.424171,45.691541],[13.424257,45.691623],[13.424733,45.691876],[13.425084,45.69203],[13.425329,45.692225],[13.425435,45.6924],[13.425578,45.692568],[13.425621,45.692791],[13.425577,45.692877],[13.425355,45.693086],[13.424955,45.693169],[13.424291,45.693182],[13.423454,45.692944],[13.423157,45.692772],[13.423068,45.692759],[13.422966,45.692783],[13.422631,45.693026],[13.422378,45.693237],[13.422328,45.693284],[13.422229,45.693439],[13.421942,45.693693],[13.421778,45.693894],[13.421498,45.694185],[13.420822,45.694758],[13.42055,45.695056],[13.420346,45.695168],[13.420114,45.695252],[13.419677,45.695488],[13.419482,45.695563],[13.419036,45.695646],[13.418787,45.695672],[13.418481,45.695672],[13.417856,45.69558],[13.417448,45.695475],[13.416805,45.695372],[13.41531,45.694919],[13.414916,45.694898],[13.413725,45.694702],[13.413302,45.694554],[13.412994,45.694401],[13.412814,45.694352],[13.412386,45.694115],[13.412126,45.69407],[13.411951,45.694013],[13.411687,45.693965],[13.411359,45.693817],[13.411219,45.693734],[13.411112,45.693612],[13.410986,45.69353],[13.410922,45.693394],[13.410905,45.693248],[13.410947,45.693077],[13.411102,45.692706],[13.411184,45.692597],[13.411399,45.692524],[13.41183,45.692337],[13.412262,45.691977],[13.412422,45.691873],[13.412577,45.691661],[13.412925,45.691374],[13.413132,45.691068],[13.413555,45.690635],[13.413714,45.690359],[13.413989,45.690048],[13.414352,45.689384],[13.414351,45.689205],[13.41419,45.688814],[13.414187,45.688733],[13.414055,45.68865],[13.413553,45.68743],[13.413019,45.686695],[13.411587,45.68545],[13.409477,45.68398]]]},"properties":{"prov":"GO","comune_amm":"E125","comune_descr":"GRADO","fascia":"D","zona":"D1","zona_descr":"GRADO PINETA - VALLE GOPPION - VALLE CAVARERA - LA ROTTA - LA SACCA","microzona":2,"semestre":"2025/1"}},{"type":"Feature","geometry":{"type":"Polygon","coordinates":[[[13.443206,45.697659],[13.443318,45.697456],[13.443478,45.697332],[13.443675,45.697264],[13.443918,45.697277],[13.444296,45.697233],[13.444595,45.697163],[13.444798,45.697086],[13.445031,45.697046],[13.445125,45.696994],[13.445422,45.696777],[13.4455,45.696671],[13.445635,45.696567],[13.445888,45.696462],[13.446199,45.696272],[13.446364,45.696243],[13.447178,45.696314],[13.447207,45.696297],[13.447013,45.69617],[13.445866,45.695504],[13.445567,45.693018],[13.445826,45.691824],[13.445729,45.691754],[13.445746,45.691655],[13.44631,45.690679],[13.44698,45.691734],[13.447114,45.691869],[13.447361,45.692033],[13.447539,45.691894],[13.447255,45.691686],[13.446701,45.690854],[13.446945,45.690672],[13.446935,45.690552],[13.446882,45.690481],[13.446535,45.690284],[13.446344,45.690102],[13.44409,45.688977],[13.445637,45.687589],[13.446107,45.687688],[13.446785,45.687903],[13.447241,45.688119],[13.448058,45.688564],[13.449156,45.689084],[13.449187,45.689082],[13.44932,45.689011],[13.449589,45.689289],[13.45025,45.689614],[13.450497,45.689708],[13.450724,45.689754],[13.450943,45.689839],[13.45117,45.689707],[13.451787,45.690143],[13.452288,45.690336],[13.452419,45.69044],[13.452599,45.690442],[13.452625,45.690425],[13.452698,45.689716],[13.454443,45.68985],[13.45672,45.691067],[13.459696,45.688291],[13.460814,45.688879],[13.457503,45.691993],[13.458558,45.692819],[13.460116,45.691831],[13.460829,45.692373],[13.460437,45.692662],[13.460436,45.692686],[13.461811,45.693723],[13.460709,45.694443],[13.460527,45.694974],[13.460414,45.695118],[13.460776,45.695524],[13.460981,45.695832],[13.461265,45.696205],[13.461275,45.696275],[13.461552,45.696696],[13.461791,45.697115],[13.461814,45.6972],[13.461809,45.697295],[13.46169,45.697388],[13.461404,45.697558],[13.461422,45.698706],[13.461655,45.699616],[13.461722,45.699645],[13.462217,45.700095],[13.462705,45.700294],[13.462864,45.700335],[13.46362,45.700785],[13.463901,45.700874],[13.464202,45.701012],[13.464447,45.701135],[13.464876,45.701394],[13.465347,45.701589],[13.466145,45.70183],[13.466764,45.702216],[13.466957,45.702304],[13.467366,45.70267],[13.467759,45.702914],[13.468177,45.703238],[13.468251,45.703318],[13.468348,45.703857],[13.468381,45.703892],[13.46847,45.703915],[13.468568,45.704023],[13.468686,45.704072],[13.468546,45.704331],[13.468426,45.704484],[13.468654,45.70458],[13.468763,45.704599],[13.469318,45.704659],[13.469589,45.704628],[13.469511,45.704852],[13.469526,45.704991],[13.469561,45.705013],[13.469425,45.705154],[13.469288,45.705153],[13.469118,45.705207],[13.467388,45.706508],[13.464306,45.709029],[13.461984,45.709482],[13.462344,45.708569],[13.462331,45.708549],[13.461474,45.708671],[13.460973,45.708692],[13.459797,45.708705],[13.459565,45.708653],[13.459521,45.708593],[13.459488,45.708424],[13.459505,45.708267],[13.45956,45.708165],[13.459644,45.708091],[13.459715,45.707914],[13.459626,45.707655],[13.459541,45.707538],[13.459169,45.707069],[13.458835,45.70678],[13.458582,45.706575],[13.457676,45.705989],[13.457476,45.705763],[13.457227,45.705568],[13.457114,45.70545],[13.456744,45.705304],[13.456423,45.705149],[13.456214,45.704991],[13.456022,45.704923],[13.455732,45.704732],[13.455176,45.704753],[13.454993,45.704731],[13.454821,45.704706],[13.454745,45.70468],[13.454526,45.704657],[13.45434,45.704559],[13.454129,45.704209],[13.453871,45.703945],[13.453731,45.703739],[13.453657,45.703513],[13.453443,45.703258],[13.45302,45.702991],[13.451723,45.702246],[13.450558,45.701801],[13.45001,45.701675],[13.450416,45.701296],[13.450412,45.701272],[13.450362,45.701242],[13.450422,45.701186],[13.45041,45.701158],[13.449335,45.700884],[13.448192,45.700616],[13.446423,45.700161],[13.446063,45.700279],[13.446104,45.700014],[13.443495,45.697956],[13.443206,45.697659]]]},"properties":{"prov":"GO","comune_amm":"E125","comune_descr":"GRADO","fascia":"D","zona":"D2","zona_descr":"PUNTA SPIN E PRIMERO","microzona":2,"semestre":"2025/1"}},{"type":"Feature","geometry":{"type":"MultiPolygon","coordinates":[[[[13.491063,45.728025],[13.490073,45.728873],[13.490076,45.728898],[13.490581,45.729186],[13.490135,45.729569],[13.490129,45.729582],[13.490166,45.729614],[13.48982,45.72991],[13.488751,45.729304],[13.488742,45.729279],[13.487784,45.728728],[13.487669,45.728665],[13.487615,45.728658],[13.485274,45.727321],[13.485658,45.726994],[13.486159,45.727262],[13.48648,45.726999],[13.488014,45.727877],[13.488334,45.728074],[13.489316,45.727245],[13.489315,45.727216],[13.490572,45.726145],[13.490612,45.7263],[13.489601,45.727175],[13.491063,45.728025]]],[[[13.491484,45.731934],[13.489989,45.733211],[13.488995,45.732655],[13.488147,45.733367],[13.488139,45.733291],[13.488801,45.732717],[13.488224,45.732383],[13.487382,45.733094],[13.487061,45.732909],[13.487887,45.732188],[13.487078,45.731712],[13.487042,45.731715],[13.486671,45.732032],[13.486582,45.731985],[13.486546,45.731987],[13.486108,45.732356],[13.48456,45.731488],[13.486866,45.729521],[13.487079,45.729306],[13.487452,45.728984],[13.487456,45.728959],[13.487624,45.728813],[13.48768,45.728803],[13.487905,45.728927],[13.487755,45.728854],[13.487663,45.728841],[13.487485,45.728955],[13.487487,45.728981],[13.488852,45.729753],[13.488416,45.730142],[13.488417,45.73017],[13.491484,45.731934]]]]},"properties":{"prov":"GO","comune_amm":"E125","comune_descr":"GRADO","fascia":"E","zona":"E1","zona_descr":"FRAZIONE FOSSALON","microzona":3,"semestre":"2025/1"}},{"type":"Feature","geometry":{"type":"MultiPolygon","coordinates":[[[[13.237016,45.756105],[13.236895,45.755756],[13.237167,45.753661],[13.237786,45.752068],[13.23894,45.749854],[13.239168,45.748302],[13.239056,45.746429],[13.237731,45.744862],[13.238106,45.743056],[13.238783,45.74139],[13.239961,45.740078],[13.24024,45.739867],[13.243457,45.739168],[13.244008,45.738805],[13.245149,45.737843],[13.24521,45.736719],[13.245059,45.736698],[13.244229,45.73527],[13.24369,45.733522],[13.243958,45.73095],[13.244355,45.728514],[13.2442,45.726714],[13.244343,45.725245],[13.2436,45.72386],[13.243568,45.722504],[13.24593,45.720953],[13.248215,45.718825],[13.248721,45.716267],[13.249126,45.714341],[13.249565,45.708472],[13.252624,45.706574],[13.251282,45.710634],[13.251018,45.711506],[13.25,45.715226],[13.251504,45.710251],[13.253583,45.713114],[13.253832,45.713247],[13.254093,45.713509],[13.254148,45.713625],[13.254142,45.713791],[13.257217,45.715819],[13.259926,45.714641],[13.264062,45.713467],[13.267405,45.713092],[13.26761,45.712691],[13.26775,45.712213],[13.268122,45.711191],[13.268297,45.711042],[13.268415,45.710978],[13.268488,45.710913],[13.268503,45.710833],[13.268687,45.710715],[13.268835,45.710657],[13.269037,45.710538],[13.269262,45.71044],[13.269711,45.710373],[13.269798,45.710349],[13.27007,45.710225],[13.270189,45.71023],[13.27044,45.710082],[13.270669,45.710044],[13.270866,45.70989],[13.271035,45.709804],[13.271408,45.709297],[13.272106,45.708573],[13.272223,45.70841],[13.272356,45.708294],[13.272527,45.708025],[13.27267,45.707905],[13.272855,45.707561],[13.273057,45.707317],[13.273244,45.70717],[13.273636,45.707047],[13.27386,45.706994],[13.274108,45.706959],[13.274453,45.706951],[13.275033,45.706858],[13.275295,45.706831],[13.275741,45.70685],[13.276299,45.706774],[13.276832,45.706725],[13.278128,45.706669],[13.278682,45.706686],[13.279184,45.70665],[13.279516,45.706673],[13.279872,45.70667],[13.280597,45.706771],[13.280838,45.70686],[13.28118,45.707104],[13.281194,45.707271],[13.281309,45.70749],[13.281394,45.707736],[13.281591,45.708022],[13.281851,45.708329],[13.281924,45.708327],[13.282,45.708376],[13.282406,45.708452],[13.282546,45.708427],[13.282693,45.70833],[13.282763,45.708251],[13.282789,45.708173],[13.282791,45.708075],[13.282322,45.707615],[13.282326,45.70756],[13.28241,45.707532],[13.282472,45.707436],[13.282587,45.707412],[13.282736,45.70746],[13.28287,45.707457],[13.28297,45.707497],[13.283062,45.707508],[13.28326,45.707567],[13.283482,45.707596],[13.283577,45.707675],[13.283713,45.707706],[13.283885,45.707847],[13.283982,45.707956],[13.283977,45.70823],[13.2839,45.708279],[13.283896,45.708454],[13.283951,45.708453],[13.284034,45.708404],[13.284086,45.70833],[13.284082,45.708253],[13.284207,45.708062],[13.284199,45.707908],[13.284162,45.707781],[13.284089,45.707658],[13.283942,45.707516],[13.283705,45.707428],[13.283488,45.707241],[13.283479,45.707172],[13.283668,45.707048],[13.283742,45.707051],[13.284038,45.707001],[13.284264,45.706982],[13.284514,45.706985],[13.284674,45.707019],[13.2849,45.707258],[13.284919,45.707399],[13.284829,45.707559],[13.284833,45.707632],[13.284701,45.707806],[13.284458,45.708073],[13.284433,45.708185],[13.284196,45.708451],[13.284192,45.708499],[13.284068,45.708596],[13.283949,45.708663],[13.284001,45.708713],[13.284178,45.708717],[13.284213,45.708704],[13.284171,45.708672],[13.284225,45.708677],[13.28433,45.708658],[13.284364,45.708644],[13.284435,45.708488],[13.284523,45.708405],[13.284527,45.708358],[13.284691,45.708221],[13.284687,45.708149],[13.284908,45.707917],[13.284966,45.707735],[13.285097,45.707655],[13.285405,45.707601],[13.285534,45.707602],[13.285624,45.707565],[13.285843,45.707556],[13.286035,45.707496],[13.285843,45.707423],[13.285659,45.707423],[13.285393,45.707224],[13.285426,45.707159],[13.285544,45.707062],[13.285724,45.707002],[13.286213,45.707016],[13.286796,45.707062],[13.28746,45.707153],[13.287566,45.70733],[13.287647,45.707419],[13.287657,45.707416],[13.287947,45.707303],[13.28799,45.70727],[13.288308,45.707153],[13.28915,45.707016],[13.289414,45.706896],[13.289818,45.706809],[13.290054,45.70672],[13.290519,45.70659],[13.290646,45.706521],[13.291409,45.706194],[13.291822,45.706049],[13.29213,45.705918],[13.292804,45.705701],[13.292959,45.705635],[13.293704,45.705465],[13.295309,45.705408],[13.295609,45.705434],[13.296869,45.705451],[13.297288,45.705481],[13.297424,45.705478],[13.298342,45.70556],[13.298861,45.705642],[13.299433,45.705838],[13.299471,45.705876],[13.300425,45.705586],[13.302423,45.705034],[13.302606,45.704967],[13.304204,45.704933],[13.304481,45.705188],[13.304801,45.705283],[13.305281,45.705361],[13.305539,45.705396],[13.305723,45.705405],[13.30664,45.70554],[13.30694,45.705557],[13.307228,45.705644],[13.307349,45.705565],[13.307237,45.705531],[13.306638,45.705462],[13.306058,45.705351],[13.305838,45.705345],[13.305363,45.705271],[13.304776,45.705135],[13.304459,45.704846],[13.304508,45.704678],[13.304605,45.704566],[13.304684,45.704392],[13.305057,45.704067],[13.305391,45.703832],[13.305652,45.70358],[13.305888,45.703432],[13.306243,45.703166],[13.306658,45.702911],[13.306732,45.702816],[13.306855,45.702732],[13.306958,45.702632],[13.307099,45.702555],[13.307259,45.702547],[13.307813,45.702323],[13.308666,45.70206],[13.309273,45.701821],[13.310011,45.701605],[13.3101,45.701538],[13.310206,45.701534],[13.310268,45.701493],[13.310618,45.701432],[13.310976,45.701262],[13.311305,45.701172],[13.311674,45.700994],[13.311838,45.700966],[13.312471,45.700664],[13.31268,45.700607],[13.312883,45.700495],[13.313341,45.700388],[13.313648,45.700257],[13.317225,45.699159],[13.31778,45.698944],[13.318358,45.698765],[13.31952,45.698452],[13.320748,45.698055],[13.321537,45.697845],[13.322165,45.697628],[13.322756,45.697471],[13.323552,45.697216],[13.324087,45.697025],[13.324298,45.696883],[13.324381,45.696865],[13.324678,45.69686],[13.325062,45.696763],[13.325241,45.696749],[13.32547,45.697035],[13.325673,45.697004],[13.325795,45.697024],[13.325846,45.697292],[13.3258,45.697348],[13.325803,45.697419],[13.325749,45.697492],[13.325712,45.697584],[13.32564,45.697672],[13.325638,45.697688],[13.325945,45.69759],[13.326158,45.697426],[13.326164,45.697368],[13.326231,45.697298],[13.32633,45.697125],[13.326329,45.697066],[13.326369,45.697008],[13.326328,45.696752],[13.326202,45.696734],[13.326014,45.696759],[13.325789,45.696497],[13.326138,45.696477],[13.326321,45.69645],[13.326466,45.696416],[13.32661,45.696352],[13.326732,45.696318],[13.326921,45.696176],[13.327235,45.696042],[13.327748,45.695736],[13.328311,45.69545],[13.328705,45.695198],[13.328894,45.695103],[13.329411,45.694925],[13.330021,45.694609],[13.330347,45.694397],[13.330812,45.694173],[13.330962,45.694068],[13.331295,45.693937],[13.331443,45.693803],[13.331624,45.693725],[13.332167,45.693535],[13.332729,45.693226],[13.333159,45.693052],[13.33356,45.692857],[13.333919,45.692712],[13.334275,45.692535],[13.334655,45.692406],[13.335073,45.692289],[13.335358,45.692187],[13.33578,45.692094],[13.336183,45.691974],[13.336837,45.691655],[13.336885,45.691617],[13.337162,45.691333],[13.337415,45.690984],[13.33755,45.690854],[13.337945,45.69065],[13.338499,45.690463],[13.338942,45.69039],[13.339085,45.690333],[13.339401,45.690281],[13.339876,45.69015],[13.340637,45.689862],[13.341507,45.68944],[13.341677,45.689326],[13.342131,45.689108],[13.342164,45.689043],[13.342318,45.688959],[13.342371,45.688816],[13.342369,45.688932],[13.342467,45.688871],[13.342672,45.68866],[13.342993,45.688439],[13.343665,45.688283],[13.344209,45.688212],[13.3446,45.688203],[13.345643,45.688223],[13.346142,45.688274],[13.3464,45.688317],[13.346625,45.688378],[13.346867,45.688482],[13.347069,45.688632],[13.347432,45.688816],[13.347996,45.689303],[13.348165,45.689375],[13.348254,45.689454],[13.348398,45.68911],[13.348409,45.688905],[13.348275,45.688776],[13.348128,45.688722],[13.347767,45.688387],[13.347464,45.688133],[13.347049,45.68793],[13.346835,45.687752],[13.346559,45.687649],[13.346279,45.687616],[13.345849,45.687594],[13.344816,45.687479],[13.344097,45.687417],[13.34357,45.687427],[13.342821,45.687557],[13.342588,45.687707],[13.342174,45.68801],[13.342189,45.687911],[13.342334,45.687709],[13.342535,45.68751],[13.342774,45.687216],[13.342961,45.687022],[13.343119,45.6868],[13.343208,45.686748],[13.343457,45.686518],[13.343741,45.686288],[13.344459,45.685837],[13.345158,45.685447],[13.345389,45.685268],[13.345874,45.68483],[13.346403,45.684386],[13.346855,45.684034],[13.347694,45.683521],[13.348102,45.683236],[13.348503,45.683023],[13.348879,45.682798],[13.349264,45.682503],[13.350308,45.681624],[13.350511,45.681372],[13.351476,45.680031],[13.351799,45.679657],[13.351914,45.679457],[13.352744,45.678241],[13.353351,45.677521],[13.35389,45.676988],[13.354322,45.67669],[13.354493,45.676444],[13.354716,45.676179],[13.354967,45.675941],[13.355285,45.675719],[13.355546,45.675425],[13.356385,45.674829],[13.35682,45.674586],[13.357368,45.674228],[13.358083,45.673792],[13.358506,45.673568],[13.358787,45.673385],[13.35895,45.673232],[13.359179,45.673078],[13.365746,45.669614],[13.366591,45.669137],[13.36679,45.669159],[13.367007,45.669255],[13.367258,45.669258],[13.367508,45.669242],[13.367762,45.669299],[13.368161,45.669363],[13.368479,45.669382],[13.369074,45.669634],[13.369227,45.669778],[13.369571,45.670018],[13.370443,45.670504],[13.370713,45.670617],[13.371287,45.67073],[13.371596,45.670824],[13.371787,45.670939],[13.372029,45.671016],[13.372347,45.671044],[13.372935,45.671176],[13.373167,45.671309],[13.373504,45.671438],[13.373995,45.671712],[13.374915,45.672112],[13.375471,45.672153],[13.375831,45.672217],[13.37617,45.672374],[13.376502,45.672643],[13.377124,45.673375],[13.377281,45.673603],[13.377414,45.673858],[13.37961,45.676297],[13.379795,45.676542],[13.379943,45.676825],[13.379965,45.676981],[13.380038,45.677118],[13.380087,45.677283],[13.380099,45.677496],[13.380148,45.67767],[13.380426,45.678163],[13.380462,45.678328],[13.380457,45.678708],[13.380597,45.679132],[13.380547,45.679508],[13.380552,45.679599],[13.380732,45.679642],[13.379401,45.680182],[13.379311,45.680174],[13.378838,45.680292],[13.378665,45.68035],[13.378597,45.680353],[13.37838,45.680425],[13.378221,45.680445],[13.378036,45.680526],[13.377864,45.680552],[13.377742,45.680607],[13.377578,45.680634],[13.377351,45.680706],[13.377229,45.680726],[13.376938,45.680829],[13.37643,45.680961],[13.37632,45.680977],[13.375814,45.681133],[13.375635,45.681162],[13.375464,45.681224],[13.375359,45.681245],[13.374887,45.681227],[13.374487,45.68114],[13.373763,45.680902],[13.373469,45.680747],[13.373223,45.680566],[13.372913,45.680281],[13.372485,45.679801],[13.372469,45.679812],[13.372734,45.680129],[13.372992,45.680407],[13.373361,45.680703],[13.373777,45.680929],[13.374463,45.681156],[13.374945,45.681257],[13.375492,45.681271],[13.375974,45.681262],[13.376302,45.68134],[13.376528,45.681429],[13.376764,45.681553],[13.376861,45.681625],[13.377072,45.68184],[13.377515,45.682375],[13.377562,45.682459],[13.377604,45.682644],[13.381699,45.682875],[13.382853,45.682959],[13.382839,45.683049],[13.38294,45.683063],[13.382913,45.683168],[13.382934,45.683171],[13.383183,45.682513],[13.383886,45.682564],[13.38408,45.682918],[13.383299,45.683096],[13.383326,45.683157],[13.384668,45.682846],[13.38525,45.682831],[13.385126,45.683854],[13.385113,45.683855],[13.384788,45.686624],[13.384981,45.686635],[13.3857,45.685862],[13.385826,45.685647],[13.385875,45.68549],[13.386016,45.684686],[13.38625,45.6847],[13.386306,45.684482],[13.393222,45.684946],[13.397569,45.680424],[13.401998,45.682876],[13.40205,45.682876],[13.402322,45.683238],[13.402866,45.683271],[13.402857,45.683351],[13.403034,45.683362],[13.403102,45.683387],[13.403216,45.683676],[13.403241,45.683695],[13.403493,45.683777],[13.403804,45.683841],[13.404046,45.683778],[13.404504,45.683847],[13.404863,45.683485],[13.405194,45.683628],[13.405334,45.683483],[13.405346,45.683489],[13.403456,45.685372],[13.405078,45.686157],[13.405292,45.685939],[13.405842,45.686209],[13.405445,45.686615],[13.405509,45.686616],[13.405805,45.686548],[13.40697,45.686232],[13.407178,45.686125],[13.407245,45.685936],[13.407298,45.68558],[13.407424,45.684566],[13.407438,45.684243],[13.407533,45.684157],[13.407931,45.684114],[13.408211,45.68405],[13.407693,45.683784],[13.407336,45.68363],[13.407088,45.683554],[13.407048,45.683506],[13.406326,45.683344],[13.406375,45.683252],[13.406569,45.683048],[13.406717,45.682985],[13.406854,45.683009],[13.408328,45.683669],[13.409499,45.684219],[13.409551,45.684215],[13.409798,45.684067],[13.410016,45.683971],[13.412181,45.685478],[13.413561,45.686683],[13.413989,45.687187],[13.414092,45.68728],[13.414166,45.687388],[13.414698,45.688634],[13.414781,45.688652],[13.414832,45.688701],[13.414839,45.688805],[13.414903,45.688904],[13.414963,45.689084],[13.41501,45.689157],[13.415024,45.689366],[13.414683,45.689991],[13.414393,45.690347],[13.414236,45.690646],[13.413906,45.690943],[13.413682,45.69118],[13.413513,45.691454],[13.413113,45.691798],[13.412979,45.691962],[13.412443,45.692389],[13.412382,45.69243],[13.411766,45.692699],[13.411703,45.692749],[13.411659,45.692883],[13.411516,45.693166],[13.411482,45.693364],[13.411497,45.693487],[13.411443,45.693489],[13.411292,45.693568],[13.411287,45.693568],[13.411537,45.6937],[13.411757,45.693777],[13.412322,45.693905],[13.41286,45.694185],[13.412986,45.694217],[13.413259,45.69434],[13.413853,45.694379],[13.414264,45.694453],[13.414751,45.694512],[13.41494,45.694559],[13.415356,45.694579],[13.415932,45.694739],[13.416444,45.694907],[13.416865,45.69502],[13.417172,45.695087],[13.417502,45.69513],[13.417923,45.695236],[13.418544,45.69533],[13.418959,45.695322],[13.41954,45.695218],[13.419732,45.695148],[13.420136,45.694919],[13.420443,45.694808],[13.420618,45.694704],[13.420909,45.694385],[13.42133,45.694021],[13.421931,45.69344],[13.422019,45.693306],[13.422041,45.693302],[13.422309,45.693039],[13.422427,45.692861],[13.422961,45.692437],[13.42306,45.692387],[13.423143,45.692375],[13.423221,45.692383],[13.423508,45.692557],[13.424367,45.692792],[13.425038,45.692773],[13.425419,45.692697],[13.425639,45.692481],[13.42569,45.692393],[13.425644,45.692157],[13.425478,45.691975],[13.425362,45.691794],[13.425209,45.691678],[13.425064,45.691593],[13.424332,45.691244],[13.424212,45.691139],[13.424244,45.691101],[13.424321,45.691084],[13.42462,45.691214],[13.425002,45.691296],[13.425563,45.69136],[13.42582,45.69134],[13.426425,45.691184],[13.426592,45.691112],[13.426924,45.690795],[13.426939,45.690711],[13.426881,45.690627],[13.427051,45.690626],[13.426927,45.690854],[13.427157,45.691162],[13.427889,45.691027],[13.428285,45.691058],[13.428795,45.690956],[13.430728,45.691738],[13.431633,45.691466],[13.431696,45.691553],[13.430854,45.691827],[13.431443,45.692203],[13.432619,45.692538],[13.433609,45.693698],[13.433685,45.693744],[13.433953,45.693878],[13.434675,45.694037],[13.434686,45.694117],[13.434896,45.694113],[13.435165,45.694187],[13.435205,45.694168],[13.435203,45.694067],[13.436221,45.694175],[13.436363,45.694242],[13.436533,45.694286],[13.436666,45.69428],[13.436731,45.694319],[13.436837,45.694337],[13.43707,45.694319],[13.437361,45.694125],[13.437359,45.694095],[13.437544,45.693813],[13.438438,45.69372],[13.438483,45.693769],[13.438739,45.693815],[13.43892,45.693801],[13.438967,45.693777],[13.438964,45.693728],[13.438906,45.693632],[13.438876,45.693527],[13.43892,45.69336],[13.438972,45.693256],[13.439144,45.693174],[13.439445,45.693095],[13.439482,45.693071],[13.439471,45.692949],[13.439585,45.692844],[13.439547,45.692768],[13.43947,45.692756],[13.439246,45.692764],[13.43909,45.69271],[13.439078,45.692505],[13.439167,45.692457],[13.439216,45.692399],[13.439154,45.692308],[13.439181,45.692284],[13.439267,45.692375],[13.439235,45.692489],[13.439163,45.692573],[13.439192,45.692665],[13.439362,45.692712],[13.439533,45.692686],[13.439606,45.692711],[13.4397,45.692848],[13.439698,45.693091],[13.439868,45.693127],[13.440021,45.693128],[13.440606,45.692991],[13.440853,45.69297],[13.441202,45.692964],[13.441277,45.692939],[13.441337,45.692898],[13.4414,45.692831],[13.441443,45.692744],[13.441656,45.692521],[13.441698,45.692431],[13.441815,45.692283],[13.441893,45.692238],[13.442098,45.692039],[13.44215,45.692028],[13.442211,45.691924],[13.442374,45.691855],[13.442601,45.691801],[13.442848,45.691786],[13.443037,45.69174],[13.443113,45.691738],[13.443207,45.691786],[13.443249,45.691849],[13.443361,45.6919],[13.443463,45.691928],[13.443722,45.691933],[13.443815,45.691885],[13.444086,45.691688],[13.444084,45.691654],[13.444147,45.691584],[13.444254,45.691532],[13.444373,45.69144],[13.444582,45.691317],[13.444773,45.691324],[13.444984,45.691413],[13.445005,45.691445],[13.445144,45.691542],[13.445212,45.691571],[13.445601,45.69168],[13.445603,45.691644],[13.445702,45.691692],[13.445514,45.692937],[13.445794,45.695503],[13.446605,45.695986],[13.447348,45.696377],[13.44645,45.696371],[13.446293,45.69642],[13.446004,45.696642],[13.44573,45.696781],[13.445614,45.696896],[13.445547,45.697],[13.445245,45.697268],[13.445146,45.697323],[13.444912,45.697385],[13.444695,45.697487],[13.444561,45.69753],[13.444083,45.697644],[13.443901,45.697655],[13.443788,45.697679],[13.443646,45.697743],[13.443488,45.697889],[13.443395,45.698101],[13.443704,45.698399],[13.446364,45.700263],[13.446324,45.700541],[13.446729,45.700356],[13.450727,45.701338],[13.450662,45.701412],[13.450758,45.701437],[13.450363,45.70181],[13.450503,45.701816],[13.45087,45.701901],[13.452095,45.702345],[13.453896,45.703351],[13.45414,45.703624],[13.454212,45.703863],[13.454348,45.704051],[13.454649,45.704349],[13.454865,45.704692],[13.455073,45.70479],[13.455285,45.704809],[13.45537,45.704841],[13.45574,45.704876],[13.456296,45.704837],[13.456415,45.704919],[13.456491,45.704945],[13.456629,45.70505],[13.456806,45.705101],[13.457033,45.705272],[13.457368,45.705422],[13.457703,45.705535],[13.457922,45.705732],[13.458148,45.705892],[13.458355,45.706116],[13.459293,45.706699],[13.458877,45.706697],[13.459373,45.707045],[13.459579,45.70725],[13.459922,45.707548],[13.459796,45.707767],[13.4598,45.708008],[13.459736,45.708254],[13.459717,45.708412],[13.459833,45.708627],[13.460125,45.708652],[13.460534,45.708504],[13.460789,45.708443],[13.460786,45.708416],[13.461061,45.708197],[13.461453,45.708127],[13.462091,45.708165],[13.462446,45.708355],[13.462858,45.708343],[13.463383,45.708202],[13.464177,45.70783],[13.464363,45.70768],[13.464717,45.707334],[13.464891,45.707083],[13.464994,45.706865],[13.465154,45.7063],[13.465397,45.705617],[13.465839,45.704847],[13.466874,45.705085],[13.467074,45.705024],[13.467367,45.704829],[13.467573,45.704688],[13.467711,45.704516],[13.46786,45.704446],[13.468219,45.70436],[13.46815,45.704119],[13.467984,45.703724],[13.467601,45.702998],[13.473255,45.703222],[13.473961,45.703147],[13.47459,45.703117],[13.476518,45.702968],[13.476726,45.702894],[13.476952,45.702837],[13.477158,45.702838],[13.477999,45.702703],[13.478308,45.702761],[13.478483,45.702839],[13.481227,45.704486],[13.482079,45.704427],[13.48214,45.704325],[13.482565,45.704336],[13.482988,45.704487],[13.48352,45.704367],[13.484862,45.704402],[13.486053,45.70462],[13.486211,45.704343],[13.486258,45.704329],[13.486367,45.704143],[13.486988,45.704402],[13.487044,45.704339],[13.487113,45.70437],[13.487061,45.704432],[13.487463,45.704601],[13.487245,45.704975],[13.488271,45.705528],[13.489705,45.705896],[13.489639,45.706022],[13.491098,45.706371],[13.492402,45.706795],[13.493908,45.707241],[13.49384,45.707372],[13.495203,45.707886],[13.495163,45.707976],[13.496533,45.708462],[13.496477,45.708573],[13.497044,45.708776],[13.497875,45.708987],[13.497812,45.709124],[13.498539,45.709364],[13.499222,45.709515],[13.499181,45.709607],[13.499965,45.709856],[13.500637,45.709941],[13.500606,45.710017],[13.500952,45.710148],[13.501575,45.710373],[13.502034,45.710467],[13.501994,45.710568],[13.502814,45.710853],[13.503272,45.710952],[13.503231,45.711058],[13.504673,45.711431],[13.504605,45.711596],[13.505433,45.711899],[13.506065,45.711945],[13.506763,45.712482],[13.507244,45.712519],[13.507444,45.71252],[13.508381,45.713219],[13.510606,45.714333],[13.511197,45.714592],[13.512955,45.715617],[13.514983,45.716849],[13.515272,45.716999],[13.515797,45.717186],[13.516236,45.717269],[13.517532,45.717964],[13.517378,45.71836],[13.516959,45.7182],[13.516619,45.718498],[13.516665,45.718518],[13.516606,45.71857],[13.514315,45.720523],[13.513996,45.720341],[13.513955,45.720377],[13.509167,45.717635],[13.513947,45.720423],[13.513989,45.720387],[13.514295,45.720569],[13.516845,45.718415],[13.516909,45.718358],[13.516872,45.718343],[13.51699,45.718241],[13.517406,45.7184],[13.517567,45.718024],[13.520273,45.719494],[13.52239,45.72033],[13.522403,45.720308],[13.531414,45.723845],[13.531144,45.723888],[13.531174,45.723904],[13.531943,45.72377],[13.532709,45.723451],[13.534903,45.722943],[13.535056,45.722813],[13.535588,45.72258],[13.536427,45.722582],[13.537165,45.722641],[13.537792,45.722657],[13.538671,45.722865],[13.539085,45.722987],[13.539401,45.723246],[13.539779,45.723418],[13.540238,45.723425],[13.541012,45.723261],[13.542318,45.723349],[13.543421,45.723318],[13.543716,45.723183],[13.543752,45.723136],[13.545458,45.723316],[13.546645,45.723371],[13.54817,45.723411],[13.549248,45.72329],[13.550268,45.722934],[13.551372,45.723192],[13.552603,45.723589],[13.553123,45.724309],[13.554173,45.726045],[13.550562,45.726897],[13.547041,45.72781],[13.542353,45.728919],[13.538341,45.729959],[13.534002,45.731301],[13.53237,45.731942],[13.531262,45.730365],[13.532205,45.730039],[13.533788,45.72953],[13.533748,45.729507],[13.531214,45.730349],[13.532265,45.731897],[13.530816,45.732424],[13.529863,45.732794],[13.529134,45.733103],[13.528641,45.732608],[13.528522,45.732535],[13.52787,45.732274],[13.527417,45.732065],[13.526972,45.731901],[13.526303,45.731772],[13.525954,45.731777],[13.525423,45.731882],[13.524801,45.732039],[13.523914,45.732359],[13.523073,45.732739],[13.523059,45.732729],[13.522454,45.732959],[13.521974,45.733249],[13.519923,45.734208],[13.518466,45.734848],[13.51733,45.735287],[13.51648,45.735589],[13.515113,45.736031],[13.514151,45.736274],[13.51301,45.736526],[13.511692,45.736698],[13.510103,45.736836],[13.509854,45.736703],[13.509958,45.736825],[13.5092,45.73687],[13.508489,45.737007],[13.507577,45.737075],[13.506708,45.737081],[13.505972,45.737033],[13.505214,45.736863],[13.504334,45.736614],[13.503569,45.736267],[13.502897,45.735942],[13.502362,45.735645],[13.50186,45.735216],[13.501422,45.734703],[13.500934,45.734239],[13.50042,45.734083],[13.499873,45.734019],[13.4993,45.733997],[13.498816,45.734063],[13.498176,45.734267],[13.497665,45.734535],[13.497243,45.734895],[13.496441,45.735736],[13.495625,45.736746],[13.495038,45.737673],[13.494601,45.738246],[13.494553,45.738227],[13.494463,45.738343],[13.494075,45.738733],[13.493604,45.73925],[13.493198,45.739777],[13.492614,45.740377],[13.492159,45.74079],[13.49165,45.74131],[13.490505,45.742363],[13.490013,45.742754],[13.489354,45.742372],[13.488663,45.742963],[13.489347,45.742406],[13.489627,45.742557],[13.48964,45.74259],[13.49001,45.742771],[13.489623,45.743124],[13.488342,45.744016],[13.487741,45.744484],[13.487291,45.744787],[13.486268,45.745722],[13.485684,45.746211],[13.48416,45.747339],[13.483415,45.747822],[13.482755,45.74822],[13.481909,45.748682],[13.481151,45.74914],[13.478905,45.750279],[13.478935,45.750296],[13.478586,45.750461],[13.476734,45.751187],[13.476135,45.751406],[13.473688,45.752031],[13.471749,45.752424],[13.470904,45.752607],[13.470668,45.752672],[13.469257,45.753172],[13.468076,45.753691],[13.467051,45.754072],[13.4664,45.754272],[13.465637,45.754397],[13.464697,45.75441],[13.463924,45.754322],[13.462991,45.754093],[13.462607,45.75392],[13.462317,45.753761],[13.462525,45.753568],[13.463594,45.75267],[13.462031,45.751656],[13.461872,45.751517],[13.461584,45.751089],[13.461531,45.751134],[13.461087,45.750335],[13.46084,45.74999],[13.460429,45.749553],[13.46,45.749326],[13.457515,45.74846],[13.455652,45.748113],[13.450513,45.746808],[13.44983,45.746757],[13.449632,45.746774],[13.44968,45.7468],[13.449606,45.746809],[13.449533,45.746767],[13.449466,45.746764],[13.449438,45.746788],[13.449437,45.746825],[13.448973,45.746857],[13.448389,45.747199],[13.448035,45.747437],[13.447928,45.747323],[13.447671,45.747476],[13.446389,45.747319],[13.446033,45.74724],[13.446004,45.747251],[13.445789,45.747203],[13.445569,45.747196],[13.445069,45.747067],[13.430173,45.743923],[13.429348,45.743749],[13.428576,45.743609],[13.427945,45.743755],[13.427859,45.743723],[13.427309,45.74377],[13.426289,45.742901],[13.425882,45.741997],[13.425335,45.741703],[13.42507,45.741606],[13.424937,45.741587],[13.424255,45.74162],[13.4241,45.741652],[13.423968,45.741797],[13.423932,45.74211],[13.423696,45.742559],[13.423649,45.743582],[13.423536,45.743826],[13.42341,45.743984],[13.42311,45.744247],[13.422353,45.744582],[13.422041,45.744661],[13.42181,45.744693],[13.421713,45.744656],[13.421523,45.744527],[13.42082,45.743873],[13.420644,45.743541],[13.420595,45.743493],[13.420503,45.743432],[13.420295,45.743398],[13.420149,45.743431],[13.420077,45.743407],[13.419867,45.743228],[13.419603,45.74289],[13.419397,45.742682],[13.418855,45.742584],[13.418061,45.742311],[13.417849,45.742345],[13.417805,45.742156],[13.417833,45.741821],[13.417517,45.741539],[13.417399,45.741268],[13.417263,45.741119],[13.417142,45.740943],[13.417069,45.740905],[13.416701,45.740795],[13.416321,45.740603],[13.416163,45.740571],[13.416187,45.74054],[13.416068,45.740464],[13.415725,45.740511],[13.415677,45.740529],[13.415664,45.740552],[13.415822,45.740553],[13.415649,45.740629],[13.415398,45.740646],[13.415328,45.740675],[13.415219,45.74062],[13.415029,45.740797],[13.41487,45.74098],[13.41485,45.74119],[13.414715,45.741371],[13.414427,45.74163],[13.414064,45.741882],[13.413894,45.741947],[13.413606,45.742022],[13.413278,45.742061],[13.412954,45.742075],[13.412699,45.742058],[13.412465,45.74198],[13.412265,45.741815],[13.411882,45.74109],[13.411698,45.740983],[13.411437,45.740907],[13.411435,45.740808],[13.411077,45.740783],[13.408338,45.739932],[13.405903,45.739291],[13.40443,45.73875],[13.40527,45.737608],[13.40549,45.73708],[13.405831,45.736478],[13.40592,45.736061],[13.410563,45.73673],[13.410772,45.736519],[13.410811,45.736345],[13.410849,45.736288],[13.41115,45.736074],[13.411206,45.735985],[13.411355,45.735937],[13.411815,45.735717],[13.412138,45.735435],[13.412122,45.735384],[13.412184,45.735285],[13.41224,45.735235],[13.412728,45.734624],[13.41275,45.734654],[13.413074,45.73448],[13.413242,45.734429],[13.413434,45.734346],[13.41376,45.734307],[13.414014,45.734226],[13.414203,45.734197],[13.414313,45.734273],[13.414447,45.734277],[13.414734,45.734229],[13.414808,45.734154],[13.414968,45.734036],[13.415094,45.733729],[13.415059,45.733196],[13.415148,45.732936],[13.41526,45.732784],[13.415612,45.732472],[13.415542,45.732227],[13.415404,45.732015],[13.415388,45.732009],[13.415423,45.732119],[13.415414,45.73216],[13.415154,45.732399],[13.414987,45.732624],[13.414928,45.732779],[13.414903,45.732954],[13.414943,45.733437],[13.414931,45.733491],[13.414825,45.733782],[13.414607,45.733967],[13.414347,45.734027],[13.414201,45.734024],[13.414098,45.733941],[13.413935,45.733972],[13.413703,45.734052],[13.413493,45.734074],[13.413358,45.734105],[13.413024,45.734241],[13.412736,45.734409],[13.412712,45.73438],[13.412479,45.734704],[13.412168,45.735072],[13.412114,45.735158],[13.412131,45.73521],[13.411806,45.735491],[13.411352,45.735715],[13.411207,45.735766],[13.411084,45.735905],[13.410861,45.736058],[13.410814,45.736108],[13.410771,45.736299],[13.410577,45.736505],[13.405917,45.735848],[13.406064,45.735427],[13.406249,45.734613],[13.406291,45.73451],[13.40645,45.734356],[13.406574,45.734205],[13.406972,45.733648],[13.407104,45.733584],[13.407548,45.732669],[13.407574,45.732508],[13.408254,45.730967],[13.408306,45.730532],[13.40827,45.730221],[13.408378,45.730195],[13.408466,45.730085],[13.408426,45.729963],[13.408314,45.729921],[13.408217,45.729934],[13.406828,45.726934],[13.406539,45.726252],[13.406639,45.726238],[13.406735,45.726203],[13.406894,45.726082],[13.407012,45.725914],[13.407044,45.725699],[13.406578,45.725313],[13.406178,45.724888],[13.406002,45.724924],[13.405855,45.725112],[13.405368,45.725236],[13.40459,45.72525],[13.403975,45.725242],[13.403617,45.725205],[13.403384,45.725154],[13.402982,45.7251],[13.402645,45.725022],[13.402478,45.72501],[13.40197,45.725016],[13.401637,45.725003],[13.400984,45.724938],[13.400563,45.725043],[13.400379,45.725064],[13.399567,45.725205],[13.398727,45.725498],[13.398626,45.725883],[13.398391,45.726328],[13.39806,45.726437],[13.397819,45.726451],[13.397355,45.726359],[13.397174,45.726301],[13.39707,45.726141],[13.396955,45.726149],[13.396889,45.726114],[13.396406,45.726027],[13.396726,45.725115],[13.396719,45.725074],[13.39342,45.724283],[13.390159,45.7236],[13.390036,45.72362],[13.389938,45.723685],[13.389544,45.72443],[13.38943,45.724526],[13.389302,45.724592],[13.389132,45.724642],[13.388822,45.724763],[13.388586,45.724876],[13.387216,45.72514],[13.386648,45.725092],[13.386424,45.725047],[13.386201,45.725056],[13.384774,45.725187],[13.384722,45.724225],[13.385565,45.724187],[13.385324,45.722295],[13.384825,45.719333],[13.3843,45.716946],[13.383963,45.715598],[13.384426,45.715576],[13.384476,45.715777],[13.384701,45.71575],[13.384668,45.715599],[13.384973,45.71558],[13.384998,45.71563],[13.385642,45.715607],[13.38587,45.715649],[13.386024,45.715632],[13.386285,45.715698],[13.386574,45.715831],[13.386564,45.715804],[13.386547,45.715697],[13.386516,45.715663],[13.386384,45.715552],[13.38606,45.715395],[13.385785,45.715324],[13.385642,45.715336],[13.385365,45.715298],[13.385187,45.715294],[13.385024,45.715299],[13.384954,45.715314],[13.384768,45.71531],[13.384739,45.715261],[13.384432,45.715277],[13.384468,45.715431],[13.384232,45.715455],[13.384193,45.715262],[13.383768,45.715273],[13.3825,45.70846],[13.382177,45.706103],[13.382221,45.70519],[13.382332,45.703932],[13.383003,45.698028],[13.382999,45.698028],[13.384588,45.684867],[13.383941,45.689877],[13.383506,45.692963],[13.382885,45.698017],[13.382287,45.703213],[13.38215,45.703206],[13.38203,45.704507],[13.381962,45.706034],[13.382226,45.70782],[13.382543,45.709491],[13.383762,45.715461],[13.383334,45.715488],[13.383287,45.715507],[13.3836,45.715478],[13.384484,45.718872],[13.38505,45.721595],[13.385477,45.724076],[13.384606,45.724141],[13.384663,45.725126],[13.38439,45.725158],[13.383284,45.725137],[13.382842,45.72515],[13.382688,45.725191],[13.382453,45.725325],[13.382272,45.725499],[13.382141,45.725658],[13.381978,45.725672],[13.381784,45.725663],[13.381516,45.726207],[13.381019,45.727349],[13.380923,45.727466],[13.380654,45.727582],[13.380595,45.727577],[13.379962,45.727722],[13.379073,45.727716],[13.378982,45.727742],[13.378705,45.728542],[13.378602,45.728953],[13.378411,45.729011],[13.378129,45.72902],[13.377228,45.729163],[13.376829,45.729277],[13.376337,45.72936],[13.37589,45.729379],[13.375735,45.729401],[13.375312,45.729522],[13.373971,45.729782],[13.373225,45.730335],[13.373041,45.730538],[13.373009,45.730602],[13.372811,45.730649],[13.372487,45.730618],[13.371914,45.730438],[13.371397,45.730312],[13.370726,45.730276],[13.370694,45.730284],[13.37004,45.730596],[13.369884,45.730615],[13.369524,45.730872],[13.369187,45.731051],[13.369158,45.731168],[13.368644,45.731705],[13.368226,45.731912],[13.367852,45.732064],[13.367426,45.732199],[13.367169,45.732422],[13.366853,45.732554],[13.366715,45.732666],[13.366577,45.732706],[13.366432,45.732857],[13.366503,45.732927],[13.366336,45.733079],[13.366072,45.73326],[13.365387,45.733603],[13.365068,45.733737],[13.364816,45.733814],[13.364261,45.733947],[13.363073,45.734153],[13.362382,45.734262],[13.363941,45.734023],[13.365102,45.733781],[13.365378,45.733683],[13.366045,45.733377],[13.36642,45.733168],[13.366687,45.73293],[13.366859,45.732921],[13.367466,45.733144],[13.367641,45.733243],[13.367968,45.733535],[13.368173,45.73364],[13.368604,45.733798],[13.368796,45.733846],[13.369617,45.734104],[13.370119,45.734226],[13.370613,45.734288],[13.370962,45.734458],[13.371578,45.734623],[13.372324,45.734781],[13.372795,45.734939],[13.373485,45.735113],[13.373216,45.736932],[13.373097,45.737516],[13.372938,45.738546],[13.372783,45.7386],[13.372717,45.738665],[13.372484,45.738646],[13.371998,45.738561],[13.371965,45.738574],[13.371676,45.738461],[13.371025,45.738531],[13.370689,45.738401],[13.370183,45.738637],[13.369615,45.738524],[13.369032,45.738574],[13.368514,45.738516],[13.368278,45.738611],[13.367109,45.738475],[13.367071,45.73849],[13.366886,45.738507],[13.366844,45.738527],[13.366448,45.738395],[13.366284,45.738319],[13.36604,45.738282],[13.364751,45.738022],[13.363961,45.73796],[13.363323,45.737981],[13.36322,45.738145],[13.363009,45.738102],[13.362874,45.738176],[13.362792,45.738292],[13.362744,45.738321],[13.362388,45.738362],[13.362217,45.73833],[13.361876,45.738325],[13.361667,45.738288],[13.361511,45.738223],[13.361213,45.738059],[13.361121,45.737991],[13.361073,45.73792],[13.360963,45.737817],[13.36085,45.737806],[13.360738,45.737877],[13.360631,45.738216],[13.36052,45.738485],[13.360042,45.73909],[13.359923,45.739167],[13.359765,45.739331],[13.35966,45.739379],[13.359232,45.739367],[13.358904,45.73943],[13.358821,45.73939],[13.358739,45.739281],[13.358372,45.739105],[13.358218,45.739006],[13.357925,45.738917],[13.357309,45.73884],[13.357123,45.738558],[13.35657,45.737843],[13.356193,45.737408],[13.355874,45.737002],[13.352469,45.735768],[13.352234,45.735803],[13.351945,45.735707],[13.349115,45.7357],[13.349113,45.735676],[13.343173,45.735778],[13.34285,45.735491],[13.342759,45.735465],[13.342647,45.735315],[13.342497,45.735203],[13.342054,45.735202],[13.341764,45.735006],[13.341716,45.734969],[13.341747,45.735002],[13.341934,45.735138],[13.342256,45.735335],[13.335909,45.735702],[13.332118,45.736614],[13.331948,45.736624],[13.330825,45.736942],[13.327148,45.738309],[13.326262,45.73859],[13.324119,45.738698],[13.321013,45.739545],[13.319349,45.741095],[13.316277,45.743896],[13.316812,45.74796],[13.316257,45.747877],[13.309963,45.747092],[13.307998,45.746237],[13.307637,45.745284],[13.307196,45.744505],[13.3067,45.744517],[13.306642,45.744422],[13.306526,45.744429],[13.306489,45.744507],[13.305308,45.74451],[13.307166,45.742076],[13.307373,45.741923],[13.307805,45.741528],[13.307908,45.74138],[13.3079,45.741307],[13.307815,45.741178],[13.307656,45.741054],[13.30751,45.740872],[13.307158,45.740623],[13.306921,45.740525],[13.306892,45.740477],[13.306747,45.740401],[13.306688,45.740331],[13.306651,45.740181],[13.306747,45.739971],[13.306899,45.739804],[13.3073,45.739544],[13.307629,45.739397],[13.30833,45.739174],[13.308537,45.739152],[13.308697,45.739082],[13.308891,45.739047],[13.309594,45.73869],[13.310075,45.738317],[13.309999,45.738353],[13.309498,45.738718],[13.309026,45.738976],[13.308869,45.739044],[13.308683,45.739072],[13.308516,45.739138],[13.308337,45.739157],[13.307624,45.739368],[13.307233,45.739521],[13.306847,45.739768],[13.306696,45.739918],[13.30657,45.740174],[13.306606,45.740305],[13.306652,45.740377],[13.306797,45.740459],[13.306829,45.740507],[13.307088,45.740622],[13.307383,45.740831],[13.307538,45.741025],[13.307706,45.741178],[13.307815,45.741335],[13.30781,45.741413],[13.307715,45.741533],[13.307342,45.741877],[13.307083,45.74206],[13.307073,45.742121],[13.30511,45.744558],[13.303399,45.749683],[13.300443,45.748928],[13.297832,45.748579],[13.29634,45.748688],[13.296119,45.749906],[13.293133,45.749777],[13.292805,45.749424],[13.292565,45.74932],[13.292346,45.749672],[13.292541,45.750052],[13.292277,45.750257],[13.292138,45.750475],[13.291438,45.751114],[13.29107,45.750895],[13.290315,45.750742],[13.289512,45.750855],[13.289089,45.751195],[13.288484,45.75088],[13.286594,45.749841],[13.285753,45.74992],[13.284462,45.749578],[13.281902,45.74959],[13.278844,45.749662],[13.278066,45.748783],[13.275339,45.748373],[13.275154,45.748835],[13.27542,45.750255],[13.275006,45.750648],[13.274425,45.751491],[13.273843,45.751631],[13.273723,45.751851],[13.273647,45.752056],[13.274005,45.752334],[13.274799,45.752381],[13.274147,45.752934],[13.273435,45.752761],[13.272395,45.75346],[13.270439,45.751938],[13.269063,45.750808],[13.268856,45.750787],[13.268922,45.75091],[13.268316,45.751741],[13.267718,45.751409],[13.266958,45.751133],[13.266283,45.751153],[13.265995,45.751256],[13.265481,45.751494],[13.265068,45.751943],[13.264756,45.752738],[13.264622,45.752843],[13.264583,45.753077],[13.264501,45.753239],[13.264404,45.753351],[13.264253,45.75339],[13.263379,45.753161],[13.263168,45.753061],[13.26293,45.753047],[13.262707,45.753081],[13.262265,45.753049],[13.262081,45.752982],[13.261791,45.752778],[13.261696,45.752641],[13.261324,45.752315],[13.261315,45.752208],[13.261168,45.752156],[13.261067,45.751952],[13.260895,45.751876],[13.260505,45.751477],[13.260236,45.751255],[13.259977,45.751133],[13.259406,45.751123],[13.258655,45.751088],[13.258517,45.751144],[13.258454,45.751238],[13.258338,45.751276],[13.258182,45.751249],[13.257876,45.751146],[13.257639,45.751006],[13.257441,45.750773],[13.257197,45.750418],[13.256984,45.750264],[13.256432,45.750821],[13.256227,45.750998],[13.256176,45.751284],[13.256238,45.751667],[13.25629,45.751836],[13.256275,45.751934],[13.256187,45.752016],[13.255527,45.752389],[13.255241,45.752466],[13.254922,45.752521],[13.254721,45.752539],[13.254302,45.752549],[13.254065,45.752514],[13.252774,45.752252],[13.251933,45.75214],[13.251396,45.752178],[13.251221,45.75222],[13.251161,45.752399],[13.251384,45.753073],[13.251698,45.753607],[13.251804,45.753939],[13.251634,45.754402],[13.251589,45.75518],[13.251641,45.7558],[13.251627,45.755854],[13.251562,45.755925],[13.251254,45.756017],[13.250872,45.756087],[13.250366,45.756274],[13.249693,45.75629],[13.248816,45.756377],[13.247939,45.756546],[13.246114,45.756707],[13.244267,45.756946],[13.243238,45.756953],[13.241046,45.757201],[13.240595,45.757244],[13.240279,45.75725],[13.239513,45.757181],[13.238796,45.757045],[13.2383,45.756902],[13.237752,45.756659],[13.237506,45.756518],[13.237181,45.75628],[13.237016,45.756105]],[[13.509167,45.717635],[13.509127,45.717612],[13.50694,45.719511],[13.509167,45.717635]],[[13.485662,45.726992],[13.485271,45.727321],[13.487618,45.72866],[13.487663,45.728661],[13.487783,45.728729],[13.488762,45.729291],[13.488747,45.729302],[13.48982,45.729911],[13.490168,45.729611],[13.490119,45.729583],[13.490582,45.729186],[13.490056,45.728887],[13.491065,45.728024],[13.48959,45.727176],[13.490615,45.726297],[13.490618,45.726299],[13.490585,45.726138],[13.490593,45.726131],[13.489624,45.725563],[13.489572,45.725561],[13.489233,45.725364],[13.489452,45.725173],[13.489399,45.725077],[13.489035,45.724828],[13.489073,45.724786],[13.486103,45.723073],[13.486074,45.723097],[13.489041,45.724794],[13.488993,45.724833],[13.489362,45.725082],[13.489418,45.725184],[13.489198,45.725374],[13.489544,45.725569],[13.489589,45.725568],[13.490572,45.726143],[13.489312,45.727219],[13.489329,45.727232],[13.489256,45.727296],[13.488335,45.728082],[13.488014,45.727877],[13.486475,45.726997],[13.48616,45.727269],[13.485662,45.726992]],[[13.484639,45.731535],[13.486108,45.732357],[13.486562,45.731974],[13.486668,45.732034],[13.487058,45.731701],[13.487897,45.732187],[13.487056,45.732907],[13.487382,45.733096],[13.488223,45.732376],[13.488811,45.732716],[13.488136,45.733294],[13.488146,45.733369],[13.488993,45.732647],[13.489985,45.733214],[13.488271,45.734682],[13.488282,45.734689],[13.489922,45.733271],[13.49201,45.731514],[13.491988,45.731502],[13.491486,45.731933],[13.488185,45.730037],[13.488209,45.730017],[13.488421,45.73014],[13.488854,45.729753],[13.487546,45.729015],[13.487145,45.729396],[13.484639,45.731535]]],[[[13.311332,45.698797],[13.310654,45.699002],[13.309851,45.699279],[13.309574,45.699401],[13.309498,45.699416],[13.308952,45.699628],[13.308501,45.699785],[13.30818,45.699875],[13.307536,45.700119],[13.307384,45.700182],[13.307311,45.700233],[13.307037,45.70031],[13.306687,45.700487],[13.306523,45.700544],[13.306419,45.70058],[13.306347,45.700585],[13.30628,45.700581],[13.306219,45.700551],[13.306247,45.700033],[13.306327,45.699932],[13.306426,45.699851],[13.306734,45.69965],[13.306849,45.699551],[13.306993,45.699507],[13.307176,45.699382],[13.307406,45.699261],[13.307809,45.699078],[13.308074,45.69898],[13.308175,45.69891],[13.308757,45.698672],[13.309258,45.698494],[13.310051,45.698182],[13.310676,45.697974],[13.311175,45.69783],[13.31143,45.697784],[13.311815,45.697681],[13.311867,45.697685],[13.311939,45.697657],[13.312007,45.697658],[13.312163,45.697606],[13.312335,45.697614],[13.312415,45.697581],[13.312543,45.697585],[13.312647,45.697558],[13.313213,45.697541],[13.313616,45.69755],[13.313724,45.697557],[13.314024,45.697688],[13.314194,45.697771],[13.314253,45.697824],[13.314326,45.697962],[13.314276,45.698101],[13.314084,45.69815],[13.313752,45.698147],[13.313604,45.698182],[13.31348,45.698236],[13.31332,45.698263],[13.313114,45.698359],[13.312923,45.698379],[13.312761,45.698473],[13.312562,45.698488],[13.312364,45.698575],[13.312145,45.698601],[13.312,45.698661],[13.311824,45.698688],[13.311679,45.698728],[13.311596,45.698728],[13.311479,45.698768],[13.311332,45.698797]]]]},"properties":{"prov":"GO","comune_amm":"E125","comune_descr":"GRADO","fascia":"R","zona":"R1","zona_descr":"ZONA AGRICOLA - REGIONE AGRARIA 3 - INTERO TERRITORIO COMUNALE","microzona":3,"semestre":"2025/1"}},{"type":"Feature","geometry":{"type":"Polygon","coordinates":[[[13.453276,45.915448],[13.453494,45.915515],[13.453583,45.91557],[13.45361,45.915558],[13.454154,45.914668],[13.454509,45.914045],[13.454724,45.91375],[13.454957,45.913524],[13.454956,45.913501],[13.454782,45.913357],[13.45491,45.913247],[13.454776,45.913106],[13.455205,45.912711],[13.455201,45.912686],[13.455147,45.912656],[13.45511,45.912659],[13.454565,45.913173],[13.454536,45.913145],[13.455614,45.912111],[13.455901,45.912358],[13.455939,45.91236],[13.456048,45.912281],[13.455831,45.91207],[13.456073,45.911921],[13.456441,45.911788],[13.456076,45.911438],[13.456219,45.911142],[13.457082,45.911933],[13.457165,45.911899],[13.457174,45.911879],[13.456968,45.911349],[13.457017,45.911278],[13.457014,45.911226],[13.457106,45.911199],[13.4573,45.911554],[13.457461,45.911796],[13.458019,45.912424],[13.458048,45.912432],[13.458104,45.912387],[13.458125,45.912334],[13.457652,45.911818],[13.457769,45.911546],[13.458126,45.911618],[13.458332,45.911197],[13.458631,45.911265],[13.458663,45.911254],[13.459498,45.909454],[13.46006,45.909575],[13.460204,45.909243],[13.460482,45.909326],[13.460516,45.909315],[13.460577,45.909169],[13.460343,45.909108],[13.46073,45.908352],[13.461631,45.908557],[13.461799,45.908767],[13.461949,45.908723],[13.46292,45.906618],[13.463337,45.905766],[13.46349,45.905552],[13.463753,45.905277],[13.464674,45.904632],[13.466723,45.905539],[13.466755,45.905536],[13.466824,45.905485],[13.466818,45.905458],[13.46469,45.904503],[13.466501,45.903229],[13.469204,45.901435],[13.47271,45.902676],[13.470982,45.903841],[13.470989,45.903869],[13.471534,45.904059],[13.471509,45.904076],[13.470598,45.903761],[13.470006,45.904337],[13.469678,45.904379],[13.469313,45.904467],[13.467934,45.9051],[13.46793,45.905072],[13.467902,45.905054],[13.467308,45.905094],[13.467227,45.90515],[13.467231,45.905176],[13.46725,45.905179],[13.467824,45.905135],[13.467842,45.905173],[13.467874,45.905175],[13.469194,45.904574],[13.469574,45.904482],[13.469892,45.904443],[13.47002,45.904479],[13.468962,45.906038],[13.468979,45.906064],[13.47047,45.906321],[13.469354,45.908556],[13.467739,45.908284],[13.4677,45.908304],[13.4675,45.908266],[13.467471,45.908274],[13.467533,45.909013],[13.467386,45.909077],[13.46706,45.909183],[13.466405,45.909451],[13.466264,45.909534],[13.46613,45.909637],[13.466027,45.909748],[13.46578,45.910107],[13.465753,45.910119],[13.465572,45.910364],[13.465223,45.911011],[13.465072,45.911399],[13.46503,45.911417],[13.463227,45.914483],[13.463112,45.914438],[13.463099,45.914412],[13.462586,45.914196],[13.462549,45.914204],[13.462515,45.914259],[13.462524,45.914282],[13.463093,45.914552],[13.463366,45.91465],[13.464073,45.914827],[13.465075,45.915117],[13.465421,45.915244],[13.465651,45.915355],[13.46664,45.915699],[13.467478,45.915937],[13.468381,45.916143],[13.468864,45.919404],[13.468537,45.919326],[13.46852,45.919344],[13.468533,45.919457],[13.468473,45.919495],[13.468342,45.919503],[13.46818,45.919461],[13.468148,45.919471],[13.468192,45.919586],[13.468184,45.919629],[13.467981,45.91991],[13.46757,45.920348],[13.467601,45.920362],[13.468616,45.920193],[13.468626,45.920235],[13.467487,45.920433],[13.467248,45.920651],[13.466945,45.920874],[13.466936,45.920909],[13.466781,45.921012],[13.460103,45.918739],[13.460083,45.918688],[13.459879,45.918689],[13.459854,45.918709],[13.459984,45.91882],[13.460022,45.91888],[13.460113,45.919496],[13.460053,45.919725],[13.460005,45.919816],[13.459891,45.919952],[13.459481,45.920219],[13.459278,45.920414],[13.458929,45.920683],[13.458492,45.921083],[13.458454,45.921096],[13.45834,45.921319],[13.458085,45.92148],[13.457815,45.921519],[13.457391,45.921335],[13.4573,45.921305],[13.457221,45.921299],[13.456569,45.920962],[13.456358,45.920879],[13.456331,45.920889],[13.45624,45.92101],[13.456235,45.921068],[13.4561,45.921192],[13.45603,45.921158],[13.456127,45.92105],[13.456175,45.92086],[13.456215,45.92081],[13.455864,45.920637],[13.455815,45.920595],[13.455829,45.920532],[13.45581,45.920499],[13.455506,45.920252],[13.455081,45.920023],[13.454484,45.919618],[13.454695,45.91932],[13.454694,45.919265],[13.454887,45.918695],[13.454849,45.918574],[13.454858,45.918533],[13.454994,45.918135],[13.455242,45.917552],[13.455308,45.917234],[13.455276,45.917209],[13.455232,45.917078],[13.455176,45.916669],[13.45523,45.916523],[13.455133,45.916512],[13.454595,45.916312],[13.454074,45.916059],[13.453785,45.915879],[13.453617,45.915754],[13.453388,45.915571],[13.453337,45.915492],[13.453276,45.915448]]]},"properties":{"prov":"GO","comune_amm":"E952","comune_descr":"MARIANO DEL FRIULI","fascia":"B","zona":"B1","zona_descr":"CAPOLUOGO - CENTRO ABITATO","microzona":1,"semestre":"2025/1"}},{"type":"Feature","geometry":{"type":"Polygon","coordinates":[[[13.476755,45.925861],[13.477129,45.925748],[13.477231,45.9257],[13.477242,45.925689],[13.477222,45.925651],[13.477357,45.925587],[13.477584,45.925324],[13.477987,45.924711],[13.478451,45.924239],[13.478575,45.924152],[13.478651,45.923999],[13.478785,45.924006],[13.478834,45.92398],[13.478911,45.923965],[13.479037,45.923901],[13.479214,45.923738],[13.479208,45.923709],[13.479391,45.923579],[13.479544,45.923444],[13.479571,45.923362],[13.479697,45.923226],[13.479683,45.923204],[13.478656,45.922883],[13.478366,45.922806],[13.47873,45.922389],[13.478679,45.922301],[13.479826,45.922501],[13.479857,45.922488],[13.479857,45.922465],[13.478726,45.922258],[13.478548,45.922015],[13.478296,45.921836],[13.478056,45.921393],[13.478044,45.921154],[13.478146,45.920054],[13.478396,45.919549],[13.477193,45.919147],[13.477934,45.918888],[13.478839,45.918602],[13.478923,45.918589],[13.47899,45.918477],[13.478975,45.918453],[13.478411,45.918293],[13.478514,45.918122],[13.4791,45.918287],[13.479128,45.918282],[13.479173,45.918079],[13.479026,45.917827],[13.478909,45.917694],[13.479059,45.917714],[13.479129,45.917703],[13.47909,45.917823],[13.479215,45.918064],[13.479279,45.918112],[13.47922,45.918198],[13.479215,45.918367],[13.479254,45.918364],[13.479358,45.918268],[13.479924,45.918455],[13.480729,45.918694],[13.482019,45.919039],[13.482014,45.919092],[13.482101,45.91911],[13.482076,45.919334],[13.482077,45.919548],[13.48203,45.919622],[13.48204,45.919705],[13.48208,45.919745],[13.48218,45.91977],[13.482232,45.919729],[13.482186,45.919549],[13.482207,45.919152],[13.482676,45.91927],[13.482577,45.919466],[13.482592,45.919489],[13.484919,45.920143],[13.484952,45.920134],[13.485031,45.920015],[13.485472,45.92015],[13.485408,45.920261],[13.485423,45.920285],[13.486659,45.920628],[13.48637,45.920887],[13.486355,45.920932],[13.487323,45.921171],[13.487353,45.921197],[13.487407,45.921211],[13.487351,45.921307],[13.487327,45.921654],[13.48728,45.921752],[13.484831,45.921151],[13.484289,45.921905],[13.483927,45.922375],[13.483767,45.922636],[13.483609,45.923146],[13.483703,45.923303],[13.483626,45.923313],[13.483581,45.923239],[13.482962,45.923072],[13.482929,45.923081],[13.482849,45.923205],[13.48279,45.923203],[13.482779,45.923215],[13.482767,45.923257],[13.482483,45.923696],[13.482495,45.923719],[13.482673,45.923785],[13.482383,45.924294],[13.482362,45.924406],[13.482387,45.924863],[13.482452,45.924894],[13.482447,45.925196],[13.482375,45.925212],[13.482335,45.925254],[13.482023,45.92588],[13.481983,45.926011],[13.481965,45.926464],[13.482095,45.926647],[13.482335,45.926835],[13.482489,45.926899],[13.482864,45.927145],[13.48262,45.92753],[13.482304,45.927952],[13.482284,45.9279],[13.482572,45.927496],[13.482764,45.927171],[13.48254,45.927],[13.48195,45.926669],[13.481841,45.926635],[13.48154,45.926582],[13.481019,45.925553],[13.480931,45.925269],[13.480917,45.924969],[13.480947,45.924742],[13.481325,45.923844],[13.481306,45.923821],[13.481248,45.92381],[13.481216,45.923822],[13.480859,45.924689],[13.480801,45.925042],[13.480813,45.925247],[13.480527,45.925162],[13.47965,45.924826],[13.479595,45.924838],[13.479293,45.924347],[13.478612,45.924247],[13.478302,45.924537],[13.477976,45.924921],[13.477655,45.925368],[13.477404,45.925627],[13.477166,45.925782],[13.476807,45.92589],[13.476755,45.925861]]]},"properties":{"prov":"GO","comune_amm":"E952","comune_descr":"MARIANO DEL FRIULI","fascia":"E","zona":"E1","zona_descr":"FRAZIONE CORONA","microzona":1,"semestre":"2025/1"}},{"type":"Feature","geometry":{"type":"Polygon","coordinates":[[[13.44388,45.918318],[13.443937,45.918188],[13.444181,45.918037],[13.444521,45.917881],[13.444618,45.917887],[13.444646,45.917866],[13.444624,45.917767],[13.444615,45.917526],[13.444504,45.917264],[13.444433,45.917176],[13.444301,45.917058],[13.444136,45.916971],[13.44399,45.916744],[13.444081,45.916671],[13.444243,45.916618],[13.444327,45.916623],[13.444416,45.916608],[13.444481,45.916525],[13.444465,45.916481],[13.444415,45.916437],[13.444362,45.916416],[13.444299,45.916363],[13.444227,45.916349],[13.444187,45.916322],[13.444072,45.916128],[13.444207,45.91593],[13.444223,45.915876],[13.444183,45.914942],[13.443982,45.914716],[13.444006,45.91407],[13.444034,45.913924],[13.445058,45.91399],[13.445097,45.913942],[13.445078,45.913921],[13.445405,45.913597],[13.445653,45.91331],[13.44573,45.913248],[13.446141,45.912727],[13.446534,45.912381],[13.447236,45.911952],[13.447615,45.911638],[13.447743,45.91156],[13.447912,45.911283],[13.448233,45.910849],[13.448373,45.910708],[13.448616,45.910408],[13.448891,45.909942],[13.449108,45.9097],[13.44946,45.909209],[13.449863,45.908861],[13.449858,45.908835],[13.449452,45.90864],[13.450079,45.907726],[13.449594,45.907576],[13.449791,45.90733],[13.44978,45.907305],[13.449156,45.907099],[13.449664,45.906454],[13.449653,45.906429],[13.449347,45.906313],[13.449843,45.905515],[13.44983,45.905491],[13.449625,45.905429],[13.449645,45.905365],[13.449974,45.90487],[13.450222,45.904577],[13.450213,45.904553],[13.449663,45.904332],[13.450102,45.903773],[13.450099,45.903751],[13.450025,45.903695],[13.450607,45.902975],[13.450676,45.902927],[13.451392,45.901716],[13.451635,45.90096],[13.453632,45.900422],[13.454825,45.90002],[13.456169,45.89961],[13.459332,45.898549],[13.459218,45.899417],[13.45924,45.899437],[13.459259,45.899433],[13.459421,45.898554],[13.460889,45.89807],[13.464386,45.896824],[13.466385,45.897563],[13.47188,45.899545],[13.47191,45.899544],[13.474247,45.900366],[13.474999,45.904014],[13.474935,45.904051],[13.475319,45.906089],[13.475418,45.906222],[13.475468,45.906224],[13.478883,45.907398],[13.479065,45.907516],[13.481512,45.908048],[13.48301,45.908334],[13.484936,45.90875],[13.484224,45.910541],[13.484148,45.910646],[13.484027,45.911106],[13.48396,45.911452],[13.483945,45.911583],[13.483967,45.911644],[13.484008,45.911632],[13.484108,45.911154],[13.484247,45.910685],[13.484336,45.91058],[13.485022,45.909059],[13.485386,45.909206],[13.487058,45.909408],[13.487622,45.909428],[13.487883,45.909465],[13.488347,45.909611],[13.488745,45.909781],[13.490459,45.910661],[13.491981,45.91155],[13.492984,45.912056],[13.494182,45.912741],[13.49424,45.912744],[13.494741,45.913016],[13.495197,45.913222],[13.496587,45.913915],[13.496929,45.91407],[13.499166,45.915232],[13.50089,45.916075],[13.500367,45.916082],[13.49734,45.916053],[13.49733,45.916073],[13.497373,45.91619],[13.497245,45.916411],[13.497069,45.91654],[13.496994,45.916675],[13.497008,45.916698],[13.497114,45.916734],[13.496616,45.917623],[13.496631,45.917646],[13.496879,45.917714],[13.496191,45.918878],[13.495261,45.920283],[13.495263,45.920302],[13.49579,45.920775],[13.495404,45.921403],[13.49448,45.921243],[13.49445,45.921254],[13.494308,45.921479],[13.494051,45.921428],[13.493818,45.921667],[13.492953,45.922371],[13.492868,45.922582],[13.492779,45.922639],[13.49023,45.92208],[13.489188,45.921753],[13.488703,45.921548],[13.488651,45.921556],[13.487473,45.921179],[13.487395,45.921201],[13.487424,45.921145],[13.487346,45.921099],[13.486407,45.920867],[13.486497,45.920754],[13.486631,45.920646],[13.486621,45.920618],[13.485403,45.920279],[13.485465,45.920166],[13.485451,45.920142],[13.485051,45.920021],[13.485016,45.92003],[13.484938,45.920149],[13.482572,45.919484],[13.482671,45.919288],[13.482657,45.919265],[13.48224,45.91916],[13.48221,45.919166],[13.482187,45.919552],[13.482242,45.919774],[13.482204,45.919784],[13.482077,45.919743],[13.482043,45.919712],[13.48203,45.919619],[13.482077,45.919545],[13.482076,45.919334],[13.4821,45.919124],[13.482077,45.919104],[13.482006,45.919095],[13.482018,45.919055],[13.482002,45.919034],[13.480729,45.918694],[13.479924,45.918455],[13.479374,45.918274],[13.479342,45.918279],[13.479204,45.918412],[13.47922,45.918196],[13.479274,45.918112],[13.479219,45.918069],[13.479183,45.918069],[13.479176,45.918082],[13.47912,45.918292],[13.478516,45.918127],[13.478405,45.918295],[13.477483,45.918041],[13.476434,45.917788],[13.476393,45.917801],[13.476105,45.917707],[13.475681,45.917502],[13.475234,45.917314],[13.475196,45.917323],[13.475198,45.917366],[13.475657,45.91756],[13.476066,45.917767],[13.476327,45.917849],[13.476374,45.917835],[13.477536,45.918125],[13.478864,45.918502],[13.478846,45.918548],[13.478862,45.91857],[13.478942,45.91855],[13.478916,45.918599],[13.478826,45.918606],[13.477934,45.918888],[13.477239,45.91913],[13.477226,45.919153],[13.478402,45.919547],[13.478146,45.920054],[13.478044,45.921153],[13.478058,45.921394],[13.478292,45.921831],[13.478546,45.922014],[13.478779,45.922341],[13.478431,45.922743],[13.479783,45.923164],[13.479712,45.923211],[13.479606,45.923371],[13.479452,45.923516],[13.479322,45.923603],[13.479214,45.923739],[13.479036,45.923902],[13.47891,45.923966],[13.478842,45.923978],[13.47878,45.924009],[13.478671,45.924001],[13.478642,45.924013],[13.478577,45.92415],[13.478449,45.92424],[13.477986,45.924713],[13.477586,45.925323],[13.477355,45.925587],[13.477239,45.925642],[13.477231,45.925666],[13.477278,45.925704],[13.477404,45.925626],[13.477654,45.925368],[13.477977,45.92492],[13.478304,45.924536],[13.478611,45.924245],[13.479294,45.924345],[13.479599,45.92483],[13.47964,45.924822],[13.48053,45.925163],[13.480777,45.925236],[13.480807,45.92523],[13.480801,45.925042],[13.480861,45.92468],[13.481257,45.923721],[13.481364,45.923739],[13.480947,45.924744],[13.480917,45.924971],[13.480931,45.92527],[13.481026,45.925573],[13.481542,45.92658],[13.481842,45.926635],[13.481954,45.926671],[13.482542,45.927],[13.482768,45.927171],[13.48257,45.927496],[13.482287,45.927896],[13.482298,45.927921],[13.482332,45.927914],[13.482621,45.927529],[13.48286,45.927146],[13.482486,45.926897],[13.482331,45.926833],[13.482098,45.926649],[13.481964,45.926467],[13.481984,45.926009],[13.482023,45.925878],[13.482338,45.92525],[13.482378,45.925209],[13.482447,45.925184],[13.482451,45.924904],[13.482387,45.924873],[13.482361,45.924405],[13.482383,45.924293],[13.482666,45.923784],[13.481954,45.923526],[13.482,45.923455],[13.482424,45.923606],[13.482648,45.92326],[13.482674,45.923255],[13.482705,45.923215],[13.482715,45.923154],[13.482777,45.923146],[13.482844,45.923037],[13.483539,45.923226],[13.483587,45.923294],[13.48368,45.92329],[13.483689,45.923267],[13.483607,45.923148],[13.483753,45.922672],[13.483861,45.922469],[13.484828,45.921147],[13.487283,45.921754],[13.487145,45.922098],[13.486994,45.922355],[13.486854,45.922538],[13.486334,45.923412],[13.486054,45.923989],[13.485998,45.923996],[13.485588,45.924601],[13.485165,45.925363],[13.484839,45.925788],[13.484691,45.925951],[13.485147,45.926325],[13.485372,45.92655],[13.485397,45.92661],[13.485396,45.926866],[13.485345,45.927233],[13.48567,45.927498],[13.485792,45.927557],[13.486076,45.927636],[13.485937,45.927889],[13.485464,45.928578],[13.485409,45.929002],[13.485617,45.929432],[13.485383,45.929416],[13.485241,45.929357],[13.485129,45.929287],[13.484912,45.929062],[13.484857,45.929042],[13.48437,45.928927],[13.484321,45.928933],[13.484284,45.928973],[13.484211,45.929003],[13.484203,45.929027],[13.484242,45.929043],[13.484175,45.929084],[13.484086,45.929088],[13.484033,45.929055],[13.484007,45.928989],[13.48406,45.928983],[13.484036,45.928865],[13.484003,45.928829],[13.483941,45.928803],[13.483474,45.928684],[13.482691,45.928531],[13.482647,45.928537],[13.482563,45.928595],[13.482395,45.928826],[13.482313,45.928888],[13.482137,45.928951],[13.482042,45.928956],[13.481865,45.928927],[13.481812,45.928895],[13.481769,45.928824],[13.481772,45.928713],[13.481836,45.928602],[13.48182,45.928532],[13.481746,45.928431],[13.481607,45.928324],[13.481446,45.92832],[13.481346,45.928405],[13.481312,45.928486],[13.481362,45.928715],[13.481358,45.928797],[13.481332,45.928839],[13.481251,45.928874],[13.481164,45.928883],[13.48106,45.928865],[13.480896,45.928801],[13.480767,45.928695],[13.480718,45.928611],[13.480706,45.928549],[13.480721,45.928463],[13.480813,45.928235],[13.480812,45.928154],[13.480732,45.928067],[13.480567,45.927972],[13.480518,45.92796],[13.480239,45.928016],[13.480098,45.928096],[13.480005,45.928236],[13.480089,45.928635],[13.480213,45.928965],[13.480192,45.928998],[13.480134,45.929016],[13.480011,45.929017],[13.479902,45.928993],[13.479615,45.928859],[13.479533,45.928796],[13.479478,45.928715],[13.479423,45.928552],[13.479422,45.92844],[13.479445,45.928402],[13.479658,45.928281],[13.479683,45.928239],[13.479673,45.928198],[13.479498,45.92799],[13.479396,45.92791],[13.479332,45.927896],[13.479171,45.927926],[13.479018,45.928027],[13.478937,45.928029],[13.478831,45.927981],[13.478756,45.927918],[13.478611,45.927597],[13.478542,45.927582],[13.478305,45.927588],[13.478158,45.927547],[13.478093,45.92748],[13.477996,45.927081],[13.477952,45.926978],[13.477897,45.926945],[13.4778,45.926925],[13.477658,45.926939],[13.477627,45.926975],[13.477577,45.926986],[13.477525,45.926978],[13.47715,45.927053],[13.477075,45.927033],[13.476612,45.926751],[13.476458,45.926709],[13.47626,45.926732],[13.476,45.926718],[13.475707,45.926655],[13.475363,45.92652],[13.474901,45.926276],[13.474615,45.926176],[13.474342,45.926024],[13.474171,45.925966],[13.473865,45.925957],[13.473471,45.92578],[13.472962,45.925414],[13.472831,45.925349],[13.472598,45.925264],[13.472461,45.925177],[13.472431,45.925137],[13.472397,45.925142],[13.472354,45.925176],[13.472263,45.924993],[13.472232,45.924871],[13.472191,45.924815],[13.472134,45.924793],[13.47204,45.924792],[13.471926,45.924836],[13.471922,45.924949],[13.472043,45.925071],[13.472093,45.925151],[13.472071,45.925247],[13.471967,45.925433],[13.471805,45.92551],[13.471738,45.925454],[13.471644,45.925201],[13.471591,45.925146],[13.471079,45.925098],[13.471001,45.925052],[13.47101,45.92496],[13.471044,45.924877],[13.471092,45.924847],[13.471077,45.924814],[13.471212,45.924615],[13.471181,45.924582],[13.471104,45.924551],[13.470935,45.924558],[13.47075,45.92463],[13.470569,45.924774],[13.470583,45.924802],[13.470503,45.924902],[13.470378,45.924876],[13.470254,45.924808],[13.470236,45.924777],[13.470175,45.924764],[13.470034,45.924684],[13.469673,45.924781],[13.469144,45.924958],[13.468905,45.924984],[13.468827,45.925066],[13.46885,45.925101],[13.468998,45.925188],[13.469011,45.925259],[13.468916,45.925268],[13.468557,45.925121],[13.468494,45.925117],[13.46847,45.92515],[13.468516,45.925298],[13.468572,45.925324],[13.468676,45.925455],[13.468699,45.925588],[13.468677,45.925653],[13.468612,45.925696],[13.468291,45.925691],[13.468034,45.92581],[13.467893,45.925899],[13.467823,45.925889],[13.467541,45.925692],[13.467073,45.925535],[13.467075,45.9255],[13.466984,45.925464],[13.466894,45.925396],[13.466785,45.925343],[13.46662,45.925304],[13.4665,45.925293],[13.466384,45.9253],[13.466274,45.925334],[13.466086,45.925292],[13.466,45.925223],[13.465881,45.925183],[13.465665,45.925152],[13.465563,45.925122],[13.465511,45.925085],[13.465553,45.924955],[13.465524,45.924914],[13.465581,45.924831],[13.465557,45.924714],[13.465488,45.924646],[13.465401,45.924631],[13.465245,45.92467],[13.465152,45.924702],[13.465115,45.924771],[13.46504,45.924775],[13.464914,45.924884],[13.464894,45.924969],[13.464971,45.925056],[13.46501,45.925133],[13.46498,45.925142],[13.464978,45.925172],[13.464885,45.925184],[13.46477,45.925157],[13.464706,45.925097],[13.464678,45.924994],[13.464499,45.924849],[13.46417,45.924777],[13.464133,45.92474],[13.464135,45.924678],[13.464282,45.924485],[13.463957,45.924294],[13.463882,45.924154],[13.463616,45.924109],[13.463489,45.924064],[13.463382,45.924],[13.463211,45.923847],[13.463085,45.923786],[13.463036,45.92373],[13.462928,45.923665],[13.462838,45.923642],[13.46274,45.923663],[13.462344,45.923928],[13.462253,45.923954],[13.46215,45.923943],[13.462029,45.923901],[13.461975,45.923862],[13.461871,45.923618],[13.4618,45.923567],[13.461397,45.923415],[13.461161,45.923346],[13.460986,45.923343],[13.4608,45.923369],[13.460748,45.923352],[13.461067,45.923308],[13.461594,45.922563],[13.463714,45.923277],[13.463747,45.923269],[13.463799,45.923192],[13.463786,45.923168],[13.461659,45.922428],[13.461624,45.922435],[13.461084,45.923191],[13.460845,45.923212],[13.460833,45.923246],[13.460272,45.923341],[13.460161,45.923383],[13.46021,45.923626],[13.460254,45.923689],[13.46037,45.923728],[13.46058,45.92374],[13.460681,45.923791],[13.460715,45.924004],[13.460672,45.924075],[13.460589,45.924125],[13.46012,45.924253],[13.459911,45.924237],[13.459809,45.924197],[13.459744,45.924151],[13.459628,45.924001],[13.459546,45.92378],[13.459572,45.923705],[13.459682,45.923575],[13.45986,45.92346],[13.459902,45.923409],[13.459829,45.92334],[13.459731,45.923315],[13.459452,45.923357],[13.45936,45.923336],[13.459312,45.923278],[13.459361,45.923199],[13.459564,45.923057],[13.459837,45.923],[13.459948,45.922956],[13.459961,45.922934],[13.459904,45.922827],[13.459687,45.922765],[13.458822,45.922781],[13.458738,45.922766],[13.458665,45.922719],[13.458518,45.922663],[13.458475,45.922677],[13.458446,45.922713],[13.458352,45.922933],[13.458303,45.922952],[13.458132,45.922937],[13.458006,45.922872],[13.457847,45.922593],[13.457809,45.922408],[13.45781,45.922264],[13.457859,45.922203],[13.458048,45.922056],[13.458152,45.921926],[13.458157,45.921776],[13.458107,45.921705],[13.4578,45.921523],[13.457535,45.921508],[13.457504,45.92153],[13.457103,45.921483],[13.456976,45.921447],[13.456169,45.921125],[13.456219,45.921082],[13.456296,45.920919],[13.456347,45.92087],[13.456566,45.92096],[13.457217,45.921297],[13.457297,45.921304],[13.457391,45.921335],[13.457744,45.921486],[13.457881,45.921493],[13.458116,45.921447],[13.458374,45.921289],[13.458513,45.921041],[13.458552,45.921038],[13.458895,45.920717],[13.459325,45.92039],[13.459524,45.920203],[13.459978,45.919866],[13.460118,45.919648],[13.460145,45.919481],[13.460079,45.91905],[13.460027,45.918864],[13.459971,45.918774],[13.459831,45.918691],[13.460124,45.918681],[13.46009,45.91871],[13.460109,45.918741],[13.466781,45.921008],[13.466931,45.920913],[13.46694,45.920877],[13.467248,45.92065],[13.467482,45.920434],[13.46862,45.920232],[13.468624,45.920213],[13.468592,45.920197],[13.46754,45.920371],[13.467983,45.919909],[13.468183,45.919631],[13.468191,45.919581],[13.468133,45.91945],[13.468339,45.919502],[13.468476,45.919493],[13.468533,45.919448],[13.468518,45.919317],[13.468864,45.919405],[13.468997,45.920266],[13.469232,45.922251],[13.468819,45.922045],[13.468795,45.922064],[13.46881,45.922177],[13.469249,45.922394],[13.469293,45.922904],[13.469322,45.922921],[13.469371,45.9229],[13.4688,45.91821],[13.468514,45.916242],[13.46875,45.916292],[13.468783,45.91627],[13.468686,45.916207],[13.468298,45.916114],[13.468271,45.916027],[13.467409,45.915829],[13.466492,45.915559],[13.465608,45.915245],[13.465262,45.915078],[13.4649,45.914958],[13.463227,45.914483],[13.465033,45.911414],[13.465075,45.911391],[13.465223,45.911011],[13.465572,45.910363],[13.46576,45.910109],[13.465787,45.910096],[13.466028,45.909747],[13.466128,45.909639],[13.466264,45.909534],[13.466407,45.90945],[13.467062,45.909182],[13.467472,45.909038],[13.467375,45.908223],[13.469331,45.908556],[13.46936,45.908544],[13.470461,45.906324],[13.468823,45.906033],[13.470006,45.904299],[13.470573,45.90375],[13.470939,45.903871],[13.472693,45.902684],[13.47268,45.902665],[13.469196,45.901448],[13.466501,45.903229],[13.464791,45.904421],[13.463792,45.905161],[13.463387,45.905],[13.462859,45.90484],[13.462824,45.904849],[13.462782,45.90492],[13.462796,45.904943],[13.463379,45.905109],[13.463779,45.905262],[13.463491,45.90555],[13.463337,45.905766],[13.46292,45.906618],[13.461953,45.908752],[13.46183,45.908765],[13.461648,45.908556],[13.460778,45.90836],[13.460414,45.909092],[13.46043,45.909114],[13.460637,45.909165],[13.460563,45.909325],[13.460265,45.909252],[13.4601,45.909569],[13.459561,45.909466],[13.459529,45.909478],[13.458832,45.910967],[13.458706,45.911279],[13.458336,45.911202],[13.458128,45.911623],[13.457776,45.91155],[13.45765,45.911812],[13.457281,45.911272],[13.457259,45.911207],[13.457227,45.911194],[13.457134,45.911212],[13.457082,45.911317],[13.457249,45.911781],[13.457292,45.911857],[13.457073,45.911934],[13.456248,45.911168],[13.456214,45.911164],[13.456078,45.911438],[13.456453,45.91179],[13.456072,45.911922],[13.455827,45.912071],[13.454761,45.91307],[13.45476,45.913091],[13.454953,45.913283],[13.454938,45.913296],[13.454621,45.913006],[13.454243,45.912539],[13.454086,45.9124],[13.455184,45.910188],[13.455858,45.909828],[13.456138,45.909283],[13.456248,45.909013],[13.456379,45.909034],[13.45639,45.909009],[13.45635,45.908954],[13.456415,45.908969],[13.456448,45.908959],[13.458282,45.905497],[13.458371,45.90463],[13.458684,45.903555],[13.459046,45.90368],[13.45989,45.903932],[13.462783,45.904748],[13.462816,45.904737],[13.462866,45.904658],[13.462853,45.904634],[13.46241,45.904483],[13.46129,45.904171],[13.458996,45.903485],[13.458616,45.903352],[13.458594,45.903366],[13.4583,45.904497],[13.458292,45.904744],[13.454733,45.903863],[13.4547,45.903874],[13.454716,45.903897],[13.458199,45.904827],[13.458134,45.905456],[13.457865,45.90594],[13.457443,45.90663],[13.456227,45.908939],[13.456174,45.908929],[13.456141,45.90894],[13.456179,45.909019],[13.456054,45.908986],[13.456021,45.908997],[13.455652,45.909811],[13.454991,45.910178],[13.4539,45.912459],[13.454056,45.912606],[13.454373,45.913002],[13.454845,45.913443],[13.454981,45.913596],[13.454816,45.913743],[13.45455,45.914124],[13.453669,45.915591],[13.453688,45.915647],[13.453556,45.915587],[13.453414,45.915558],[13.453383,45.915569],[13.453383,45.91563],[13.453433,45.915684],[13.453629,45.915811],[13.454381,45.916215],[13.455196,45.91653],[13.455306,45.91653],[13.455267,45.916586],[13.455257,45.916675],[13.455262,45.916897],[13.455325,45.917239],[13.455292,45.917516],[13.454982,45.918346],[13.454928,45.918583],[13.454955,45.918707],[13.454876,45.918999],[13.454558,45.919662],[13.454902,45.91991],[13.455503,45.92025],[13.455807,45.920496],[13.455829,45.920529],[13.455816,45.920591],[13.455863,45.920636],[13.456223,45.920808],[13.456175,45.920862],[13.456131,45.921045],[13.456072,45.921111],[13.456022,45.921094],[13.455852,45.920957],[13.455458,45.920546],[13.455271,45.920436],[13.454822,45.92024],[13.454681,45.920194],[13.454672,45.920169],[13.454237,45.920121],[13.453697,45.920135],[13.453438,45.920086],[13.453317,45.920017],[13.453217,45.919889],[13.453122,45.919827],[13.452868,45.919738],[13.452822,45.919694],[13.452476,45.919583],[13.451942,45.919493],[13.451734,45.919517],[13.451373,45.919665],[13.451088,45.919735],[13.450845,45.919709],[13.450742,45.919651],[13.450555,45.919502],[13.450424,45.919435],[13.45008,45.919444],[13.449845,45.919582],[13.449766,45.91961],[13.449756,45.919633],[13.449677,45.91964],[13.449202,45.9194],[13.449057,45.919351],[13.448735,45.919322],[13.448401,45.919344],[13.448156,45.91941],[13.447868,45.919386],[13.447753,45.919334],[13.447561,45.919305],[13.447336,45.919216],[13.447178,45.919184],[13.447045,45.919132],[13.446986,45.91908],[13.446984,45.919016],[13.447057,45.91894],[13.447056,45.918919],[13.446928,45.918807],[13.446792,45.918718],[13.446542,45.918633],[13.446205,45.918618],[13.446145,45.918601],[13.446061,45.9185],[13.446081,45.918425],[13.446137,45.918351],[13.446095,45.918271],[13.44601,45.918254],[13.445912,45.918274],[13.445804,45.918378],[13.445739,45.918404],[13.445733,45.918603],[13.44567,45.918835],[13.445456,45.918781],[13.445393,45.918741],[13.4453,45.918619],[13.445344,45.918591],[13.445323,45.918516],[13.445257,45.918476],[13.445093,45.918418],[13.445058,45.918427],[13.445033,45.918464],[13.444897,45.918522],[13.444762,45.918685],[13.444658,45.9187],[13.444551,45.918671],[13.444466,45.918623],[13.444264,45.91847],[13.44388,45.918318]]]},"properties":{"prov":"GO","comune_amm":"E952","comune_descr":"MARIANO DEL FRIULI","fascia":"R","zona":"R1","zona_descr":"ZONA AGRICOLA - REGIONE AGRARIA 2 - INTERO TERRITORIO COMUNALE","microzona":1,"semestre":"2025/1"}},{"type":"Feature","geometry":{"type":"Polygon","coordinates":[[[13.414684,45.917598],[13.415006,45.917267],[13.415308,45.917092],[13.416048,45.916925],[13.416945,45.916542],[13.417146,45.916294],[13.416715,45.915783],[13.416658,45.915467],[13.417452,45.914891],[13.417513,45.914892],[13.417589,45.914819],[13.417837,45.914653],[13.417943,45.91454],[13.418961,45.914249],[13.419341,45.914062],[13.419714,45.913828],[13.420545,45.913618],[13.421262,45.913675],[13.421614,45.913669],[13.421872,45.913636],[13.422259,45.913517],[13.422436,45.9135],[13.422537,45.913549],[13.422629,45.913535],[13.422709,45.913581],[13.422739,45.913583],[13.423074,45.913062],[13.423569,45.912575],[13.424142,45.912178],[13.424592,45.912398],[13.424623,45.912399],[13.424816,45.912009],[13.425623,45.912219],[13.42438,45.913727],[13.424219,45.913827],[13.424024,45.913901],[13.424011,45.913912],[13.424027,45.913935],[13.42427,45.913862],[13.424447,45.913751],[13.425649,45.912275],[13.426011,45.912404],[13.426033,45.912441],[13.426068,45.912451],[13.427446,45.912102],[13.427517,45.912311],[13.427534,45.912551],[13.427605,45.912884],[13.427753,45.913189],[13.427981,45.914396],[13.427943,45.914628],[13.427965,45.914739],[13.42777,45.914824],[13.427506,45.914899],[13.427165,45.91508],[13.426655,45.91524],[13.425988,45.915534],[13.42584,45.915633],[13.425597,45.915876],[13.425608,45.915903],[13.425645,45.915899],[13.425876,45.91569],[13.426015,45.915616],[13.426063,45.91561],[13.426159,45.915546],[13.426508,45.915391],[13.427795,45.914907],[13.428175,45.914713],[13.428439,45.914859],[13.428552,45.914953],[13.428599,45.915022],[13.428628,45.915032],[13.428646,45.914996],[13.42859,45.914908],[13.428373,45.91477],[13.429373,45.91478],[13.429977,45.914854],[13.430399,45.914796],[13.430694,45.915646],[13.43112,45.91577],[13.430718,45.91746],[13.430899,45.917497],[13.431666,45.917486],[13.432137,45.917512],[13.432145,45.917539],[13.432166,45.917545],[13.432411,45.917541],[13.432575,45.917559],[13.432835,45.917707],[13.432444,45.918305],[13.432054,45.918335],[13.43203,45.918351],[13.43186,45.919729],[13.431771,45.919846],[13.431235,45.919789],[13.430257,45.919576],[13.42963,45.919597],[13.42902,45.919476],[13.428253,45.919271],[13.427631,45.91921],[13.426901,45.918937],[13.426863,45.918948],[13.426312,45.920369],[13.426169,45.920468],[13.426067,45.920589],[13.425822,45.920475],[13.425602,45.920332],[13.425558,45.920345],[13.425841,45.920558],[13.426498,45.920823],[13.426865,45.920923],[13.427706,45.921094],[13.428048,45.921132],[13.428263,45.921132],[13.42863,45.92122],[13.42879,45.921217],[13.428382,45.921937],[13.42737,45.921797],[13.426924,45.921711],[13.425847,45.9214],[13.425197,45.921247],[13.424556,45.921064],[13.424523,45.921073],[13.424061,45.921882],[13.424026,45.921846],[13.424456,45.921077],[13.424725,45.92079],[13.424714,45.920764],[13.424136,45.92058],[13.423993,45.920605],[13.423812,45.920585],[13.423822,45.920537],[13.423807,45.920517],[13.422838,45.920239],[13.422309,45.919959],[13.421229,45.919661],[13.42084,45.9195],[13.420801,45.919516],[13.420811,45.919649],[13.420674,45.919944],[13.420127,45.919804],[13.419218,45.919517],[13.418896,45.920104],[13.417854,45.919753],[13.417335,45.919605],[13.41732,45.919573],[13.416195,45.919271],[13.416443,45.91881],[13.416006,45.918686],[13.415828,45.918718],[13.415495,45.918552],[13.415532,45.918405],[13.415285,45.91826],[13.415572,45.918176],[13.416716,45.918193],[13.417739,45.918449],[13.417737,45.918484],[13.417788,45.918501],[13.418018,45.918503],[13.418016,45.918425],[13.417872,45.918415],[13.416792,45.918146],[13.416617,45.918125],[13.41535,45.918093],[13.415109,45.918103],[13.41487,45.918067],[13.414697,45.917864],[13.414684,45.917598]]]},"properties":{"prov":"GO","comune_amm":"F081","comune_descr":"MEDEA","fascia":"B","zona":"B1","zona_descr":"CAPOLUOGO - CENTRO ABITATO","microzona":1,"semestre":"2025/1"}},{"type":"Feature","geometry":{"type":"Polygon","coordinates":[[[13.388643,45.913383],[13.38635,45.912931],[13.392485,45.908136],[13.395424,45.908724],[13.395513,45.908744],[13.395607,45.908786],[13.39576,45.908713],[13.396041,45.908931],[13.396495,45.90903],[13.397023,45.909116],[13.398143,45.90938],[13.398547,45.909496],[13.399059,45.909761],[13.39949,45.909732],[13.399751,45.909747],[13.400101,45.90988],[13.400818,45.910453],[13.400827,45.910613],[13.400966,45.910969],[13.401203,45.911147],[13.401613,45.911397],[13.401677,45.91138],[13.402452,45.911709],[13.403066,45.912019],[13.403302,45.912168],[13.403341,45.912166],[13.403477,45.912043],[13.403753,45.912213],[13.404508,45.912861],[13.40538,45.913682],[13.406101,45.913327],[13.406682,45.912907],[13.408072,45.914311],[13.408314,45.91427],[13.408378,45.914285],[13.408496,45.91426],[13.408761,45.914283],[13.409638,45.914295],[13.41018,45.91427],[13.41064,45.914206],[13.411005,45.914666],[13.411031,45.914675],[13.411281,45.914516],[13.411675,45.91435],[13.411956,45.914278],[13.41201,45.914285],[13.412195,45.914152],[13.412993,45.912895],[13.413019,45.912828],[13.413838,45.91178],[13.413866,45.911326],[13.414833,45.910639],[13.416128,45.909778],[13.416805,45.909828],[13.416833,45.909813],[13.416885,45.909577],[13.416853,45.909458],[13.416811,45.909469],[13.416791,45.909561],[13.416595,45.909551],[13.416707,45.909477],[13.416484,45.908229],[13.416244,45.907294],[13.416059,45.906776],[13.415781,45.905887],[13.415375,45.905261],[13.414925,45.904519],[13.41514,45.904236],[13.415659,45.903902],[13.415938,45.90352],[13.416441,45.903281],[13.417068,45.903161],[13.417202,45.903168],[13.418285,45.903407],[13.41699,45.904208],[13.416945,45.90428],[13.416965,45.904305],[13.41822,45.903537],[13.419438,45.90384],[13.420207,45.90391],[13.420948,45.903947],[13.421523,45.904036],[13.422891,45.903948],[13.423422,45.903882],[13.423595,45.903689],[13.423512,45.902854],[13.423357,45.902312],[13.423648,45.902248],[13.423842,45.902272],[13.423876,45.902246],[13.424038,45.902272],[13.424083,45.902308],[13.424562,45.902388],[13.424626,45.902415],[13.424653,45.902464],[13.424581,45.902646],[13.424664,45.902961],[13.42466,45.903037],[13.424632,45.903093],[13.42459,45.903124],[13.424461,45.90316],[13.424008,45.903201],[13.423885,45.903505],[13.423854,45.903798],[13.424155,45.90391],[13.424398,45.903972],[13.424497,45.904024],[13.424768,45.90443],[13.424818,45.904475],[13.424958,45.904552],[13.425283,45.904525],[13.42549,45.904478],[13.425516,45.904449],[13.425557,45.904292],[13.42566,45.904079],[13.425693,45.903819],[13.425784,45.903752],[13.425908,45.903749],[13.426075,45.903783],[13.426167,45.903885],[13.426271,45.904067],[13.426618,45.904176],[13.426657,45.904209],[13.426645,45.904324],[13.426494,45.90448],[13.426519,45.904587],[13.426569,45.904649],[13.426722,45.904727],[13.426992,45.904742],[13.427574,45.904711],[13.427668,45.904658],[13.427719,45.904482],[13.427802,45.904341],[13.427846,45.90431],[13.427959,45.904299],[13.428092,45.90435],[13.428256,45.904515],[13.428348,45.904542],[13.428625,45.904543],[13.428737,45.90456],[13.429082,45.904687],[13.429401,45.904773],[13.42956,45.904797],[13.429898,45.9048],[13.430328,45.904878],[13.430917,45.904954],[13.431152,45.904944],[13.431274,45.90496],[13.431384,45.905019],[13.431498,45.90514],[13.431595,45.905212],[13.431753,45.905283],[13.431866,45.905264],[13.431891,45.905246],[13.432025,45.904993],[13.432129,45.904905],[13.432219,45.904854],[13.432292,45.90484],[13.43243,45.904841],[13.432497,45.904857],[13.432947,45.905247],[13.433167,45.905492],[13.433212,45.905588],[13.433118,45.905865],[13.433177,45.905982],[13.433251,45.906037],[13.433352,45.90606],[13.433423,45.906053],[13.433741,45.905952],[13.433741,45.906008],[13.433484,45.906086],[13.433117,45.907241],[13.433128,45.907259],[13.433313,45.907343],[13.433353,45.907332],[13.433682,45.906366],[13.433939,45.906279],[13.43431,45.906542],[13.435194,45.907126],[13.435361,45.907128],[13.435385,45.907098],[13.435557,45.907067],[13.435644,45.907072],[13.435699,45.907116],[13.435717,45.907336],[13.435754,45.907407],[13.435761,45.907486],[13.435809,45.907572],[13.435941,45.907698],[13.43608,45.907953],[13.436117,45.908067],[13.436002,45.908208],[13.43577,45.908392],[13.435798,45.908503],[13.436061,45.908755],[13.43645,45.908932],[13.436573,45.909065],[13.436728,45.909115],[13.43698,45.909084],[13.437112,45.9089],[13.437157,45.908919],[13.437221,45.908842],[13.437182,45.908779],[13.437327,45.908641],[13.437493,45.908538],[13.437669,45.908534],[13.437783,45.908576],[13.437832,45.908622],[13.437909,45.908586],[13.437912,45.908705],[13.43779,45.908775],[13.437658,45.908997],[13.437628,45.909134],[13.437643,45.909322],[13.43808,45.909672],[13.438305,45.909923],[13.438439,45.910133],[13.438424,45.910292],[13.438305,45.910288],[13.438074,45.910177],[13.437879,45.910164],[13.437568,45.910212],[13.437191,45.910378],[13.436875,45.910579],[13.436812,45.910686],[13.4368,45.910856],[13.436838,45.91111],[13.436598,45.911246],[13.436597,45.911311],[13.436643,45.911347],[13.437337,45.911682],[13.437422,45.911672],[13.437641,45.911684],[13.437832,45.911719],[13.438095,45.911876],[13.438224,45.912098],[13.438551,45.912353],[13.438646,45.912398],[13.438746,45.912418],[13.438847,45.912387],[13.438896,45.912339],[13.438942,45.912138],[13.439062,45.911989],[13.439154,45.911951],[13.439469,45.911894],[13.440333,45.911864],[13.440704,45.911989],[13.440789,45.91209],[13.441068,45.912179],[13.441333,45.912206],[13.441587,45.912301],[13.441708,45.912321],[13.441869,45.912322],[13.442393,45.912532],[13.442618,45.912663],[13.442668,45.912746],[13.442659,45.912968],[13.442596,45.913163],[13.442629,45.914079],[13.442768,45.91449],[13.443119,45.915052],[13.443417,45.915621],[13.44334,45.915692],[13.443341,45.915946],[13.443385,45.916194],[13.443466,45.916283],[13.443578,45.916324],[13.443921,45.916391],[13.444238,45.916413],[13.444289,45.916509],[13.444124,45.916555],[13.443917,45.916657],[13.443886,45.916759],[13.443911,45.916848],[13.444243,45.91726],[13.444346,45.917546],[13.444452,45.917686],[13.444449,45.91777],[13.444426,45.917803],[13.444339,45.917857],[13.444048,45.917974],[13.443978,45.918015],[13.443881,45.918173],[13.443879,45.918328],[13.443918,45.918353],[13.444233,45.918421],[13.444352,45.918475],[13.444404,45.918522],[13.444463,45.918718],[13.444504,45.918763],[13.444653,45.918777],[13.444747,45.918744],[13.444825,45.9187],[13.445048,45.918511],[13.445137,45.918462],[13.445194,45.918454],[13.445424,45.918551],[13.445457,45.918713],[13.445549,45.918812],[13.445658,45.918839],[13.445721,45.918836],[13.445782,45.918778],[13.445931,45.918364],[13.445983,45.918322],[13.446088,45.918296],[13.446201,45.918313],[13.44622,45.918334],[13.446179,45.918514],[13.446249,45.918628],[13.446412,45.918675],[13.446815,45.9187],[13.446949,45.918767],[13.447096,45.918871],[13.447136,45.91893],[13.447149,45.919017],[13.447125,45.919166],[13.447162,45.91923],[13.447251,45.919266],[13.447927,45.919441],[13.44821,45.919551],[13.448375,45.919536],[13.448598,45.919461],[13.449265,45.919497],[13.449421,45.919615],[13.449824,45.919718],[13.450179,45.919549],[13.450667,45.919566],[13.450765,45.919606],[13.451007,45.91982],[13.451061,45.919838],[13.451275,45.919781],[13.452008,45.919812],[13.452348,45.919851],[13.452378,45.919837],[13.45242,45.919713],[13.4524,45.919691],[13.451971,45.919636],[13.451238,45.919579],[13.451475,45.919486],[13.451556,45.919468],[13.452458,45.919559],[13.452832,45.919651],[13.453167,45.919797],[13.453315,45.919962],[13.453446,45.920046],[13.453562,45.920081],[13.453824,45.920089],[13.454466,45.920066],[13.455667,45.92072],[13.456079,45.921114],[13.455846,45.92143],[13.455336,45.92199],[13.454723,45.922909],[13.45413,45.923724],[13.454019,45.923719],[13.45363,45.923654],[13.453226,45.923637],[13.452973,45.923661],[13.452641,45.923737],[13.451658,45.923455],[13.451522,45.923379],[13.451493,45.923377],[13.451455,45.923432],[13.451465,45.923454],[13.451804,45.923605],[13.452785,45.923876],[13.452539,45.923979],[13.452303,45.924127],[13.452255,45.92418],[13.45209,45.924529],[13.451866,45.924787],[13.451713,45.924922],[13.45134,45.92539],[13.450737,45.925861],[13.450289,45.926342],[13.450283,45.926363],[13.450312,45.926382],[13.450184,45.926564],[13.450038,45.926937],[13.449884,45.927156],[13.449467,45.927648],[13.449409,45.927693],[13.449306,45.927719],[13.448922,45.927728],[13.448811,45.92779],[13.448742,45.927854],[13.44848,45.928324],[13.448299,45.928505],[13.448124,45.928638],[13.447892,45.928944],[13.446844,45.92856],[13.445989,45.928351],[13.445262,45.929676],[13.445271,45.929812],[13.445174,45.929813],[13.445065,45.929791],[13.443458,45.929399],[13.443265,45.929008],[13.443225,45.928665],[13.44178,45.928239],[13.441746,45.928247],[13.441505,45.928587],[13.438122,45.928104],[13.437734,45.92832],[13.435168,45.927987],[13.432251,45.927515],[13.431314,45.927488],[13.42807,45.928482],[13.427641,45.928681],[13.42722,45.929231],[13.426335,45.928903],[13.426044,45.929362],[13.426706,45.929672],[13.426503,45.929792],[13.425974,45.930052],[13.425742,45.930104],[13.425048,45.930612],[13.424416,45.930126],[13.423902,45.930319],[13.422705,45.929194],[13.422668,45.92919],[13.422381,45.929342],[13.422022,45.92897],[13.421992,45.928963],[13.42182,45.929],[13.421807,45.929027],[13.422634,45.929907],[13.422611,45.929921],[13.42255,45.929889],[13.422514,45.929891],[13.421701,45.930539],[13.420648,45.929906],[13.420091,45.929486],[13.420003,45.929207],[13.419414,45.928736],[13.41814,45.927665],[13.418204,45.92762],[13.418208,45.927595],[13.414656,45.924538],[13.411498,45.921904],[13.411468,45.921899],[13.411406,45.921963],[13.410553,45.921366],[13.410732,45.921079],[13.410535,45.920876],[13.410372,45.920786],[13.41032,45.920801],[13.409954,45.920762],[13.409501,45.920649],[13.409457,45.920598],[13.409658,45.920494],[13.409658,45.920465],[13.409241,45.920247],[13.40895,45.920013],[13.408511,45.919712],[13.408179,45.919406],[13.408144,45.919274],[13.40674,45.918267],[13.406624,45.91827],[13.406567,45.91829],[13.406257,45.918186],[13.406045,45.918085],[13.405682,45.917866],[13.405192,45.917515],[13.404715,45.917226],[13.404773,45.917124],[13.404887,45.917083],[13.404959,45.917013],[13.404962,45.916942],[13.404911,45.916891],[13.403637,45.916307],[13.403161,45.916105],[13.403127,45.91611],[13.402759,45.916513],[13.402705,45.916514],[13.402674,45.916499],[13.40254,45.916515],[13.401903,45.916502],[13.401377,45.916615],[13.401358,45.916631],[13.40135,45.916696],[13.401289,45.916708],[13.401229,45.916771],[13.401079,45.916673],[13.400639,45.916517],[13.399955,45.916349],[13.400728,45.915182],[13.400706,45.915168],[13.400468,45.915143],[13.400292,45.915],[13.400172,45.914762],[13.399375,45.914889],[13.399144,45.914887],[13.398849,45.914853],[13.39739,45.914508],[13.396407,45.914305],[13.39541,45.914447],[13.394971,45.914328],[13.393962,45.914004],[13.393471,45.913809],[13.392877,45.913601],[13.392609,45.913552],[13.392289,45.913522],[13.391827,45.913548],[13.391716,45.913536],[13.391409,45.913421],[13.391205,45.913309],[13.390623,45.9134],[13.390031,45.913465],[13.389623,45.913425],[13.389331,45.913354],[13.389021,45.913342],[13.388816,45.913383],[13.388643,45.913383]],[[13.414689,45.917591],[13.414698,45.917866],[13.414876,45.918068],[13.415107,45.918103],[13.41535,45.918093],[13.416616,45.918125],[13.416788,45.918145],[13.41787,45.918414],[13.418096,45.918424],[13.418102,45.918498],[13.417927,45.918494],[13.416709,45.918193],[13.415574,45.918176],[13.415321,45.91825],[13.415315,45.91828],[13.415536,45.918404],[13.415497,45.918549],[13.41582,45.918714],[13.416001,45.918684],[13.41645,45.918807],[13.416173,45.9193],[13.416092,45.919528],[13.416108,45.91955],[13.416153,45.91954],[13.41626,45.919299],[13.416861,45.919457],[13.418003,45.919788],[13.418809,45.920065],[13.419158,45.919449],[13.420058,45.919745],[13.420606,45.919883],[13.420744,45.919598],[13.420734,45.919402],[13.420757,45.919381],[13.420754,45.91926],[13.420777,45.919219],[13.420745,45.919161],[13.420631,45.919111],[13.420638,45.919016],[13.420868,45.918857],[13.420898,45.918867],[13.420681,45.919036],[13.420689,45.919098],[13.420779,45.919141],[13.420818,45.919217],[13.420804,45.919259],[13.420836,45.919497],[13.421227,45.91966],[13.422314,45.919961],[13.422834,45.920237],[13.423823,45.920521],[13.423815,45.920567],[13.423836,45.920588],[13.424,45.920604],[13.424131,45.920579],[13.424736,45.920771],[13.424456,45.921078],[13.424031,45.921838],[13.424049,45.921863],[13.42408,45.921852],[13.424533,45.921057],[13.425196,45.921247],[13.425847,45.9214],[13.426927,45.921712],[13.42737,45.921797],[13.428365,45.921934],[13.428394,45.921923],[13.428778,45.921242],[13.428768,45.921221],[13.428637,45.921221],[13.428261,45.921132],[13.428048,45.921132],[13.427708,45.921094],[13.426862,45.920922],[13.4265,45.920823],[13.425838,45.920557],[13.425531,45.920333],[13.424328,45.919769],[13.424092,45.919737],[13.423713,45.919599],[13.423025,45.919479],[13.422702,45.919397],[13.422043,45.919264],[13.42201,45.919276],[13.421833,45.919195],[13.423737,45.919571],[13.424114,45.919702],[13.424356,45.919732],[13.424826,45.919966],[13.425064,45.920042],[13.425077,45.920079],[13.425379,45.920159],[13.425553,45.920301],[13.425819,45.920474],[13.426068,45.920583],[13.426165,45.920471],[13.426312,45.920367],[13.426874,45.918921],[13.427644,45.919214],[13.428285,45.91928],[13.429037,45.91949],[13.429638,45.919616],[13.430263,45.9196],[13.431233,45.919822],[13.431781,45.919882],[13.431862,45.919762],[13.432074,45.918378],[13.43249,45.918344],[13.432892,45.917746],[13.432573,45.917559],[13.43241,45.917541],[13.43214,45.917545],[13.432114,45.91751],[13.431666,45.917486],[13.430893,45.917497],[13.430712,45.917463],[13.431118,45.915784],[13.431102,45.915764],[13.430696,45.915653],[13.430395,45.9148],[13.42998,45.914855],[13.429372,45.91478],[13.428419,45.914775],[13.428421,45.914802],[13.428588,45.914907],[13.428647,45.915001],[13.428651,45.915095],[13.428287,45.915681],[13.42824,45.915666],[13.428603,45.915074],[13.4286,45.915028],[13.428551,45.914952],[13.428439,45.914861],[13.428175,45.914717],[13.427794,45.914907],[13.426508,45.915391],[13.426162,45.915545],[13.42606,45.915613],[13.426011,45.915618],[13.425872,45.915693],[13.425633,45.91591],[13.425585,45.915896],[13.425837,45.915635],[13.425986,45.915536],[13.426654,45.915241],[13.427167,45.915079],[13.427508,45.914898],[13.42777,45.914824],[13.427961,45.914738],[13.427942,45.914629],[13.427979,45.914395],[13.427753,45.913192],[13.427605,45.912885],[13.427534,45.91255],[13.427517,45.912311],[13.427441,45.912108],[13.426078,45.912448],[13.426049,45.912471],[13.426007,45.912402],[13.425651,45.912281],[13.424443,45.913755],[13.424269,45.913863],[13.423666,45.914054],[13.423256,45.914244],[13.42322,45.914198],[13.423335,45.914146],[13.423404,45.914063],[13.423778,45.913986],[13.423979,45.913919],[13.424215,45.913828],[13.424376,45.91373],[13.425611,45.912235],[13.425597,45.912209],[13.424835,45.912014],[13.424802,45.912025],[13.424621,45.912412],[13.424142,45.912183],[13.423568,45.912576],[13.423073,45.913064],[13.422735,45.913595],[13.422628,45.913537],[13.422533,45.91355],[13.422431,45.9135],[13.422254,45.913518],[13.421867,45.913637],[13.421613,45.913669],[13.421264,45.913675],[13.420543,45.913619],[13.419716,45.913828],[13.419339,45.914063],[13.41896,45.914249],[13.417947,45.91454],[13.41784,45.914651],[13.417589,45.914819],[13.417463,45.91494],[13.417392,45.914934],[13.416656,45.915478],[13.416719,45.915789],[13.417148,45.916291],[13.416943,45.916544],[13.416049,45.916925],[13.415302,45.917095],[13.415004,45.917268],[13.414689,45.917591]]]},"properties":{"prov":"GO","comune_amm":"F081","comune_descr":"MEDEA","fascia":"R","zona":"R1","zona_descr":"ZONA AGRICOLA - REGIONE AGRARIA 2 - INTERO TERRITORIO COMUNALE","microzona":1,"semestre":"2025/1"}},{"type":"Feature","geometry":{"type":"Polygon","coordinates":[[[13.541407,45.807981],[13.540724,45.808197],[13.53773,45.809399],[13.537121,45.809622],[13.537091,45.809651],[13.536899,45.809739],[13.536544,45.809849],[13.536336,45.809957],[13.535401,45.810332],[13.535362,45.81033],[13.534585,45.810734],[13.533927,45.811193],[13.532563,45.812075],[13.532356,45.812171],[13.532016,45.812287],[13.531945,45.812157],[13.531934,45.812064],[13.532059,45.811831],[13.532116,45.811636],[13.53226,45.811553],[13.532548,45.811245],[13.532541,45.81122],[13.532476,45.811197],[13.532265,45.811368],[13.532259,45.811381],[13.532297,45.811414],[13.53216,45.811524],[13.531362,45.811756],[13.53057,45.811775],[13.529853,45.811928],[13.529796,45.811901],[13.529415,45.811961],[13.529395,45.811978],[13.529392,45.812039],[13.529305,45.812075],[13.528614,45.812277],[13.528569,45.812256],[13.526825,45.812686],[13.526236,45.811567],[13.526208,45.811555],[13.526143,45.811561],[13.52612,45.811543],[13.526052,45.811534],[13.526025,45.811485],[13.526156,45.811489],[13.526183,45.811465],[13.525642,45.810506],[13.525307,45.810039],[13.52528,45.810029],[13.524777,45.810086],[13.524657,45.809907],[13.524628,45.80989],[13.524411,45.809933],[13.524074,45.809378],[13.524047,45.809236],[13.524063,45.80913],[13.524092,45.809079],[13.524028,45.809052],[13.524195,45.808872],[13.524248,45.80887],[13.524769,45.80834],[13.524877,45.808258],[13.524937,45.808261],[13.525003,45.808192],[13.525008,45.808155],[13.525059,45.808161],[13.525423,45.807937],[13.526223,45.80752],[13.52622,45.807483],[13.526286,45.807447],[13.526347,45.807457],[13.527659,45.806774],[13.52774,45.806762],[13.527788,45.806736],[13.527794,45.806706],[13.528811,45.806191],[13.528816,45.806166],[13.528786,45.806134],[13.528886,45.806075],[13.529018,45.806186],[13.529054,45.80619],[13.529522,45.805936],[13.529614,45.80587],[13.529794,45.805825],[13.530079,45.805666],[13.530349,45.805548],[13.531268,45.805232],[13.531316,45.805248],[13.531855,45.805079],[13.531868,45.805055],[13.531828,45.804994],[13.531926,45.804957],[13.532103,45.804998],[13.533255,45.804578],[13.533389,45.804752],[13.533424,45.804759],[13.53741,45.803321],[13.537838,45.803308],[13.537918,45.803548],[13.538166,45.804089],[13.538385,45.80443],[13.538778,45.804928],[13.538609,45.80503],[13.538628,45.805067],[13.539653,45.804805],[13.540015,45.804614],[13.540049,45.804607],[13.540091,45.804638],[13.540404,45.804572],[13.540732,45.804545],[13.540706,45.804878],[13.540759,45.804964],[13.540462,45.805165],[13.540293,45.805338],[13.540235,45.805431],[13.54024,45.805451],[13.540395,45.805564],[13.540311,45.805644],[13.540227,45.806035],[13.54024,45.806054],[13.540285,45.806055],[13.541178,45.806423],[13.54034,45.806781],[13.540453,45.806889],[13.540557,45.806894],[13.5408,45.806952],[13.541026,45.807335],[13.541192,45.807702],[13.541226,45.807724],[13.541407,45.807981]]]},"properties":{"prov":"GO","comune_amm":"F356","comune_descr":"MONFALCONE","fascia":"B","zona":"B1","zona_descr":"CENTRO STORICO - VIA DUCA D`AOSTA - VIA CARDUCCI - VIALE VERDI - VIA GARIBALDI - VIALE SAN MARCO - VIA FRATELLI ROSSELLI","microzona":1,"semestre":"2025/1"}},{"type":"Feature","geometry":{"type":"Polygon","coordinates":[[[13.514105,45.813569],[13.514814,45.813244],[13.515904,45.812833],[13.515895,45.81281],[13.515585,45.812607],[13.515224,45.812202],[13.514958,45.811839],[13.516262,45.810772],[13.516709,45.811019],[13.51707,45.811139],[13.517435,45.811212],[13.519848,45.811471],[13.519877,45.811456],[13.519856,45.811435],[13.517336,45.811133],[13.517101,45.811083],[13.516623,45.810925],[13.51622,45.810683],[13.519881,45.807636],[13.517779,45.806546],[13.51766,45.806504],[13.517389,45.806502],[13.517237,45.806523],[13.516448,45.806672],[13.516439,45.806629],[13.517447,45.806459],[13.517563,45.806446],[13.517715,45.806458],[13.519988,45.807639],[13.520978,45.808125],[13.521046,45.808182],[13.521376,45.808286],[13.521334,45.808357],[13.52138,45.808383],[13.521166,45.808657],[13.520877,45.809087],[13.520729,45.809429],[13.520514,45.810148],[13.520501,45.810606],[13.52043,45.810959],[13.520258,45.811336],[13.52014,45.811438],[13.520068,45.811474],[13.520089,45.811496],[13.520145,45.811503],[13.520169,45.811544],[13.520203,45.811553],[13.521943,45.811003],[13.521955,45.810979],[13.521922,45.81097],[13.520391,45.81144],[13.520386,45.811352],[13.520617,45.810832],[13.520662,45.810599],[13.520666,45.810143],[13.520694,45.809934],[13.520995,45.809068],[13.521215,45.808761],[13.52162,45.808267],[13.521497,45.808228],[13.521509,45.808211],[13.521489,45.808192],[13.521267,45.808151],[13.521189,45.808124],[13.520068,45.807539],[13.52301,45.805136],[13.523348,45.804934],[13.52354,45.804839],[13.524063,45.804631],[13.524325,45.804441],[13.524903,45.803851],[13.525246,45.80408],[13.525431,45.804171],[13.525605,45.804227],[13.527707,45.803686],[13.527796,45.803822],[13.527948,45.803789],[13.527963,45.803765],[13.527889,45.803638],[13.529706,45.803161],[13.530199,45.802954],[13.530477,45.802793],[13.531412,45.802127],[13.532454,45.803419],[13.532801,45.803886],[13.532835,45.803894],[13.533118,45.803803],[13.534418,45.803296],[13.534781,45.803287],[13.53494,45.803311],[13.535778,45.80308],[13.536437,45.802855],[13.537593,45.802372],[13.53768,45.802349],[13.537718,45.802377],[13.537739,45.802372],[13.538355,45.801976],[13.539187,45.801328],[13.539515,45.800948],[13.539558,45.800824],[13.539678,45.800727],[13.539849,45.80051],[13.540007,45.800382],[13.540381,45.800141],[13.540447,45.800056],[13.540504,45.800021],[13.540501,45.799959],[13.540547,45.799899],[13.541202,45.799346],[13.542143,45.799854],[13.542131,45.79989],[13.54226,45.800064],[13.542487,45.800551],[13.542564,45.800824],[13.542594,45.800857],[13.542933,45.802197],[13.548697,45.801827],[13.54862,45.801939],[13.548581,45.802054],[13.548756,45.802157],[13.547985,45.802313],[13.547971,45.80234],[13.548853,45.803269],[13.549428,45.80384],[13.54946,45.803849],[13.549945,45.804375],[13.548839,45.804804],[13.547556,45.805054],[13.547708,45.805415],[13.54788,45.805646],[13.54766,45.805799],[13.547363,45.805974],[13.547381,45.805994],[13.547757,45.806068],[13.548434,45.806064],[13.548626,45.806028],[13.54882,45.806502],[13.545951,45.807082],[13.545933,45.807103],[13.545963,45.807209],[13.544929,45.807396],[13.544898,45.807327],[13.544867,45.807314],[13.541938,45.807887],[13.541388,45.808017],[13.540794,45.808198],[13.540779,45.808169],[13.541307,45.807992],[13.541319,45.807969],[13.541169,45.807743],[13.541133,45.807731],[13.540778,45.807017],[13.540531,45.806939],[13.540423,45.80693],[13.540279,45.806804],[13.5411,45.806483],[13.541111,45.806461],[13.540235,45.806088],[13.540195,45.806089],[13.540198,45.805959],[13.540261,45.805681],[13.540351,45.805581],[13.540193,45.805454],[13.540241,45.80537],[13.540443,45.805181],[13.540689,45.805016],[13.540647,45.804932],[13.540673,45.804625],[13.540724,45.804561],[13.540697,45.804546],[13.540529,45.804557],[13.540071,45.804642],[13.540026,45.804611],[13.539649,45.804807],[13.538612,45.805074],[13.538606,45.805029],[13.538763,45.80494],[13.53877,45.804917],[13.538385,45.80443],[13.538164,45.804087],[13.537919,45.803549],[13.537842,45.803319],[13.537816,45.803305],[13.537414,45.80332],[13.533405,45.804766],[13.533295,45.804624],[13.53326,45.804616],[13.532178,45.805004],[13.532002,45.804962],[13.531913,45.804999],[13.531954,45.805069],[13.531924,45.805087],[13.531381,45.805258],[13.531333,45.805242],[13.530428,45.805564],[13.5304,45.805563],[13.530144,45.805667],[13.529848,45.805824],[13.529669,45.805867],[13.529596,45.805921],[13.529058,45.806199],[13.52889,45.806052],[13.528856,45.806048],[13.528773,45.806093],[13.528801,45.806134],[13.527776,45.806663],[13.52777,45.806695],[13.527683,45.806739],[13.527619,45.806743],[13.526324,45.807422],[13.526274,45.807445],[13.526214,45.807435],[13.526162,45.807469],[13.526177,45.807499],[13.525494,45.807845],[13.525491,45.807873],[13.525443,45.807902],[13.525459,45.807931],[13.525044,45.808175],[13.524954,45.808268],[13.524889,45.808261],[13.524779,45.808347],[13.524251,45.808878],[13.524201,45.808881],[13.524052,45.809039],[13.524064,45.809066],[13.524113,45.809081],[13.524075,45.809135],[13.524058,45.809231],[13.524084,45.809379],[13.52444,45.809954],[13.524593,45.809917],[13.524636,45.809941],[13.524761,45.810115],[13.525275,45.810063],[13.525618,45.810532],[13.526176,45.811515],[13.526056,45.811512],[13.526033,45.81154],[13.526066,45.81157],[13.526111,45.811565],[13.526131,45.811587],[13.526214,45.811585],[13.52683,45.812703],[13.528613,45.812268],[13.528662,45.812288],[13.529362,45.81208],[13.529439,45.812047],[13.529456,45.811989],[13.529837,45.8119],[13.529916,45.811937],[13.530641,45.811775],[13.531453,45.811753],[13.532258,45.811517],[13.53238,45.811419],[13.532386,45.811406],[13.532348,45.81137],[13.532545,45.811206],[13.53252,45.811135],[13.532673,45.811203],[13.532365,45.811532],[13.532231,45.811631],[13.532176,45.81181],[13.532049,45.812031],[13.532053,45.812119],[13.5321,45.812255],[13.530456,45.812736],[13.530441,45.812759],[13.530466,45.812828],[13.530093,45.812935],[13.530057,45.812883],[13.530022,45.812873],[13.527296,45.813722],[13.527215,45.81372],[13.527165,45.813736],[13.527145,45.81376],[13.525262,45.814375],[13.524712,45.81459],[13.523808,45.815041],[13.523181,45.815474],[13.522724,45.815816],[13.522212,45.816394],[13.521349,45.81726],[13.521128,45.817573],[13.520763,45.817352],[13.520727,45.817354],[13.52061,45.817435],[13.520716,45.817185],[13.520749,45.817009],[13.520797,45.816944],[13.520894,45.816866],[13.521015,45.816813],[13.521152,45.816634],[13.521433,45.816554],[13.521418,45.816503],[13.521339,45.816454],[13.521661,45.816134],[13.521894,45.815861],[13.521955,45.815636],[13.522066,45.81555],[13.522075,45.815456],[13.521947,45.815343],[13.521817,45.815035],[13.521604,45.814814],[13.521585,45.814671],[13.521351,45.81451],[13.521099,45.814254],[13.52103,45.814242],[13.520961,45.814253],[13.520941,45.814232],[13.52087,45.814228],[13.520844,45.814203],[13.520618,45.814154],[13.520115,45.813996],[13.519971,45.813935],[13.519351,45.813782],[13.51919,45.813831],[13.519268,45.813738],[13.519259,45.813713],[13.519093,45.813645],[13.517953,45.813356],[13.517979,45.813279],[13.517943,45.813249],[13.517906,45.813261],[13.517874,45.813341],[13.517779,45.813321],[13.517747,45.813332],[13.517717,45.813387],[13.517732,45.81341],[13.519059,45.813752],[13.519019,45.813831],[13.51577,45.813003],[13.514926,45.813321],[13.514143,45.813678],[13.514105,45.813569]]]},"properties":{"prov":"GO","comune_amm":"F356","comune_descr":"MONFALCONE","fascia":"C","zona":"C1","zona_descr":"LARGO ANCONETTA - VIA QUATTRO NOVEMBRE - VIA GALILEI - VIA AQUILEIA - VIA BOITO - VIA VALENTINIS - VIALE OSCAR COSULICH","microzona":1,"semestre":"2025/1"}},{"type":"Feature","geometry":{"type":"MultiPolygon","coordinates":[[[[13.504732,45.809269],[13.504763,45.808663],[13.504854,45.808322],[13.504894,45.808081],[13.504943,45.807948],[13.504974,45.807924],[13.504973,45.807809],[13.505018,45.80767],[13.505023,45.807514],[13.505252,45.806654],[13.505457,45.806234],[13.505583,45.806026],[13.505707,45.805899],[13.506089,45.805741],[13.5077,45.805667],[13.508481,45.805581],[13.509164,45.805568],[13.509432,45.805582],[13.509784,45.805627],[13.510381,45.805868],[13.51188,45.80598],[13.51219,45.806021],[13.514095,45.806598],[13.514658,45.806676],[13.51628,45.806647],[13.516312,45.80669],[13.51638,45.806665],[13.516505,45.806648],[13.516538,45.806655],[13.517391,45.806502],[13.517603,45.806494],[13.517777,45.806544],[13.519891,45.807636],[13.51846,45.808825],[13.518477,45.808861],[13.516297,45.810681],[13.516737,45.810949],[13.517122,45.811074],[13.51752,45.811149],[13.520009,45.811428],[13.520122,45.811402],[13.520217,45.811327],[13.520147,45.811499],[13.517436,45.811212],[13.517066,45.811138],[13.516708,45.811018],[13.516266,45.810777],[13.514961,45.811839],[13.515225,45.812203],[13.515583,45.812606],[13.515825,45.812774],[13.515929,45.812829],[13.515722,45.812893],[13.514814,45.813244],[13.514103,45.813566],[13.514091,45.813588],[13.514124,45.813659],[13.514163,45.813669],[13.514927,45.813321],[13.515764,45.813001],[13.517573,45.813464],[13.517573,45.813486],[13.517596,45.813499],[13.519032,45.813843],[13.519005,45.813901],[13.519019,45.813925],[13.519126,45.813898],[13.519156,45.81387],[13.519714,45.814001],[13.520455,45.814227],[13.520789,45.814288],[13.521212,45.814255],[13.521387,45.814532],[13.521624,45.814674],[13.521625,45.814838],[13.521841,45.815018],[13.521853,45.815116],[13.521921,45.815181],[13.521973,45.815438],[13.522018,45.815481],[13.52206,45.815492],[13.522067,45.815585],[13.521897,45.815729],[13.521785,45.816034],[13.521714,45.816072],[13.521526,45.816306],[13.521277,45.816542],[13.52128,45.816565],[13.521348,45.816617],[13.521344,45.816683],[13.521063,45.816781],[13.520961,45.816911],[13.520852,45.816941],[13.520756,45.817002],[13.520679,45.817089],[13.520652,45.817329],[13.520516,45.817441],[13.520551,45.817454],[13.520622,45.81743],[13.520687,45.817344],[13.520836,45.817242],[13.520784,45.817413],[13.520822,45.817417],[13.520929,45.817359],[13.521325,45.817611],[13.525825,45.818742],[13.525686,45.81877],[13.525312,45.818889],[13.525188,45.818886],[13.52481,45.819036],[13.524539,45.819109],[13.52427,45.819264],[13.523983,45.819355],[13.523876,45.819428],[13.523414,45.819624],[13.523251,45.819666],[13.522953,45.81981],[13.522853,45.81983],[13.522508,45.819966],[13.521986,45.820121],[13.521731,45.82022],[13.521552,45.820269],[13.521352,45.820354],[13.521108,45.820375],[13.520391,45.820591],[13.519691,45.820898],[13.517722,45.821643],[13.517054,45.821914],[13.516842,45.822064],[13.516415,45.82229],[13.515616,45.82258],[13.515429,45.822617],[13.515015,45.822654],[13.514229,45.822674],[13.514051,45.822789],[13.513792,45.822816],[13.513196,45.822685],[13.513262,45.822607],[13.513195,45.822568],[13.513144,45.822605],[13.513144,45.822633],[13.513039,45.822733],[13.513043,45.822758],[13.513085,45.82278],[13.512991,45.822865],[13.512223,45.822691],[13.511485,45.822504],[13.511186,45.822373],[13.510958,45.822246],[13.510925,45.822247],[13.510785,45.822333],[13.51006,45.822032],[13.509846,45.821964],[13.509173,45.82179],[13.507989,45.821522],[13.507917,45.821495],[13.508095,45.821366],[13.50812,45.821319],[13.5084,45.820411],[13.508542,45.820052],[13.508459,45.819736],[13.508752,45.819792],[13.50885,45.81959],[13.508847,45.819262],[13.508773,45.818947],[13.508708,45.81892],[13.508671,45.818675],[13.508757,45.818672],[13.508768,45.818625],[13.508746,45.818605],[13.50867,45.818596],[13.508657,45.818413],[13.508586,45.818227],[13.508584,45.817999],[13.508657,45.817073],[13.508599,45.816879],[13.50843,45.816644],[13.5084,45.816573],[13.508221,45.816376],[13.508232,45.816348],[13.508089,45.816139],[13.50802,45.815932],[13.508006,45.815713],[13.508024,45.815638],[13.508071,45.81547],[13.508137,45.815365],[13.508285,45.814831],[13.508346,45.813898],[13.508252,45.81347],[13.508051,45.812929],[13.507753,45.812452],[13.507434,45.812046],[13.506624,45.811273],[13.506318,45.811006],[13.506133,45.810869],[13.505988,45.81079],[13.505866,45.810765],[13.505615,45.810753],[13.505173,45.81063],[13.505075,45.810587],[13.505139,45.810287],[13.505222,45.810182],[13.50509,45.809962],[13.504906,45.809769],[13.50479,45.809524],[13.504741,45.809367],[13.504732,45.809269]]],[[[13.511038,45.797109],[13.511049,45.797018],[13.511259,45.796687],[13.511521,45.796358],[13.511947,45.795941],[13.512076,45.795626],[13.512138,45.795302],[13.515858,45.796172],[13.515828,45.796256],[13.515844,45.796279],[13.518745,45.796967],[13.518659,45.796999],[13.518675,45.797023],[13.523704,45.798165],[13.52378,45.798191],[13.523853,45.798262],[13.523949,45.798314],[13.52407,45.798319],[13.524159,45.798288],[13.524653,45.798401],[13.524713,45.798443],[13.524926,45.798492],[13.524947,45.798516],[13.525033,45.798534],[13.525067,45.798527],[13.525266,45.798572],[13.525353,45.798562],[13.525474,45.798589],[13.525509,45.798581],[13.526229,45.798741],[13.526266,45.798731],[13.526385,45.79876],[13.526838,45.798886],[13.526845,45.79892],[13.526942,45.798952],[13.526983,45.79894],[13.528328,45.79933],[13.528344,45.799356],[13.528651,45.799467],[13.528685,45.799489],[13.5287,45.79955],[13.528212,45.79992],[13.527221,45.8005],[13.527012,45.800643],[13.526374,45.801193],[13.526011,45.801465],[13.526014,45.801491],[13.526086,45.80153],[13.526121,45.801528],[13.526534,45.801206],[13.527031,45.800742],[13.528269,45.799972],[13.528306,45.799968],[13.52878,45.799618],[13.528921,45.799538],[13.529086,45.799572],[13.529263,45.799741],[13.530052,45.800401],[13.530367,45.800699],[13.530431,45.800867],[13.530427,45.801014],[13.530465,45.801013],[13.530911,45.800663],[13.531016,45.800762],[13.531226,45.800884],[13.53128,45.801061],[13.531389,45.801189],[13.532023,45.801652],[13.530421,45.802764],[13.529931,45.803024],[13.529611,45.803131],[13.527897,45.803559],[13.527882,45.803583],[13.527948,45.803699],[13.527777,45.803738],[13.52771,45.803622],[13.527676,45.803611],[13.525684,45.804106],[13.525669,45.804115],[13.52568,45.804139],[13.525869,45.804209],[13.525782,45.804234],[13.525301,45.804051],[13.525101,45.803939],[13.524963,45.803836],[13.524881,45.803844],[13.524271,45.804521],[13.52415,45.80463],[13.523903,45.804714],[13.52386,45.804706],[13.52335,45.804933],[13.523012,45.805134],[13.520083,45.807527],[13.520087,45.807553],[13.52119,45.808124],[13.521268,45.808152],[13.52151,45.808195],[13.521531,45.808203],[13.521516,45.808218],[13.521532,45.808238],[13.521623,45.808261],[13.521475,45.808432],[13.521422,45.808408],[13.521466,45.808357],[13.521456,45.808332],[13.52119,45.808241],[13.52096,45.808137],[13.517934,45.806547],[13.517991,45.806189],[13.518001,45.805623],[13.517881,45.804847],[13.517764,45.804522],[13.517534,45.804201],[13.517305,45.804099],[13.517219,45.804022],[13.516673,45.803142],[13.516556,45.802872],[13.516523,45.802238],[13.516713,45.801608],[13.517002,45.80091],[13.517145,45.800914],[13.517945,45.800859],[13.517927,45.800813],[13.517908,45.800809],[13.516959,45.800871],[13.517323,45.800359],[13.517884,45.799507],[13.51788,45.799434],[13.517829,45.799414],[13.517644,45.799482],[13.517475,45.79951],[13.515126,45.798334],[13.512806,45.79745],[13.512519,45.79745],[13.512307,45.797426],[13.511633,45.797251],[13.511093,45.797155],[13.511038,45.797109]]]]},"properties":{"prov":"GO","comune_amm":"F356","comune_descr":"MONFALCONE","fascia":"D","zona":"D1","zona_descr":"VIA PRIMO MAGGIO - VIA SAN POLO - VIA TERENZIANA - VIA ISONZO - VIA AULO MANLIO - VIA ARIS - VIA PETRARCA","microzona":1,"semestre":"2025/1"}},{"type":"Feature","geometry":{"type":"MultiPolygon","coordinates":[[[[13.544994,45.802212],[13.54498,45.802239],[13.544858,45.802234],[13.544876,45.802204],[13.544994,45.802212]]],[[[13.512133,45.7953],[13.512194,45.794953],[13.51232,45.79444],[13.512364,45.793766],[13.513666,45.791628],[13.513994,45.791037],[13.513954,45.791004],[13.515291,45.788744],[13.51544,45.788288],[13.515534,45.787804],[13.51555,45.787806],[13.515452,45.788297],[13.515317,45.788731],[13.514714,45.789759],[13.514729,45.789783],[13.514792,45.78978],[13.515408,45.788815],[13.515564,45.788359],[13.515713,45.787602],[13.515939,45.787612],[13.515643,45.788748],[13.515284,45.789385],[13.515042,45.789775],[13.515056,45.789799],[13.518656,45.790642],[13.518622,45.790782],[13.518343,45.791479],[13.518359,45.791501],[13.518401,45.79149],[13.518662,45.79086],[13.518723,45.790662],[13.518937,45.790706],[13.518901,45.790766],[13.518739,45.790849],[13.518605,45.791274],[13.5185,45.79138],[13.518627,45.791648],[13.518666,45.791632],[13.518659,45.791542],[13.518602,45.791389],[13.518715,45.791333],[13.518802,45.791326],[13.51883,45.791308],[13.518821,45.791267],[13.518767,45.791206],[13.518773,45.791129],[13.518754,45.791066],[13.518803,45.791003],[13.518781,45.790939],[13.5188,45.79089],[13.518982,45.790804],[13.519037,45.790727],[13.519075,45.790734],[13.518962,45.79164],[13.518977,45.791658],[13.519015,45.791651],[13.519019,45.791638],[13.519131,45.790751],[13.520463,45.791057],[13.522204,45.791579],[13.522573,45.791609],[13.525688,45.789169],[13.525694,45.78915],[13.525643,45.789054],[13.525692,45.789005],[13.527121,45.787962],[13.527129,45.787939],[13.527046,45.787905],[13.529463,45.785837],[13.529454,45.785809],[13.528017,45.785357],[13.529294,45.785234],[13.529606,45.785331],[13.529782,45.78534],[13.529924,45.785319],[13.530059,45.785278],[13.530317,45.785105],[13.53638,45.779895],[13.53686,45.780233],[13.537076,45.780299],[13.53721,45.780371],[13.537409,45.780513],[13.537673,45.780536],[13.537855,45.78051],[13.537883,45.780486],[13.537942,45.780481],[13.538048,45.780542],[13.538222,45.780566],[13.538421,45.78048],[13.53854,45.780515],[13.53865,45.780606],[13.538597,45.780638],[13.538594,45.780664],[13.539495,45.781409],[13.539556,45.781494],[13.539585,45.781504],[13.539616,45.781482],[13.539545,45.781599],[13.539259,45.781597],[13.539233,45.781614],[13.539272,45.781643],[13.539305,45.781633],[13.539603,45.78185],[13.539548,45.782176],[13.539653,45.782266],[13.539688,45.782269],[13.539735,45.782245],[13.540826,45.782261],[13.541021,45.781947],[13.541095,45.781916],[13.541129,45.781864],[13.541541,45.78199],[13.54151,45.782041],[13.541313,45.781987],[13.541282,45.781993],[13.54127,45.782179],[13.541568,45.782364],[13.541604,45.782362],[13.541712,45.782284],[13.541793,45.78229],[13.541849,45.782304],[13.541923,45.782362],[13.542188,45.782376],[13.5425,45.782552],[13.543142,45.78263],[13.543621,45.782781],[13.543479,45.782882],[13.543443,45.783046],[13.543611,45.783424],[13.543843,45.783697],[13.544111,45.783897],[13.544342,45.783745],[13.544346,45.783722],[13.544299,45.783669],[13.544358,45.783641],[13.544548,45.783815],[13.544488,45.783848],[13.544411,45.783775],[13.544371,45.783773],[13.54432,45.783834],[13.544332,45.783956],[13.545197,45.784716],[13.545776,45.785169],[13.545806,45.785174],[13.550709,45.778734],[13.551611,45.778344],[13.551671,45.778364],[13.554648,45.777061],[13.554661,45.777048],[13.55464,45.777018],[13.556745,45.775446],[13.556813,45.775494],[13.555661,45.776374],[13.554707,45.777073],[13.551433,45.778512],[13.550807,45.778773],[13.545906,45.785255],[13.546136,45.785407],[13.546758,45.785641],[13.546778,45.785625],[13.546805,45.785221],[13.546844,45.785219],[13.546833,45.785613],[13.547655,45.78595],[13.54779,45.785988],[13.54803,45.786015],[13.548131,45.786046],[13.548035,45.786202],[13.548047,45.786226],[13.548082,45.786219],[13.548187,45.786098],[13.549496,45.786375],[13.549862,45.786328],[13.55007,45.78624],[13.550346,45.786161],[13.550593,45.786147],[13.551155,45.786211],[13.552813,45.786239],[13.553166,45.786307],[13.553594,45.785853],[13.553686,45.78589],[13.553722,45.785883],[13.555062,45.784314],[13.556683,45.782371],[13.556762,45.782232],[13.556847,45.78186],[13.557038,45.780404],[13.556867,45.781846],[13.556914,45.781876],[13.556836,45.782261],[13.5567,45.782495],[13.555921,45.783418],[13.555906,45.783706],[13.556125,45.783868],[13.556353,45.783986],[13.556469,45.784065],[13.556685,45.784147],[13.556816,45.784225],[13.557245,45.784357],[13.557906,45.784454],[13.558199,45.784212],[13.55826,45.78421],[13.558332,45.78423],[13.565828,45.782668],[13.563649,45.787452],[13.563225,45.787482],[13.563202,45.787501],[13.56323,45.787518],[13.563676,45.787498],[13.566282,45.78732],[13.568292,45.787087],[13.569219,45.78688],[13.569209,45.786856],[13.569146,45.78686],[13.56862,45.786956],[13.568215,45.787051],[13.566159,45.787241],[13.563829,45.787368],[13.566076,45.78248],[13.568331,45.782027],[13.578856,45.780044],[13.579204,45.780034],[13.579577,45.780121],[13.579779,45.78025],[13.579771,45.780291],[13.579828,45.780298],[13.579965,45.780467],[13.579972,45.780614],[13.579921,45.780965],[13.579706,45.782021],[13.579521,45.781987],[13.578667,45.782016],[13.578011,45.782134],[13.577806,45.782189],[13.577279,45.782407],[13.57679,45.782672],[13.576764,45.783029],[13.576268,45.783181],[13.576717,45.783732],[13.577165,45.784072],[13.578042,45.784441],[13.578997,45.784727],[13.579257,45.784758],[13.579205,45.785028],[13.579231,45.785062],[13.579297,45.785771],[13.57966,45.786412],[13.58011,45.786948],[13.580157,45.787057],[13.580149,45.787423],[13.579747,45.788325],[13.579657,45.788578],[13.579606,45.78953],[13.579133,45.790185],[13.579046,45.790278],[13.578402,45.790891],[13.57792,45.791418],[13.577332,45.791868],[13.577295,45.792122],[13.577904,45.792522],[13.578037,45.792809],[13.578263,45.793095],[13.578275,45.793182],[13.578241,45.793226],[13.578076,45.793333],[13.577994,45.79336],[13.577304,45.793424],[13.576664,45.793543],[13.576203,45.7938],[13.575711,45.79411],[13.575618,45.794286],[13.575668,45.794771],[13.575654,45.795042],[13.575593,45.79536],[13.575816,45.795597],[13.576239,45.795673],[13.577297,45.795771],[13.577751,45.795893],[13.578457,45.796438],[13.578843,45.796512],[13.580926,45.796305],[13.581261,45.796294],[13.581178,45.796378],[13.581127,45.796383],[13.58069,45.79678],[13.580678,45.796744],[13.58065,45.79673],[13.579239,45.796832],[13.57873,45.796814],[13.578347,45.796737],[13.578021,45.796619],[13.576869,45.796101],[13.576281,45.795849],[13.576204,45.795832],[13.57405,45.797671],[13.573499,45.797949],[13.573079,45.798055],[13.573065,45.79808],[13.573123,45.798156],[13.573052,45.798163],[13.573009,45.798088],[13.572978,45.798077],[13.57285,45.798105],[13.572729,45.798112],[13.571335,45.79801],[13.571129,45.798009],[13.570824,45.798049],[13.570663,45.798091],[13.570648,45.798114],[13.57066,45.798149],[13.570492,45.798192],[13.570462,45.798164],[13.570412,45.798174],[13.569152,45.798721],[13.568187,45.799218],[13.568085,45.799294],[13.56802,45.799309],[13.567831,45.799514],[13.567638,45.799608],[13.567661,45.799724],[13.567591,45.799811],[13.567619,45.800015],[13.567677,45.800165],[13.567743,45.80022],[13.567873,45.800288],[13.56795,45.800313],[13.568105,45.800331],[13.568099,45.800576],[13.562091,45.800964],[13.560671,45.801069],[13.560647,45.801087],[13.560655,45.8011],[13.562098,45.802145],[13.562714,45.802632],[13.562585,45.802708],[13.559303,45.803138],[13.557726,45.80339],[13.556969,45.803609],[13.556934,45.803602],[13.556728,45.803645],[13.556701,45.803625],[13.556613,45.803634],[13.556569,45.803623],[13.556072,45.803805],[13.555684,45.804036],[13.555435,45.804213],[13.554996,45.804453],[13.554595,45.804607],[13.553925,45.804902],[13.553684,45.804974],[13.55361,45.805061],[13.553472,45.80514],[13.552725,45.805432],[13.552645,45.805436],[13.551958,45.805632],[13.550547,45.805833],[13.550471,45.805644],[13.550439,45.805631],[13.548333,45.806015],[13.547644,45.806005],[13.547308,45.805946],[13.547431,45.805868],[13.54743,45.805838],[13.547564,45.805771],[13.547792,45.80562],[13.547628,45.805383],[13.547474,45.805021],[13.548791,45.804802],[13.549883,45.80437],[13.549851,45.804331],[13.549764,45.804354],[13.549358,45.80391],[13.549326,45.8039],[13.549062,45.803631],[13.547815,45.802324],[13.548632,45.802167],[13.548626,45.802143],[13.548464,45.802051],[13.548497,45.801951],[13.548564,45.801849],[13.548536,45.801836],[13.545654,45.802014],[13.545075,45.802069],[13.54496,45.802063],[13.542929,45.802201],[13.542594,45.800856],[13.542569,45.80084],[13.542487,45.800552],[13.542259,45.800063],[13.542088,45.799817],[13.541218,45.79936],[13.541181,45.799362],[13.540559,45.799888],[13.540501,45.799963],[13.540505,45.800021],[13.540449,45.800054],[13.540382,45.80014],[13.540008,45.800382],[13.539851,45.800509],[13.539675,45.800729],[13.539561,45.800822],[13.539517,45.800947],[13.539187,45.801327],[13.538355,45.801976],[13.537721,45.802383],[13.537678,45.802354],[13.537591,45.802373],[13.536436,45.802855],[13.535779,45.80308],[13.534936,45.803311],[13.534776,45.803288],[13.534416,45.803297],[13.533118,45.803803],[13.532747,45.803921],[13.532365,45.80342],[13.532017,45.802909],[13.531419,45.802104],[13.532069,45.80166],[13.532069,45.801634],[13.531427,45.801175],[13.531333,45.801054],[13.531268,45.800855],[13.531077,45.800743],[13.531014,45.80076],[13.530906,45.800671],[13.530418,45.80105],[13.530431,45.800868],[13.530367,45.800699],[13.53027,45.800597],[13.529263,45.799741],[13.52909,45.799574],[13.528919,45.799536],[13.528964,45.799375],[13.528945,45.799353],[13.528915,45.799366],[13.528866,45.799479],[13.52859,45.799632],[13.528698,45.799548],[13.528679,45.799486],[13.528567,45.799432],[13.528326,45.79935],[13.528309,45.799324],[13.527069,45.798965],[13.527029,45.798981],[13.526815,45.798909],[13.526806,45.798878],[13.526385,45.79876],[13.526283,45.798735],[13.526246,45.798745],[13.525526,45.798585],[13.525493,45.798593],[13.52535,45.798563],[13.525269,45.798572],[13.525084,45.798531],[13.52505,45.798538],[13.524925,45.79851],[13.524904,45.798486],[13.524709,45.798442],[13.524651,45.7984],[13.524165,45.798289],[13.524081,45.798318],[13.523959,45.798317],[13.523854,45.798263],[13.523788,45.798196],[13.523704,45.798165],[13.519447,45.797208],[13.51861,45.797008],[13.518602,45.796974],[13.51576,45.796302],[13.515793,45.796215],[13.515776,45.796193],[13.515143,45.796051],[13.515153,45.796018],[13.515137,45.796008],[13.512133,45.7953]]]]},"properties":{"prov":"GO","comune_amm":"F356","comune_descr":"MONFALCONE","fascia":"D","zona":"D2","zona_descr":"QUARTIERE DI PANZANO - VIA GRADO - VIA TIMAVO - VIA ROMANA - VIA COLOMBO - VIA TERZA ARMATA","microzona":1,"semestre":"2025/1"}},{"type":"Feature","geometry":{"type":"Polygon","coordinates":[[[13.533441,45.777727],[13.533391,45.777762],[13.533248,45.777673],[13.533223,45.777693],[13.53323,45.777758],[13.532921,45.777547],[13.532883,45.777548],[13.53282,45.778203],[13.532784,45.778275],[13.532423,45.778401],[13.531565,45.778644],[13.531275,45.778766],[13.530861,45.779214],[13.530754,45.779355],[13.530724,45.779456],[13.530618,45.779414],[13.53058,45.779427],[13.530565,45.779491],[13.530595,45.779976],[13.53057,45.780019],[13.53027,45.780205],[13.530153,45.780305],[13.530123,45.780381],[13.530127,45.780502],[13.529513,45.780315],[13.529458,45.780343],[13.524647,45.778911],[13.524625,45.778925],[13.524631,45.77895],[13.525429,45.779319],[13.524539,45.780275],[13.524545,45.780302],[13.524372,45.780448],[13.52356,45.780078],[13.523115,45.780538],[13.523123,45.780393],[13.523199,45.780242],[13.524452,45.778887],[13.519883,45.77744],[13.519994,45.777283],[13.52017,45.777096],[13.52028,45.77692],[13.520373,45.776701],[13.520491,45.776258],[13.520679,45.775856],[13.521025,45.775314],[13.521309,45.77512],[13.521813,45.774663],[13.521915,45.774555],[13.522144,45.774181],[13.522305,45.774094],[13.522418,45.774084],[13.522672,45.774122],[13.522904,45.774138],[13.523045,45.774125],[13.52327,45.774032],[13.523359,45.773924],[13.523458,45.773859],[13.5236,45.773809],[13.524095,45.773524],[13.524407,45.773315],[13.524537,45.773129],[13.524539,45.773058],[13.524579,45.772988],[13.52471,45.772955],[13.524811,45.772895],[13.524901,45.772878],[13.525171,45.772751],[13.525246,45.772678],[13.525255,45.77261],[13.525422,45.772419],[13.525554,45.772345],[13.525765,45.772287],[13.526473,45.772164],[13.526491,45.772138],[13.52662,45.77211],[13.526589,45.77206],[13.526724,45.77203],[13.52703,45.772052],[13.527359,45.772101],[13.527516,45.772142],[13.527655,45.772208],[13.52774,45.772202],[13.527781,45.771726],[13.527945,45.77175],[13.528059,45.771872],[13.528213,45.771945],[13.528535,45.772211],[13.5292,45.772811],[13.529789,45.773202],[13.530196,45.773169],[13.530481,45.772957],[13.530525,45.772971],[13.530182,45.773321],[13.530218,45.773418],[13.530588,45.773846],[13.53075,45.773941],[13.5309,45.773921],[13.531449,45.773685],[13.531522,45.773691],[13.531571,45.773734],[13.531041,45.774013],[13.531078,45.774179],[13.531128,45.774278],[13.531457,45.7747],[13.531465,45.774753],[13.531428,45.774953],[13.531462,45.775042],[13.531596,45.775109],[13.531921,45.775047],[13.532079,45.775078],[13.531634,45.775324],[13.531646,45.775344],[13.532045,45.775502],[13.531995,45.77553],[13.531531,45.775425],[13.531361,45.775605],[13.531321,45.775797],[13.531895,45.77655],[13.532516,45.777012],[13.532545,45.777153],[13.533441,45.777727]]]},"properties":{"prov":"GO","comune_amm":"F356","comune_descr":"MONFALCONE","fascia":"E","zona":"E1","zona_descr":"MARINA JULIA","microzona":1,"semestre":"2025/1"}},{"type":"Feature","geometry":{"type":"Polygon","coordinates":[[[13.521191,45.81756],[13.521409,45.817257],[13.521734,45.816945],[13.52267,45.815956],[13.523304,45.81541],[13.523867,45.815014],[13.524425,45.814725],[13.525203,45.814382],[13.525738,45.814183],[13.527349,45.813675],[13.527607,45.813635],[13.52997,45.812875],[13.530021,45.812935],[13.530055,45.812943],[13.530384,45.812837],[13.530396,45.812813],[13.530366,45.812752],[13.532376,45.812163],[13.532578,45.812074],[13.535037,45.810492],[13.536649,45.809802],[13.539156,45.808889],[13.539691,45.80862],[13.540833,45.808166],[13.540864,45.808198],[13.540885,45.808198],[13.541515,45.808019],[13.542278,45.807831],[13.543284,45.807645],[13.54344,45.807596],[13.544895,45.807315],[13.544947,45.8074],[13.544977,45.807411],[13.545977,45.807251],[13.546043,45.807194],[13.545986,45.807174],[13.545937,45.807046],[13.548858,45.806471],[13.548877,45.806449],[13.548695,45.805948],[13.55046,45.805627],[13.550536,45.805817],[13.550566,45.80583],[13.551959,45.805631],[13.55268,45.805426],[13.552696,45.805408],[13.552694,45.805343],[13.553218,45.805208],[13.553671,45.804918],[13.553822,45.804865],[13.553938,45.804923],[13.553969,45.804922],[13.55421,45.804782],[13.554703,45.804544],[13.554946,45.804453],[13.555361,45.80425],[13.555636,45.804038],[13.556054,45.803774],[13.55653,45.803608],[13.556601,45.803639],[13.556669,45.803626],[13.556725,45.803655],[13.556941,45.803592],[13.556972,45.803594],[13.557222,45.80351],[13.55763,45.803421],[13.558343,45.803301],[13.562317,45.802765],[13.562331,45.802735],[13.560257,45.801139],[13.561529,45.801055],[13.565493,45.800837],[13.567773,45.800739],[13.567797,45.800721],[13.567797,45.800466],[13.567618,45.800436],[13.567465,45.800365],[13.567364,45.800283],[13.567293,45.800112],[13.567274,45.799894],[13.567312,45.79988],[13.567352,45.799818],[13.567335,45.799687],[13.567593,45.799595],[13.567741,45.799464],[13.56783,45.799436],[13.56784,45.799344],[13.568087,45.799292],[13.568189,45.799217],[13.569152,45.798721],[13.570412,45.798174],[13.570464,45.798157],[13.570512,45.798187],[13.570641,45.798154],[13.570657,45.798131],[13.570644,45.798096],[13.57082,45.798049],[13.571131,45.798009],[13.571335,45.79801],[13.572733,45.798112],[13.572846,45.798105],[13.573,45.798073],[13.573055,45.798159],[13.573102,45.798155],[13.573107,45.798133],[13.573053,45.798062],[13.5735,45.797948],[13.574051,45.79767],[13.576202,45.795829],[13.57628,45.795848],[13.576869,45.796101],[13.578021,45.796619],[13.57835,45.796738],[13.578734,45.796815],[13.57924,45.796832],[13.580668,45.796729],[13.580706,45.796759],[13.581133,45.796377],[13.581194,45.796365],[13.581242,45.796318],[13.581241,45.796291],[13.581318,45.796218],[13.581554,45.796199],[13.581454,45.796304],[13.58146,45.796328],[13.581999,45.796286],[13.582419,45.796323],[13.582734,45.7964],[13.583009,45.796507],[13.583485,45.796661],[13.584025,45.796705],[13.584221,45.796783],[13.584349,45.797166],[13.584474,45.797322],[13.584474,45.797426],[13.584546,45.797667],[13.584161,45.797964],[13.584166,45.798097],[13.584208,45.798227],[13.584685,45.798541],[13.58474,45.798607],[13.584571,45.798786],[13.584216,45.798793],[13.584115,45.798853],[13.584077,45.799429],[13.584011,45.799549],[13.584064,45.799631],[13.584405,45.79978],[13.584429,45.799855],[13.584139,45.800061],[13.583763,45.799956],[13.583736,45.799959],[13.583655,45.800011],[13.583581,45.800244],[13.583543,45.800293],[13.583214,45.800341],[13.583088,45.800535],[13.58317,45.800595],[13.583224,45.80073],[13.58326,45.800751],[13.583373,45.800776],[13.583427,45.800825],[13.58346,45.800939],[13.583455,45.801071],[13.58349,45.801329],[13.583434,45.801371],[13.583272,45.801581],[13.583227,45.801607],[13.583138,45.801601],[13.582969,45.801506],[13.582775,45.801528],[13.582719,45.80157],[13.582663,45.801647],[13.582548,45.801695],[13.582402,45.801885],[13.581845,45.802392],[13.58154,45.802579],[13.581239,45.802707],[13.5812,45.802703],[13.580998,45.802783],[13.580265,45.803089],[13.579817,45.803462],[13.579108,45.803617],[13.578646,45.803541],[13.578482,45.803579],[13.578368,45.803557],[13.578172,45.803649],[13.5779,45.803683],[13.577836,45.803746],[13.577731,45.803779],[13.577653,45.803749],[13.577561,45.803751],[13.576441,45.803886],[13.575539,45.804039],[13.575145,45.804157],[13.574878,45.80408],[13.574397,45.804152],[13.573828,45.804289],[13.573442,45.804468],[13.572971,45.804768],[13.57273,45.804958],[13.572651,45.80499],[13.572378,45.805218],[13.572237,45.805305],[13.571744,45.805952],[13.571137,45.806699],[13.571096,45.806794],[13.571019,45.806843],[13.570689,45.806865],[13.570346,45.807],[13.569671,45.80714],[13.568857,45.80735],[13.568084,45.807606],[13.567878,45.807668],[13.567746,45.80769],[13.567195,45.807705],[13.566314,45.807661],[13.566132,45.807734],[13.56607,45.807786],[13.566052,45.807842],[13.565851,45.807878],[13.565683,45.807851],[13.565621,45.807765],[13.56555,45.807757],[13.564849,45.807875],[13.564808,45.807961],[13.564741,45.80804],[13.564505,45.807924],[13.564351,45.808039],[13.564161,45.808145],[13.563753,45.808288],[13.563519,45.80858],[13.563375,45.808712],[13.563225,45.808909],[13.562724,45.809176],[13.562422,45.809257],[13.562345,45.80935],[13.562379,45.809413],[13.562635,45.809605],[13.562389,45.809976],[13.562369,45.810263],[13.562178,45.810344],[13.562311,45.810487],[13.562194,45.810619],[13.562069,45.810671],[13.562129,45.810918],[13.562047,45.811279],[13.561643,45.811617],[13.561644,45.811641],[13.56173,45.811648],[13.561658,45.811759],[13.561346,45.812006],[13.56128,45.812083],[13.561225,45.81292],[13.561163,45.813484],[13.561133,45.813605],[13.561062,45.813609],[13.560933,45.813707],[13.560719,45.813944],[13.560427,45.814088],[13.560214,45.814511],[13.561431,45.815207],[13.56226,45.815701],[13.562031,45.818518],[13.556465,45.820704],[13.547806,45.820258],[13.541829,45.819722],[13.541374,45.81984],[13.539624,45.820064],[13.536104,45.817755],[13.536172,45.817701],[13.536219,45.817635],[13.536171,45.817481],[13.535988,45.817388],[13.535951,45.817324],[13.535868,45.817308],[13.535704,45.817115],[13.535566,45.817062],[13.535535,45.816908],[13.535241,45.816505],[13.535217,45.816496],[13.534957,45.816497],[13.534657,45.816643],[13.534534,45.816644],[13.534329,45.816727],[13.533736,45.816835],[13.532867,45.817098],[13.531646,45.817316],[13.530827,45.817171],[13.530267,45.817111],[13.530053,45.817063],[13.529817,45.817088],[13.529667,45.817124],[13.529532,45.817129],[13.528797,45.817253],[13.528777,45.81727],[13.52877,45.817368],[13.528834,45.817627],[13.528865,45.817953],[13.528691,45.817998],[13.528504,45.817993],[13.527982,45.818115],[13.527824,45.818209],[13.52754,45.818265],[13.526951,45.81844],[13.526811,45.818445],[13.52627,45.81857],[13.526219,45.818625],[13.525813,45.818659],[13.524257,45.818302],[13.521191,45.81756]]]},"properties":{"prov":"GO","comune_amm":"F356","comune_descr":"MONFALCONE","fascia":"R","zona":"R1","zona_descr":"ZONA AGRICOLA - REGIONE AGRARIA 3 - CARSO","microzona":1,"semestre":"2025/1"}},{"type":"Feature","geometry":{"type":"MultiPolygon","coordinates":[[[[13.515033,45.78979],[13.515284,45.789385],[13.515642,45.78875],[13.515939,45.787611],[13.516008,45.787606],[13.51603,45.787543],[13.516014,45.787522],[13.515555,45.787518],[13.515508,45.787717],[13.51549,45.78772],[13.515839,45.785873],[13.515946,45.784997],[13.515899,45.784595],[13.515778,45.784189],[13.515907,45.784128],[13.516233,45.784139],[13.516449,45.783994],[13.516798,45.783559],[13.516877,45.783298],[13.5172,45.78265],[13.5173,45.782682],[13.517336,45.782672],[13.517673,45.782127],[13.517751,45.782031],[13.517793,45.782023],[13.518459,45.781222],[13.519065,45.780694],[13.519158,45.780626],[13.519492,45.780445],[13.519738,45.780266],[13.519882,45.779998],[13.51988,45.779775],[13.519803,45.779697],[13.518967,45.779371],[13.518845,45.779308],[13.518759,45.779222],[13.518544,45.778904],[13.518519,45.778792],[13.518944,45.778067],[13.519127,45.777926],[13.519423,45.777771],[13.519624,45.777626],[13.519765,45.777499],[13.52,45.77717],[13.520204,45.77693],[13.52031,45.776722],[13.520497,45.776122],[13.520872,45.77546],[13.521019,45.775266],[13.521282,45.775089],[13.521713,45.774702],[13.521872,45.774523],[13.522024,45.774247],[13.522106,45.774163],[13.522328,45.774058],[13.522879,45.774117],[13.523038,45.774091],[13.523192,45.77403],[13.523273,45.773933],[13.523398,45.773853],[13.523986,45.773544],[13.524296,45.77336],[13.524537,45.772984],[13.525042,45.772788],[13.525182,45.772682],[13.52523,45.77259],[13.525391,45.772413],[13.525545,45.772322],[13.525712,45.772279],[13.526486,45.772138],[13.526508,45.772158],[13.525767,45.772287],[13.525555,45.772345],[13.525423,45.772418],[13.525257,45.772607],[13.525249,45.772676],[13.52517,45.772753],[13.524899,45.772879],[13.524808,45.772896],[13.524707,45.772957],[13.524577,45.772993],[13.524539,45.77306],[13.524538,45.773127],[13.524409,45.773314],[13.524095,45.773524],[13.523597,45.773811],[13.523453,45.773862],[13.523357,45.773926],[13.523273,45.77403],[13.523039,45.774127],[13.5229,45.774138],[13.522411,45.774084],[13.522296,45.774098],[13.522146,45.774179],[13.521913,45.774556],[13.521813,45.774664],[13.521309,45.775121],[13.521023,45.775316],[13.520679,45.775855],[13.520491,45.776257],[13.520373,45.776702],[13.520281,45.776919],[13.52017,45.777096],[13.519995,45.777282],[13.519892,45.777427],[13.519906,45.777452],[13.524462,45.778885],[13.5232,45.780241],[13.523124,45.780389],[13.523127,45.78049],[13.523166,45.780486],[13.523558,45.780072],[13.524355,45.78044],[13.524391,45.780434],[13.524465,45.780355],[13.524502,45.780346],[13.524533,45.780313],[13.524529,45.780286],[13.52542,45.77932],[13.524613,45.778942],[13.524646,45.778907],[13.529442,45.780338],[13.529495,45.780309],[13.530107,45.780493],[13.530127,45.780475],[13.530123,45.780379],[13.530152,45.780307],[13.530269,45.780205],[13.530568,45.780021],[13.530593,45.779977],[13.530564,45.779488],[13.530585,45.779404],[13.530693,45.779444],[13.530724,45.779442],[13.530753,45.779356],[13.530861,45.779215],[13.53128,45.778761],[13.531565,45.778644],[13.532422,45.778401],[13.532772,45.778282],[13.53282,45.7782],[13.532879,45.777567],[13.532867,45.777511],[13.533183,45.777726],[13.533219,45.777726],[13.533218,45.777631],[13.533255,45.777631],[13.533803,45.777219],[13.533584,45.777101],[13.533388,45.777125],[13.533583,45.777042],[13.533854,45.777169],[13.533887,45.777167],[13.534626,45.776649],[13.534687,45.776701],[13.533981,45.777217],[13.5344,45.777421],[13.535052,45.777978],[13.535509,45.778119],[13.536236,45.778589],[13.536616,45.778711],[13.536872,45.778752],[13.537116,45.77884],[13.537443,45.779125],[13.538192,45.780021],[13.538788,45.780361],[13.538813,45.780351],[13.538894,45.78023],[13.538654,45.780048],[13.538655,45.78003],[13.538701,45.780025],[13.540076,45.781027],[13.541141,45.780972],[13.541178,45.78099],[13.541172,45.781027],[13.540081,45.781089],[13.540013,45.781044],[13.539977,45.781043],[13.539718,45.78122],[13.539707,45.781334],[13.539617,45.78148],[13.539575,45.781519],[13.539492,45.781406],[13.538581,45.780653],[13.538641,45.780606],[13.538533,45.780512],[13.538422,45.780482],[13.538227,45.780567],[13.538044,45.780542],[13.537936,45.780482],[13.537883,45.780489],[13.537867,45.780509],[13.537672,45.780536],[13.537405,45.780512],[13.537208,45.78037],[13.537078,45.7803],[13.536866,45.780236],[13.536399,45.779908],[13.536362,45.779909],[13.530317,45.785105],[13.530057,45.785279],[13.529923,45.78532],[13.529705,45.785342],[13.5296,45.78533],[13.52929,45.785234],[13.528085,45.785356],[13.528096,45.785382],[13.529483,45.785819],[13.52704,45.78791],[13.527032,45.787932],[13.527114,45.787966],[13.525692,45.789006],[13.525645,45.789054],[13.525697,45.789163],[13.525312,45.789464],[13.52531,45.789487],[13.525693,45.789853],[13.52586,45.789914],[13.5259,45.789944],[13.525927,45.79008],[13.525983,45.790194],[13.52626,45.790398],[13.526292,45.790491],[13.526295,45.790577],[13.526266,45.790641],[13.526239,45.790642],[13.526269,45.790563],[13.526258,45.790483],[13.526188,45.790382],[13.525939,45.790199],[13.525865,45.789953],[13.525679,45.789875],[13.525275,45.789501],[13.522543,45.791629],[13.522178,45.791598],[13.521852,45.791507],[13.521844,45.79147],[13.520465,45.791057],[13.519161,45.790756],[13.519127,45.790771],[13.519027,45.791625],[13.519678,45.791571],[13.519667,45.791587],[13.5187,45.791694],[13.518499,45.792154],[13.516026,45.792162],[13.515952,45.792143],[13.518439,45.79214],[13.518632,45.791684],[13.518497,45.791379],[13.518606,45.791273],[13.51874,45.790845],[13.518899,45.790768],[13.518928,45.790707],[13.518752,45.790664],[13.518719,45.790677],[13.518662,45.79086],[13.518395,45.791505],[13.518341,45.791497],[13.518601,45.790843],[13.518655,45.790659],[13.518638,45.790638],[13.515033,45.78979]],[[13.518617,45.791379],[13.518606,45.791399],[13.518659,45.791543],[13.518677,45.791667],[13.518943,45.791642],[13.518964,45.791627],[13.519062,45.790734],[13.519024,45.79074],[13.518973,45.790812],[13.518885,45.790839],[13.518807,45.790885],[13.518785,45.790924],[13.518805,45.791008],[13.518755,45.791071],[13.518775,45.791133],[13.518765,45.791197],[13.518822,45.791269],[13.518831,45.791311],[13.518807,45.791326],[13.518712,45.791335],[13.518617,45.791379]]],[[[13.514778,45.789794],[13.514704,45.789775],[13.515328,45.7887],[13.515452,45.788296],[13.515589,45.787601],[13.515711,45.787604],[13.515563,45.78836],[13.515409,45.788815],[13.514778,45.789794]]]]},"properties":{"prov":"GO","comune_amm":"F356","comune_descr":"MONFALCONE","fascia":"R","zona":"R2","zona_descr":"ZONA AGRICOLA - REGIONE AGRARIA 3 - PIANURA","microzona":1,"semestre":"2025/1"}},{"type":"Feature","geometry":{"type":"Polygon","coordinates":[[[13.488967,45.928405],[13.489912,45.926925],[13.489901,45.926902],[13.489481,45.926736],[13.489851,45.926818],[13.489883,45.926805],[13.489825,45.926711],[13.490441,45.925452],[13.490623,45.924968],[13.490628,45.924931],[13.490547,45.924798],[13.490689,45.924842],[13.49137,45.924974],[13.492128,45.9252],[13.492869,45.925359],[13.494031,45.925582],[13.495588,45.925778],[13.496597,45.926006],[13.49632,45.926468],[13.496002,45.926926],[13.495439,45.927574],[13.495401,45.927584],[13.495041,45.92796],[13.49495,45.928004],[13.494939,45.928017],[13.494963,45.928037],[13.49516,45.928034],[13.496087,45.926999],[13.496703,45.926092],[13.498324,45.92654],[13.498589,45.926521],[13.499459,45.926776],[13.499382,45.926895],[13.499398,45.926922],[13.499437,45.926916],[13.499511,45.926816],[13.500817,45.926966],[13.500999,45.92678],[13.501029,45.926769],[13.50143,45.926319],[13.501943,45.925636],[13.501977,45.925649],[13.501493,45.926313],[13.501019,45.926858],[13.502351,45.927372],[13.502237,45.927564],[13.502445,45.927664],[13.50224,45.927906],[13.50308,45.928304],[13.503738,45.927581],[13.504232,45.926927],[13.505349,45.925578],[13.505375,45.925554],[13.50544,45.925564],[13.503016,45.928538],[13.502951,45.92853],[13.502374,45.928744],[13.50218,45.928772],[13.501737,45.928672],[13.501103,45.928448],[13.50099,45.92852],[13.500794,45.928747],[13.500457,45.929042],[13.500305,45.92921],[13.500315,45.929233],[13.500648,45.929366],[13.500509,45.929535],[13.500774,45.929649],[13.500469,45.930001],[13.500479,45.930025],[13.501751,45.930537],[13.502265,45.930781],[13.502114,45.930921],[13.502029,45.931077],[13.502043,45.931103],[13.502065,45.931102],[13.502201,45.931054],[13.501469,45.932212],[13.501761,45.932315],[13.501997,45.932019],[13.502588,45.932226],[13.501492,45.933783],[13.499445,45.933133],[13.499027,45.932975],[13.498768,45.932822],[13.498638,45.932651],[13.498508,45.931719],[13.498479,45.931703],[13.498448,45.931714],[13.498581,45.932637],[13.498667,45.932834],[13.498706,45.932868],[13.498604,45.932956],[13.498612,45.932989],[13.498643,45.932997],[13.498851,45.932944],[13.498958,45.933006],[13.498966,45.933041],[13.501255,45.933779],[13.501265,45.933818],[13.5015,45.933893],[13.500751,45.935135],[13.499876,45.934815],[13.499863,45.934792],[13.499799,45.934762],[13.499343,45.93465],[13.498913,45.93452],[13.498878,45.934528],[13.498835,45.934595],[13.498582,45.934603],[13.497464,45.934477],[13.497354,45.934437],[13.496637,45.935804],[13.496524,45.935783],[13.49648,45.934941],[13.496475,45.933951],[13.496417,45.932632],[13.496323,45.932633],[13.496313,45.932688],[13.496375,45.9348],[13.49585,45.934518],[13.495915,45.93447],[13.495944,45.934421],[13.495926,45.934354],[13.495523,45.933958],[13.495534,45.933892],[13.495507,45.93385],[13.495186,45.933704],[13.49514,45.933713],[13.494796,45.933574],[13.495832,45.932445],[13.495831,45.932425],[13.49576,45.932351],[13.495619,45.932297],[13.495525,45.932299],[13.494731,45.932419],[13.494017,45.932453],[13.494064,45.932415],[13.494042,45.932395],[13.493523,45.932354],[13.493269,45.93235],[13.492598,45.932394],[13.492167,45.932448],[13.49192,45.932504],[13.491746,45.932567],[13.491562,45.932656],[13.491191,45.932897],[13.490763,45.93323],[13.490706,45.933217],[13.490521,45.933309],[13.490687,45.933138],[13.490885,45.933061],[13.491513,45.932638],[13.491884,45.932455],[13.492261,45.932342],[13.49247,45.932369],[13.493268,45.932318],[13.49352,45.932324],[13.494065,45.932371],[13.494622,45.932343],[13.495517,45.932226],[13.495693,45.932223],[13.495719,45.93221],[13.495732,45.932151],[13.495704,45.932141],[13.494471,45.932296],[13.494561,45.93199],[13.495209,45.931017],[13.494702,45.930811],[13.494681,45.930809],[13.494647,45.93084],[13.49428,45.930562],[13.494337,45.930482],[13.494294,45.930407],[13.494295,45.930346],[13.494015,45.930246],[13.494033,45.930194],[13.493965,45.930158],[13.493966,45.930119],[13.493896,45.93008],[13.493867,45.930078],[13.493832,45.930116],[13.493662,45.930019],[13.493771,45.929847],[13.493675,45.929799],[13.493749,45.929705],[13.493862,45.929497],[13.493846,45.929473],[13.493769,45.929456],[13.493738,45.929464],[13.492985,45.93038],[13.492138,45.931342],[13.491488,45.931048],[13.491794,45.930686],[13.49127,45.930386],[13.491579,45.929996],[13.4904,45.929555],[13.490348,45.929547],[13.490404,45.92921],[13.490375,45.929198],[13.490235,45.929212],[13.490237,45.929112],[13.490318,45.929087],[13.490329,45.929061],[13.490086,45.928811],[13.490103,45.928776],[13.489322,45.928563],[13.489306,45.928519],[13.488967,45.928405]]]},"properties":{"prov":"GO","comune_amm":"F710","comune_descr":"MORARO","fascia":"B","zona":"B1","zona_descr":"CAPOLUOGO - CENTRO ABITATO","microzona":1,"semestre":"2025/1"}},{"type":"Feature","geometry":{"type":"Polygon","coordinates":[[[13.484987,45.926172],[13.484788,45.926013],[13.485683,45.924551],[13.485712,45.924537],[13.48696,45.922323],[13.48711,45.922029],[13.487266,45.921224],[13.490269,45.922171],[13.490343,45.922174],[13.492802,45.922716],[13.492837,45.922739],[13.493179,45.922308],[13.493904,45.921742],[13.494138,45.921489],[13.494391,45.921547],[13.494555,45.921314],[13.495458,45.921522],[13.49549,45.921511],[13.495526,45.921451],[13.495579,45.92145],[13.49582,45.920964],[13.495785,45.920854],[13.495675,45.920699],[13.495343,45.920385],[13.496713,45.918215],[13.496974,45.917727],[13.496955,45.917703],[13.496683,45.917657],[13.497243,45.91676],[13.497228,45.916736],[13.497097,45.916699],[13.497152,45.916634],[13.497379,45.916461],[13.497468,45.916308],[13.497419,45.916057],[13.501083,45.91608],[13.5087,45.918923],[13.509563,45.919197],[13.507989,45.922837],[13.507627,45.922761],[13.506081,45.922186],[13.505608,45.922035],[13.50458,45.922053],[13.504056,45.922038],[13.502967,45.922071],[13.502371,45.921896],[13.501594,45.921786],[13.501575,45.921788],[13.501566,45.921814],[13.502349,45.921939],[13.502971,45.922124],[13.504043,45.922085],[13.504569,45.922098],[13.505596,45.922078],[13.505679,45.922091],[13.507636,45.922808],[13.508015,45.922893],[13.50686,45.925714],[13.506863,45.925778],[13.506879,45.925786],[13.512061,45.926604],[13.513149,45.926821],[13.515061,45.927266],[13.515398,45.92732],[13.515068,45.927856],[13.515085,45.927884],[13.514153,45.929342],[13.513442,45.930124],[13.5133,45.93031],[13.512698,45.931182],[13.511911,45.93242],[13.511871,45.932416],[13.511822,45.932476],[13.51179,45.932472],[13.511762,45.932497],[13.511465,45.932995],[13.511313,45.933377],[13.511332,45.933436],[13.511233,45.933413],[13.511162,45.933518],[13.511208,45.933618],[13.51122,45.933776],[13.511117,45.934131],[13.510589,45.935018],[13.510503,45.935254],[13.510343,45.93532],[13.510131,45.935363],[13.509547,45.93537],[13.508762,45.935304],[13.507855,45.935248],[13.507764,45.935265],[13.507631,45.93526],[13.507369,45.935182],[13.507234,45.935172],[13.506393,45.935513],[13.505792,45.935816],[13.505598,45.936034],[13.505402,45.936401],[13.5045,45.936504],[13.503623,45.936633],[13.503373,45.936705],[13.503174,45.936788],[13.503073,45.936781],[13.502605,45.936877],[13.501766,45.937017],[13.500996,45.93712],[13.50041,45.937268],[13.500287,45.937367],[13.500229,45.937369],[13.499848,45.937532],[13.499408,45.937593],[13.498431,45.937763],[13.496601,45.937879],[13.496588,45.93785],[13.496457,45.937844],[13.496427,45.937829],[13.495735,45.937826],[13.494843,45.937879],[13.494366,45.937707],[13.49396,45.93758],[13.493842,45.937506],[13.493495,45.937349],[13.493413,45.937289],[13.493321,45.936739],[13.493278,45.93664],[13.493124,45.936513],[13.493072,45.936488],[13.492984,45.936477],[13.492589,45.936241],[13.492398,45.936107],[13.491996,45.935973],[13.491904,45.935964],[13.491785,45.935989],[13.491557,45.936089],[13.491427,45.936106],[13.491293,45.936049],[13.491058,45.935771],[13.490963,45.935502],[13.490871,45.935465],[13.49046,45.935384],[13.490184,45.935313],[13.489623,45.935252],[13.489612,45.935197],[13.489677,45.935031],[13.489566,45.934767],[13.489554,45.934624],[13.489481,45.934565],[13.489269,45.934485],[13.488794,45.934471],[13.488767,45.934412],[13.488777,45.934368],[13.488982,45.934205],[13.489025,45.934154],[13.489158,45.933889],[13.489305,45.933759],[13.489372,45.933728],[13.489441,45.933724],[13.489563,45.933744],[13.489678,45.933738],[13.489768,45.933757],[13.489975,45.933743],[13.490183,45.93376],[13.49028,45.933744],[13.490343,45.933709],[13.490376,45.933646],[13.49037,45.933595],[13.490254,45.93345],[13.49022,45.933357],[13.490264,45.933278],[13.490275,45.933196],[13.490194,45.932992],[13.490101,45.932881],[13.489987,45.932815],[13.489913,45.932732],[13.489833,45.932708],[13.48963,45.932717],[13.489499,45.932682],[13.489432,45.932607],[13.489441,45.932518],[13.489357,45.932394],[13.489139,45.932307],[13.489006,45.932294],[13.488858,45.93232],[13.488734,45.93239],[13.48864,45.932515],[13.488526,45.932548],[13.488467,45.932415],[13.48835,45.932336],[13.488263,45.932248],[13.488144,45.932253],[13.487861,45.93222],[13.487734,45.932072],[13.487627,45.931857],[13.487562,45.931463],[13.487468,45.931354],[13.48737,45.931275],[13.487379,45.93118],[13.48753,45.931081],[13.48781,45.930984],[13.487884,45.930911],[13.487633,45.93074],[13.487556,45.930654],[13.487432,45.93045],[13.48742,45.930363],[13.487357,45.930226],[13.487275,45.930123],[13.487061,45.929946],[13.487028,45.929665],[13.486957,45.929571],[13.486996,45.929559],[13.486999,45.929543],[13.486731,45.929054],[13.486507,45.928818],[13.486397,45.928734],[13.486261,45.928733],[13.486172,45.928771],[13.486047,45.928882],[13.486014,45.92894],[13.485998,45.92909],[13.486172,45.929352],[13.486185,45.929492],[13.486142,45.929542],[13.486027,45.92956],[13.485658,45.92954],[13.485656,45.929502],[13.485461,45.929147],[13.485464,45.928798],[13.485933,45.927993],[13.486082,45.927675],[13.486057,45.927663],[13.485956,45.927661],[13.485593,45.927508],[13.485374,45.927308],[13.48544,45.926908],[13.48543,45.926601],[13.485214,45.926436],[13.484987,45.926172]],[[13.488975,45.928389],[13.488988,45.928413],[13.489321,45.928525],[13.489335,45.928567],[13.490125,45.928778],[13.490096,45.928822],[13.490345,45.929078],[13.490241,45.929113],[13.490243,45.929206],[13.490419,45.929194],[13.490355,45.929544],[13.491586,45.929992],[13.491276,45.930387],[13.491581,45.930575],[13.491802,45.930685],[13.491495,45.931049],[13.492121,45.931334],[13.492157,45.931328],[13.492985,45.93038],[13.493747,45.929454],[13.493869,45.92948],[13.49375,45.929704],[13.493685,45.929786],[13.493695,45.92981],[13.493778,45.929845],[13.493669,45.930006],[13.493676,45.930028],[13.493824,45.930107],[13.493873,45.930066],[13.493979,45.930128],[13.493982,45.930166],[13.494055,45.930198],[13.494019,45.930228],[13.494032,45.930252],[13.494297,45.930344],[13.494294,45.930405],[13.49434,45.930482],[13.494287,45.930551],[13.494292,45.930571],[13.494625,45.930823],[13.494656,45.930826],[13.494682,45.930802],[13.495217,45.931016],[13.494562,45.931987],[13.494484,45.932269],[13.494513,45.932279],[13.495745,45.932129],[13.495709,45.932223],[13.495518,45.932226],[13.494621,45.932343],[13.494114,45.932368],[13.494061,45.932432],[13.494069,45.932445],[13.494731,45.932419],[13.495526,45.932299],[13.495623,45.932297],[13.495758,45.93235],[13.495841,45.932435],[13.494805,45.933572],[13.495124,45.933707],[13.49517,45.933697],[13.495511,45.933851],[13.495536,45.933894],[13.495526,45.933961],[13.495923,45.93435],[13.495947,45.934418],[13.495916,45.934468],[13.495867,45.934502],[13.49587,45.934529],[13.496335,45.934778],[13.496369,45.934775],[13.496313,45.932688],[13.496317,45.932629],[13.496423,45.93263],[13.496521,45.93578],[13.496611,45.935803],[13.496643,45.935791],[13.497349,45.934429],[13.497467,45.934476],[13.498583,45.934603],[13.498819,45.934596],[13.498893,45.934514],[13.499343,45.93465],[13.499795,45.93476],[13.499876,45.934797],[13.499892,45.93482],[13.500747,45.935128],[13.501492,45.933895],[13.501248,45.933813],[13.501238,45.933774],[13.498932,45.93303],[13.49894,45.932995],[13.498861,45.932951],[13.498621,45.932999],[13.498593,45.932963],[13.498699,45.932868],[13.498667,45.932836],[13.498581,45.932639],[13.49844,45.931703],[13.498507,45.931701],[13.498638,45.932648],[13.49877,45.932823],[13.499025,45.932974],[13.499447,45.933133],[13.501467,45.933779],[13.501501,45.93377],[13.502578,45.932238],[13.502567,45.932214],[13.501994,45.932025],[13.501763,45.932321],[13.501461,45.932212],[13.502173,45.931098],[13.502158,45.931074],[13.502043,45.93111],[13.501991,45.931102],[13.502044,45.931045],[13.502101,45.930924],[13.502249,45.930779],[13.501751,45.930537],[13.500458,45.930016],[13.500767,45.92965],[13.5005,45.929537],[13.500635,45.929381],[13.500627,45.929356],[13.500331,45.929239],[13.500298,45.929245],[13.500239,45.929307],[13.500316,45.929193],[13.500456,45.929043],[13.500781,45.928759],[13.500993,45.928518],[13.501102,45.928444],[13.501733,45.928671],[13.502182,45.928771],[13.502369,45.928745],[13.502956,45.928527],[13.503024,45.928527],[13.505427,45.925576],[13.505391,45.925555],[13.50535,45.925577],[13.504232,45.926927],[13.503746,45.927582],[13.503083,45.928309],[13.502234,45.927909],[13.502437,45.927665],[13.502231,45.927565],[13.502345,45.927389],[13.502334,45.927366],[13.501012,45.926862],[13.501056,45.926805],[13.501045,45.926779],[13.50099,45.926789],[13.500818,45.926968],[13.499527,45.926818],[13.499499,45.926827],[13.499423,45.926934],[13.499374,45.926906],[13.499451,45.926795],[13.499439,45.92677],[13.498593,45.926522],[13.498326,45.926541],[13.496681,45.926088],[13.496052,45.92704],[13.495187,45.927983],[13.495154,45.928041],[13.494892,45.928034],[13.495042,45.927959],[13.495407,45.927577],[13.495445,45.927567],[13.496002,45.926927],[13.49632,45.926468],[13.496588,45.926009],[13.496286,45.925925],[13.49559,45.925778],[13.494031,45.925582],[13.492869,45.925359],[13.492125,45.9252],[13.491367,45.924974],[13.490585,45.924815],[13.490572,45.924839],[13.49063,45.924939],[13.49044,45.925453],[13.489827,45.926707],[13.489908,45.926829],[13.489712,45.926787],[13.489681,45.926797],[13.489692,45.92682],[13.489919,45.926913],[13.488975,45.928389]]]},"properties":{"prov":"GO","comune_amm":"F710","comune_descr":"MORARO","fascia":"R","zona":"R1","zona_descr":"ZONA AGRICOLA - REGIONE AGRARIA 2 - INTERO TERRITORIO COMUNALE","microzona":1,"semestre":"2025/1"}},{"type":"Feature","geometry":{"type":"Polygon","coordinates":[[[13.552908,45.929362],[13.553154,45.929369],[13.553213,45.929358],[13.553481,45.929241],[13.553526,45.929162],[13.553846,45.928383],[13.553891,45.927879],[13.553799,45.927755],[13.553815,45.927724],[13.553905,45.92787],[13.553875,45.928361],[13.553636,45.928981],[13.553331,45.930015],[13.553139,45.930508],[13.552288,45.932437],[13.551976,45.932374],[13.552001,45.932633],[13.552732,45.932799],[13.552608,45.933039],[13.552071,45.934408],[13.551941,45.934868],[13.551927,45.934997],[13.552029,45.935058],[13.552337,45.935081],[13.55363,45.935233],[13.554385,45.935361],[13.554758,45.935436],[13.554752,45.935456],[13.555006,45.935522],[13.558389,45.93613],[13.558846,45.936194],[13.559495,45.936212],[13.559297,45.936341],[13.559284,45.936373],[13.559435,45.93639],[13.559464,45.936426],[13.559156,45.936633],[13.559195,45.93664],[13.558966,45.936845],[13.558917,45.936842],[13.558302,45.937431],[13.557972,45.937856],[13.55752,45.938534],[13.55738,45.938946],[13.557284,45.939165],[13.557363,45.939231],[13.557528,45.939322],[13.557494,45.939549],[13.557454,45.939618],[13.557365,45.939699],[13.557209,45.939794],[13.557217,45.939808],[13.557259,45.939862],[13.557283,45.939919],[13.557519,45.940316],[13.557504,45.940319],[13.557508,45.940326],[13.557472,45.940332],[13.55747,45.940327],[13.556964,45.940434],[13.556973,45.940501],[13.556946,45.940613],[13.556475,45.941211],[13.556276,45.941505],[13.555341,45.941163],[13.554838,45.941011],[13.554846,45.940998],[13.554587,45.940884],[13.554376,45.940769],[13.553809,45.940545],[13.55376,45.940481],[13.553411,45.940253],[13.55374,45.94049],[13.553401,45.940942],[13.553035,45.941335],[13.552941,45.941484],[13.552855,45.941491],[13.552737,45.941441],[13.552157,45.941076],[13.551687,45.94066],[13.551045,45.940261],[13.550883,45.940002],[13.550888,45.939938],[13.550518,45.939621],[13.550417,45.939459],[13.550339,45.939541],[13.550386,45.939614],[13.550777,45.939899],[13.550908,45.940118],[13.550898,45.940241],[13.551086,45.940383],[13.551472,45.940585],[13.551683,45.94073],[13.551864,45.940908],[13.551848,45.940979],[13.552079,45.941064],[13.552697,45.941485],[13.552853,45.941562],[13.552905,45.941606],[13.55241,45.94191],[13.552174,45.941976],[13.551805,45.941834],[13.551973,45.941641],[13.551954,45.941606],[13.551667,45.941346],[13.551483,45.941639],[13.551141,45.941529],[13.550388,45.941318],[13.549753,45.942859],[13.54992,45.94288],[13.549814,45.943429],[13.549841,45.943432],[13.549794,45.943569],[13.549308,45.943702],[13.54914,45.943575],[13.548972,45.943379],[13.548851,45.943121],[13.548671,45.942819],[13.548261,45.942228],[13.548206,45.942291],[13.548714,45.943045],[13.548802,45.943253],[13.54879,45.943302],[13.548759,45.943323],[13.548827,45.943359],[13.549067,45.94359],[13.549496,45.943921],[13.548592,45.94443],[13.547212,45.944341],[13.547147,45.944761],[13.546586,45.944713],[13.546552,45.944364],[13.546546,45.944386],[13.546585,45.944848],[13.546541,45.945051],[13.546353,45.945561],[13.545675,45.945598],[13.545126,45.945494],[13.545127,45.94357],[13.545106,45.943213],[13.545086,45.941613],[13.54568,45.939017],[13.545937,45.939073],[13.546046,45.939153],[13.546137,45.939353],[13.54609,45.939612],[13.54614,45.939905],[13.546204,45.939898],[13.546153,45.939689],[13.546187,45.939376],[13.54613,45.939253],[13.546028,45.939104],[13.545956,45.939068],[13.545834,45.939037],[13.545489,45.938967],[13.545106,45.938794],[13.545076,45.938753],[13.544759,45.938552],[13.544456,45.938319],[13.544363,45.938263],[13.544121,45.938157],[13.544975,45.936928],[13.544932,45.936907],[13.544732,45.937217],[13.544108,45.938171],[13.54437,45.938319],[13.544697,45.938541],[13.544713,45.938616],[13.544864,45.938684],[13.544768,45.93883],[13.544058,45.938824],[13.544151,45.93861],[13.544091,45.938594],[13.544069,45.938637],[13.543324,45.9385],[13.543324,45.938417],[13.542734,45.938302],[13.542763,45.938098],[13.542531,45.93807],[13.54222,45.93856],[13.542162,45.938745],[13.542168,45.938786],[13.542499,45.939124],[13.541876,45.939226],[13.541231,45.939109],[13.541013,45.939134],[13.540875,45.938703],[13.540825,45.93871],[13.540752,45.938941],[13.540523,45.939285],[13.540263,45.938718],[13.540191,45.938739],[13.540086,45.938743],[13.540021,45.938681],[13.540075,45.938658],[13.540219,45.938545],[13.540213,45.938532],[13.540408,45.938436],[13.540407,45.938379],[13.540033,45.938105],[13.54015,45.938092],[13.540248,45.938045],[13.540245,45.937978],[13.540332,45.937967],[13.540315,45.937815],[13.540245,45.937715],[13.539696,45.937437],[13.539605,45.937307],[13.539423,45.93694],[13.539502,45.936722],[13.539807,45.936212],[13.53986,45.936153],[13.539969,45.936068],[13.540415,45.935899],[13.540612,45.93586],[13.540785,45.935881],[13.540951,45.935934],[13.541514,45.936133],[13.541598,45.936195],[13.541686,45.936311],[13.541653,45.936059],[13.541513,45.936044],[13.541292,45.935967],[13.541085,45.935884],[13.540778,45.935712],[13.540673,45.935772],[13.540512,45.93579],[13.540011,45.935954],[13.539999,45.935941],[13.540194,45.935686],[13.541983,45.935433],[13.54205,45.935436],[13.542104,45.935308],[13.541548,45.935382],[13.541988,45.933997],[13.542234,45.93401],[13.542266,45.933921],[13.542814,45.934003],[13.542815,45.933991],[13.541654,45.933804],[13.541659,45.933788],[13.541524,45.933765],[13.541518,45.933782],[13.541016,45.933698],[13.54103,45.933657],[13.541131,45.933628],[13.54132,45.933528],[13.541466,45.933492],[13.541648,45.933489],[13.541768,45.933471],[13.541846,45.933439],[13.54193,45.933377],[13.542376,45.932965],[13.542396,45.932899],[13.542433,45.9329],[13.542457,45.93253],[13.542164,45.932472],[13.542192,45.932322],[13.542469,45.932339],[13.542531,45.930616],[13.542504,45.928889],[13.542461,45.928384],[13.542502,45.927476],[13.542505,45.925955],[13.542636,45.92598],[13.542609,45.926234],[13.542638,45.927571],[13.542598,45.928078],[13.542602,45.928444],[13.542803,45.928376],[13.543406,45.928279],[13.543465,45.92807],[13.543633,45.928007],[13.543687,45.927573],[13.544443,45.927469],[13.544316,45.928839],[13.5442,45.92984],[13.544833,45.929778],[13.545191,45.929771],[13.545441,45.929813],[13.545537,45.929877],[13.545306,45.93049],[13.545074,45.93198],[13.544514,45.931973],[13.543942,45.931919],[13.543694,45.933374],[13.544009,45.931927],[13.544623,45.931986],[13.544619,45.931999],[13.545127,45.931997],[13.545369,45.930486],[13.545575,45.929851],[13.54607,45.930009],[13.54627,45.928885],[13.546289,45.928544],[13.546271,45.928507],[13.546139,45.928411],[13.546092,45.928334],[13.546079,45.928256],[13.546122,45.928083],[13.546289,45.928004],[13.54638,45.927977],[13.546489,45.927966],[13.546602,45.927975],[13.546708,45.928005],[13.546786,45.928046],[13.546852,45.9281],[13.546911,45.928182],[13.546997,45.928228],[13.547691,45.928364],[13.548524,45.928512],[13.548569,45.928509],[13.548693,45.927937],[13.548809,45.927699],[13.548881,45.927494],[13.548908,45.927354],[13.548954,45.927074],[13.548866,45.926917],[13.548882,45.926829],[13.548966,45.927],[13.54925,45.926565],[13.549773,45.925464],[13.550038,45.924827],[13.550168,45.924803],[13.549602,45.926098],[13.549346,45.926558],[13.549036,45.92699],[13.548965,45.927493],[13.54886,45.927707],[13.548668,45.928564],[13.5494,45.928702],[13.549681,45.927924],[13.550321,45.928043],[13.550346,45.928077],[13.550386,45.928321],[13.550169,45.928847],[13.552908,45.929362]]]},"properties":{"prov":"GO","comune_amm":"F767","comune_descr":"MOSSA","fascia":"B","zona":"B1","zona_descr":"CAPOLUOGO - CENTRO ABITATO","microzona":1,"semestre":"2025/1"}},{"type":"Feature","geometry":{"type":"MultiPolygon","coordinates":[[[[13.530089,45.954244],[13.530091,45.954187],[13.530143,45.954136],[13.530209,45.954099],[13.530402,45.954044],[13.530488,45.954023],[13.530601,45.95412],[13.530664,45.954119],[13.530751,45.95409],[13.530813,45.95405],[13.530887,45.953899],[13.530869,45.953711],[13.530911,45.953644],[13.531065,45.953505],[13.531187,45.953553],[13.531109,45.95369],[13.531158,45.953742],[13.531253,45.953777],[13.531335,45.953777],[13.531386,45.953745],[13.531453,45.953621],[13.531455,45.953573],[13.531837,45.953503],[13.531663,45.953426],[13.531757,45.953306],[13.532001,45.953213],[13.532181,45.95324],[13.532277,45.953149],[13.532409,45.953098],[13.532392,45.952916],[13.532437,45.952899],[13.532482,45.952901],[13.532631,45.952962],[13.53296,45.953133],[13.533064,45.95327],[13.533389,45.953345],[13.53349,45.953317],[13.533592,45.953254],[13.533252,45.952996],[13.533071,45.952926],[13.53305,45.952903],[13.533303,45.952806],[13.533464,45.952828],[13.533527,45.952824],[13.533616,45.952755],[13.533691,45.95272],[13.533752,45.952717],[13.533775,45.952732],[13.533763,45.952794],[13.533699,45.952909],[13.533732,45.952945],[13.533763,45.952957],[13.534069,45.952962],[13.534165,45.952982],[13.534864,45.953213],[13.535111,45.953314],[13.535126,45.953336],[13.535013,45.953428],[13.535004,45.953466],[13.535024,45.953495],[13.535122,45.953539],[13.53544,45.953197],[13.537083,45.951755],[13.537818,45.950832],[13.538179,45.951286],[13.538301,45.95132],[13.537892,45.950816],[13.537906,45.950684],[13.538004,45.950302],[13.538262,45.949749],[13.538439,45.94928],[13.538261,45.947246],[13.538761,45.945232],[13.538688,45.944072],[13.539952,45.944128],[13.539927,45.944046],[13.538582,45.943979],[13.538193,45.94228],[13.537827,45.9423],[13.537065,45.9424],[13.536522,45.942393],[13.536199,45.94228],[13.535884,45.942011],[13.535456,45.941598],[13.535074,45.941177],[13.535057,45.941077],[13.534414,45.94047],[13.534337,45.94026],[13.534121,45.940002],[13.534078,45.939882],[13.534084,45.939728],[13.533824,45.939651],[13.533726,45.93965],[13.533604,45.93962],[13.533457,45.939481],[13.533374,45.939269],[13.533292,45.93914],[13.533251,45.939001],[13.533075,45.938798],[13.532939,45.938671],[13.532862,45.938492],[13.532788,45.938474],[13.532671,45.938415],[13.532614,45.938327],[13.532535,45.938305],[13.53238,45.938206],[13.532351,45.93813],[13.532312,45.938085],[13.532232,45.938053],[13.532118,45.938069],[13.531886,45.938135],[13.531637,45.93818],[13.531562,45.938179],[13.531614,45.938035],[13.531597,45.937977],[13.531541,45.937956],[13.531858,45.937295],[13.532374,45.936126],[13.532336,45.936109],[13.532812,45.935411],[13.532955,45.935087],[13.533011,45.934903],[13.533114,45.934904],[13.533141,45.934888],[13.533265,45.934888],[13.534042,45.934908],[13.534089,45.934687],[13.534181,45.934448],[13.534592,45.933591],[13.534952,45.932922],[13.535499,45.932985],[13.53554,45.932534],[13.535869,45.931069],[13.535402,45.930984],[13.535475,45.930621],[13.535422,45.930161],[13.535568,45.929698],[13.535769,45.929252],[13.536374,45.929344],[13.536694,45.927962],[13.53654,45.927916],[13.536754,45.927429],[13.537093,45.926393],[13.537177,45.92622],[13.537217,45.926169],[13.537412,45.926301],[13.537562,45.926358],[13.53758,45.926117],[13.537783,45.925133],[13.538393,45.925251],[13.538524,45.925009],[13.539019,45.925082],[13.539073,45.924809],[13.539816,45.924949],[13.540586,45.925136],[13.540581,45.925066],[13.539748,45.924858],[13.539343,45.924779],[13.539686,45.924149],[13.539241,45.924036],[13.540236,45.921667],[13.538877,45.9196],[13.538852,45.919573],[13.539142,45.919588],[13.544795,45.920003],[13.544781,45.920029],[13.553253,45.920531],[13.554248,45.922125],[13.555596,45.924338],[13.554856,45.925756],[13.554538,45.925446],[13.553413,45.924771],[13.553105,45.924712],[13.552295,45.924636],[13.551333,45.924811],[13.550335,45.924723],[13.550067,45.924785],[13.550008,45.924931],[13.54934,45.924794],[13.548869,45.924743],[13.548775,45.924668],[13.548654,45.924503],[13.548486,45.924372],[13.548138,45.924308],[13.547619,45.924248],[13.547532,45.924429],[13.547168,45.92436],[13.547048,45.924686],[13.546286,45.924557],[13.545895,45.925789],[13.545822,45.925783],[13.545826,45.925763],[13.544755,45.92521],[13.544516,45.925125],[13.544936,45.924002],[13.544627,45.924749],[13.544255,45.925743],[13.544101,45.925752],[13.54392,45.925736],[13.543394,45.925646],[13.543377,45.925701],[13.543933,45.925794],[13.544123,45.925809],[13.544264,45.9258],[13.544171,45.92635],[13.544122,45.92751],[13.544122,45.927519],[13.543687,45.927573],[13.543633,45.928007],[13.543465,45.92807],[13.543406,45.928279],[13.542803,45.928376],[13.542602,45.928444],[13.542598,45.928078],[13.542638,45.927571],[13.542609,45.926234],[13.542716,45.925222],[13.543473,45.925294],[13.543492,45.925234],[13.5427,45.925156],[13.542612,45.925922],[13.541539,45.925687],[13.541307,45.9256],[13.541263,45.925602],[13.540679,45.925335],[13.540617,45.925238],[13.54062,45.925269],[13.54071,45.925409],[13.54114,45.925609],[13.541292,45.925672],[13.541336,45.925669],[13.541566,45.925755],[13.542505,45.925955],[13.542502,45.927476],[13.542461,45.928384],[13.542504,45.928889],[13.542531,45.930496],[13.542485,45.932038],[13.542469,45.932339],[13.542192,45.932322],[13.542164,45.932472],[13.542457,45.93253],[13.542433,45.9329],[13.542396,45.932899],[13.542376,45.932965],[13.541846,45.933439],[13.541723,45.933481],[13.541512,45.933488],[13.541369,45.933512],[13.541131,45.933628],[13.54103,45.933657],[13.541016,45.933698],[13.541518,45.933782],[13.541524,45.933765],[13.541659,45.933788],[13.541654,45.933804],[13.542271,45.933905],[13.542241,45.933994],[13.542012,45.933978],[13.541858,45.93447],[13.541539,45.935318],[13.542115,45.935234],[13.541953,45.935437],[13.540194,45.935686],[13.539999,45.935941],[13.540011,45.935954],[13.540512,45.93579],[13.540673,45.935772],[13.540778,45.935712],[13.541085,45.935884],[13.541292,45.935967],[13.541513,45.936044],[13.541653,45.936059],[13.541686,45.936311],[13.541598,45.936195],[13.541514,45.936133],[13.540951,45.935934],[13.540785,45.935881],[13.540612,45.93586],[13.540415,45.935899],[13.539969,45.936068],[13.53986,45.936153],[13.539807,45.936212],[13.539502,45.936722],[13.539423,45.93694],[13.539605,45.937307],[13.539696,45.937437],[13.540245,45.937715],[13.540315,45.937815],[13.540332,45.937967],[13.540245,45.937978],[13.540248,45.938045],[13.54015,45.938092],[13.540033,45.938105],[13.540407,45.938379],[13.540408,45.938436],[13.540213,45.938532],[13.540219,45.938545],[13.540075,45.938658],[13.540021,45.938681],[13.540086,45.938743],[13.540191,45.938739],[13.540263,45.938718],[13.540523,45.939285],[13.540752,45.938941],[13.540825,45.93871],[13.540875,45.938703],[13.541013,45.939134],[13.541231,45.939109],[13.541876,45.939226],[13.542499,45.939124],[13.542168,45.938786],[13.542162,45.938745],[13.54222,45.93856],[13.542531,45.93807],[13.542763,45.938098],[13.542734,45.938302],[13.543324,45.938417],[13.543324,45.9385],[13.544069,45.938637],[13.544091,45.938594],[13.544151,45.93861],[13.544058,45.938824],[13.544768,45.93883],[13.544864,45.938684],[13.544947,45.938718],[13.545066,45.938812],[13.54529,45.938949],[13.545477,45.938994],[13.545483,45.938969],[13.54568,45.939017],[13.545086,45.941613],[13.545106,45.943213],[13.545127,45.94357],[13.54512,45.94554],[13.544911,45.945494],[13.544929,45.943573],[13.544902,45.941741],[13.544908,45.941678],[13.544899,45.941749],[13.544904,45.945512],[13.543546,45.945173],[13.541814,45.944408],[13.541805,45.944362],[13.540847,45.944471],[13.54055,45.944379],[13.540454,45.944369],[13.540309,45.944361],[13.540084,45.94439],[13.54011,45.944472],[13.540378,45.944435],[13.54052,45.944443],[13.540614,45.944452],[13.540904,45.944539],[13.541839,45.944429],[13.541848,45.944473],[13.543548,45.945211],[13.544878,45.945535],[13.545083,45.945578],[13.545104,45.94656],[13.545143,45.946802],[13.545374,45.947401],[13.545521,45.947706],[13.545582,45.947996],[13.545791,45.952417],[13.545761,45.952511],[13.54579,45.952461],[13.545821,45.952363],[13.54564,45.947939],[13.545581,45.947649],[13.545476,45.947425],[13.545214,45.946725],[13.545177,45.946482],[13.545166,45.945492],[13.54517,45.945447],[13.54571,45.945544],[13.546375,45.945503],[13.546555,45.945002],[13.546595,45.944801],[13.546586,45.944713],[13.547147,45.944761],[13.547212,45.944341],[13.548592,45.94443],[13.549496,45.943921],[13.549067,45.94359],[13.548827,45.943359],[13.548759,45.943323],[13.54879,45.943302],[13.548802,45.943253],[13.548714,45.943045],[13.548179,45.942251],[13.548212,45.942211],[13.548625,45.942794],[13.548806,45.943092],[13.548928,45.943347],[13.549105,45.94354],[13.549271,45.943665],[13.549749,45.943531],[13.549729,45.943813],[13.549775,45.943816],[13.549794,45.943569],[13.549841,45.943432],[13.549814,45.943429],[13.54992,45.94288],[13.549753,45.942859],[13.550388,45.941318],[13.551141,45.941529],[13.551483,45.941639],[13.551667,45.941346],[13.551954,45.941606],[13.551973,45.941641],[13.551805,45.941834],[13.552174,45.941976],[13.55241,45.94191],[13.552905,45.941606],[13.552853,45.941562],[13.552697,45.941485],[13.552079,45.941064],[13.551848,45.940979],[13.551864,45.940908],[13.551683,45.94073],[13.551472,45.940585],[13.551086,45.940383],[13.550898,45.940241],[13.550908,45.940118],[13.550777,45.939899],[13.550386,45.939614],[13.550339,45.939541],[13.550417,45.939459],[13.550518,45.939621],[13.550888,45.939938],[13.550883,45.940002],[13.551045,45.940261],[13.551687,45.94066],[13.552157,45.941076],[13.552737,45.941441],[13.552855,45.941491],[13.552941,45.941484],[13.553035,45.941335],[13.553401,45.940942],[13.55374,45.94049],[13.553806,45.940562],[13.554182,45.940708],[13.554576,45.940911],[13.554828,45.94101],[13.55482,45.941024],[13.556237,45.941542],[13.556951,45.940662],[13.556951,45.940443],[13.556989,45.940434],[13.556998,45.940488],[13.557514,45.940368],[13.557476,45.940335],[13.557508,45.940326],[13.557892,45.940735],[13.558194,45.940943],[13.558521,45.941225],[13.559175,45.942104],[13.559193,45.942097],[13.559495,45.942567],[13.559542,45.942714],[13.559708,45.942861],[13.560138,45.943059],[13.557933,45.944223],[13.557849,45.944174],[13.557603,45.944297],[13.557209,45.944555],[13.556999,45.945031],[13.557066,45.945127],[13.556951,45.945238],[13.557108,45.945333],[13.557072,45.945486],[13.556833,45.945492],[13.556823,45.945545],[13.556925,45.945567],[13.5569,45.945736],[13.556728,45.945809],[13.556895,45.945932],[13.556773,45.94599],[13.556587,45.946036],[13.556569,45.94611],[13.556682,45.946261],[13.556597,45.946296],[13.556463,45.946321],[13.556453,45.946357],[13.556312,45.946439],[13.556444,45.946652],[13.556409,45.946748],[13.556144,45.946747],[13.556084,45.946792],[13.555968,45.946815],[13.555924,45.946912],[13.555763,45.946845],[13.555672,45.947127],[13.555662,45.947378],[13.555474,45.947769],[13.554985,45.948386],[13.55491,45.948572],[13.554794,45.948689],[13.554599,45.949077],[13.554481,45.949193],[13.554441,45.949269],[13.554553,45.949295],[13.5548,45.94931],[13.554876,45.949344],[13.554981,45.949517],[13.555061,45.949491],[13.555272,45.949743],[13.555111,45.950047],[13.555498,45.950365],[13.556156,45.950617],[13.556025,45.950763],[13.555954,45.95096],[13.556101,45.953101],[13.556194,45.953473],[13.556182,45.953587],[13.55552,45.954939],[13.555495,45.955054],[13.555594,45.955153],[13.554574,45.956307],[13.554641,45.956351],[13.554936,45.956524],[13.555163,45.956683],[13.555559,45.957223],[13.556153,45.957672],[13.556166,45.957726],[13.556055,45.957771],[13.556098,45.95793],[13.556319,45.958032],[13.556354,45.958155],[13.556276,45.958442],[13.556403,45.958489],[13.556649,45.958324],[13.556813,45.958271],[13.556959,45.958328],[13.557106,45.95855],[13.557198,45.958575],[13.557511,45.958566],[13.557711,45.95866],[13.557603,45.958834],[13.557729,45.958908],[13.557884,45.95904],[13.558029,45.959023],[13.558125,45.959128],[13.55827,45.959176],[13.558399,45.959357],[13.55836,45.95949],[13.558339,45.959506],[13.558237,45.95935],[13.55766,45.959557],[13.557313,45.959663],[13.557232,45.959777],[13.557197,45.959793],[13.557043,45.960037],[13.556697,45.960027],[13.555924,45.960386],[13.555854,45.96039],[13.555704,45.960349],[13.555674,45.960322],[13.555603,45.960073],[13.555291,45.959861],[13.554945,45.959474],[13.554717,45.959126],[13.554199,45.958925],[13.554119,45.958877],[13.554033,45.958741],[13.553507,45.958587],[13.553219,45.958473],[13.552606,45.958349],[13.552415,45.958285],[13.551846,45.958049],[13.55165,45.957952],[13.55116,45.957815],[13.550603,45.957995],[13.550488,45.957988],[13.550149,45.957899],[13.549874,45.957759],[13.549766,45.957725],[13.549571,45.95774],[13.548793,45.957528],[13.548435,45.957589],[13.548055,45.957591],[13.547569,45.957723],[13.547097,45.957807],[13.546833,45.957874],[13.546684,45.957651],[13.546534,45.957507],[13.546391,45.957388],[13.546296,45.957325],[13.546242,45.95731],[13.546058,45.957364],[13.546019,45.95744],[13.545964,45.957488],[13.545123,45.957795],[13.544795,45.957935],[13.544755,45.957921],[13.54444,45.957659],[13.544359,45.957423],[13.544052,45.957098],[13.543749,45.956727],[13.543622,45.956703],[13.543633,45.956628],[13.542906,45.95581],[13.542997,45.95556],[13.542929,45.955536],[13.543357,45.955473],[13.540946,45.955797],[13.54093,45.955728],[13.540995,45.955719],[13.540987,45.955675],[13.540633,45.955699],[13.540052,45.955657],[13.539705,45.955428],[13.539596,45.955393],[13.539239,45.955349],[13.538567,45.955296],[13.537617,45.955302],[13.537072,45.955349],[13.53666,45.955338],[13.536466,45.955368],[13.536169,45.955451],[13.535566,45.95575],[13.534994,45.955922],[13.534744,45.956053],[13.534365,45.956201],[13.533689,45.956165],[13.533205,45.956111],[13.533007,45.956114],[13.532969,45.956086],[13.532922,45.955961],[13.532886,45.955946],[13.532363,45.955979],[13.532208,45.955975],[13.532064,45.955969],[13.53196,45.95592],[13.531824,45.95572],[13.531576,45.955493],[13.531453,45.955418],[13.531228,45.955328],[13.53101,45.955276],[13.530948,45.955225],[13.530924,45.9551],[13.530881,45.955047],[13.53065,45.954927],[13.530605,45.954738],[13.530562,45.954661],[13.530372,45.954499],[13.530336,45.954404],[13.530226,45.954334],[13.530131,45.95429],[13.530106,45.954295],[13.530089,45.954244]]],[[[13.544147,45.927564],[13.544188,45.926387],[13.544282,45.925834],[13.544525,45.925161],[13.54476,45.925246],[13.545818,45.925794],[13.545814,45.925814],[13.545886,45.92582],[13.546284,45.924598],[13.547042,45.924726],[13.547162,45.924403],[13.547524,45.924471],[13.547613,45.924288],[13.548127,45.92435],[13.548473,45.924415],[13.54864,45.924545],[13.548761,45.924711],[13.548851,45.924785],[13.549317,45.924836],[13.549979,45.924972],[13.549773,45.925464],[13.54925,45.926565],[13.548966,45.927],[13.548882,45.926829],[13.548866,45.926917],[13.548954,45.927074],[13.548908,45.927354],[13.548881,45.927494],[13.548809,45.927699],[13.548693,45.927937],[13.548569,45.928509],[13.548524,45.928512],[13.547691,45.928364],[13.546997,45.928228],[13.546911,45.928182],[13.546852,45.9281],[13.546786,45.928046],[13.546708,45.928005],[13.546602,45.927975],[13.546489,45.927966],[13.54638,45.927977],[13.546289,45.928004],[13.546122,45.928083],[13.546079,45.928256],[13.546092,45.928334],[13.546139,45.928411],[13.546271,45.928507],[13.546289,45.928544],[13.54627,45.928885],[13.54607,45.930009],[13.545426,45.929805],[13.545233,45.929781],[13.5449,45.929793],[13.544236,45.929868],[13.544466,45.927513],[13.544147,45.927564]]],[[[13.553815,45.927724],[13.553799,45.927755],[13.553891,45.927879],[13.553846,45.928383],[13.553715,45.928732],[13.553481,45.929241],[13.553175,45.929368],[13.552908,45.929362],[13.550169,45.928847],[13.550386,45.928321],[13.550346,45.928077],[13.550321,45.928043],[13.549681,45.927924],[13.5494,45.928702],[13.548668,45.928564],[13.54886,45.927707],[13.548965,45.927493],[13.549036,45.92699],[13.549346,45.926558],[13.549602,45.926098],[13.550168,45.924803],[13.550303,45.924767],[13.551291,45.924855],[13.552244,45.924682],[13.553046,45.924757],[13.55335,45.924816],[13.554463,45.925484],[13.554778,45.925792],[13.553815,45.927724]]]]},"properties":{"prov":"GO","comune_amm":"F767","comune_descr":"MOSSA","fascia":"R","zona":"R1","zona_descr":"ZONA AGRICOLA - REGIONE AGRARIA 2 - INTERO TERRITORIO COMUNALE","microzona":1,"semestre":"2025/1"}},{"type":"Feature","geometry":{"type":"MultiPolygon","coordinates":[[[[13.433416,45.888048],[13.432495,45.887734],[13.432607,45.887517],[13.432723,45.887135],[13.43282,45.887147],[13.432961,45.887437],[13.433416,45.888048]]],[[[13.457378,45.885657],[13.457165,45.886192],[13.456499,45.886096],[13.456358,45.886138],[13.457378,45.885657]]],[[[13.429272,45.893807],[13.429343,45.893628],[13.429429,45.893521],[13.429641,45.893449],[13.429715,45.893399],[13.429891,45.892975],[13.430056,45.892242],[13.430045,45.891837],[13.430059,45.891694],[13.430158,45.891491],[13.43055,45.890934],[13.430625,45.890781],[13.430801,45.890787],[13.430987,45.89063],[13.431209,45.890358],[13.431291,45.890225],[13.431797,45.889198],[13.432018,45.889129],[13.4327,45.888628],[13.432821,45.888512],[13.433034,45.888376],[13.433084,45.888369],[13.433596,45.88857],[13.434111,45.8888],[13.434642,45.888972],[13.434678,45.888971],[13.434678,45.888945],[13.434592,45.888884],[13.43476,45.888695],[13.435098,45.888258],[13.435952,45.886928],[13.435938,45.886904],[13.435787,45.886867],[13.435656,45.887047],[13.434468,45.886756],[13.434299,45.887038],[13.434108,45.88699],[13.434076,45.887],[13.433676,45.887638],[13.43346,45.887899],[13.432965,45.887223],[13.432967,45.88713],[13.433115,45.886325],[13.433091,45.886242],[13.433168,45.885971],[13.432876,45.885788],[13.433055,45.885751],[13.43335,45.88528],[13.433897,45.884625],[13.433889,45.884596],[13.433924,45.884521],[13.434037,45.88449],[13.434481,45.88397],[13.434774,45.883518],[13.435194,45.882727],[13.435348,45.882348],[13.435468,45.881962],[13.435444,45.881763],[13.435313,45.881634],[13.435277,45.881533],[13.435282,45.881481],[13.435335,45.881383],[13.435379,45.881344],[13.435541,45.881268],[13.43561,45.881207],[13.435875,45.880476],[13.435906,45.880459],[13.436418,45.878781],[13.436473,45.87844],[13.436473,45.878009],[13.436574,45.878025],[13.43659,45.878005],[13.436454,45.877449],[13.43631,45.877167],[13.436169,45.876601],[13.436144,45.876433],[13.436196,45.876388],[13.435925,45.876089],[13.436028,45.875577],[13.435783,45.875504],[13.435609,45.874837],[13.435391,45.873828],[13.43509,45.872577],[13.435223,45.87211],[13.436347,45.872106],[13.437117,45.872185],[13.437554,45.872257],[13.438337,45.872314],[13.438817,45.872374],[13.43956,45.872472],[13.440046,45.872562],[13.440306,45.872629],[13.440388,45.872671],[13.440462,45.872733],[13.440606,45.87304],[13.440667,45.873351],[13.440677,45.873614],[13.44049,45.874112],[13.440483,45.874249],[13.440867,45.874707],[13.441025,45.874845],[13.441529,45.875199],[13.441676,45.875275],[13.442071,45.875366],[13.442592,45.875392],[13.443328,45.875353],[13.443572,45.875364],[13.44371,45.875621],[13.443793,45.875634],[13.443861,45.87575],[13.443735,45.876536],[13.443745,45.876605],[13.443548,45.877406],[13.44355,45.877434],[13.443583,45.877442],[13.443519,45.87774],[13.443334,45.878144],[13.443195,45.878181],[13.443159,45.878232],[13.43861,45.877821],[13.438581,45.877838],[13.438571,45.878095],[13.438499,45.878296],[13.43852,45.87841],[13.438547,45.878425],[13.438571,45.878407],[13.438647,45.878185],[13.438654,45.877922],[13.443194,45.878331],[13.443221,45.878319],[13.443246,45.878274],[13.443396,45.878248],[13.443264,45.878501],[13.442932,45.878894],[13.442671,45.879097],[13.442632,45.879102],[13.442631,45.879129],[13.44243,45.87929],[13.442134,45.879602],[13.441999,45.879788],[13.441872,45.880021],[13.441554,45.880725],[13.441387,45.881142],[13.441282,45.881469],[13.441257,45.88165],[13.441275,45.882192],[13.441378,45.882333],[13.441511,45.882446],[13.441546,45.882559],[13.441513,45.882653],[13.441452,45.882718],[13.441475,45.882765],[13.441494,45.883156],[13.441307,45.883936],[13.441329,45.884388],[13.441305,45.884413],[13.441335,45.884565],[13.441333,45.884936],[13.4412,45.885492],[13.440977,45.88607],[13.440949,45.886091],[13.440961,45.88611],[13.440944,45.886167],[13.442169,45.886433],[13.441991,45.886884],[13.442009,45.886906],[13.442119,45.88693],[13.442151,45.886919],[13.442363,45.886455],[13.443733,45.886743],[13.443765,45.886732],[13.443787,45.886699],[13.444558,45.886859],[13.44429,45.887409],[13.444304,45.88743],[13.444337,45.887424],[13.444575,45.887174],[13.444909,45.886866],[13.446116,45.887128],[13.446304,45.886726],[13.44694,45.886846],[13.446819,45.887153],[13.446835,45.887175],[13.450196,45.887959],[13.449502,45.889367],[13.448957,45.889626],[13.4487,45.889715],[13.448688,45.889738],[13.448718,45.889749],[13.448809,45.889736],[13.449069,45.889642],[13.449613,45.889377],[13.450991,45.88652],[13.451347,45.886598],[13.451471,45.886594],[13.451497,45.886565],[13.451664,45.886639],[13.452153,45.886748],[13.452553,45.886813],[13.452897,45.886842],[13.453208,45.886829],[13.45374,45.886728],[13.453778,45.886734],[13.454174,45.886601],[13.454186,45.886576],[13.45411,45.886478],[13.454076,45.88647],[13.453641,45.886615],[13.453616,45.886576],[13.454434,45.886242],[13.455463,45.885865],[13.455494,45.885787],[13.455463,45.885261],[13.45609,45.885313],[13.456095,45.885425],[13.456113,45.885443],[13.456556,45.885329],[13.45668,45.885332],[13.456859,45.885377],[13.45703,45.885459],[13.457185,45.885629],[13.454471,45.886905],[13.454637,45.887116],[13.454673,45.887122],[13.456491,45.88625],[13.45663,45.88622],[13.457308,45.88633],[13.457034,45.886985],[13.456204,45.889183],[13.456223,45.889204],[13.45726,45.889389],[13.456955,45.890186],[13.456523,45.891798],[13.462168,45.892997],[13.464484,45.893524],[13.465543,45.893558],[13.465482,45.893652],[13.464632,45.893639],[13.464424,45.893617],[13.4644,45.893597],[13.462172,45.893103],[13.456353,45.891874],[13.455647,45.894048],[13.454956,45.893546],[13.454922,45.893543],[13.45491,45.893556],[13.45483,45.893499],[13.454795,45.893497],[13.454438,45.894645],[13.454369,45.894628],[13.454361,45.894591],[13.453042,45.894202],[13.452393,45.893965],[13.451133,45.893565],[13.451688,45.892454],[13.452133,45.891658],[13.451637,45.891222],[13.45156,45.891181],[13.451582,45.891132],[13.451521,45.891085],[13.449979,45.890565],[13.449411,45.890437],[13.449358,45.890401],[13.449326,45.890399],[13.448746,45.891648],[13.448764,45.891671],[13.448844,45.891691],[13.448658,45.892074],[13.448816,45.89213],[13.448177,45.893381],[13.448193,45.893404],[13.448333,45.893439],[13.448093,45.89397],[13.447766,45.893851],[13.447035,45.89366],[13.446934,45.893609],[13.446025,45.893403],[13.445113,45.893125],[13.445435,45.892626],[13.445421,45.892602],[13.445395,45.8926],[13.444996,45.893217],[13.447204,45.893757],[13.447033,45.894106],[13.446794,45.894061],[13.446716,45.894213],[13.446651,45.8942],[13.446617,45.894212],[13.446486,45.89459],[13.445056,45.894312],[13.444723,45.894211],[13.444457,45.894101],[13.444423,45.894107],[13.444324,45.894229],[13.444508,45.894306],[13.444344,45.894524],[13.444065,45.894432],[13.443545,45.894195],[13.443515,45.894196],[13.443337,45.894608],[13.443223,45.894958],[13.443137,45.895321],[13.443176,45.895752],[13.44137,45.895112],[13.44013,45.896732],[13.439657,45.896541],[13.439249,45.896978],[13.439055,45.897155],[13.440104,45.897635],[13.439896,45.897968],[13.439858,45.897983],[13.439809,45.898149],[13.439723,45.898296],[13.439621,45.898126],[13.439588,45.898116],[13.439412,45.898351],[13.439208,45.898286],[13.43916,45.898308],[13.438605,45.898132],[13.438699,45.897966],[13.438679,45.897942],[13.437386,45.897802],[13.436691,45.897617],[13.436747,45.897479],[13.436804,45.897482],[13.436832,45.897467],[13.436815,45.897447],[13.43676,45.897432],[13.436749,45.897292],[13.436778,45.897262],[13.43679,45.897201],[13.436785,45.897052],[13.436721,45.896802],[13.436657,45.896747],[13.436645,45.896656],[13.436155,45.896568],[13.435805,45.896481],[13.434848,45.896178],[13.434308,45.89596],[13.434102,45.895859],[13.433263,45.895319],[13.43304,45.895233],[13.433004,45.895242],[13.432979,45.895272],[13.432405,45.895047],[13.431317,45.894715],[13.431145,45.894637],[13.430656,45.894319],[13.430094,45.894148],[13.430081,45.894117],[13.430007,45.894134],[13.429933,45.89403],[13.429774,45.89394],[13.42962,45.893886],[13.429272,45.893807]]]]},"properties":{"prov":"GO","comune_amm":"H514","comune_descr":"ROMANS D`ISONZO","fascia":"B","zona":"B1","zona_descr":"CAPOLUOGO - CENTRO ABITATO","microzona":1,"semestre":"2025/1"}},{"type":"Feature","geometry":{"type":"MultiPolygon","coordinates":[[[[13.440929,45.886078],[13.440949,45.886044],[13.440991,45.886034],[13.4412,45.885492],[13.441333,45.884936],[13.441335,45.884564],[13.441302,45.884394],[13.441328,45.884372],[13.441307,45.883937],[13.441494,45.883155],[13.441475,45.882769],[13.441449,45.882717],[13.441522,45.882638],[13.441545,45.882542],[13.441505,45.88244],[13.441378,45.882334],[13.441275,45.882195],[13.441257,45.881651],[13.441282,45.881467],[13.441387,45.881142],[13.441554,45.880726],[13.441929,45.879904],[13.442133,45.879603],[13.442372,45.879347],[13.442612,45.879146],[13.442613,45.879119],[13.44264,45.879094],[13.442683,45.879088],[13.442933,45.878892],[13.443266,45.8785],[13.443401,45.878247],[13.443992,45.878143],[13.444677,45.877984],[13.444689,45.878442],[13.444769,45.879217],[13.444791,45.879234],[13.445007,45.879252],[13.445101,45.879225],[13.445112,45.879199],[13.445094,45.879191],[13.444913,45.879167],[13.444846,45.878375],[13.444837,45.877911],[13.445887,45.877674],[13.445905,45.877655],[13.44588,45.877639],[13.445548,45.877631],[13.444345,45.877953],[13.443336,45.878143],[13.443508,45.877769],[13.443578,45.877471],[13.443541,45.877449],[13.443548,45.877406],[13.443745,45.876607],[13.443734,45.876537],[13.443861,45.875756],[13.443798,45.875643],[13.443716,45.87563],[13.44358,45.875364],[13.443823,45.875347],[13.443989,45.875355],[13.444391,45.875405],[13.444905,45.875533],[13.445003,45.875595],[13.445161,45.875872],[13.445258,45.875985],[13.445445,45.876341],[13.445505,45.876422],[13.445717,45.876638],[13.446012,45.876884],[13.445967,45.876934],[13.445972,45.876957],[13.446124,45.877054],[13.446178,45.877107],[13.446489,45.877286],[13.446638,45.877346],[13.447422,45.87757],[13.447456,45.87756],[13.447481,45.877523],[13.447899,45.877654],[13.447865,45.877707],[13.447696,45.877696],[13.447618,45.877719],[13.44758,45.877751],[13.44638,45.877652],[13.44633,45.877656],[13.446327,45.877681],[13.44793,45.877831],[13.44803,45.877784],[13.448238,45.877788],[13.448275,45.877736],[13.448478,45.877791],[13.448856,45.877977],[13.448934,45.87803],[13.449027,45.878155],[13.44906,45.878366],[13.449126,45.87839],[13.449092,45.878758],[13.449055,45.878898],[13.449224,45.879226],[13.449371,45.879424],[13.449754,45.879841],[13.450085,45.880241],[13.450474,45.88064],[13.451096,45.881016],[13.452051,45.881547],[13.452847,45.881628],[13.453087,45.881606],[13.454128,45.88159],[13.454891,45.881154],[13.456307,45.880281],[13.456793,45.880405],[13.456823,45.880399],[13.460349,45.87726],[13.461519,45.877963],[13.4615,45.878014],[13.461459,45.878024],[13.461178,45.878697],[13.461032,45.879425],[13.461012,45.880484],[13.461024,45.880615],[13.461098,45.880878],[13.461409,45.881463],[13.461697,45.881856],[13.462057,45.88243],[13.46222,45.882726],[13.46256,45.88309],[13.462603,45.883179],[13.462639,45.883425],[13.462721,45.883619],[13.463504,45.883429],[13.465239,45.882929],[13.465608,45.882846],[13.465837,45.88281],[13.469239,45.882593],[13.46926,45.882655],[13.469424,45.882756],[13.468378,45.883653],[13.466961,45.885553],[13.466607,45.885559],[13.466371,45.88604],[13.466323,45.886235],[13.466328,45.886422],[13.466354,45.886522],[13.466376,45.886537],[13.466412,45.88653],[13.466531,45.886681],[13.466593,45.886801],[13.466612,45.886943],[13.466647,45.88697],[13.466744,45.886988],[13.466645,45.887354],[13.466647,45.887485],[13.466702,45.887712],[13.466788,45.887831],[13.466674,45.887851],[13.466609,45.887899],[13.466372,45.888377],[13.466316,45.888517],[13.4663,45.888639],[13.466318,45.888737],[13.466505,45.889078],[13.466594,45.889383],[13.466653,45.890166],[13.466574,45.890777],[13.466576,45.891377],[13.46634,45.891927],[13.466344,45.892035],[13.466314,45.892199],[13.466255,45.89237],[13.4661,45.892729],[13.465662,45.893535],[13.464597,45.893506],[13.464608,45.893436],[13.46458,45.893366],[13.464505,45.89332],[13.464437,45.893306],[13.4644,45.89333],[13.464494,45.89344],[13.464484,45.893524],[13.462168,45.892997],[13.456516,45.8918],[13.456955,45.890187],[13.457254,45.889402],[13.457235,45.889381],[13.456199,45.889196],[13.457034,45.886986],[13.457435,45.88601],[13.457679,45.885983],[13.458133,45.885971],[13.458858,45.886058],[13.460847,45.886415],[13.463025,45.886782],[13.463064,45.886756],[13.463047,45.886732],[13.462896,45.886703],[13.463153,45.886187],[13.463241,45.88596],[13.463205,45.885931],[13.463168,45.885942],[13.4631,45.886131],[13.462857,45.886645],[13.458441,45.8859],[13.457969,45.885857],[13.457557,45.885868],[13.457287,45.885898],[13.45736,45.885702],[13.457341,45.885679],[13.454514,45.887002],[13.454449,45.88691],[13.457178,45.885626],[13.457025,45.885456],[13.456863,45.885379],[13.456681,45.885333],[13.456559,45.885329],[13.456429,45.885354],[13.456095,45.88545],[13.456095,45.885329],[13.456072,45.885311],[13.455491,45.885262],[13.455462,45.885281],[13.455494,45.885786],[13.455468,45.885863],[13.454434,45.886242],[13.453632,45.886569],[13.453621,45.886603],[13.453102,45.886705],[13.45275,45.886717],[13.452378,45.886685],[13.452012,45.886626],[13.451526,45.886522],[13.451389,45.886456],[13.45121,45.88648],[13.450851,45.886407],[13.450132,45.887836],[13.449573,45.887697],[13.446736,45.887081],[13.446908,45.886661],[13.446278,45.88653],[13.446246,45.886542],[13.446073,45.886932],[13.444934,45.88669],[13.444217,45.887374],[13.444176,45.887375],[13.444352,45.886848],[13.444334,45.886827],[13.443651,45.886682],[13.443631,45.886684],[13.443605,45.88673],[13.440941,45.886172],[13.440958,45.886109],[13.440929,45.886078]]],[[[13.395009,45.908159],[13.395444,45.908086],[13.396202,45.908184],[13.396243,45.908167],[13.396207,45.90781],[13.396661,45.906861],[13.39704,45.906141],[13.399136,45.90192],[13.403079,45.901776],[13.403104,45.901757],[13.403077,45.90174],[13.398955,45.901831],[13.399997,45.899834],[13.40057,45.898242],[13.400396,45.897558],[13.400307,45.89681],[13.400883,45.895087],[13.400878,45.894867],[13.401577,45.893742],[13.403271,45.893036],[13.404157,45.893795],[13.404962,45.893465],[13.406248,45.893325],[13.406924,45.893189],[13.407274,45.893094],[13.407449,45.893093],[13.408265,45.89326],[13.408727,45.893157],[13.408637,45.893961],[13.408694,45.893991],[13.408699,45.894018],[13.408766,45.893994],[13.408772,45.893973],[13.408727,45.89395],[13.408786,45.893096],[13.409608,45.892885],[13.409831,45.89257],[13.409901,45.892175],[13.410015,45.89217],[13.410039,45.892154],[13.410087,45.891782],[13.410536,45.890548],[13.411138,45.889856],[13.411292,45.889656],[13.411726,45.889284],[13.411849,45.889113],[13.411843,45.888973],[13.411908,45.888827],[13.411938,45.888442],[13.411719,45.887884],[13.411751,45.887563],[13.411997,45.886756],[13.411941,45.886416],[13.412264,45.885846],[13.412683,45.885333],[13.41269,45.885227],[13.412761,45.885214],[13.413082,45.884763],[13.416443,45.887662],[13.416485,45.887661],[13.416556,45.887594],[13.416556,45.887572],[13.412047,45.883626],[13.412101,45.883585],[13.412267,45.883362],[13.412298,45.882933],[13.412902,45.882186],[13.413482,45.881623],[13.414226,45.88115],[13.415687,45.880478],[13.416485,45.880291],[13.417175,45.880307],[13.417198,45.880298],[13.417639,45.879689],[13.418157,45.878918],[13.418053,45.878832],[13.418219,45.878473],[13.417912,45.876614],[13.418004,45.875281],[13.418701,45.874199],[13.419139,45.87366],[13.419988,45.872898],[13.41996,45.872881],[13.419538,45.872903],[13.419335,45.872805],[13.419099,45.872758],[13.418975,45.872684],[13.41897,45.87229],[13.41947,45.872006],[13.419888,45.871822],[13.420746,45.87162],[13.421475,45.871586],[13.422106,45.871067],[13.425146,45.871245],[13.425232,45.871297],[13.425374,45.871314],[13.4257,45.871289],[13.425959,45.871335],[13.426022,45.871396],[13.426433,45.871597],[13.426637,45.871662],[13.42705,45.871894],[13.427205,45.872019],[13.427868,45.872423],[13.42844,45.872714],[13.428801,45.872851],[13.428428,45.873334],[13.428426,45.873348],[13.428463,45.873369],[13.42718,45.875037],[13.427177,45.875052],[13.427218,45.875068],[13.427248,45.87506],[13.427875,45.874315],[13.42854,45.873476],[13.428542,45.873461],[13.428507,45.873442],[13.428886,45.872956],[13.429736,45.873318],[13.429884,45.873357],[13.430407,45.87272],[13.4309,45.872021],[13.431039,45.872014],[13.431452,45.872045],[13.431788,45.87204],[13.432427,45.872061],[13.432917,45.872102],[13.433216,45.872143],[13.433867,45.872113],[13.434507,45.87211],[13.435073,45.872126],[13.435218,45.872114],[13.43509,45.872578],[13.435391,45.873829],[13.435609,45.874837],[13.435781,45.875496],[13.436033,45.875575],[13.435925,45.876079],[13.436202,45.876388],[13.436145,45.876438],[13.436169,45.876601],[13.43631,45.877167],[13.436454,45.877446],[13.436571,45.877936],[13.435561,45.877698],[13.434778,45.877476],[13.434726,45.877507],[13.434661,45.877658],[13.434666,45.87774],[13.434729,45.877885],[13.434767,45.877868],[13.434754,45.877786],[13.434774,45.877666],[13.434815,45.877583],[13.435583,45.877797],[13.436469,45.878005],[13.436473,45.87844],[13.436418,45.878781],[13.435902,45.880474],[13.435868,45.880491],[13.43561,45.881209],[13.435544,45.881266],[13.435378,45.881346],[13.435332,45.881387],[13.435283,45.881477],[13.435278,45.881538],[13.435317,45.88164],[13.435444,45.881761],[13.435468,45.881964],[13.435348,45.882349],[13.435194,45.882727],[13.434774,45.883519],[13.434482,45.883968],[13.434035,45.884493],[13.433926,45.884522],[13.433893,45.884589],[13.433905,45.884616],[13.433351,45.885279],[13.433051,45.885757],[13.432908,45.885787],[13.432914,45.885811],[13.43317,45.885961],[13.433091,45.88624],[13.433115,45.886324],[13.432967,45.88713],[13.432965,45.88722],[13.433424,45.887851],[13.433455,45.887859],[13.433691,45.887575],[13.434103,45.886949],[13.434322,45.886994],[13.434491,45.886715],[13.435646,45.887006],[13.435678,45.886998],[13.435797,45.886831],[13.436005,45.886896],[13.434795,45.88875],[13.434559,45.888994],[13.434011,45.888845],[13.433766,45.888748],[13.433315,45.888528],[13.433062,45.888469],[13.432897,45.88851],[13.432082,45.889117],[13.431781,45.889228],[13.431263,45.890256],[13.431154,45.890419],[13.431054,45.890547],[13.430756,45.890833],[13.430699,45.89082],[13.430565,45.890857],[13.430453,45.891073],[13.430084,45.89162],[13.430041,45.891807],[13.430045,45.892193],[13.429975,45.892493],[13.429934,45.892885],[13.429811,45.893239],[13.429714,45.893409],[13.429644,45.893453],[13.429489,45.893504],[13.429445,45.893533],[13.429255,45.893795],[13.429269,45.89382],[13.429756,45.893933],[13.429994,45.894044],[13.429923,45.894086],[13.429978,45.894138],[13.43056,45.894314],[13.43066,45.894377],[13.430636,45.894413],[13.430705,45.894462],[13.430337,45.895041],[13.430256,45.895304],[13.429943,45.896049],[13.429959,45.896071],[13.429991,45.89606],[13.430197,45.895652],[13.43048,45.894968],[13.430832,45.894453],[13.431329,45.894763],[13.43172,45.894892],[13.43255,45.895114],[13.433053,45.895303],[13.433074,45.895304],[13.433114,45.895264],[13.433316,45.895353],[13.434122,45.895854],[13.434562,45.89608],[13.435158,45.896295],[13.435567,45.896419],[13.43605,45.896556],[13.436647,45.896682],[13.43666,45.896748],[13.436721,45.8968],[13.436785,45.897053],[13.43679,45.8972],[13.436776,45.897264],[13.436749,45.897295],[13.436759,45.897422],[13.436777,45.897439],[13.436857,45.897456],[13.437294,45.897473],[13.437841,45.897462],[13.438359,45.897379],[13.4385,45.89737],[13.438619,45.897336],[13.43877,45.897332],[13.439044,45.897361],[13.4391,45.897442],[13.438744,45.897384],[13.438653,45.897383],[13.438216,45.897434],[13.437889,45.897498],[13.437653,45.897519],[13.437435,45.897525],[13.436768,45.897479],[13.436741,45.897492],[13.436694,45.8976],[13.43671,45.897622],[13.437382,45.897801],[13.438707,45.897945],[13.43861,45.898114],[13.438623,45.898139],[13.439142,45.898302],[13.43919,45.89828],[13.439413,45.898345],[13.439598,45.89809],[13.439679,45.898227],[13.439693,45.898237],[13.439726,45.898227],[13.43977,45.898066],[13.439747,45.898042],[13.439959,45.897697],[13.44624,45.899697],[13.446279,45.899676],[13.446266,45.899656],[13.444239,45.898992],[13.443501,45.89878],[13.441142,45.898005],[13.441033,45.897997],[13.44058,45.897838],[13.439079,45.897173],[13.439249,45.897015],[13.439662,45.896525],[13.440087,45.896708],[13.440123,45.896701],[13.441426,45.895048],[13.442655,45.895483],[13.44324,45.895716],[13.443843,45.896219],[13.44398,45.896368],[13.444015,45.896374],[13.444023,45.89635],[13.443891,45.896186],[13.443348,45.895701],[13.443334,45.895477],[13.443136,45.895429],[13.443114,45.895373],[13.443152,45.895011],[13.443301,45.894512],[13.443458,45.894157],[13.444064,45.894431],[13.444322,45.894518],[13.444357,45.89451],[13.444498,45.894318],[13.444487,45.894294],[13.444314,45.894231],[13.44444,45.894094],[13.44472,45.89421],[13.445058,45.894312],[13.446499,45.894591],[13.446528,45.894578],[13.446665,45.894193],[13.446731,45.894204],[13.446763,45.894192],[13.446828,45.894051],[13.447069,45.894098],[13.447236,45.893771],[13.447219,45.893748],[13.445061,45.89321],[13.445109,45.893125],[13.446026,45.893403],[13.446939,45.893611],[13.447038,45.893661],[13.447763,45.89385],[13.448086,45.893964],[13.448327,45.893453],[13.448309,45.89343],[13.448169,45.893394],[13.448811,45.892143],[13.448796,45.89212],[13.448651,45.892076],[13.448763,45.891883],[13.448838,45.891705],[13.448821,45.891682],[13.448739,45.891663],[13.449328,45.890381],[13.449414,45.890438],[13.44998,45.890565],[13.451528,45.891088],[13.451585,45.891132],[13.451564,45.891167],[13.451573,45.891188],[13.451635,45.891221],[13.452135,45.891658],[13.451688,45.892454],[13.45114,45.893563],[13.452394,45.893966],[13.453043,45.894203],[13.454379,45.894596],[13.454377,45.894625],[13.454416,45.89464],[13.454449,45.894626],[13.454797,45.893476],[13.454877,45.893534],[13.454926,45.893524],[13.455614,45.894025],[13.455631,45.894031],[13.455658,45.894017],[13.456348,45.891867],[13.462172,45.893103],[13.464409,45.8936],[13.464436,45.893618],[13.464635,45.893639],[13.465566,45.893653],[13.465478,45.893705],[13.465239,45.89417],[13.464962,45.894805],[13.464521,45.895911],[13.464249,45.896725],[13.464211,45.896725],[13.464174,45.896745],[13.463402,45.896762],[13.462754,45.896735],[13.462109,45.89667],[13.459267,45.896291],[13.45766,45.896101],[13.456889,45.896042],[13.456229,45.895938],[13.455221,45.895809],[13.45443,45.895781],[13.453981,45.895811],[13.452516,45.895773],[13.451885,45.895664],[13.451853,45.895678],[13.451917,45.895745],[13.452667,45.89587],[13.453056,45.895888],[13.454156,45.895901],[13.454564,45.895871],[13.455361,45.895894],[13.45637,45.896024],[13.457045,45.896129],[13.457887,45.896193],[13.462611,45.896793],[13.463322,45.896843],[13.464279,45.89683],[13.46432,45.896809],[13.464355,45.896815],[13.463379,45.897211],[13.460585,45.898229],[13.456223,45.899657],[13.453672,45.900475],[13.45168,45.90098],[13.451674,45.900963],[13.451644,45.900954],[13.451536,45.900977],[13.451301,45.90165],[13.45075,45.902615],[13.450597,45.902858],[13.450398,45.903116],[13.44989,45.903692],[13.449898,45.903716],[13.449981,45.903759],[13.449529,45.904344],[13.44954,45.904369],[13.450083,45.904572],[13.449652,45.90523],[13.449657,45.905251],[13.449743,45.905306],[13.44967,45.905427],[13.44987,45.905511],[13.449368,45.906306],[13.449381,45.906329],[13.449763,45.906448],[13.44925,45.907125],[13.449857,45.907333],[13.449699,45.907602],[13.45017,45.907748],[13.449523,45.908679],[13.44996,45.90891],[13.449668,45.909139],[13.449499,45.909331],[13.449122,45.909852],[13.448963,45.909983],[13.448668,45.910492],[13.448435,45.910767],[13.448284,45.91091],[13.448163,45.911101],[13.447888,45.911438],[13.447766,45.911652],[13.447592,45.911764],[13.447113,45.912127],[13.446499,45.912517],[13.446235,45.91274],[13.445651,45.913408],[13.445009,45.914042],[13.443915,45.913997],[13.443823,45.914732],[13.443884,45.914887],[13.444019,45.915027],[13.444046,45.915124],[13.444064,45.915391],[13.444041,45.915932],[13.444066,45.916035],[13.443914,45.916199],[13.443871,45.916293],[13.443887,45.916459],[13.443859,45.916528],[13.443482,45.916469],[13.443254,45.916329],[13.443184,45.916166],[13.443187,45.915571],[13.442794,45.914947],[13.442663,45.914521],[13.442579,45.914114],[13.442622,45.913864],[13.442601,45.913613],[13.442648,45.913371],[13.442627,45.912851],[13.442264,45.912651],[13.441876,45.912489],[13.441387,45.912403],[13.440701,45.912202],[13.440439,45.911986],[13.439782,45.912034],[13.439521,45.912122],[13.439311,45.912098],[13.438993,45.912022],[13.438834,45.912098],[13.438765,45.912198],[13.438726,45.91239],[13.438684,45.912467],[13.438581,45.912496],[13.438473,45.912482],[13.438256,45.912359],[13.438004,45.912161],[13.437876,45.911958],[13.43764,45.911791],[13.4374,45.911753],[13.437183,45.91178],[13.436811,45.911596],[13.436359,45.911401],[13.436353,45.911324],[13.436526,45.911254],[13.43664,45.911168],[13.436644,45.910979],[13.436584,45.910835],[13.436652,45.910666],[13.436769,45.910554],[13.437105,45.910378],[13.437461,45.910219],[13.437812,45.910175],[13.438145,45.910341],[13.438278,45.91034],[13.438302,45.910323],[13.438323,45.91018],[13.438082,45.90984],[13.437754,45.909549],[13.437543,45.909316],[13.437521,45.909243],[13.437535,45.909056],[13.437643,45.908826],[13.437746,45.908695],[13.437759,45.908607],[13.4376,45.908513],[13.437529,45.908492],[13.43738,45.908517],[13.437149,45.908654],[13.436862,45.909016],[13.436743,45.909057],[13.436508,45.909079],[13.436335,45.909021],[13.436135,45.908814],[13.435707,45.908617],[13.435612,45.908455],[13.435556,45.908423],[13.435459,45.90831],[13.435674,45.9081],[13.435792,45.908014],[13.435862,45.907883],[13.435611,45.9075],[13.435522,45.907408],[13.435498,45.907315],[13.435511,45.906996],[13.435543,45.906983],[13.435543,45.90696],[13.435473,45.906918],[13.435147,45.906962],[13.435005,45.906952],[13.434884,45.906913],[13.434792,45.906854],[13.434665,45.906679],[13.434286,45.906471],[13.433999,45.906258],[13.433947,45.906178],[13.433872,45.906108],[13.433756,45.906033],[13.433612,45.906036],[13.433407,45.906105],[13.433269,45.906129],[13.433155,45.906116],[13.433084,45.906013],[13.433082,45.905892],[13.433219,45.905661],[13.433219,45.905596],[13.432605,45.904942],[13.432649,45.904899],[13.432685,45.904681],[13.432724,45.904643],[13.432969,45.904701],[13.433131,45.904684],[13.433545,45.904584],[13.434526,45.904626],[13.435058,45.904498],[13.435135,45.904449],[13.43513,45.904421],[13.43442,45.904561],[13.433568,45.904519],[13.433362,45.904536],[13.43319,45.904573],[13.433105,45.904614],[13.432935,45.904618],[13.432805,45.904603],[13.432734,45.904537],[13.432704,45.904531],[13.432655,45.90458],[13.432564,45.904808],[13.432511,45.904826],[13.432365,45.904824],[13.43223,45.904841],[13.432127,45.904884],[13.431941,45.905072],[13.431919,45.905172],[13.431854,45.905249],[13.431727,45.905246],[13.431657,45.905371],[13.431448,45.905307],[13.431246,45.905136],[13.431148,45.905092],[13.430527,45.905088],[13.430174,45.905045],[13.429936,45.904986],[13.429396,45.904967],[13.428659,45.904802],[13.428303,45.904778],[13.428189,45.904754],[13.428101,45.904695],[13.428048,45.904598],[13.427944,45.904518],[13.427802,45.904464],[13.427707,45.90447],[13.427618,45.904526],[13.427524,45.904669],[13.427484,45.904784],[13.427384,45.904811],[13.426701,45.904759],[13.426518,45.904718],[13.426421,45.904658],[13.426386,45.90446],[13.426416,45.904414],[13.4266,45.904273],[13.426603,45.904209],[13.426494,45.904164],[13.426302,45.904127],[13.426195,45.903885],[13.426005,45.903814],[13.42588,45.90381],[13.425782,45.903883],[13.425762,45.904051],[13.425684,45.904226],[13.425621,45.904317],[13.42561,45.904452],[13.425585,45.904491],[13.425541,45.904521],[13.425337,45.904549],[13.425095,45.904572],[13.425026,45.904561],[13.424886,45.904485],[13.424845,45.904443],[13.424717,45.904208],[13.4246,45.90408],[13.424412,45.903982],[13.424061,45.903883],[13.423947,45.903815],[13.423968,45.903781],[13.423987,45.90355],[13.424119,45.903259],[13.424112,45.903235],[13.424519,45.90321],[13.424652,45.903187],[13.424746,45.903122],[13.424789,45.903049],[13.424772,45.902929],[13.424741,45.902881],[13.424702,45.902726],[13.424751,45.902588],[13.424449,45.90235],[13.424279,45.902293],[13.424247,45.902263],[13.42391,45.902145],[13.423818,45.902138],[13.423569,45.902168],[13.423547,45.902185],[13.423523,45.90261],[13.423584,45.902943],[13.423712,45.903142],[13.423627,45.903414],[13.423468,45.903677],[13.423223,45.903905],[13.422699,45.903993],[13.422145,45.903961],[13.421118,45.903745],[13.420251,45.903754],[13.419824,45.903815],[13.419053,45.9037],[13.41853,45.903597],[13.417779,45.903474],[13.417219,45.903407],[13.416775,45.903334],[13.41625,45.903499],[13.415835,45.903772],[13.415563,45.90406],[13.415112,45.904263],[13.414837,45.904483],[13.414921,45.90474],[13.415339,45.905564],[13.415481,45.905962],[13.415814,45.906534],[13.416014,45.906917],[13.416392,45.908694],[13.416462,45.909771],[13.416388,45.909961],[13.416288,45.910106],[13.41576,45.910336],[13.415437,45.910305],[13.415021,45.910328],[13.414869,45.910362],[13.414761,45.910585],[13.41474,45.910732],[13.414773,45.910793],[13.414259,45.91087],[13.413786,45.911236],[13.41342,45.911229],[13.412421,45.911107],[13.41241,45.911118],[13.41243,45.911139],[13.412743,45.91119],[13.413387,45.911281],[13.413789,45.911304],[13.41382,45.911764],[13.412973,45.912826],[13.412977,45.912851],[13.412106,45.914088],[13.411873,45.914244],[13.411819,45.91423],[13.411561,45.914303],[13.411174,45.914462],[13.410898,45.914623],[13.410554,45.914164],[13.410261,45.914209],[13.410036,45.914217],[13.408865,45.914207],[13.408443,45.914191],[13.408313,45.914214],[13.408243,45.914204],[13.407985,45.914229],[13.406634,45.912879],[13.406108,45.913251],[13.405357,45.91362],[13.404709,45.913053],[13.404524,45.912858],[13.403736,45.912181],[13.403521,45.912061],[13.403365,45.912172],[13.402579,45.911768],[13.40173,45.911406],[13.401456,45.911221],[13.401293,45.911087],[13.40242,45.909995],[13.402767,45.910218],[13.40296,45.910195],[13.403487,45.910411],[13.403993,45.910589],[13.404899,45.910776],[13.40555,45.910767],[13.405888,45.910747],[13.406126,45.910899],[13.406486,45.911054],[13.406657,45.911149],[13.406691,45.911148],[13.406805,45.911076],[13.407585,45.911688],[13.407613,45.911693],[13.408091,45.911198],[13.408156,45.911202],[13.408386,45.910994],[13.408997,45.910565],[13.409491,45.910864],[13.409715,45.91096],[13.409749,45.910955],[13.409744,45.910931],[13.409507,45.910811],[13.409018,45.910502],[13.409634,45.910101],[13.409847,45.909936],[13.410355,45.909393],[13.410345,45.909367],[13.41029,45.909348],[13.410256,45.909355],[13.409917,45.909745],[13.409875,45.909751],[13.40979,45.909845],[13.409599,45.910005],[13.408367,45.910892],[13.408129,45.911117],[13.408081,45.911097],[13.408063,45.911106],[13.407769,45.911403],[13.407598,45.911604],[13.406781,45.911001],[13.406745,45.910999],[13.40664,45.911066],[13.406142,45.910807],[13.405896,45.910652],[13.404865,45.910676],[13.40395,45.910487],[13.403389,45.910302],[13.402884,45.910092],[13.402686,45.910116],[13.402334,45.909894],[13.401162,45.911017],[13.401019,45.910901],[13.400924,45.910617],[13.400904,45.910352],[13.400148,45.909805],[13.399785,45.909678],[13.399564,45.909669],[13.399297,45.909697],[13.399078,45.909701],[13.397574,45.909174],[13.396062,45.908919],[13.395009,45.908159]],[[13.432525,45.887676],[13.432537,45.887699],[13.433299,45.887961],[13.433331,45.887955],[13.433333,45.887936],[13.432962,45.887439],[13.432819,45.887148],[13.432747,45.887137],[13.432716,45.887151],[13.432607,45.887518],[13.432525,45.887676]]]]},"properties":{"prov":"GO","comune_amm":"H514","comune_descr":"ROMANS D`ISONZO","fascia":"R","zona":"R2","zona_descr":"FRAZIONI FRATTA E VERSA - ZONA AGRICOLA","microzona":0,"semestre":"2025/1"}},{"type":"Feature","geometry":{"type":"Polygon","coordinates":[[[13.497762,45.82643],[13.49786,45.826341],[13.497797,45.82552],[13.497859,45.825508],[13.497867,45.825494],[13.497737,45.823909],[13.497704,45.823267],[13.497754,45.823078],[13.497834,45.822934],[13.498298,45.822409],[13.498282,45.822312],[13.49861,45.82236],[13.498978,45.822393],[13.499217,45.82241],[13.499553,45.822405],[13.499573,45.822315],[13.499731,45.822287],[13.500322,45.822127],[13.500595,45.822021],[13.501037,45.821794],[13.502326,45.820855],[13.502306,45.820903],[13.502317,45.82095],[13.502417,45.82101],[13.502811,45.821052],[13.503393,45.821079],[13.503985,45.821148],[13.504056,45.821136],[13.504204,45.821057],[13.50423,45.820887],[13.504336,45.820875],[13.50432,45.821073],[13.504262,45.821198],[13.504232,45.82135],[13.504242,45.82139],[13.5042,45.821442],[13.504206,45.821464],[13.505109,45.821983],[13.505111,45.82202],[13.506849,45.822946],[13.506844,45.82297],[13.506899,45.822997],[13.50662,45.823252],[13.506305,45.823803],[13.506199,45.823878],[13.505708,45.824139],[13.505732,45.82416],[13.505899,45.824169],[13.505894,45.824629],[13.505523,45.824627],[13.505524,45.824819],[13.505545,45.824835],[13.506071,45.824898],[13.506026,45.82509],[13.506047,45.825111],[13.506462,45.82517],[13.506897,45.825179],[13.50704,45.825306],[13.50667,45.825526],[13.506771,45.825608],[13.506923,45.825531],[13.50705,45.825638],[13.506934,45.825734],[13.506898,45.825746],[13.506856,45.825809],[13.506648,45.825927],[13.506661,45.825971],[13.506646,45.826131],[13.506503,45.826127],[13.506416,45.826107],[13.506169,45.826285],[13.506161,45.826465],[13.506106,45.826484],[13.506076,45.826851],[13.505284,45.826842],[13.505279,45.827124],[13.504688,45.827238],[13.504543,45.826933],[13.504506,45.826923],[13.504356,45.826989],[13.504345,45.827008],[13.504396,45.827043],[13.504465,45.827138],[13.504605,45.827488],[13.504068,45.82759],[13.503479,45.82776],[13.503445,45.827738],[13.503425,45.827741],[13.503215,45.82785],[13.503177,45.827829],[13.503142,45.82783],[13.50246,45.828307],[13.502298,45.828225],[13.502143,45.828108],[13.502104,45.828109],[13.50204,45.828162],[13.502045,45.828189],[13.502349,45.828332],[13.502576,45.828489],[13.502717,45.828567],[13.502685,45.828628],[13.502474,45.828589],[13.502442,45.828603],[13.502239,45.829222],[13.501431,45.829159],[13.501296,45.829084],[13.501302,45.829044],[13.501286,45.829035],[13.500946,45.828971],[13.500906,45.828991],[13.50083,45.82896],[13.500561,45.828948],[13.500351,45.828896],[13.500607,45.828407],[13.500591,45.828388],[13.500324,45.828306],[13.500475,45.827947],[13.499558,45.827738],[13.499392,45.827597],[13.498048,45.826625],[13.498014,45.82662],[13.497917,45.826559],[13.49778,45.826514],[13.497762,45.82643]]]},"properties":{"prov":"GO","comune_amm":"H531","comune_descr":"RONCHI DEI LEGIONARI","fascia":"B","zona":"B1","zona_descr":"VIA D`ANNUNZIO - VIA DEI CAMPI - VIA ROMA - VIA DANTE - PIAZZA OBERDAN - PIAZZA UNITA` D`ITALIA","microzona":1,"semestre":"2025/1"}},{"type":"Feature","geometry":{"type":"MultiPolygon","coordinates":[[[[13.504555,45.842111],[13.504687,45.842043],[13.504842,45.841929],[13.504924,45.841991],[13.504555,45.842111]]],[[[13.49041,45.837124],[13.490401,45.837064],[13.490487,45.836576],[13.490631,45.836042],[13.490795,45.835708],[13.491095,45.835269],[13.491784,45.834079],[13.492105,45.833417],[13.492448,45.832562],[13.492445,45.832548],[13.492407,45.832543],[13.492006,45.832739],[13.492075,45.832623],[13.492113,45.832615],[13.492173,45.832555],[13.492399,45.832445],[13.492436,45.8323],[13.492799,45.831937],[13.493171,45.831449],[13.493745,45.830385],[13.493869,45.829943],[13.493752,45.829851],[13.493653,45.829824],[13.493647,45.829788],[13.493702,45.828046],[13.493773,45.827952],[13.493766,45.827926],[13.49369,45.827899],[13.493589,45.827975],[13.493475,45.827975],[13.493407,45.827934],[13.49251,45.828008],[13.492054,45.828075],[13.491836,45.828085],[13.491482,45.828073],[13.49149,45.828003],[13.492191,45.827987],[13.492962,45.827901],[13.492983,45.827883],[13.493002,45.826288],[13.49298,45.826163],[13.49296,45.826148],[13.491955,45.825977],[13.491946,45.825921],[13.491903,45.825859],[13.492223,45.825931],[13.492935,45.826047],[13.492962,45.826039],[13.492951,45.825809],[13.49302,45.824683],[13.493024,45.824202],[13.493152,45.823215],[13.493136,45.823197],[13.492417,45.822983],[13.492302,45.822961],[13.492504,45.822867],[13.492517,45.822912],[13.492785,45.823022],[13.49326,45.823173],[13.49329,45.823169],[13.493408,45.822439],[13.49472,45.821933],[13.494728,45.821653],[13.494708,45.821635],[13.494592,45.821615],[13.494988,45.820575],[13.494968,45.820553],[13.494658,45.820506],[13.494501,45.820458],[13.494215,45.820336],[13.494424,45.820351],[13.494424,45.820201],[13.494379,45.820152],[13.494216,45.820084],[13.493974,45.819932],[13.492783,45.818898],[13.492488,45.81867],[13.492275,45.818543],[13.491949,45.818288],[13.491831,45.818069],[13.492109,45.817785],[13.493636,45.817866],[13.493737,45.817887],[13.495753,45.818009],[13.495777,45.818048],[13.495902,45.818034],[13.495912,45.818129],[13.496019,45.818233],[13.496097,45.818268],[13.497123,45.818344],[13.49723,45.818364],[13.497279,45.818347],[13.497922,45.818385],[13.49816,45.818381],[13.499786,45.81847],[13.499792,45.818526],[13.499816,45.818543],[13.500263,45.818575],[13.500534,45.818638],[13.500567,45.818665],[13.500746,45.818658],[13.500777,45.818614],[13.501753,45.818664],[13.501963,45.818576],[13.502024,45.81857],[13.502449,45.818579],[13.502923,45.818618],[13.503115,45.818536],[13.503195,45.818451],[13.503271,45.818452],[13.503699,45.81825],[13.506398,45.818426],[13.506454,45.818428],[13.506488,45.818407],[13.506739,45.818421],[13.508655,45.818566],[13.508738,45.818863],[13.508701,45.818888],[13.508724,45.818987],[13.508789,45.819142],[13.508863,45.819233],[13.508853,45.819334],[13.508798,45.819437],[13.5088,45.819559],[13.50875,45.819795],[13.508465,45.819735],[13.508436,45.819742],[13.508438,45.820057],[13.507975,45.821402],[13.507443,45.821658],[13.506977,45.821935],[13.506974,45.821961],[13.507021,45.821971],[13.507509,45.821689],[13.507851,45.82153],[13.509052,45.821799],[13.509645,45.82196],[13.510005,45.822078],[13.510618,45.822337],[13.510647,45.822336],[13.510756,45.822278],[13.511242,45.822459],[13.512107,45.822737],[13.512442,45.822788],[13.513699,45.823115],[13.514003,45.822953],[13.514006,45.822923],[13.514058,45.822875],[13.514238,45.822865],[13.514183,45.822974],[13.514324,45.823333],[13.514131,45.823528],[13.514536,45.823693],[13.51438,45.823969],[13.514387,45.823989],[13.515044,45.824364],[13.514413,45.825447],[13.514072,45.825878],[13.513906,45.826123],[13.513609,45.826668],[13.513243,45.827279],[13.51177,45.826651],[13.511738,45.826653],[13.51171,45.826805],[13.511774,45.826812],[13.511938,45.826908],[13.512403,45.827098],[13.511902,45.827712],[13.511401,45.828237],[13.511311,45.828355],[13.51118,45.828599],[13.510354,45.828611],[13.510414,45.828483],[13.510805,45.82804],[13.510796,45.828015],[13.510734,45.827988],[13.510699,45.827992],[13.510655,45.828044],[13.510709,45.828079],[13.510321,45.828482],[13.510179,45.828737],[13.51009,45.828945],[13.510051,45.829267],[13.510066,45.829878],[13.510052,45.830215],[13.510096,45.830346],[13.510143,45.830357],[13.510371,45.830792],[13.510459,45.830916],[13.511182,45.831689],[13.511107,45.83171],[13.510375,45.830952],[13.510282,45.830802],[13.510214,45.830809],[13.510001,45.830784],[13.509756,45.830674],[13.509364,45.830429],[13.509326,45.830433],[13.509306,45.830458],[13.509798,45.830789],[13.509947,45.830837],[13.510218,45.830893],[13.510407,45.831124],[13.510369,45.83116],[13.510374,45.831186],[13.510627,45.831331],[13.510699,45.831407],[13.510658,45.83145],[13.510772,45.831511],[13.510788,45.831528],[13.51078,45.831558],[13.511058,45.831846],[13.51105,45.831885],[13.511106,45.831932],[13.509771,45.83253],[13.510213,45.832971],[13.509991,45.833075],[13.509429,45.833388],[13.508746,45.833863],[13.508319,45.833573],[13.50809,45.833723],[13.508016,45.83375],[13.507741,45.83379],[13.507271,45.83378],[13.506932,45.833812],[13.506351,45.833909],[13.505966,45.834027],[13.505825,45.83405],[13.505728,45.83414],[13.50566,45.834184],[13.505629,45.834187],[13.505306,45.834399],[13.505056,45.834541],[13.504928,45.834649],[13.504693,45.834962],[13.504523,45.835344],[13.50174,45.834699],[13.501709,45.834706],[13.501682,45.83474],[13.501664,45.834898],[13.501424,45.835246],[13.501373,45.835483],[13.501201,45.836848],[13.501102,45.83724],[13.501108,45.837434],[13.501081,45.837605],[13.501028,45.837787],[13.500782,45.838286],[13.500504,45.838257],[13.49992,45.838156],[13.499662,45.83807],[13.49944,45.837972],[13.499281,45.837938],[13.498984,45.838182],[13.498548,45.838422],[13.49789,45.838691],[13.497441,45.838692],[13.497265,45.83861],[13.49814,45.837707],[13.498144,45.837694],[13.498114,45.83768],[13.497816,45.837966],[13.497766,45.83797],[13.497135,45.838574],[13.496964,45.838595],[13.496165,45.838524],[13.495049,45.838495],[13.495023,45.838467],[13.494922,45.83847],[13.494516,45.838549],[13.495853,45.836762],[13.495838,45.836737],[13.495695,45.836704],[13.494329,45.838519],[13.494273,45.838516],[13.494169,45.838581],[13.494022,45.838591],[13.493918,45.838615],[13.493822,45.838604],[13.493731,45.838574],[13.493723,45.838519],[13.492068,45.837881],[13.490561,45.837281],[13.490498,45.837243],[13.49041,45.837124]],[[13.494777,45.821665],[13.494778,45.821896],[13.494811,45.8219],[13.494929,45.821855],[13.494848,45.822152],[13.494934,45.822515],[13.494899,45.823235],[13.494922,45.823254],[13.494965,45.823252],[13.494974,45.823238],[13.494982,45.822391],[13.494944,45.822122],[13.495023,45.821807],[13.497564,45.822119],[13.497593,45.822101],[13.497427,45.82197],[13.494807,45.821648],[13.494777,45.821665]],[[13.49767,45.823214],[13.497658,45.823405],[13.497875,45.826335],[13.497779,45.826413],[13.497797,45.826491],[13.498045,45.826604],[13.499392,45.827596],[13.499534,45.827717],[13.499585,45.827718],[13.500492,45.827938],[13.500346,45.828278],[13.500361,45.8283],[13.500635,45.828381],[13.500377,45.828837],[13.500392,45.828859],[13.500541,45.8289],[13.501284,45.829015],[13.50143,45.82909],[13.502188,45.829244],[13.502409,45.828757],[13.502462,45.828577],[13.502678,45.828613],[13.50271,45.828589],[13.502293,45.828329],[13.501992,45.828174],[13.502105,45.828083],[13.502299,45.828225],[13.502456,45.828304],[13.503156,45.827821],[13.503232,45.827842],[13.503444,45.827732],[13.503496,45.827755],[13.504066,45.827591],[13.504582,45.827493],[13.504599,45.827472],[13.504464,45.827135],[13.504391,45.827039],[13.504353,45.827017],[13.504289,45.827007],[13.504517,45.826906],[13.504659,45.827225],[13.504691,45.827237],[13.505275,45.827122],[13.505277,45.826837],[13.505571,45.826851],[13.506071,45.826847],[13.506107,45.826469],[13.506154,45.826464],[13.506174,45.8264],[13.506143,45.826372],[13.506169,45.826353],[13.506165,45.826288],[13.506415,45.826105],[13.506504,45.826127],[13.50664,45.826127],[13.506661,45.825975],[13.506631,45.825939],[13.506854,45.825811],[13.506911,45.825726],[13.506949,45.825721],[13.507039,45.825647],[13.507039,45.825624],[13.506937,45.825542],[13.506901,45.825539],[13.506776,45.825609],[13.506671,45.825519],[13.507033,45.825303],[13.506901,45.825182],[13.506461,45.82517],[13.506026,45.825109],[13.506067,45.824902],[13.505546,45.824833],[13.505545,45.824622],[13.505865,45.824632],[13.505893,45.824613],[13.5059,45.824186],[13.505875,45.824168],[13.505708,45.824158],[13.505703,45.824136],[13.506202,45.823876],[13.506309,45.823798],[13.506622,45.823248],[13.506883,45.823013],[13.506866,45.822979],[13.506893,45.822935],[13.505892,45.822385],[13.505873,45.822381],[13.505834,45.822403],[13.505098,45.822013],[13.505097,45.821976],[13.504193,45.821456],[13.504238,45.821394],[13.504261,45.821197],[13.50432,45.821072],[13.504344,45.820875],[13.504873,45.820829],[13.505041,45.820839],[13.505068,45.820827],[13.505044,45.8208],[13.504837,45.820788],[13.504212,45.820844],[13.504189,45.820861],[13.504165,45.821013],[13.504018,45.821097],[13.503951,45.821109],[13.503341,45.82104],[13.502656,45.821004],[13.502371,45.820974],[13.502269,45.820915],[13.502247,45.82092],[13.501198,45.821691],[13.500854,45.821906],[13.50058,45.822039],[13.50016,45.822194],[13.499559,45.822335],[13.499525,45.822382],[13.499541,45.822433],[13.499174,45.822432],[13.49889,45.822414],[13.498265,45.822345],[13.498258,45.822409],[13.49779,45.822932],[13.497712,45.823083],[13.49767,45.823214]]]]},"properties":{"prov":"GO","comune_amm":"H531","comune_descr":"RONCHI DEI LEGIONARI","fascia":"C","zona":"C1","zona_descr":"VIA REDIPUGLIA - VIA SOLESCHIANO - VIA AQUILEIA","microzona":1,"semestre":"2025/1"}},{"type":"Feature","geometry":{"type":"Polygon","coordinates":[[[13.468919,45.825674],[13.468923,45.825561],[13.469236,45.824715],[13.469198,45.824686],[13.469536,45.823841],[13.469577,45.823828],[13.469687,45.823615],[13.46994,45.823011],[13.469928,45.822987],[13.470047,45.822618],[13.470307,45.822084],[13.470755,45.821489],[13.470909,45.82124],[13.471879,45.821551],[13.471914,45.821541],[13.47216,45.821178],[13.472201,45.821044],[13.472155,45.820969],[13.472,45.82084],[13.471969,45.820555],[13.472015,45.820384],[13.472155,45.820095],[13.472595,45.819396],[13.472898,45.819002],[13.473453,45.819149],[13.473633,45.818658],[13.473709,45.818259],[13.473749,45.818149],[13.475003,45.817568],[13.475451,45.817436],[13.476042,45.817212],[13.476862,45.816927],[13.476872,45.816901],[13.476841,45.81689],[13.477014,45.816814],[13.477117,45.816774],[13.477234,45.816773],[13.477583,45.816604],[13.478223,45.816336],[13.478744,45.816138],[13.479421,45.815905],[13.479671,45.815756],[13.479956,45.815644],[13.480251,45.815545],[13.480635,45.815447],[13.480831,45.815426],[13.480856,45.81541],[13.481129,45.815366],[13.481296,45.81528],[13.481383,45.815217],[13.481641,45.814959],[13.482177,45.814724],[13.483396,45.814299],[13.485243,45.814248],[13.485872,45.814175],[13.486334,45.814084],[13.486896,45.813929],[13.487328,45.813759],[13.487689,45.813588],[13.488367,45.813231],[13.488376,45.813211],[13.48833,45.813106],[13.488464,45.81306],[13.488617,45.812955],[13.489,45.81278],[13.489567,45.812569],[13.489865,45.812384],[13.49007,45.81223],[13.490432,45.812028],[13.490558,45.81193],[13.490802,45.811954],[13.490775,45.811979],[13.490793,45.811999],[13.49108,45.812055],[13.492339,45.811498],[13.493168,45.811202],[13.493688,45.810926],[13.494757,45.81042],[13.494781,45.810384],[13.494766,45.810357],[13.494825,45.810246],[13.494966,45.810153],[13.495382,45.809927],[13.495556,45.809872],[13.496076,45.809796],[13.49611,45.809815],[13.497337,45.809639],[13.497807,45.809545],[13.498252,45.809533],[13.498455,45.809494],[13.499194,45.809181],[13.499588,45.809063],[13.500077,45.809111],[13.500311,45.809176],[13.500645,45.809313],[13.501182,45.809617],[13.501516,45.809774],[13.502049,45.809883],[13.502555,45.809962],[13.502932,45.810053],[13.503399,45.810072],[13.504497,45.810173],[13.504893,45.81023],[13.505241,45.810311],[13.505185,45.810557],[13.5052,45.810577],[13.505693,45.810726],[13.506085,45.810754],[13.506205,45.810823],[13.506404,45.810994],[13.507449,45.81198],[13.507701,45.812268],[13.507976,45.812679],[13.508153,45.812989],[13.508271,45.813321],[13.508345,45.813682],[13.508327,45.813801],[13.508339,45.814447],[13.508307,45.814853],[13.508332,45.814873],[13.508406,45.814877],[13.508406,45.815067],[13.508329,45.815083],[13.508217,45.81538],[13.508087,45.815604],[13.508032,45.815607],[13.508023,45.81562],[13.508013,45.815772],[13.508047,45.815984],[13.508118,45.816136],[13.508168,45.816188],[13.507413,45.816544],[13.507416,45.816557],[13.507453,45.816563],[13.508183,45.816251],[13.508244,45.816331],[13.508213,45.81637],[13.508537,45.816823],[13.508654,45.81704],[13.508598,45.818113],[13.508612,45.81856],[13.506739,45.818421],[13.506509,45.818408],[13.50648,45.818429],[13.5064,45.818426],[13.503724,45.818253],[13.503698,45.818262],[13.50371,45.818223],[13.503635,45.818187],[13.503541,45.818207],[13.503344,45.818216],[13.503343,45.81824],[13.503359,45.818247],[13.503669,45.818277],[13.503696,45.818268],[13.503695,45.818282],[13.503347,45.818451],[13.503196,45.818452],[13.503118,45.818535],[13.502936,45.818617],[13.502449,45.818579],[13.502023,45.81857],[13.50196,45.818577],[13.501756,45.818664],[13.500799,45.818615],[13.50078,45.81862],[13.500764,45.818657],[13.500548,45.818665],[13.500522,45.818635],[13.500265,45.818576],[13.499798,45.818542],[13.499791,45.818487],[13.499768,45.81847],[13.498161,45.818381],[13.497923,45.818385],[13.497289,45.818347],[13.497257,45.818369],[13.49712,45.818344],[13.496087,45.818267],[13.496018,45.818233],[13.495911,45.818128],[13.495892,45.818046],[13.495825,45.818031],[13.495822,45.817949],[13.495799,45.817931],[13.495771,45.817947],[13.495759,45.818005],[13.495717,45.818045],[13.495697,45.818042],[13.495698,45.818013],[13.49568,45.818005],[13.493735,45.817887],[13.493661,45.817867],[13.492126,45.817784],[13.491834,45.818069],[13.49195,45.818289],[13.492275,45.818543],[13.492487,45.818669],[13.492783,45.818898],[13.493971,45.81993],[13.494212,45.820082],[13.494378,45.82015],[13.494408,45.820188],[13.494425,45.820347],[13.494221,45.820339],[13.494196,45.820364],[13.494414,45.820442],[13.494939,45.820573],[13.494611,45.821617],[13.494631,45.821639],[13.494992,45.82169],[13.494925,45.821856],[13.493408,45.822442],[13.493293,45.823183],[13.492786,45.823023],[13.492508,45.822908],[13.492484,45.822882],[13.492336,45.822949],[13.492355,45.822971],[13.493153,45.823203],[13.493024,45.824201],[13.49302,45.824683],[13.492951,45.825808],[13.492968,45.826052],[13.492223,45.825931],[13.491959,45.825871],[13.491939,45.825872],[13.491928,45.825896],[13.491969,45.825979],[13.492977,45.826154],[13.493002,45.826287],[13.492984,45.827867],[13.493013,45.827885],[13.493539,45.827841],[13.493611,45.827879],[13.493716,45.827884],[13.493682,45.827933],[13.493637,45.828903],[13.493649,45.829694],[13.4937,45.829751],[13.493744,45.829756],[13.493886,45.82987],[13.493763,45.830323],[13.49317,45.83145],[13.492799,45.831938],[13.492437,45.832298],[13.492393,45.832455],[13.492174,45.832554],[13.492102,45.832627],[13.492065,45.832639],[13.492038,45.832687],[13.492038,45.832702],[13.492076,45.832708],[13.492437,45.832532],[13.49245,45.832555],[13.492022,45.8336],[13.491591,45.834435],[13.491095,45.835269],[13.490795,45.835709],[13.490684,45.835918],[13.490589,45.836163],[13.490487,45.836576],[13.490401,45.837065],[13.490409,45.837119],[13.490497,45.837242],[13.490565,45.837283],[13.493736,45.838523],[13.493744,45.83858],[13.493928,45.838614],[13.49402,45.838591],[13.49418,45.838578],[13.494286,45.838508],[13.494339,45.838506],[13.495703,45.836692],[13.49587,45.836738],[13.494537,45.838526],[13.494569,45.838538],[13.494924,45.83847],[13.49506,45.838466],[13.495049,45.838497],[13.495074,45.838511],[13.495549,45.838509],[13.49581,45.838535],[13.496845,45.838588],[13.497235,45.838572],[13.497432,45.838646],[13.497822,45.838664],[13.497888,45.838655],[13.498441,45.838435],[13.498817,45.838245],[13.498927,45.838172],[13.499206,45.837936],[13.499741,45.838127],[13.499972,45.838195],[13.500584,45.83828],[13.500627,45.838245],[13.500694,45.838236],[13.500956,45.837721],[13.500997,45.837503],[13.501019,45.837096],[13.501111,45.8369],[13.501159,45.836671],[13.501203,45.836372],[13.501262,45.835591],[13.501295,45.835418],[13.501378,45.835141],[13.501556,45.834921],[13.501615,45.834721],[13.501685,45.834705],[13.50193,45.834736],[13.504392,45.835315],[13.50449,45.835324],[13.504496,45.835351],[13.50453,45.835357],[13.504716,45.834946],[13.504948,45.834637],[13.505079,45.834526],[13.505324,45.834392],[13.505649,45.834176],[13.505684,45.834172],[13.505744,45.834131],[13.505827,45.834051],[13.50598,45.834025],[13.506401,45.833902],[13.507009,45.833806],[13.507274,45.833783],[13.507302,45.833795],[13.507723,45.833797],[13.507989,45.833757],[13.508172,45.833654],[13.508299,45.833552],[13.508746,45.833857],[13.509429,45.833388],[13.509991,45.833075],[13.510195,45.832979],[13.510202,45.832953],[13.509765,45.832527],[13.511095,45.831934],[13.51104,45.831875],[13.511052,45.831839],[13.510768,45.831547],[13.510774,45.831512],[13.510641,45.831446],[13.510692,45.831409],[13.510629,45.831332],[13.510355,45.831174],[13.5104,45.831115],[13.510217,45.830891],[13.51031,45.830852],[13.510492,45.831086],[13.511088,45.831703],[13.51112,45.831709],[13.51117,45.831686],[13.510458,45.830915],[13.510372,45.830793],[13.510157,45.830386],[13.510128,45.830374],[13.510091,45.830397],[13.510008,45.830239],[13.510063,45.830188],[13.510052,45.829283],[13.51009,45.828944],[13.51026,45.828598],[13.51117,45.828609],[13.51131,45.828356],[13.511402,45.828236],[13.511901,45.827713],[13.512391,45.82711],[13.512383,45.827085],[13.511937,45.826907],[13.511778,45.826813],[13.5117,45.82681],[13.511737,45.826635],[13.511761,45.826633],[13.511775,45.826653],[13.513216,45.827271],[13.513253,45.827263],[13.513609,45.826668],[13.513906,45.826123],[13.514072,45.825878],[13.514413,45.825446],[13.515038,45.824374],[13.515029,45.824354],[13.514376,45.823982],[13.51453,45.823695],[13.514121,45.823529],[13.514322,45.823333],[13.514182,45.822972],[13.51424,45.822868],[13.515112,45.822828],[13.515486,45.822744],[13.516175,45.822461],[13.516327,45.822444],[13.516511,45.822347],[13.516588,45.822287],[13.516625,45.822232],[13.516913,45.822071],[13.516946,45.822102],[13.516981,45.822108],[13.517486,45.821894],[13.51869,45.821447],[13.518839,45.821353],[13.519476,45.821106],[13.520052,45.820836],[13.520391,45.820761],[13.52073,45.820659],[13.521118,45.820576],[13.521677,45.820367],[13.521961,45.82029],[13.52237,45.820146],[13.523407,45.819741],[13.524003,45.819467],[13.524292,45.819306],[13.524515,45.81926],[13.524959,45.819084],[13.525081,45.819076],[13.525552,45.818945],[13.526009,45.818875],[13.526026,45.818846],[13.526164,45.818828],[13.526526,45.818709],[13.526623,45.818686],[13.526739,45.818693],[13.527254,45.818535],[13.527387,45.818515],[13.527694,45.818415],[13.52782,45.818356],[13.528139,45.818279],[13.528583,45.818221],[13.528694,45.818186],[13.528708,45.818167],[13.528597,45.817566],[13.528618,45.817481],[13.529152,45.817378],[13.529279,45.817366],[13.529386,45.817329],[13.529501,45.817343],[13.529843,45.81729],[13.53004,45.817325],[13.530162,45.817324],[13.530591,45.817385],[13.531464,45.817523],[13.531574,45.817513],[13.53264,45.817293],[13.533525,45.817059],[13.53423,45.816909],[13.534389,45.816853],[13.53457,45.816826],[13.534812,45.816699],[13.535058,45.816686],[13.535143,45.816731],[13.535255,45.816857],[13.535481,45.817274],[13.535957,45.817658],[13.536065,45.817705],[13.536138,45.817877],[13.537242,45.81863],[13.535831,45.819106],[13.534904,45.819443],[13.534184,45.819667],[13.533574,45.819931],[13.533078,45.820108],[13.532534,45.820377],[13.531807,45.820646],[13.53111,45.820957],[13.530525,45.821276],[13.529674,45.821708],[13.528522,45.822424],[13.527238,45.823317],[13.526793,45.823692],[13.526232,45.824105],[13.52556,45.824672],[13.525189,45.825041],[13.524941,45.825245],[13.524082,45.826052],[13.523902,45.826188],[13.523771,45.826331],[13.523706,45.82633],[13.52343,45.826497],[13.523039,45.8268],[13.523045,45.826972],[13.522621,45.827225],[13.522075,45.827586],[13.521904,45.827651],[13.521778,45.827811],[13.521644,45.827898],[13.520992,45.828084],[13.520516,45.828458],[13.520402,45.828398],[13.520371,45.828398],[13.520068,45.828559],[13.520037,45.828649],[13.519756,45.828824],[13.519152,45.829136],[13.518919,45.828961],[13.518531,45.829221],[13.518438,45.829162],[13.518354,45.829208],[13.517527,45.830526],[13.517356,45.830711],[13.517015,45.831017],[13.516912,45.831146],[13.516774,45.831375],[13.516437,45.832202],[13.516197,45.832046],[13.515805,45.832168],[13.515523,45.832444],[13.515284,45.832754],[13.51523,45.832763],[13.515197,45.832822],[13.51522,45.832841],[13.514611,45.833933],[13.513779,45.835509],[13.513507,45.83591],[13.513142,45.836183],[13.51314,45.836293],[13.513082,45.836291],[13.51305,45.836339],[13.513088,45.836359],[13.513086,45.836553],[13.512762,45.836826],[13.512725,45.83703],[13.512249,45.837666],[13.511716,45.838117],[13.511489,45.838341],[13.511393,45.838324],[13.511363,45.838335],[13.511397,45.838419],[13.510223,45.83936],[13.509064,45.840153],[13.508482,45.840509],[13.507303,45.841118],[13.505532,45.841805],[13.504929,45.84199],[13.504863,45.84194],[13.504826,45.84194],[13.504612,45.842088],[13.504481,45.842133],[13.50183,45.842707],[13.501814,45.842731],[13.501848,45.842791],[13.499668,45.843264],[13.499061,45.843354],[13.499056,45.843375],[13.499122,45.843469],[13.499243,45.843579],[13.499202,45.84358],[13.499146,45.843646],[13.49875,45.84383],[13.498164,45.844038],[13.49815,45.844149],[13.497523,45.844499],[13.497538,45.844622],[13.496881,45.844432],[13.495714,45.844512],[13.494803,45.844449],[13.494647,45.844459],[13.494604,45.844439],[13.494143,45.844365],[13.493559,45.844151],[13.493354,45.844054],[13.493206,45.843958],[13.493052,45.843841],[13.492703,45.843508],[13.492652,45.843488],[13.492553,45.843394],[13.492545,45.843362],[13.492151,45.842995],[13.491801,45.842707],[13.491354,45.842387],[13.491325,45.842383],[13.491273,45.842437],[13.490223,45.842091],[13.489718,45.841907],[13.489444,45.841774],[13.489202,45.841632],[13.48909,45.841546],[13.489049,45.841452],[13.488984,45.841388],[13.488953,45.841378],[13.488817,45.841215],[13.48865,45.840453],[13.488699,45.840323],[13.488586,45.840124],[13.488429,45.839906],[13.488186,45.839708],[13.488047,45.839623],[13.487513,45.839438],[13.48749,45.83941],[13.487487,45.839342],[13.48746,45.839325],[13.487345,45.83941],[13.487189,45.83965],[13.487065,45.839683],[13.486886,45.839777],[13.48707,45.839553],[13.487315,45.839112],[13.487304,45.839087],[13.487346,45.838914],[13.487281,45.8388],[13.487117,45.838641],[13.486638,45.837912],[13.48649,45.837819],[13.486454,45.83782],[13.485881,45.838263],[13.485578,45.838467],[13.485207,45.838678],[13.48473,45.838894],[13.48421,45.839058],[13.483094,45.839274],[13.48303,45.839275],[13.482969,45.839257],[13.482902,45.839176],[13.48289,45.839123],[13.482916,45.839075],[13.483013,45.838988],[13.483745,45.838485],[13.483649,45.838401],[13.483613,45.838398],[13.483189,45.838632],[13.483171,45.838528],[13.483206,45.838433],[13.483366,45.838271],[13.482679,45.837625],[13.483394,45.837518],[13.483414,45.837498],[13.483374,45.837341],[13.483344,45.837326],[13.483283,45.837332],[13.483259,45.837262],[13.483042,45.837282],[13.483003,45.837152],[13.483056,45.837135],[13.483071,45.837112],[13.483012,45.837],[13.482977,45.83699],[13.482831,45.837038],[13.482888,45.836574],[13.483136,45.836297],[13.483225,45.83625],[13.483317,45.836273],[13.483345,45.836225],[13.483394,45.836217],[13.483745,45.836231],[13.484603,45.836689],[13.484641,45.836682],[13.484635,45.836658],[13.484272,45.836446],[13.484198,45.836368],[13.484112,45.836348],[13.484093,45.836315],[13.483797,45.836178],[13.483344,45.836167],[13.483285,45.836184],[13.480849,45.835335],[13.48075,45.835325],[13.480734,45.835297],[13.477981,45.834327],[13.477949,45.834331],[13.47794,45.834422],[13.47606,45.833774],[13.476072,45.833538],[13.475647,45.833366],[13.475555,45.8333],[13.475514,45.833229],[13.475727,45.832748],[13.47585,45.83262],[13.475971,45.832525],[13.476059,45.832504],[13.476084,45.83248],[13.47636,45.831708],[13.476387,45.83168],[13.476386,45.831577],[13.476514,45.831361],[13.47662,45.831107],[13.475027,45.830807],[13.473404,45.830469],[13.473624,45.829603],[13.473919,45.828701],[13.473897,45.82868],[13.473605,45.828653],[13.47359,45.82861],[13.473806,45.827639],[13.473789,45.827618],[13.473389,45.827534],[13.473438,45.827313],[13.47347,45.82681],[13.473468,45.826644],[13.473384,45.826268],[13.47335,45.82627],[13.473026,45.826484],[13.472897,45.826504],[13.471607,45.826326],[13.47012,45.826076],[13.469181,45.826007],[13.468992,45.825853],[13.468919,45.825674]]]},"properties":{"prov":"GO","comune_amm":"H531","comune_descr":"RONCHI DEI LEGIONARI","fascia":"D","zona":"D1","zona_descr":"FRAZIONI VERMEGLIANO, SOLESCHIANO E SELZ - AEROPORTO - VIA SAN VITO - VIA STARANZANO","microzona":1,"semestre":"2025/1"}},{"type":"Feature","geometry":{"type":"Polygon","coordinates":[[[13.497512,45.844508],[13.498146,45.844152],[13.498165,45.844084],[13.498143,45.844046],[13.498752,45.843829],[13.499147,45.843644],[13.499217,45.843562],[13.499125,45.843472],[13.499045,45.843353],[13.499668,45.843264],[13.50379,45.842354],[13.504934,45.842036],[13.50495,45.842018],[13.504926,45.841991],[13.50553,45.841806],[13.507224,45.841152],[13.507457,45.841045],[13.508482,45.840509],[13.509064,45.840154],[13.51019,45.839384],[13.51139,45.838425],[13.51136,45.83832],[13.511469,45.838339],[13.511497,45.838333],[13.511716,45.838117],[13.512249,45.837666],[13.512723,45.837031],[13.512757,45.836833],[13.513084,45.836556],[13.513088,45.83637],[13.513042,45.836338],[13.513079,45.836288],[13.513132,45.836287],[13.513138,45.836186],[13.513506,45.835912],[13.513779,45.835509],[13.514611,45.833933],[13.515215,45.832852],[13.515191,45.832824],[13.515237,45.832753],[13.515291,45.832745],[13.515522,45.832446],[13.515802,45.832169],[13.516199,45.832044],[13.516407,45.832183],[13.516449,45.832174],[13.516775,45.831374],[13.516913,45.831145],[13.517014,45.831018],[13.517355,45.830711],[13.517528,45.830523],[13.518352,45.829209],[13.519005,45.828805],[13.519317,45.82903],[13.519351,45.829032],[13.519757,45.828823],[13.520033,45.828652],[13.520064,45.828561],[13.520384,45.828391],[13.520494,45.828449],[13.52053,45.828447],[13.520995,45.828083],[13.521649,45.827896],[13.521777,45.827813],[13.5219,45.827653],[13.522076,45.827585],[13.52262,45.827225],[13.523038,45.826976],[13.523035,45.826802],[13.52343,45.826498],[13.523714,45.826325],[13.523779,45.826323],[13.523903,45.826186],[13.524084,45.826051],[13.524941,45.825245],[13.525189,45.82504],[13.52556,45.824671],[13.526232,45.824105],[13.526793,45.823691],[13.527238,45.823317],[13.528522,45.822424],[13.529676,45.821708],[13.530526,45.821276],[13.531111,45.820957],[13.531807,45.820646],[13.532536,45.820376],[13.533077,45.820108],[13.533575,45.81993],[13.534184,45.819667],[13.534904,45.819443],[13.535832,45.819106],[13.537243,45.818631],[13.539663,45.820259],[13.541378,45.82005],[13.541857,45.819909],[13.543772,45.82008],[13.54375,45.820119],[13.543772,45.820134],[13.54747,45.820421],[13.556416,45.82091],[13.551714,45.824456],[13.549011,45.826522],[13.539731,45.83347],[13.529783,45.84086],[13.526953,45.842981],[13.526952,45.843011],[13.521976,45.846732],[13.521978,45.846764],[13.520227,45.847963],[13.518981,45.849013],[13.513842,45.852969],[13.513101,45.85243],[13.512659,45.852127],[13.512414,45.851986],[13.51137,45.85125],[13.510141,45.850581],[13.509055,45.849948],[13.508438,45.849705],[13.508097,45.849528],[13.507051,45.849238],[13.505576,45.848794],[13.505303,45.848802],[13.504597,45.848692],[13.503233,45.847894],[13.502931,45.847648],[13.502552,45.847494],[13.501973,45.847112],[13.50034,45.846109],[13.499976,45.845861],[13.499444,45.845293],[13.499182,45.845144],[13.498931,45.845043],[13.498711,45.844965],[13.497543,45.844624],[13.497512,45.844508]]]},"properties":{"prov":"GO","comune_amm":"H531","comune_descr":"RONCHI DEI LEGIONARI","fascia":"R","zona":"R1","zona_descr":"ZONA AGRICOLA - REGIONE AGRARIA 3 - CARSO","microzona":1,"semestre":"2025/1"}},{"type":"Feature","geometry":{"type":"Polygon","coordinates":[[[13.487347,45.83892],[13.48731,45.839068],[13.487326,45.839092],[13.487072,45.839551],[13.486923,45.839729],[13.486332,45.840068],[13.485903,45.8402],[13.485767,45.840196],[13.485675,45.840156],[13.485484,45.83998],[13.485447,45.839977],[13.485167,45.840124],[13.484748,45.840413],[13.484252,45.840879],[13.484052,45.841044],[13.483573,45.84137],[13.48341,45.841456],[13.482906,45.841785],[13.482746,45.8416],[13.482569,45.841469],[13.482491,45.841479],[13.481404,45.842085],[13.481252,45.842152],[13.480754,45.842325],[13.479911,45.842688],[13.479867,45.842742],[13.479894,45.842819],[13.479959,45.842908],[13.47999,45.84301],[13.479965,45.843126],[13.479546,45.843359],[13.479409,45.843378],[13.478841,45.843535],[13.478445,45.843625],[13.477804,45.843706],[13.477361,45.8437],[13.476613,45.843521],[13.476379,45.843238],[13.476365,45.843186],[13.476466,45.843123],[13.476469,45.843098],[13.475862,45.842518],[13.47515,45.841532],[13.475113,45.841525],[13.474676,45.841725],[13.474578,45.84162],[13.474477,45.841472],[13.473913,45.840905],[13.473796,45.840703],[13.473752,45.840508],[13.473755,45.839935],[13.473739,45.839831],[13.473645,45.83958],[13.473578,45.839518],[13.47335,45.839395],[13.473053,45.83929],[13.472918,45.839263],[13.472219,45.83919],[13.471867,45.839194],[13.472201,45.838979],[13.472811,45.838391],[13.472799,45.838363],[13.472638,45.838323],[13.472722,45.838114],[13.473157,45.838202],[13.473301,45.83806],[13.473453,45.837834],[13.473546,45.837406],[13.473526,45.837386],[13.473432,45.837365],[13.473545,45.837241],[13.473633,45.837183],[13.474114,45.836944],[13.474091,45.83692],[13.474052,45.836917],[13.473896,45.836836],[13.47371,45.836767],[13.473725,45.836669],[13.473856,45.836635],[13.473987,45.836577],[13.474578,45.836256],[13.474832,45.836058],[13.475077,45.835927],[13.475367,45.835827],[13.475588,45.835778],[13.475954,45.835751],[13.476059,45.833775],[13.477907,45.834411],[13.477938,45.834406],[13.477943,45.834322],[13.47796,45.83432],[13.480749,45.835303],[13.480771,45.835328],[13.480831,45.835328],[13.483276,45.83618],[13.48334,45.836167],[13.483795,45.836176],[13.484097,45.836317],[13.484115,45.836346],[13.484195,45.836365],[13.484273,45.836447],[13.484648,45.836665],[13.484622,45.836699],[13.483741,45.836231],[13.483399,45.836217],[13.483348,45.836226],[13.483321,45.836281],[13.483215,45.836256],[13.483135,45.836298],[13.482891,45.836572],[13.482838,45.83702],[13.482871,45.837025],[13.483004,45.836985],[13.483078,45.837125],[13.483009,45.837152],[13.483037,45.837265],[13.483067,45.837279],[13.483264,45.837256],[13.483291,45.837329],[13.483371,45.837327],[13.483417,45.837514],[13.482716,45.837616],[13.482696,45.837634],[13.48337,45.838268],[13.483204,45.838435],[13.483171,45.83853],[13.483191,45.838612],[13.483225,45.838613],[13.483632,45.838389],[13.483753,45.838485],[13.483013,45.838988],[13.48292,45.839072],[13.482892,45.839121],[13.482901,45.839174],[13.482974,45.839258],[13.483032,45.839274],[13.483097,45.839273],[13.484206,45.839058],[13.484727,45.838895],[13.485206,45.838679],[13.485578,45.838467],[13.485881,45.838262],[13.486471,45.837809],[13.486636,45.83791],[13.487117,45.83864],[13.487278,45.838796],[13.487347,45.83892]]]},"properties":{"prov":"GO","comune_amm":"H531","comune_descr":"RONCHI DEI LEGIONARI","fascia":"R","zona":"R2","zona_descr":"ZONA AGRICOLA - REGIONE AGRARIA 3 - PIANURA","microzona":1,"semestre":"2025/1"}},{"type":"Feature","geometry":{"type":"Polygon","coordinates":[[[13.492681,45.873257],[13.492179,45.873959],[13.492087,45.874071],[13.491902,45.874224],[13.491901,45.874252],[13.492002,45.874315],[13.491843,45.874476],[13.492465,45.874865],[13.492292,45.875031],[13.492268,45.875097],[13.492262,45.875629],[13.491264,45.875977],[13.490456,45.876336],[13.490451,45.876364],[13.490516,45.87641],[13.490441,45.876446],[13.490432,45.876469],[13.49056,45.876656],[13.490457,45.876822],[13.489905,45.876878],[13.489878,45.876902],[13.489811,45.87691],[13.48979,45.876928],[13.489799,45.877031],[13.489971,45.877174],[13.490297,45.877207],[13.490883,45.877226],[13.491078,45.87744],[13.490723,45.87745],[13.489773,45.877577],[13.489337,45.877608],[13.488603,45.87771],[13.488397,45.877699],[13.488367,45.877735],[13.48835,45.877731],[13.488341,45.877694],[13.488121,45.877637],[13.48807,45.877657],[13.488007,45.877751],[13.488041,45.877825],[13.488154,45.87795],[13.488177,45.877954],[13.488115,45.877984],[13.487918,45.877752],[13.487549,45.877615],[13.487462,45.877637],[13.4874,45.877704],[13.487341,45.877734],[13.487134,45.877759],[13.485612,45.877641],[13.485363,45.877587],[13.484104,45.877455],[13.483259,45.877317],[13.483148,45.877287],[13.482296,45.876893],[13.481649,45.876762],[13.480819,45.876667],[13.480675,45.876643],[13.480499,45.876593],[13.480011,45.876417],[13.479578,45.876193],[13.47798,45.875677],[13.477217,45.875403],[13.476816,45.875182],[13.476298,45.874954],[13.475612,45.874765],[13.475836,45.874263],[13.47593,45.874329],[13.475974,45.874323],[13.476843,45.87252],[13.476907,45.872508],[13.478562,45.871518],[13.479217,45.871165],[13.480388,45.87047],[13.481751,45.869864],[13.481764,45.869837],[13.483008,45.86927],[13.483841,45.869849],[13.48369,45.869978],[13.483941,45.870347],[13.484027,45.870318],[13.483972,45.870253],[13.484187,45.870136],[13.484157,45.870093],[13.484186,45.870071],[13.484171,45.870046],[13.484258,45.869963],[13.484419,45.869906],[13.484669,45.869892],[13.484859,45.869841],[13.484979,45.86983],[13.485112,45.869837],[13.485315,45.869913],[13.48582,45.869932],[13.486625,45.869997],[13.486936,45.870001],[13.487676,45.869864],[13.488961,45.869369],[13.489462,45.869865],[13.489431,45.869966],[13.48917,45.870351],[13.489135,45.870452],[13.489335,45.8707],[13.48937,45.870707],[13.490469,45.870279],[13.490759,45.87116],[13.492092,45.872514],[13.489385,45.872868],[13.489364,45.872882],[13.48938,45.872916],[13.489222,45.872934],[13.488981,45.872993],[13.48897,45.873023],[13.489035,45.87306],[13.489168,45.873027],[13.49068,45.872856],[13.490988,45.872862],[13.491729,45.872792],[13.492297,45.872763],[13.492681,45.873257]]]},"properties":{"prov":"GO","comune_amm":"H665","comune_descr":"SAGRADO D`ISONZO","fascia":"B","zona":"B1","zona_descr":"CAPOLUOGO - CENTRO ABITATO","microzona":1,"semestre":"2025/1"}},{"type":"Feature","geometry":{"type":"MultiPolygon","coordinates":[[[[13.513828,45.889288],[13.513977,45.889008],[13.514051,45.888651],[13.513375,45.888229],[13.513195,45.888174],[13.512192,45.887983],[13.512058,45.887974],[13.512046,45.887937],[13.511985,45.88793],[13.511864,45.887986],[13.511252,45.887982],[13.51052,45.887638],[13.510221,45.887548],[13.509209,45.887093],[13.507649,45.886339],[13.506469,45.885492],[13.506526,45.885437],[13.506457,45.885485],[13.506394,45.885486],[13.506211,45.88559],[13.505141,45.886247],[13.505086,45.886217],[13.506267,45.885481],[13.506268,45.885462],[13.506309,45.885429],[13.506903,45.885106],[13.506915,45.885116],[13.506986,45.885074],[13.506962,45.88507],[13.506968,45.885058],[13.507841,45.884584],[13.508096,45.884425],[13.508287,45.884294],[13.508893,45.883795],[13.508974,45.883737],[13.509046,45.883707],[13.509415,45.883393],[13.509825,45.883595],[13.50992,45.883658],[13.510517,45.884167],[13.510673,45.884085],[13.510772,45.884176],[13.51118,45.883967],[13.511324,45.8841],[13.511505,45.884002],[13.511369,45.883876],[13.511552,45.883776],[13.511669,45.883881],[13.511617,45.88391],[13.511676,45.883964],[13.511729,45.883937],[13.511862,45.884061],[13.51196,45.884005],[13.512019,45.884058],[13.511918,45.884111],[13.51207,45.884251],[13.512158,45.884203],[13.513215,45.885163],[13.513809,45.884843],[13.514257,45.885362],[13.514337,45.885485],[13.514375,45.885633],[13.514382,45.885698],[13.514399,45.885663],[13.514326,45.885173],[13.514247,45.885049],[13.514347,45.885005],[13.514717,45.884728],[13.515179,45.884541],[13.515362,45.884391],[13.515509,45.884226],[13.516558,45.884809],[13.516807,45.884593],[13.517093,45.88475],[13.517368,45.884866],[13.517766,45.884885],[13.517949,45.884711],[13.518353,45.885023],[13.518819,45.885007],[13.519508,45.886127],[13.51983,45.886644],[13.520356,45.886538],[13.520483,45.886529],[13.521065,45.886547],[13.521746,45.886717],[13.521738,45.886759],[13.521396,45.887069],[13.521405,45.887119],[13.520896,45.887465],[13.521123,45.887502],[13.521247,45.887585],[13.521268,45.887709],[13.521567,45.888018],[13.521815,45.888184],[13.52218,45.88836],[13.522266,45.88847],[13.522193,45.888653],[13.51963,45.888908],[13.518802,45.888921],[13.518493,45.888841],[13.51839,45.888837],[13.518339,45.888854],[13.518316,45.88882],[13.517812,45.888984],[13.517227,45.888222],[13.517142,45.888141],[13.516979,45.888055],[13.516609,45.887939],[13.516528,45.887952],[13.516511,45.887937],[13.516461,45.887973],[13.51647,45.887981],[13.516551,45.887968],[13.516904,45.888077],[13.517062,45.888154],[13.517141,45.888215],[13.517767,45.889016],[13.518279,45.888847],[13.518304,45.888883],[13.518351,45.888866],[13.518459,45.888866],[13.518779,45.888952],[13.519317,45.888952],[13.519616,45.888943],[13.521194,45.888769],[13.521349,45.88877],[13.521076,45.888933],[13.520722,45.889222],[13.520453,45.889342],[13.520313,45.889514],[13.519833,45.889782],[13.519699,45.889832],[13.519358,45.889923],[13.519185,45.890076],[13.51926,45.890148],[13.519996,45.890597],[13.520332,45.89078],[13.520865,45.891235],[13.52105,45.891272],[13.521296,45.891423],[13.522245,45.891747],[13.523023,45.89198],[13.522596,45.892295],[13.521432,45.891857],[13.521025,45.891919],[13.520937,45.891894],[13.520505,45.891673],[13.520078,45.891486],[13.519045,45.891211],[13.518827,45.891083],[13.518696,45.891188],[13.518708,45.891209],[13.518676,45.891202],[13.51864,45.891257],[13.518662,45.891274],[13.518627,45.891275],[13.518592,45.891333],[13.518612,45.891348],[13.518578,45.891347],[13.518547,45.891403],[13.518564,45.891417],[13.518511,45.891409],[13.518487,45.891396],[13.518521,45.891393],[13.518556,45.89134],[13.518537,45.891321],[13.518566,45.891323],[13.5186,45.891266],[13.518583,45.891251],[13.518611,45.891249],[13.518651,45.891187],[13.518504,45.891101],[13.517897,45.890984],[13.517638,45.890885],[13.517144,45.890659],[13.515475,45.889837],[13.514646,45.889448],[13.514108,45.889171],[13.51409,45.889449],[13.513828,45.889288]]],[[[13.505364,45.884393],[13.50532,45.884473],[13.505248,45.884432],[13.505314,45.884351],[13.503521,45.8829],[13.503453,45.882972],[13.503462,45.883018],[13.503383,45.88296],[13.50358,45.882795],[13.503771,45.882572],[13.503849,45.88236],[13.50388,45.882336],[13.503872,45.882116],[13.503962,45.882111],[13.503961,45.882091],[13.503819,45.8821],[13.503825,45.882323],[13.503791,45.882353],[13.503742,45.882517],[13.503661,45.882641],[13.503506,45.882808],[13.502471,45.881981],[13.502421,45.881909],[13.502298,45.881815],[13.502271,45.881775],[13.502232,45.881795],[13.501676,45.881411],[13.501991,45.8812],[13.500334,45.879992],[13.500567,45.879601],[13.501179,45.879796],[13.501896,45.880097],[13.502133,45.880211],[13.502256,45.880301],[13.502391,45.880263],[13.502423,45.880309],[13.502842,45.880516],[13.503463,45.880964],[13.503798,45.881169],[13.504092,45.881349],[13.504566,45.881542],[13.504455,45.881733],[13.505191,45.881805],[13.506035,45.882019],[13.506448,45.882098],[13.507606,45.882226],[13.507501,45.882856],[13.506715,45.883414],[13.507515,45.882866],[13.507632,45.882247],[13.508239,45.882309],[13.50839,45.882347],[13.508833,45.88234],[13.509198,45.882392],[13.509721,45.88243],[13.50973,45.882395],[13.509843,45.882413],[13.509829,45.882458],[13.509858,45.882462],[13.509874,45.882417],[13.50992,45.882425],[13.509905,45.882469],[13.509938,45.882474],[13.50995,45.88243],[13.510118,45.882456],[13.510106,45.882497],[13.510184,45.882508],[13.510191,45.882476],[13.510244,45.882483],[13.510235,45.882515],[13.510278,45.882501],[13.510366,45.88232],[13.511014,45.8825],[13.511062,45.882429],[13.511167,45.882452],[13.511183,45.882423],[13.511658,45.882568],[13.51162,45.88263],[13.512779,45.882978],[13.513246,45.88316],[13.513628,45.883347],[13.514019,45.883584],[13.514386,45.88385],[13.515124,45.884527],[13.514709,45.884708],[13.514333,45.884969],[13.514238,45.88502],[13.51379,45.884512],[13.513719,45.884548],[13.513197,45.884835],[13.512154,45.883877],[13.512049,45.883928],[13.5119,45.883789],[13.512001,45.883736],[13.511944,45.883685],[13.511848,45.883738],[13.511715,45.883616],[13.511664,45.883643],[13.511604,45.88359],[13.511656,45.883561],[13.511542,45.883454],[13.511359,45.883556],[13.511496,45.88368],[13.511314,45.883777],[13.511171,45.883647],[13.510765,45.88385],[13.510667,45.88376],[13.510511,45.883839],[13.509925,45.883332],[13.509692,45.883193],[13.509422,45.883064],[13.509046,45.883378],[13.508887,45.883469],[13.508224,45.883999],[13.507816,45.884259],[13.506959,45.884727],[13.506941,45.884714],[13.506893,45.884742],[13.506882,45.884731],[13.506244,45.885078],[13.506227,45.885113],[13.50595,45.884892],[13.505972,45.884869],[13.505364,45.884393]]],[[[13.514604,45.883326],[13.514718,45.883343],[13.515277,45.883341],[13.515489,45.883101],[13.515773,45.883224],[13.51587,45.883189],[13.515935,45.883146],[13.516149,45.883119],[13.516333,45.883158],[13.516515,45.883222],[13.516799,45.883256],[13.517138,45.883239],[13.517408,45.883245],[13.517603,45.883289],[13.5181,45.883475],[13.517957,45.883544],[13.51773,45.883766],[13.517552,45.883889],[13.517474,45.883985],[13.51654,45.88478],[13.515508,45.884197],[13.51533,45.884385],[13.515143,45.884524],[13.514694,45.884102],[13.514374,45.883827],[13.514121,45.883638],[13.513521,45.883276],[13.513151,45.883109],[13.512829,45.882987],[13.512972,45.882959],[13.512975,45.882918],[13.513275,45.882817],[13.513536,45.882684],[13.513854,45.882611],[13.51396,45.882704],[13.513989,45.883003],[13.513934,45.883031],[13.513904,45.883073],[13.514109,45.883199],[13.514507,45.883323],[13.514604,45.883326]]]]},"properties":{"prov":"GO","comune_amm":"H665","comune_descr":"SAGRADO D`ISONZO","fascia":"E","zona":"E1","zona_descr":"FRAZIONE POGGIO TERZA ARMATA","microzona":1,"semestre":"2025/1"}},{"type":"Feature","geometry":{"type":"Polygon","coordinates":[[[13.531406,45.876158],[13.531487,45.875902],[13.531676,45.8759],[13.531909,45.87592],[13.531938,45.875904],[13.531941,45.875877],[13.531916,45.875857],[13.531507,45.875837],[13.531703,45.875309],[13.531898,45.875336],[13.532066,45.875319],[13.532069,45.875341],[13.532142,45.875398],[13.532462,45.875385],[13.532511,45.87533],[13.532412,45.874994],[13.532045,45.874891],[13.531533,45.8748],[13.531455,45.874774],[13.531414,45.874741],[13.531556,45.874437],[13.531825,45.874528],[13.531983,45.874541],[13.53201,45.874525],[13.531987,45.874505],[13.531886,45.874496],[13.531621,45.874409],[13.531727,45.874218],[13.531985,45.87352],[13.532337,45.87365],[13.532507,45.873729],[13.532501,45.873775],[13.53255,45.873796],[13.532583,45.87379],[13.532658,45.873696],[13.532649,45.873672],[13.531985,45.873422],[13.532125,45.872997],[13.532549,45.873157],[13.532579,45.873154],[13.532619,45.872982],[13.532684,45.872908],[13.53285,45.872814],[13.532926,45.87274],[13.533043,45.872699],[13.533387,45.872503],[13.533393,45.872742],[13.533566,45.873242],[13.533597,45.873256],[13.533677,45.873247],[13.533787,45.873601],[13.534291,45.873655],[13.53435,45.873518],[13.534656,45.873631],[13.534706,45.873676],[13.534913,45.873636],[13.535004,45.87381],[13.535183,45.873774],[13.535306,45.873706],[13.535411,45.873685],[13.535615,45.873738],[13.536084,45.873772],[13.536355,45.873569],[13.536432,45.873582],[13.53646,45.873575],[13.536814,45.87321],[13.537172,45.87328],[13.536905,45.873659],[13.536927,45.873675],[13.537028,45.873692],[13.537033,45.874026],[13.537609,45.874138],[13.538551,45.874422],[13.538519,45.874802],[13.538856,45.875046],[13.538889,45.875047],[13.539234,45.874869],[13.539229,45.875339],[13.539058,45.875373],[13.538755,45.875465],[13.538662,45.875528],[13.538553,45.875689],[13.538383,45.875806],[13.538184,45.875813],[13.536954,45.87559],[13.536944,45.875611],[13.536961,45.875629],[13.537831,45.875818],[13.538035,45.875848],[13.538312,45.875916],[13.538468,45.875839],[13.538583,45.875749],[13.538739,45.875562],[13.538889,45.875481],[13.538913,45.876413],[13.538063,45.876611],[13.538056,45.876465],[13.537384,45.876197],[13.537595,45.876003],[13.537576,45.875959],[13.537354,45.875795],[13.537317,45.875793],[13.537314,45.875819],[13.537528,45.876008],[13.537206,45.876239],[13.537088,45.876407],[13.536995,45.876469],[13.536935,45.87649],[13.536927,45.876528],[13.53713,45.87657],[13.53725,45.876617],[13.537354,45.876781],[13.537483,45.876892],[13.537517,45.87697],[13.53762,45.877098],[13.537901,45.877341],[13.537255,45.877745],[13.537,45.8778],[13.536734,45.877827],[13.536592,45.877775],[13.5368,45.877553],[13.536817,45.877428],[13.53678,45.877329],[13.536759,45.877317],[13.536312,45.877273],[13.536183,45.877508],[13.536019,45.877482],[13.535987,45.877504],[13.536058,45.877701],[13.536277,45.877869],[13.536261,45.877889],[13.536294,45.877935],[13.536068,45.878021],[13.535691,45.878329],[13.535371,45.878217],[13.535309,45.878246],[13.535301,45.878313],[13.534401,45.87848],[13.534271,45.878417],[13.534151,45.878315],[13.534163,45.878281],[13.533987,45.878211],[13.533864,45.878079],[13.533696,45.878023],[13.533477,45.878246],[13.533052,45.87846],[13.533042,45.87852],[13.532792,45.878719],[13.531986,45.878783],[13.531822,45.878759],[13.531697,45.878656],[13.531651,45.878546],[13.53166,45.87846],[13.531873,45.878288],[13.532068,45.878228],[13.53229,45.878208],[13.53225,45.877925],[13.532728,45.877771],[13.533033,45.877585],[13.53304,45.877566],[13.532985,45.877439],[13.533221,45.877385],[13.53335,45.877334],[13.533377,45.877339],[13.53341,45.877316],[13.533407,45.877128],[13.533343,45.877125],[13.533291,45.877105],[13.533267,45.876808],[13.533373,45.876834],[13.533408,45.876821],[13.533435,45.876745],[13.533425,45.876644],[13.533404,45.876628],[13.533223,45.876603],[13.533,45.87661],[13.533031,45.876413],[13.532939,45.876398],[13.53287,45.876333],[13.532839,45.876328],[13.532718,45.876476],[13.532616,45.876563],[13.532621,45.876601],[13.532399,45.876721],[13.531646,45.87694],[13.531406,45.876158]]]},"properties":{"prov":"GO","comune_amm":"H665","comune_descr":"SAGRADO D`ISONZO","fascia":"E","zona":"E2","zona_descr":"FRAZIONE SAN MARTINO DEL CARSO","microzona":1,"semestre":"2025/1"}},{"type":"Feature","geometry":{"type":"Polygon","coordinates":[[[13.472815,45.875903],[13.471648,45.875414],[13.473717,45.874183],[13.47385,45.874137],[13.474028,45.874176],[13.476837,45.872524],[13.475962,45.874348],[13.475867,45.874283],[13.475824,45.874289],[13.475672,45.874643],[13.476302,45.874816],[13.476789,45.875024],[13.477244,45.875267],[13.479626,45.876064],[13.480036,45.876287],[13.480481,45.87645],[13.480657,45.876506],[13.481759,45.876641],[13.482063,45.876704],[13.482369,45.87679],[13.482978,45.877113],[13.48313,45.877166],[13.484125,45.877346],[13.484789,45.87742],[13.485324,45.877461],[13.485474,45.877492],[13.485458,45.87753],[13.485477,45.877554],[13.487053,45.877781],[13.487326,45.877749],[13.487401,45.87772],[13.487594,45.87754],[13.487636,45.877525],[13.488012,45.877675],[13.488033,45.877714],[13.488071,45.877731],[13.488175,45.877573],[13.488214,45.877561],[13.488451,45.877635],[13.488595,45.877654],[13.488749,45.87765],[13.489414,45.877573],[13.489826,45.877564],[13.49083,45.877471],[13.491124,45.877477],[13.491135,45.877458],[13.49106,45.877232],[13.490409,45.877172],[13.490062,45.877089],[13.489895,45.876941],[13.489887,45.876828],[13.489957,45.876813],[13.489968,45.876793],[13.490555,45.876732],[13.490646,45.876565],[13.490533,45.876386],[13.49062,45.87634],[13.490506,45.876255],[13.491374,45.875879],[13.49258,45.875425],[13.492565,45.875402],[13.492545,45.875403],[13.492232,45.875492],[13.492228,45.874954],[13.492248,45.874889],[13.492415,45.874726],[13.491987,45.874481],[13.491968,45.874477],[13.491932,45.874501],[13.491851,45.874461],[13.491878,45.874426],[13.491862,45.874406],[13.491971,45.874301],[13.491883,45.874235],[13.491953,45.874195],[13.492088,45.874069],[13.492179,45.873958],[13.492676,45.873249],[13.492308,45.872774],[13.492284,45.872764],[13.491729,45.872792],[13.490987,45.872862],[13.490678,45.872856],[13.489335,45.873006],[13.489304,45.872966],[13.491953,45.872614],[13.491955,45.872592],[13.491222,45.871849],[13.491256,45.871792],[13.490733,45.871228],[13.490562,45.870734],[13.491023,45.870574],[13.491036,45.87055],[13.491002,45.870541],[13.490586,45.870662],[13.49048,45.870305],[13.490458,45.87029],[13.489345,45.870706],[13.489142,45.870453],[13.489177,45.870344],[13.489426,45.869973],[13.489453,45.869869],[13.489274,45.869669],[13.488989,45.869392],[13.48896,45.869386],[13.488896,45.869445],[13.48773,45.869895],[13.486988,45.870034],[13.486676,45.870031],[13.485865,45.869968],[13.485375,45.86995],[13.485141,45.869867],[13.484908,45.869874],[13.484709,45.869925],[13.484416,45.869949],[13.484308,45.869992],[13.484219,45.870079],[13.484232,45.870102],[13.484201,45.870128],[13.484233,45.87017],[13.484028,45.870275],[13.484022,45.8703],[13.484075,45.870352],[13.483977,45.870385],[13.483754,45.870051],[13.483727,45.870041],[13.483533,45.870182],[13.483238,45.870305],[13.482515,45.870683],[13.482412,45.870662],[13.483354,45.87019],[13.483594,45.870048],[13.483835,45.869851],[13.483013,45.869268],[13.484477,45.868619],[13.485848,45.868181],[13.486573,45.867996],[13.486641,45.868108],[13.486676,45.868117],[13.492197,45.866415],[13.493693,45.865939],[13.498022,45.867534],[13.496916,45.868017],[13.49647,45.868557],[13.497011,45.868809],[13.497051,45.868806],[13.497085,45.86882],[13.497083,45.868855],[13.49876,45.870063],[13.498833,45.870051],[13.498831,45.870028],[13.497219,45.868835],[13.497217,45.868815],[13.497171,45.868811],[13.496618,45.868549],[13.496792,45.868375],[13.497084,45.868018],[13.498195,45.867555],[13.502089,45.869001],[13.513169,45.859462],[13.515433,45.860765],[13.515517,45.860726],[13.515553,45.860726],[13.515817,45.860556],[13.516149,45.860219],[13.516981,45.86006],[13.517656,45.860642],[13.518155,45.860903],[13.519883,45.861962],[13.520222,45.862471],[13.520577,45.862911],[13.521836,45.863543],[13.522829,45.863652],[13.524523,45.863722],[13.525265,45.863695],[13.526044,45.86385],[13.526084,45.863893],[13.527253,45.863914],[13.527885,45.863983],[13.528641,45.863784],[13.529124,45.863615],[13.529217,45.863557],[13.529534,45.863434],[13.52974,45.863393],[13.53123,45.863462],[13.532107,45.86359],[13.532518,45.863591],[13.532954,45.863455],[13.533959,45.863359],[13.533972,45.863518],[13.534105,45.864058],[13.534125,45.864073],[13.534758,45.863898],[13.534995,45.863859],[13.535627,45.863844],[13.535805,45.863792],[13.536218,45.863732],[13.536553,45.864548],[13.536782,45.865591],[13.536876,45.865802],[13.53687,45.86633],[13.53689,45.866471],[13.537871,45.866539],[13.538214,45.866548],[13.538717,45.866527],[13.539039,45.866545],[13.539537,45.86663],[13.539739,45.866677],[13.54023,45.866869],[13.540425,45.866837],[13.541093,45.867035],[13.541348,45.867074],[13.541691,45.867102],[13.542383,45.867105],[13.543036,45.867127],[13.543265,45.867201],[13.543851,45.867545],[13.543947,45.867655],[13.543758,45.867793],[13.543665,45.867893],[13.543176,45.868079],[13.543162,45.868097],[13.543266,45.869291],[13.543171,45.869902],[13.543352,45.87017],[13.54326,45.87019],[13.543242,45.870214],[13.543402,45.870488],[13.543195,45.870818],[13.543368,45.871255],[13.543674,45.871885],[13.543713,45.872047],[13.543878,45.873377],[13.543894,45.873919],[13.543963,45.874719],[13.544175,45.875163],[13.544352,45.875338],[13.544405,45.875807],[13.54447,45.87583],[13.544595,45.876065],[13.544376,45.876231],[13.544387,45.877144],[13.543684,45.879354],[13.543315,45.880707],[13.542115,45.88371],[13.542009,45.883723],[13.541988,45.883738],[13.541809,45.88436],[13.541781,45.884584],[13.541639,45.884965],[13.541621,45.88537],[13.541307,45.885398],[13.540632,45.885345],[13.540341,45.885199],[13.539981,45.884891],[13.539615,45.8848],[13.539386,45.884867],[13.539104,45.884816],[13.538059,45.884258],[13.53784,45.884086],[13.537459,45.883965],[13.537038,45.88398],[13.535676,45.884232],[13.535271,45.884493],[13.534572,45.884832],[13.533046,45.884659],[13.532874,45.884408],[13.531381,45.884298],[13.529726,45.883913],[13.52893,45.883684],[13.528907,45.883702],[13.528881,45.884018],[13.529284,45.8842],[13.530498,45.88451],[13.531684,45.884791],[13.53239,45.884878],[13.533119,45.884906],[13.533308,45.885168],[13.534806,45.885337],[13.535447,45.885037],[13.535899,45.884748],[13.53669,45.884598],[13.537219,45.884522],[13.537724,45.884491],[13.538146,45.88466],[13.538355,45.884854],[13.53936,45.885415],[13.539608,45.885464],[13.539839,45.8854],[13.540229,45.885506],[13.540556,45.885799],[13.54086,45.885957],[13.541149,45.885991],[13.541179,45.885983],[13.541221,45.886001],[13.541455,45.886028],[13.541786,45.886017],[13.542347,45.88589],[13.542697,45.885754],[13.545002,45.886684],[13.545397,45.886909],[13.545654,45.887347],[13.546192,45.887875],[13.546221,45.887868],[13.546586,45.887532],[13.546643,45.887512],[13.546882,45.887735],[13.546918,45.887739],[13.547551,45.887443],[13.548126,45.887287],[13.549376,45.886809],[13.550631,45.88662],[13.550537,45.889694],[13.551395,45.889665],[13.554218,45.889053],[13.553831,45.889456],[13.553562,45.889998],[13.553496,45.890234],[13.553472,45.891156],[13.553499,45.891489],[13.553629,45.89187],[13.553739,45.892302],[13.553882,45.892672],[13.554107,45.892766],[13.554258,45.892864],[13.554395,45.893035],[13.554811,45.893349],[13.555473,45.89395],[13.5555,45.893957],[13.555769,45.893908],[13.556607,45.893957],[13.556709,45.894058],[13.556881,45.894475],[13.556881,45.894613],[13.556744,45.894778],[13.556819,45.895077],[13.557327,45.895406],[13.557396,45.895478],[13.557507,45.895713],[13.557529,45.89584],[13.557493,45.895957],[13.557185,45.896367],[13.557081,45.896478],[13.556964,45.896748],[13.556706,45.897084],[13.556394,45.897248],[13.55623,45.897303],[13.555978,45.89726],[13.555813,45.897281],[13.555342,45.897273],[13.555018,45.897338],[13.554667,45.897474],[13.554484,45.897709],[13.554382,45.897786],[13.554368,45.897836],[13.554392,45.897852],[13.554392,45.897988],[13.554066,45.898134],[13.553792,45.89847],[13.5534,45.898888],[13.553398,45.898918],[13.552885,45.899484],[13.551855,45.899251],[13.550635,45.899001],[13.549843,45.898885],[13.548908,45.89877],[13.54804,45.898707],[13.547369,45.898693],[13.54426,45.898692],[13.544174,45.898677],[13.543717,45.898706],[13.543911,45.897804],[13.544385,45.896711],[13.544488,45.89636],[13.544861,45.89576],[13.544904,45.895633],[13.544755,45.89523],[13.544446,45.894973],[13.544256,45.8949],[13.543891,45.894837],[13.543656,45.894679],[13.543783,45.894478],[13.543878,45.894416],[13.543914,45.894305],[13.544014,45.894235],[13.544146,45.89391],[13.544106,45.893807],[13.544076,45.893794],[13.543653,45.894174],[13.543687,45.894315],[13.543573,45.894573],[13.543574,45.894617],[13.543466,45.894679],[13.543423,45.894789],[13.543317,45.894883],[13.543213,45.895036],[13.543436,45.895216],[13.543773,45.895268],[13.543876,45.895325],[13.543975,45.895357],[13.544243,45.895569],[13.544365,45.895831],[13.544399,45.895993],[13.544375,45.896085],[13.544005,45.896638],[13.543852,45.897144],[13.543175,45.897091],[13.542335,45.896912],[13.54131,45.89675],[13.540923,45.896646],[13.54044,45.896545],[13.54008,45.89644],[13.539939,45.896385],[13.539638,45.896213],[13.539515,45.896089],[13.539311,45.895447],[13.53928,45.895434],[13.53923,45.895478],[13.539164,45.89561],[13.539381,45.896306],[13.539445,45.89637],[13.539477,45.896356],[13.539495,45.896296],[13.53973,45.896459],[13.540433,45.896704],[13.540758,45.896781],[13.543165,45.897234],[13.543873,45.897273],[13.543353,45.898257],[13.543041,45.899703],[13.542024,45.900185],[13.541164,45.90048],[13.540901,45.900553],[13.540545,45.900629],[13.539768,45.900737],[13.53941,45.900746],[13.538999,45.900721],[13.538704,45.900642],[13.537941,45.900305],[13.537525,45.899957],[13.53715,45.899583],[13.53693,45.899271],[13.53643,45.898696],[13.535251,45.898135],[13.534792,45.897845],[13.534695,45.89772],[13.534578,45.897687],[13.534533,45.897609],[13.534548,45.897343],[13.534533,45.897098],[13.534499,45.896951],[13.534419,45.896759],[13.534375,45.896698],[13.534199,45.896567],[13.533961,45.89644],[13.533652,45.896311],[13.533096,45.896115],[13.531383,45.895302],[13.530086,45.894855],[13.528852,45.894471],[13.528802,45.89437],[13.528771,45.89437],[13.528554,45.894487],[13.52666,45.894515],[13.524928,45.894073],[13.523941,45.893935],[13.52207,45.893371],[13.520682,45.892898],[13.518937,45.892482],[13.517672,45.892302],[13.518437,45.891222],[13.518634,45.891145],[13.51872,45.8912],[13.518858,45.891233],[13.518896,45.891224],[13.519831,45.891455],[13.520278,45.8916],[13.52073,45.891823],[13.520856,45.891859],[13.521341,45.891784],[13.522517,45.892221],[13.522548,45.892218],[13.522944,45.891913],[13.52293,45.891895],[13.521213,45.891348],[13.520956,45.89119],[13.520774,45.891168],[13.520226,45.890738],[13.519855,45.890567],[13.519141,45.890169],[13.519006,45.890001],[13.519306,45.889898],[13.519649,45.889814],[13.51981,45.889755],[13.520289,45.889514],[13.520465,45.889327],[13.520739,45.889228],[13.521121,45.888926],[13.521389,45.888771],[13.522003,45.888703],[13.522021,45.888506],[13.521936,45.888394],[13.521627,45.888225],[13.521327,45.888006],[13.521043,45.887699],[13.520987,45.887557],[13.520874,45.887478],[13.520687,45.887442],[13.521004,45.887049],[13.520987,45.886984],[13.521181,45.886635],[13.521181,45.886583],[13.522228,45.88611],[13.523534,45.885886],[13.524354,45.885378],[13.524418,45.885314],[13.524414,45.885291],[13.524379,45.885291],[13.523681,45.885705],[13.52239,45.885902],[13.521341,45.886352],[13.520702,45.886155],[13.520265,45.886105],[13.519885,45.886169],[13.519187,45.884632],[13.518814,45.884669],[13.518529,45.884495],[13.518351,45.88442],[13.518077,45.884672],[13.517596,45.884669],[13.516989,45.884454],[13.517702,45.883854],[13.51775,45.883778],[13.51796,45.883639],[13.518141,45.883465],[13.518254,45.883417],[13.518264,45.883396],[13.517751,45.883188],[13.517609,45.883158],[13.517247,45.883152],[13.517043,45.883168],[13.51674,45.88313],[13.516532,45.883065],[13.516526,45.882923],[13.519001,45.879766],[13.519391,45.877942],[13.519768,45.87707],[13.520296,45.876875],[13.520935,45.876825],[13.52142,45.876836],[13.521387,45.876549],[13.521004,45.876541],[13.520597,45.876514],[13.519792,45.876624],[13.519595,45.876664],[13.519408,45.876726],[13.519315,45.876985],[13.51929,45.877152],[13.51931,45.877171],[13.519403,45.877145],[13.51905,45.877986],[13.51869,45.879773],[13.516285,45.88288],[13.516288,45.883018],[13.516122,45.882978],[13.515919,45.883005],[13.515717,45.883093],[13.515454,45.882984],[13.515228,45.883203],[13.514682,45.8832],[13.514512,45.883182],[13.514296,45.883106],[13.514099,45.88306],[13.513907,45.882941],[13.513929,45.882891],[13.513985,45.882846],[13.513949,45.882573],[13.513838,45.882475],[13.513541,45.882541],[13.51328,45.882671],[13.512982,45.882788],[13.512962,45.88284],[13.512806,45.882857],[13.511587,45.882493],[13.511581,45.882422],[13.511195,45.882279],[13.511145,45.882299],[13.511048,45.882276],[13.51099,45.882334],[13.510376,45.882185],[13.51031,45.882364],[13.510249,45.882372],[13.510233,45.882332],[13.510205,45.882332],[13.510181,45.882367],[13.510113,45.882356],[13.510113,45.882316],[13.510096,45.882309],[13.509977,45.882296],[13.509937,45.882335],[13.509899,45.882316],[13.509842,45.882319],[13.509823,45.882281],[13.509754,45.882274],[13.509719,45.88229],[13.509303,45.882259],[13.508917,45.882206],[13.508387,45.882211],[13.507726,45.882151],[13.506562,45.882006],[13.505763,45.881831],[13.505278,45.881658],[13.505245,45.881664],[13.505213,45.881693],[13.504891,45.881638],[13.504627,45.881636],[13.50484,45.881471],[13.504844,45.88145],[13.504375,45.881278],[13.503679,45.880892],[13.503127,45.880498],[13.502727,45.880305],[13.502698,45.880267],[13.502601,45.880275],[13.502015,45.879979],[13.501247,45.879702],[13.500781,45.879561],[13.501225,45.878686],[13.501202,45.878667],[13.500936,45.87864],[13.500925,45.878623],[13.501127,45.878421],[13.501195,45.878304],[13.501419,45.878084],[13.501577,45.877762],[13.50159,45.877702],[13.501664,45.877633],[13.501753,45.877471],[13.502293,45.877193],[13.502593,45.87701],[13.502691,45.876731],[13.502699,45.876593],[13.502734,45.87649],[13.502679,45.87638],[13.50269,45.876299],[13.502771,45.876156],[13.502909,45.876004],[13.50307,45.875966],[13.5031,45.875891],[13.503238,45.875867],[13.503744,45.875445],[13.503924,45.875384],[13.504074,45.875294],[13.504207,45.875268],[13.504314,45.875205],[13.504679,45.8751],[13.504776,45.875085],[13.504871,45.875026],[13.505174,45.874951],[13.505342,45.87488],[13.505631,45.874659],[13.505906,45.874577],[13.506016,45.87453],[13.506146,45.874426],[13.506293,45.874376],[13.506394,45.874306],[13.506855,45.874124],[13.507154,45.874054],[13.507212,45.874027],[13.507545,45.873712],[13.508385,45.873147],[13.508899,45.872922],[13.509253,45.872686],[13.510384,45.872051],[13.511128,45.871262],[13.511853,45.871349],[13.512621,45.87134],[13.512693,45.871358],[13.512709,45.871348],[13.512622,45.871209],[13.512653,45.871053],[13.512453,45.870953],[13.511906,45.870976],[13.51138,45.870962],[13.511055,45.870948],[13.510819,45.870901],[13.510923,45.87073],[13.510948,45.87058],[13.511134,45.870189],[13.511218,45.869938],[13.511362,45.869297],[13.511458,45.869079],[13.511651,45.868427],[13.51171,45.867081],[13.511823,45.866827],[13.511799,45.866804],[13.511642,45.866796],[13.511615,45.866807],[13.511434,45.867172],[13.511409,45.867913],[13.511193,45.869135],[13.511101,45.869511],[13.511124,45.869535],[13.511089,45.869751],[13.510968,45.870161],[13.51062,45.871001],[13.510365,45.871339],[13.509877,45.871852],[13.508317,45.872732],[13.507372,45.873308],[13.507166,45.873459],[13.506783,45.87383],[13.506437,45.873918],[13.50595,45.874114],[13.505834,45.874197],[13.505652,45.874246],[13.505514,45.874366],[13.505172,45.874477],[13.504806,45.874739],[13.504683,45.874783],[13.504396,45.874846],[13.504271,45.874918],[13.503798,45.875054],[13.503708,45.875111],[13.503534,45.875162],[13.503398,45.875235],[13.503236,45.87529],[13.502751,45.875703],[13.502587,45.875742],[13.502522,45.875833],[13.502376,45.87587],[13.502184,45.876109],[13.502159,45.876246],[13.502203,45.876363],[13.502161,45.876607],[13.502077,45.876897],[13.501729,45.877104],[13.501231,45.87735],[13.501142,45.877514],[13.50106,45.87761],[13.501037,45.877694],[13.500926,45.87788],[13.500867,45.87804],[13.500736,45.878134],[13.500407,45.878524],[13.500416,45.878548],[13.500448,45.878563],[13.500715,45.878564],[13.500727,45.878587],[13.500046,45.879996],[13.500202,45.880176],[13.500234,45.880166],[13.500337,45.879994],[13.501988,45.881198],[13.501696,45.881399],[13.501695,45.881425],[13.502217,45.881784],[13.502273,45.881779],[13.502514,45.882015],[13.502752,45.882134],[13.503503,45.882806],[13.5035,45.882834],[13.503637,45.882994],[13.503865,45.883179],[13.504221,45.883338],[13.504353,45.883527],[13.504798,45.883935],[13.505311,45.884349],[13.50528,45.884393],[13.505285,45.884416],[13.505339,45.884431],[13.505367,45.884395],[13.505969,45.884867],[13.505976,45.884891],[13.506399,45.88518],[13.507377,45.886126],[13.507991,45.886477],[13.508299,45.886627],[13.508941,45.886904],[13.510029,45.887315],[13.511114,45.887774],[13.511958,45.887824],[13.51226,45.887996],[13.513321,45.888203],[13.514051,45.888651],[13.513954,45.889086],[13.514447,45.889369],[13.517363,45.890873],[13.517548,45.890948],[13.517786,45.890999],[13.51824,45.891062],[13.518356,45.891158],[13.517608,45.892184],[13.516007,45.891771],[13.514179,45.891051],[13.513448,45.890792],[13.512015,45.890237],[13.51133,45.890017],[13.510193,45.88959],[13.509586,45.889307],[13.508966,45.888977],[13.508274,45.888556],[13.507739,45.888201],[13.507252,45.887764],[13.506826,45.887285],[13.506397,45.886872],[13.505919,45.886586],[13.505439,45.886413],[13.505146,45.886249],[13.505362,45.886104],[13.505277,45.886029],[13.503864,45.885273],[13.503133,45.88465],[13.502793,45.884319],[13.502382,45.884035],[13.501924,45.883836],[13.501851,45.883859],[13.501372,45.882902],[13.501342,45.882755],[13.501,45.882495],[13.500329,45.881887],[13.500016,45.881636],[13.49952,45.881139],[13.499475,45.881144],[13.499427,45.881229],[13.49751,45.880614],[13.495927,45.879963],[13.494804,45.879376],[13.494222,45.879109],[13.493673,45.878919],[13.493651,45.878919],[13.493629,45.87895],[13.493556,45.878939],[13.49309,45.878721],[13.492756,45.878612],[13.49251,45.878553],[13.49183,45.878468],[13.491034,45.878437],[13.490736,45.878471],[13.488214,45.878856],[13.48762,45.878907],[13.486926,45.878918],[13.485453,45.878821],[13.485106,45.878785],[13.484084,45.878604],[13.483499,45.878556],[13.481559,45.878248],[13.48052,45.878014],[13.479692,45.877804],[13.477574,45.877227],[13.476345,45.876859],[13.475635,45.876694],[13.474997,45.876636],[13.474368,45.876486],[13.472815,45.875903]],[[13.531491,45.875905],[13.531408,45.876153],[13.531651,45.876933],[13.5324,45.87672],[13.532607,45.876607],[13.532608,45.87657],[13.532717,45.876478],[13.532824,45.87634],[13.532837,45.876135],[13.532892,45.876137],[13.533007,45.876359],[13.533041,45.876376],[13.533033,45.87655],[13.533455,45.876601],[13.533464,45.876811],[13.533323,45.876781],[13.533208,45.87678],[13.533183,45.876792],[13.533308,45.877099],[13.533435,45.877158],[13.533427,45.877335],[13.533312,45.877356],[13.533252,45.87749],[13.532898,45.877698],[13.532552,45.87785],[13.532359,45.877893],[13.532309,45.877921],[13.532379,45.878214],[13.53207,45.878228],[13.531877,45.878287],[13.531663,45.878457],[13.531651,45.878548],[13.531694,45.878651],[13.531818,45.878756],[13.531989,45.878782],[13.53278,45.878723],[13.533038,45.878522],[13.533042,45.878466],[13.533472,45.878248],[13.533687,45.878029],[13.533967,45.878051],[13.533981,45.878141],[13.534039,45.878219],[13.534275,45.878418],[13.534395,45.878477],[13.535285,45.878316],[13.535304,45.878298],[13.535299,45.878193],[13.535341,45.878176],[13.535717,45.878305],[13.536131,45.877974],[13.536246,45.877934],[13.536227,45.87788],[13.536262,45.877862],[13.536261,45.877847],[13.536035,45.877666],[13.536027,45.87754],[13.536174,45.877565],[13.536206,45.877553],[13.536341,45.877266],[13.536773,45.877344],[13.536831,45.877552],[13.536635,45.877822],[13.536784,45.877883],[13.536933,45.877846],[13.537857,45.877336],[13.537861,45.87731],[13.537755,45.87723],[13.537564,45.877035],[13.537268,45.876655],[13.537211,45.876608],[13.537112,45.876559],[13.536916,45.876501],[13.53693,45.876471],[13.537278,45.876284],[13.537381,45.876198],[13.538067,45.876468],[13.538063,45.876585],[13.538081,45.876603],[13.538908,45.876413],[13.538883,45.875503],[13.538849,45.875502],[13.538735,45.875566],[13.538585,45.875747],[13.538464,45.875842],[13.538312,45.875918],[13.538033,45.875848],[13.537831,45.875818],[13.536964,45.875629],[13.536984,45.875586],[13.538181,45.875812],[13.538387,45.875803],[13.538549,45.875692],[13.538663,45.875526],[13.538757,45.875465],[13.539061,45.875372],[13.539225,45.875338],[13.539233,45.874902],[13.539227,45.874889],[13.539192,45.874888],[13.538868,45.875054],[13.538513,45.874797],[13.53855,45.874435],[13.538536,45.874417],[13.537612,45.874139],[13.53698,45.874022],[13.536998,45.873737],[13.536977,45.873718],[13.536871,45.873701],[13.537164,45.8733],[13.537147,45.873275],[13.536816,45.873213],[13.536412,45.873617],[13.536307,45.873596],[13.536095,45.87376],[13.535952,45.873815],[13.535542,45.873733],[13.535405,45.873682],[13.535031,45.873857],[13.534961,45.873671],[13.534725,45.873713],[13.534679,45.873634],[13.534445,45.873545],[13.534409,45.873555],[13.534313,45.87372],[13.533797,45.873592],[13.533695,45.873251],[13.533665,45.873237],[13.533568,45.873248],[13.533393,45.872741],[13.533392,45.872539],[13.533367,45.87252],[13.533042,45.8727],[13.532933,45.872736],[13.532853,45.872813],[13.532683,45.872909],[13.532619,45.872984],[13.532581,45.873169],[13.532156,45.873005],[13.532118,45.873017],[13.53199,45.873421],[13.532688,45.87369],[13.532605,45.873769],[13.532339,45.87365],[13.532014,45.873529],[13.531985,45.873531],[13.531727,45.874217],[13.531629,45.87441],[13.531892,45.874496],[13.532027,45.874509],[13.532294,45.874508],[13.532585,45.874447],[13.532765,45.874433],[13.532731,45.874483],[13.532366,45.87455],[13.531832,45.874529],[13.531582,45.874445],[13.531546,45.874455],[13.531423,45.874749],[13.531537,45.874801],[13.532044,45.874891],[13.532404,45.874994],[13.532527,45.875358],[13.532469,45.875403],[13.53228,45.875406],[13.532105,45.875319],[13.531904,45.875337],[13.531708,45.875314],[13.531519,45.875833],[13.531945,45.875858],[13.531942,45.875919],[13.531678,45.8759],[13.531491,45.875905]]]},"properties":{"prov":"GO","comune_amm":"H665","comune_descr":"SAGRADO D`ISONZO","fascia":"R","zona":"R1","zona_descr":"ZONA AGRICOLA - REGIONE AGRARIA 2 - INTERO TERRITORIO COMUNALE","microzona":1,"semestre":"2025/1"}},{"type":"Feature","geometry":{"type":"Polygon","coordinates":[[[13.432548,45.80929],[13.43376,45.807646],[13.434283,45.807011],[13.434268,45.806984],[13.434189,45.806968],[13.43416,45.806937],[13.434178,45.806861],[13.434248,45.806844],[13.434573,45.806484],[13.442977,45.800641],[13.443189,45.80064],[13.443576,45.801512],[13.444797,45.801777],[13.444794,45.801818],[13.44481,45.801827],[13.446153,45.802085],[13.447403,45.802298],[13.447051,45.802775],[13.447015,45.802858],[13.447027,45.802939],[13.447198,45.803017],[13.447065,45.803214],[13.447016,45.803519],[13.446899,45.803788],[13.446851,45.803855],[13.446328,45.80515],[13.446262,45.80516],[13.446105,45.80566],[13.446114,45.805821],[13.446284,45.805835],[13.446617,45.80591],[13.446373,45.806721],[13.446611,45.806819],[13.446773,45.806914],[13.446903,45.806946],[13.447051,45.806952],[13.446933,45.807013],[13.446875,45.807064],[13.446882,45.807091],[13.44903,45.807928],[13.451049,45.808511],[13.45063,45.809384],[13.450443,45.809652],[13.450474,45.809688],[13.449837,45.810611],[13.450885,45.810886],[13.451275,45.81096],[13.451724,45.811015],[13.45226,45.811104],[13.452697,45.811214],[13.453595,45.811301],[13.453296,45.811618],[13.452881,45.812413],[13.452891,45.812435],[13.45328,45.812612],[13.453235,45.812715],[13.45311,45.81266],[13.453071,45.812675],[13.453077,45.813426],[13.453161,45.813758],[13.452819,45.813838],[13.452765,45.814063],[13.452783,45.814342],[13.453107,45.814353],[13.453291,45.815448],[13.453632,45.816008],[13.453638,45.816065],[13.45352,45.816175],[13.453507,45.816222],[13.453524,45.816293],[13.453661,45.81656],[13.453603,45.81661],[13.453532,45.816788],[13.453266,45.817249],[13.453152,45.81722],[13.45312,45.817227],[13.452701,45.81775],[13.452373,45.817725],[13.452148,45.817728],[13.451795,45.817752],[13.451341,45.817834],[13.45117,45.817826],[13.450942,45.817735],[13.450818,45.817713],[13.450359,45.817739],[13.44918,45.817532],[13.448452,45.817423],[13.447602,45.817215],[13.446981,45.817117],[13.446775,45.817116],[13.446641,45.81713],[13.446472,45.817196],[13.446321,45.817224],[13.445354,45.816964],[13.444887,45.816805],[13.444089,45.816561],[13.444498,45.815772],[13.444462,45.815726],[13.443831,45.81554],[13.442077,45.814947],[13.442042,45.814956],[13.441952,45.815095],[13.441882,45.815279],[13.441759,45.815253],[13.441979,45.814728],[13.442281,45.814322],[13.442346,45.814257],[13.442459,45.814235],[13.442582,45.814167],[13.442727,45.814136],[13.442893,45.813944],[13.442882,45.813919],[13.441427,45.813469],[13.441392,45.813483],[13.441377,45.813596],[13.441324,45.813686],[13.440724,45.81354],[13.440651,45.813496],[13.439214,45.8131],[13.43911,45.812958],[13.439107,45.812872],[13.438981,45.812641],[13.43896,45.812511],[13.43886,45.812439],[13.43761,45.812139],[13.437098,45.812047],[13.43681,45.811904],[13.436497,45.811792],[13.43581,45.811485],[13.435193,45.811169],[13.433825,45.8107],[13.434478,45.809593],[13.434453,45.80958],[13.434201,45.809557],[13.434095,45.80953],[13.433852,45.809421],[13.433787,45.809441],[13.433118,45.809376],[13.432667,45.80935],[13.432548,45.80929]]]},"properties":{"prov":"GO","comune_amm":"H787","comune_descr":"SAN CANZIAN D`ISONZO","fascia":"B","zona":"B1","zona_descr":"CENTRO ABITATO - PIERIS","microzona":1,"semestre":"2025/1"}},{"type":"Feature","geometry":{"type":"MultiPolygon","coordinates":[[[[13.445316,45.801971],[13.445765,45.8008],[13.446369,45.800894],[13.446456,45.800683],[13.447216,45.800821],[13.447238,45.800849],[13.4471,45.801245],[13.447656,45.801351],[13.447686,45.801337],[13.447872,45.800838],[13.448495,45.800946],[13.448652,45.800759],[13.448737,45.800758],[13.448738,45.800895],[13.448754,45.800912],[13.449192,45.801029],[13.44942,45.80106],[13.450518,45.801357],[13.451365,45.801522],[13.451575,45.801538],[13.452499,45.801424],[13.45224,45.800367],[13.452328,45.798173],[13.45238,45.797964],[13.452618,45.797236],[13.452682,45.797123],[13.452782,45.797018],[13.452869,45.796955],[13.453187,45.796835],[13.458451,45.795118],[13.458465,45.795097],[13.458382,45.795057],[13.458353,45.795022],[13.460652,45.794275],[13.460741,45.794369],[13.460825,45.794346],[13.460835,45.794318],[13.460761,45.79424],[13.462482,45.793689],[13.462769,45.793603],[13.462837,45.793614],[13.46293,45.793588],[13.46301,45.79352],[13.463118,45.793305],[13.463059,45.793474],[13.463077,45.793495],[13.463772,45.793259],[13.463789,45.793416],[13.463675,45.7935],[13.463706,45.793517],[13.463906,45.793484],[13.463926,45.793467],[13.463936,45.793252],[13.463958,45.793197],[13.4656,45.79267],[13.466198,45.792419],[13.466345,45.792333],[13.466505,45.792438],[13.466537,45.792441],[13.466645,45.792237],[13.466926,45.791975],[13.468051,45.791307],[13.468978,45.790725],[13.471305,45.789501],[13.47185,45.78911],[13.471961,45.789005],[13.472028,45.788898],[13.472203,45.788542],[13.472982,45.786619],[13.473048,45.786753],[13.472709,45.787577],[13.472732,45.78759],[13.473123,45.787594],[13.472543,45.788968],[13.472365,45.789202],[13.471892,45.789548],[13.471609,45.789732],[13.470604,45.790289],[13.469365,45.790947],[13.468183,45.791648],[13.467212,45.79225],[13.467042,45.792413],[13.46687,45.792614],[13.466796,45.7928],[13.466823,45.792943],[13.466929,45.793108],[13.467053,45.793223],[13.467253,45.79334],[13.467574,45.793452],[13.468635,45.793719],[13.468748,45.793776],[13.468809,45.793849],[13.469179,45.794505],[13.469215,45.794653],[13.469194,45.794848],[13.46916,45.79495],[13.469068,45.795092],[13.468396,45.795418],[13.468403,45.79545],[13.468454,45.795458],[13.468477,45.795448],[13.468699,45.795501],[13.469648,45.795761],[13.470675,45.794593],[13.471135,45.794841],[13.471013,45.795012],[13.471016,45.795031],[13.471269,45.795268],[13.471811,45.79599],[13.471912,45.796029],[13.471899,45.796057],[13.471944,45.796085],[13.471881,45.796213],[13.472019,45.796245],[13.472118,45.796314],[13.472169,45.796406],[13.4722,45.796598],[13.472178,45.796684],[13.472072,45.796869],[13.471975,45.796982],[13.471839,45.797096],[13.47157,45.797262],[13.471253,45.797385],[13.470636,45.797512],[13.470287,45.797606],[13.470293,45.797628],[13.470596,45.797811],[13.47011,45.798304],[13.470201,45.798344],[13.470171,45.798374],[13.470181,45.798401],[13.470452,45.79849],[13.470504,45.798543],[13.470282,45.798775],[13.470413,45.798855],[13.470384,45.798893],[13.470391,45.798918],[13.470587,45.799021],[13.470154,45.799385],[13.470369,45.799582],[13.470378,45.799624],[13.470509,45.799717],[13.470667,45.799801],[13.471178,45.800002],[13.471123,45.800073],[13.471133,45.800098],[13.471339,45.800174],[13.471998,45.80051],[13.471602,45.800977],[13.470862,45.802264],[13.470797,45.802258],[13.470827,45.801359],[13.470809,45.801341],[13.469349,45.801056],[13.467826,45.800804],[13.467843,45.800579],[13.467453,45.800506],[13.467417,45.800518],[13.467044,45.800472],[13.466828,45.800834],[13.467008,45.800865],[13.467042,45.800853],[13.467465,45.800925],[13.467463,45.800979],[13.467348,45.800976],[13.46732,45.800992],[13.467078,45.802363],[13.466467,45.803417],[13.466308,45.803651],[13.466291,45.803706],[13.466271,45.803714],[13.465997,45.803602],[13.465746,45.803449],[13.464876,45.802682],[13.464848,45.802676],[13.464767,45.802748],[13.464732,45.802756],[13.464567,45.802924],[13.464305,45.802792],[13.464275,45.802792],[13.463941,45.803359],[13.463735,45.803602],[13.462799,45.804384],[13.462953,45.804846],[13.463201,45.805373],[13.463263,45.80589],[13.463205,45.805882],[13.46319,45.805902],[13.463244,45.806089],[13.463276,45.806165],[13.463378,45.806251],[13.463448,45.806369],[13.463551,45.806711],[13.463668,45.806877],[13.464024,45.807651],[13.464141,45.807994],[13.464103,45.808071],[13.464222,45.808476],[13.464311,45.808671],[13.464452,45.809346],[13.464424,45.810017],[13.464449,45.810314],[13.464399,45.810514],[13.464566,45.810835],[13.464626,45.811177],[13.464543,45.811402],[13.464565,45.811451],[13.464373,45.8119],[13.46429,45.812554],[13.464211,45.812743],[13.464262,45.813157],[13.464229,45.813478],[13.464238,45.813602],[13.463895,45.814423],[13.463566,45.81474],[13.463483,45.814891],[13.462461,45.814824],[13.462002,45.814826],[13.461979,45.814853],[13.462071,45.815076],[13.462096,45.815089],[13.462865,45.815138],[13.4635,45.81521],[13.463822,45.815267],[13.464411,45.815441],[13.464718,45.815574],[13.465223,45.815877],[13.466241,45.816663],[13.466543,45.81668],[13.466828,45.816669],[13.468072,45.816721],[13.472315,45.816925],[13.472231,45.817056],[13.472185,45.817071],[13.471617,45.818097],[13.471266,45.818644],[13.471094,45.818864],[13.471151,45.818888],[13.471353,45.818915],[13.471836,45.818944],[13.47217,45.818904],[13.47238,45.818857],[13.472684,45.818736],[13.473025,45.818525],[13.473043,45.818536],[13.473043,45.818572],[13.473068,45.818585],[13.473072,45.818758],[13.472879,45.819496],[13.472284,45.819433],[13.472257,45.819443],[13.471781,45.820151],[13.471433,45.820827],[13.471459,45.821034],[13.47145,45.82123],[13.471649,45.821418],[13.471615,45.821582],[13.471403,45.821946],[13.470406,45.821642],[13.469882,45.822418],[13.469765,45.82263],[13.469204,45.824194],[13.468629,45.825979],[13.467789,45.82586],[13.466757,45.82567],[13.466765,45.825436],[13.466745,45.82537],[13.46671,45.825345],[13.465753,45.825241],[13.465721,45.825308],[13.465171,45.825979],[13.465119,45.82595],[13.465087,45.825949],[13.464555,45.826231],[13.464011,45.826471],[13.463547,45.826899],[13.462963,45.827754],[13.462235,45.827421],[13.461976,45.827173],[13.461559,45.826689],[13.461521,45.826602],[13.461335,45.826418],[13.461382,45.82634],[13.461302,45.826246],[13.461346,45.826217],[13.461529,45.82602],[13.461602,45.825915],[13.461896,45.825621],[13.462681,45.82503],[13.46295,45.824876],[13.462384,45.824294],[13.462055,45.824069],[13.462038,45.824023],[13.461853,45.823975],[13.46171,45.823852],[13.461973,45.822572],[13.462365,45.821796],[13.462384,45.821618],[13.460954,45.821164],[13.460443,45.820936],[13.459932,45.820781],[13.459222,45.820593],[13.458117,45.820361],[13.456836,45.820205],[13.456638,45.820168],[13.456299,45.820084],[13.455881,45.819936],[13.455645,45.819874],[13.455245,45.81981],[13.454875,45.819815],[13.454764,45.819511],[13.454102,45.818422],[13.453643,45.817783],[13.453349,45.817447],[13.453313,45.817442],[13.453217,45.817488],[13.453089,45.817186],[13.45308,45.817093],[13.453124,45.816991],[13.452853,45.816468],[13.452718,45.816082],[13.452657,45.815458],[13.452633,45.815439],[13.452608,45.815309],[13.452639,45.815287],[13.452467,45.813467],[13.45255,45.813503],[13.45259,45.813488],[13.452588,45.813229],[13.452609,45.813245],[13.452618,45.813531],[13.453117,45.813757],[13.453153,45.813751],[13.453077,45.813426],[13.453073,45.813021],[13.453055,45.813001],[13.453073,45.812908],[13.45307,45.812646],[13.453171,45.81268],[13.453235,45.812594],[13.452875,45.812425],[13.453296,45.811617],[13.453576,45.811313],[13.453552,45.811298],[13.452696,45.811214],[13.452262,45.811104],[13.451724,45.811015],[13.451275,45.81096],[13.450886,45.810886],[13.449827,45.810614],[13.450314,45.80994],[13.450467,45.8097],[13.450434,45.809665],[13.45063,45.809385],[13.451042,45.808514],[13.449031,45.807928],[13.448837,45.807854],[13.446861,45.807083],[13.446934,45.807012],[13.446995,45.806981],[13.446999,45.806955],[13.446778,45.806916],[13.446555,45.806797],[13.446819,45.805956],[13.446321,45.805853],[13.446283,45.805834],[13.446282,45.805732],[13.446438,45.805176],[13.446503,45.805165],[13.446549,45.805065],[13.446642,45.804797],[13.447149,45.803605],[13.447189,45.803315],[13.447311,45.80313],[13.4473,45.803107],[13.447146,45.803031],[13.44714,45.802957],[13.447178,45.802869],[13.447513,45.802409],[13.445316,45.801971]]],[[[13.476029,45.797838],[13.475932,45.798032],[13.475536,45.798627],[13.475688,45.798676],[13.47589,45.798864],[13.475924,45.798928],[13.475927,45.799106],[13.475674,45.799419],[13.475659,45.799598],[13.475226,45.799798],[13.47512,45.800032],[13.47513,45.800072],[13.47496,45.800433],[13.474658,45.800939],[13.474605,45.800945],[13.474277,45.801342],[13.471813,45.80014],[13.471839,45.800105],[13.471832,45.80008],[13.471501,45.799929],[13.471107,45.799719],[13.471014,45.799606],[13.470829,45.799456],[13.4712,45.79908],[13.471194,45.799055],[13.470976,45.798945],[13.471015,45.79889],[13.470918,45.798827],[13.471103,45.798595],[13.471062,45.798544],[13.470787,45.798455],[13.470815,45.798404],[13.47071,45.79836],[13.47121,45.797868],[13.470803,45.797632],[13.47174,45.797495],[13.471962,45.797428],[13.472193,45.797331],[13.47255,45.797082],[13.472663,45.796947],[13.472755,45.796776],[13.472777,45.796687],[13.472754,45.79649],[13.472703,45.796395],[13.472608,45.796317],[13.472463,45.796278],[13.472531,45.796159],[13.47252,45.796137],[13.472482,45.796121],[13.472497,45.796089],[13.472413,45.796047],[13.471887,45.795285],[13.471619,45.795012],[13.471661,45.795006],[13.471791,45.794838],[13.471308,45.79459],[13.471416,45.794574],[13.471428,45.794591],[13.471924,45.794823],[13.472514,45.795058],[13.473004,45.795326],[13.473025,45.795329],[13.473061,45.795304],[13.473107,45.795327],[13.473098,45.795378],[13.473732,45.79569],[13.47482,45.796297],[13.474849,45.796298],[13.475156,45.796162],[13.47528,45.7962],[13.475104,45.797029],[13.475095,45.797821],[13.475121,45.79784],[13.476029,45.797838]]]]},"properties":{"prov":"GO","comune_amm":"H787","comune_descr":"SAN CANZIAN D`ISONZO","fascia":"D","zona":"D1","zona_descr":"SAN CANZIAN D`ISONZO E FRAZIONE BEGLIANO","microzona":1,"semestre":"2025/1"}},{"type":"Feature","geometry":{"type":"MultiPolygon","coordinates":[[[[13.438543,45.774819],[13.437887,45.776184],[13.437822,45.776248],[13.437789,45.776351],[13.438104,45.776603],[13.438562,45.776922],[13.438047,45.776576],[13.437772,45.776371],[13.437622,45.776327],[13.437327,45.776347],[13.435694,45.776735],[13.435202,45.776948],[13.434764,45.776986],[13.43425,45.77696],[13.433895,45.776753],[13.433757,45.776427],[13.433701,45.776364],[13.433653,45.776359],[13.433504,45.776193],[13.433512,45.776159],[13.433401,45.776087],[13.433236,45.776035],[13.432992,45.776038],[13.431682,45.776242],[13.431213,45.776236],[13.43074,45.776255],[13.430175,45.776255],[13.429901,45.776009],[13.429365,45.775336],[13.429355,45.77527],[13.429404,45.774898],[13.429523,45.774702],[13.429723,45.774501],[13.430192,45.774151],[13.430595,45.7739],[13.430808,45.773804],[13.431155,45.773694],[13.431636,45.773588],[13.432238,45.773662],[13.432522,45.773568],[13.43282,45.773436],[13.43323,45.773218],[13.43344,45.773056],[13.433741,45.772697],[13.433905,45.772406],[13.433955,45.772167],[13.433923,45.772062],[13.433703,45.771817],[13.433309,45.771651],[13.433158,45.771622],[13.432353,45.771539],[13.43179,45.771659],[13.431484,45.77175],[13.430988,45.771924],[13.432039,45.770743],[13.431385,45.770285],[13.431573,45.770277],[13.431759,45.770422],[13.431982,45.770415],[13.43227,45.770602],[13.434292,45.771597],[13.434337,45.771646],[13.434369,45.77164],[13.434392,45.771614],[13.434433,45.771666],[13.434468,45.771812],[13.434587,45.772027],[13.434599,45.772163],[13.434585,45.772317],[13.43462,45.772671],[13.434876,45.772814],[13.434975,45.772822],[13.434966,45.773102],[13.434992,45.77312],[13.435041,45.773121],[13.435044,45.773191],[13.434988,45.773193],[13.434962,45.77321],[13.434955,45.773348],[13.434441,45.773345],[13.434414,45.773363],[13.434412,45.77343],[13.434349,45.773448],[13.43424,45.774508],[13.436609,45.77455],[13.436636,45.774531],[13.436575,45.773607],[13.438147,45.773626],[13.437798,45.774525],[13.4381,45.774944],[13.438543,45.774819]]],[[[13.428579,45.769644],[13.428713,45.767703],[13.428768,45.767539],[13.428813,45.76749],[13.429478,45.767187],[13.429675,45.76729],[13.429808,45.767332],[13.429857,45.767732],[13.429883,45.767749],[13.430016,45.767748],[13.430041,45.767729],[13.429998,45.767368],[13.430475,45.767453],[13.430845,45.767402],[13.430995,45.767319],[13.431119,45.767222],[13.431345,45.766911],[13.431349,45.766644],[13.431208,45.766312],[13.431125,45.765975],[13.43115,45.765732],[13.431116,45.765207],[13.431051,45.765022],[13.430818,45.764624],[13.43067,45.764432],[13.430478,45.764185],[13.430035,45.763709],[13.430132,45.763632],[13.430214,45.763688],[13.430284,45.763648],[13.430597,45.763921],[13.431419,45.764893],[13.431524,45.765212],[13.432238,45.765195],[13.43246,45.765637],[13.435674,45.764534],[13.435703,45.764549],[13.435706,45.764584],[13.435653,45.764565],[13.432712,45.76558],[13.432699,45.765598],[13.432756,45.766232],[13.432078,45.766309],[13.432226,45.766615],[13.432256,45.766628],[13.438484,45.765662],[13.438547,45.765668],[13.4386,45.765631],[13.438801,45.765194],[13.441703,45.764417],[13.441725,45.764466],[13.438897,45.765239],[13.438762,45.765733],[13.438775,45.765793],[13.438836,45.765828],[13.440906,45.766945],[13.441978,45.767498],[13.441892,45.767586],[13.441204,45.767231],[13.441195,45.767206],[13.441017,45.767106],[13.440933,45.767092],[13.440817,45.767111],[13.440706,45.767152],[13.440554,45.767043],[13.440586,45.76698],[13.440583,45.766943],[13.440458,45.766831],[13.440359,45.766804],[13.440242,45.766822],[13.439971,45.766646],[13.439695,45.766406],[13.438484,45.765807],[13.433077,45.766653],[13.433111,45.767974],[13.437914,45.767657],[13.438542,45.768736],[13.438487,45.768753],[13.437886,45.767718],[13.43786,45.767707],[13.433109,45.768044],[13.433127,45.768511],[13.433062,45.768551],[13.433063,45.768631],[13.433093,45.768648],[13.433422,45.768618],[13.433346,45.770892],[13.432388,45.770402],[13.431833,45.770015],[13.431752,45.769983],[13.431567,45.76996],[13.431536,45.769977],[13.431795,45.770173],[13.431602,45.770181],[13.431436,45.77007],[13.42913,45.769813],[13.428734,45.769754],[13.428661,45.769733],[13.428599,45.769694],[13.428579,45.769644]]]]},"properties":{"prov":"GO","comune_amm":"H787","comune_descr":"SAN CANZIAN D`ISONZO","fascia":"E","zona":"E1","zona_descr":"FRAZIONE ISOLA MOROSINI","microzona":1,"semestre":"2025/1"}},{"type":"Feature","geometry":{"type":"MultiPolygon","coordinates":[[[[13.452693,45.801995],[13.452663,45.802008],[13.452658,45.801981],[13.452686,45.801965],[13.452693,45.801995]]],[[[13.440723,45.766994],[13.440754,45.766968],[13.440892,45.767051],[13.440867,45.767074],[13.440807,45.767047],[13.440758,45.767074],[13.440734,45.76706],[13.440762,45.767029],[13.440723,45.766994]]],[[[13.419452,45.757638],[13.419511,45.757419],[13.419692,45.757107],[13.419922,45.756841],[13.419976,45.756719],[13.420111,45.756597],[13.420594,45.75624],[13.420845,45.756012],[13.421073,45.755848],[13.421389,45.75566],[13.421809,45.75545],[13.42221,45.755286],[13.422706,45.755138],[13.423394,45.755018],[13.423903,45.755003],[13.424522,45.755022],[13.42515,45.755075],[13.425626,45.755166],[13.42578,45.755207],[13.426168,45.755349],[13.426851,45.755649],[13.42873,45.756532],[13.431079,45.757817],[13.43212,45.75867],[13.431776,45.758885],[13.431214,45.7593],[13.430889,45.759574],[13.430701,45.75969],[13.429911,45.760702],[13.42988,45.760781],[13.428249,45.76011],[13.4282,45.76007],[13.428181,45.760072],[13.428173,45.760097],[13.428276,45.760211],[13.429007,45.760532],[13.429899,45.760899],[13.430734,45.759842],[13.430924,45.759725],[13.431192,45.759494],[13.431798,45.759044],[13.432264,45.759554],[13.432526,45.759902],[13.433005,45.760625],[13.433256,45.760846],[13.433351,45.760906],[13.43339,45.760904],[13.433373,45.760853],[13.433412,45.760827],[13.433528,45.760876],[13.433572,45.760869],[13.43362,45.760898],[13.433626,45.760917],[13.433664,45.760917],[13.433778,45.760825],[13.433773,45.760799],[13.433735,45.760786],[13.433697,45.760804],[13.433581,45.760741],[13.433545,45.760764],[13.43358,45.760808],[13.433531,45.760822],[13.433225,45.760585],[13.433155,45.760509],[13.4326,45.759666],[13.431983,45.758945],[13.432294,45.758715],[13.432386,45.75879],[13.432592,45.759019],[13.433024,45.75958],[13.433221,45.759934],[13.433443,45.760249],[13.433625,45.760426],[13.433894,45.760545],[13.43438,45.760548],[13.434611,45.760495],[13.435128,45.760201],[13.435417,45.759988],[13.435679,45.759649],[13.435785,45.759542],[13.436822,45.758062],[13.437444,45.757236],[13.437767,45.756774],[13.438114,45.756338],[13.438289,45.756132],[13.438694,45.755733],[13.439075,45.755453],[13.43928,45.755326],[13.43956,45.755206],[13.439786,45.755135],[13.441212,45.754899],[13.442055,45.75478],[13.44356,45.75447],[13.444359,45.754281],[13.445049,45.754095],[13.445791,45.753827],[13.446348,45.75353],[13.44664,45.753329],[13.446827,45.753166],[13.446933,45.752983],[13.446924,45.752961],[13.446831,45.752912],[13.447018,45.752587],[13.44721,45.75209],[13.447375,45.751347],[13.447537,45.750066],[13.447599,45.749765],[13.447815,45.749288],[13.447949,45.74917],[13.448161,45.748769],[13.448328,45.748543],[13.448444,45.748422],[13.448964,45.748096],[13.449254,45.748023],[13.449845,45.747947],[13.45014,45.747975],[13.450972,45.748146],[13.453654,45.748867],[13.454211,45.749043],[13.455475,45.749399],[13.456236,45.749632],[13.458446,45.75019],[13.458787,45.750305],[13.459125,45.750443],[13.459393,45.750622],[13.459586,45.750807],[13.459959,45.751441],[13.460335,45.752017],[13.460633,45.752367],[13.461076,45.75281],[13.461574,45.753246],[13.462118,45.753624],[13.462363,45.753711],[13.462765,45.753883],[13.46298,45.753949],[13.463439,45.754043],[13.463754,45.754145],[13.463961,45.754147],[13.464255,45.754183],[13.464774,45.754191],[13.465265,45.754169],[13.465512,45.754433],[13.465085,45.754922],[13.464769,45.755143],[13.463133,45.756107],[13.460232,45.757718],[13.456697,45.759746],[13.456198,45.760247],[13.456191,45.760264],[13.456218,45.760279],[13.456484,45.760076],[13.456482,45.760045],[13.456622,45.759924],[13.461472,45.757145],[13.463961,45.755779],[13.464723,45.755346],[13.465247,45.755022],[13.465732,45.75452],[13.4655,45.754254],[13.465834,45.754222],[13.466146,45.754218],[13.466668,45.754065],[13.467289,45.753862],[13.467672,45.753696],[13.469225,45.753177],[13.470571,45.752749],[13.470942,45.752593],[13.471264,45.752517],[13.471565,45.75242],[13.47336,45.751979],[13.475881,45.75145],[13.47591,45.751428],[13.476207,45.751364],[13.477323,45.750922],[13.47818,45.75063],[13.478672,45.750348],[13.478842,45.750226],[13.480339,45.749532],[13.481003,45.749191],[13.481348,45.749031],[13.482665,45.748321],[13.484175,45.747344],[13.485187,45.746503],[13.485478,45.746285],[13.485802,45.746082],[13.486081,45.745843],[13.486118,45.745838],[13.487114,45.745078],[13.487371,45.744829],[13.489779,45.742907],[13.489987,45.742702],[13.490325,45.742418],[13.490613,45.742259],[13.491136,45.741805],[13.491662,45.741307],[13.491994,45.741022],[13.492325,45.74064],[13.492547,45.740453],[13.493265,45.739707],[13.493432,45.73949],[13.493738,45.739195],[13.49405,45.738804],[13.494252,45.738605],[13.494738,45.738002],[13.495001,45.737709],[13.495319,45.737267],[13.495501,45.737106],[13.495824,45.736617],[13.496134,45.736251],[13.496456,45.735833],[13.49661,45.735675],[13.49677,45.735419],[13.497025,45.73509],[13.49721,45.734925],[13.497357,45.734746],[13.497673,45.734439],[13.498033,45.734202],[13.498276,45.734109],[13.498769,45.733979],[13.499051,45.733954],[13.499643,45.733935],[13.500053,45.733953],[13.500555,45.734081],[13.500849,45.7342],[13.501186,45.73437],[13.501411,45.734536],[13.501568,45.734747],[13.502014,45.735166],[13.502386,45.735435],[13.502989,45.735823],[13.503363,45.736027],[13.504297,45.736473],[13.504928,45.73673],[13.505207,45.736801],[13.505529,45.736935],[13.506064,45.737047],[13.50695,45.737085],[13.50758,45.737056],[13.509995,45.736779],[13.510839,45.736754],[13.511479,45.736682],[13.5117,45.736674],[13.512652,45.736543],[13.513164,45.736392],[13.513691,45.736305],[13.51488,45.73603],[13.51492,45.736039],[13.516392,45.735554],[13.517077,45.735284],[13.51759,45.735061],[13.518087,45.734882],[13.518397,45.734796],[13.51869,45.734691],[13.518907,45.734636],[13.519274,45.734498],[13.519449,45.734425],[13.520037,45.734095],[13.520478,45.733868],[13.520863,45.733751],[13.521143,45.73358],[13.521567,45.733391],[13.52199,45.733152],[13.522851,45.732795],[13.523476,45.732466],[13.523606,45.732426],[13.524057,45.732227],[13.524843,45.731975],[13.52553,45.731814],[13.525691,45.73181],[13.525972,45.731764],[13.526555,45.731776],[13.52681,45.731841],[13.527207,45.732016],[13.527387,45.732133],[13.527815,45.732543],[13.5282,45.732806],[13.528354,45.732857],[13.528464,45.732982],[13.528793,45.733772],[13.525204,45.73561],[13.522986,45.736954],[13.519624,45.739275],[13.518423,45.740133],[13.517829,45.740589],[13.517826,45.740609],[13.517903,45.74073],[13.514186,45.743586],[13.512431,45.744867],[13.510901,45.745949],[13.510336,45.746373],[13.507413,45.744665],[13.506994,45.744428],[13.506949,45.744431],[13.502801,45.741991],[13.502765,45.741993],[13.502712,45.742036],[13.502717,45.742063],[13.506711,45.744423],[13.506761,45.744414],[13.509361,45.745945],[13.50943,45.746003],[13.51001,45.746369],[13.509259,45.746932],[13.507734,45.747901],[13.506883,45.748236],[13.50418,45.749242],[13.504114,45.7493],[13.502156,45.750572],[13.500681,45.751958],[13.498565,45.754503],[13.49772,45.75571],[13.497312,45.757193],[13.497175,45.759324],[13.497397,45.759739],[13.497652,45.760073],[13.497938,45.760359],[13.498239,45.760367],[13.498273,45.76049],[13.498204,45.760635],[13.498496,45.761313],[13.498874,45.76179],[13.499298,45.762605],[13.499316,45.762966],[13.498839,45.764801],[13.497852,45.765586],[13.497318,45.765691],[13.495816,45.765842],[13.494809,45.765978],[13.493715,45.766044],[13.493692,45.765994],[13.493402,45.765718],[13.494013,45.76538],[13.494632,45.764976],[13.495012,45.764703],[13.495617,45.764143],[13.495749,45.764148],[13.495992,45.763886],[13.496035,45.763898],[13.496052,45.763889],[13.496413,45.763519],[13.496516,45.763384],[13.496506,45.76336],[13.496487,45.763359],[13.496047,45.763788],[13.496038,45.763827],[13.495974,45.763806],[13.495956,45.763814],[13.495736,45.764046],[13.495606,45.76407],[13.495236,45.764386],[13.494544,45.764921],[13.49387,45.765342],[13.493347,45.765625],[13.493237,45.76552],[13.4932,45.765516],[13.492882,45.765698],[13.492879,45.765725],[13.492964,45.765731],[13.491505,45.766598],[13.491497,45.766617],[13.491843,45.767558],[13.491743,45.767694],[13.491528,45.767854],[13.49092,45.767982],[13.490229,45.768081],[13.489837,45.7681],[13.489012,45.768102],[13.488541,45.768027],[13.488277,45.768075],[13.488233,45.768213],[13.488313,45.768467],[13.488492,45.768688],[13.488725,45.768921],[13.489063,45.769207],[13.489451,45.769378],[13.490324,45.769815],[13.490575,45.770006],[13.491039,45.770446],[13.491234,45.770757],[13.491303,45.771091],[13.491305,45.771338],[13.491207,45.771573],[13.491156,45.771792],[13.491028,45.771956],[13.490735,45.772244],[13.490494,45.772557],[13.490296,45.772926],[13.490074,45.773182],[13.489799,45.773315],[13.489592,45.773378],[13.486996,45.77338],[13.482139,45.773749],[13.481612,45.77319],[13.481517,45.773018],[13.481395,45.772659],[13.481357,45.772621],[13.481286,45.772584],[13.481163,45.772576],[13.480916,45.772683],[13.480744,45.772707],[13.480742,45.772729],[13.480803,45.772788],[13.48096,45.773211],[13.481073,45.773376],[13.481202,45.77352],[13.481517,45.77381],[13.481691,45.774008],[13.482377,45.773885],[13.485766,45.773508],[13.489045,45.773498],[13.488937,45.773546],[13.488875,45.773557],[13.487809,45.773608],[13.487073,45.773729],[13.486232,45.773749],[13.485834,45.773717],[13.485351,45.773725],[13.485146,45.773738],[13.484696,45.773828],[13.484502,45.773914],[13.484279,45.774124],[13.483946,45.774159],[13.483771,45.774515],[13.483585,45.774771],[13.483429,45.774843],[13.483395,45.77488],[13.483288,45.775161],[13.483304,45.77528],[13.483266,45.775343],[13.483335,45.775614],[13.48333,45.77583],[13.48341,45.776048],[13.483569,45.776174],[13.483593,45.776426],[13.483573,45.776858],[13.483615,45.77799],[13.483763,45.779877],[13.48372,45.782197],[13.483846,45.782342],[13.48386,45.782567],[13.483784,45.782576],[13.483725,45.782636],[13.48377,45.782757],[13.48382,45.782796],[13.483933,45.782866],[13.484091,45.782931],[13.484757,45.783325],[13.485144,45.783608],[13.485218,45.783671],[13.485595,45.78411],[13.480918,45.786748],[13.480894,45.786818],[13.480845,45.786872],[13.479939,45.787279],[13.479691,45.78741],[13.479568,45.787497],[13.47942,45.787722],[13.479885,45.787926],[13.480292,45.788035],[13.480698,45.788214],[13.481319,45.788523],[13.481501,45.788781],[13.481499,45.788818],[13.481626,45.788959],[13.482006,45.789024],[13.482455,45.788963],[13.482497,45.788982],[13.483788,45.791815],[13.483687,45.791894],[13.484206,45.793529],[13.484178,45.793565],[13.483268,45.793659],[13.48211,45.793435],[13.482009,45.793673],[13.481883,45.793892],[13.483039,45.794462],[13.483157,45.794571],[13.484115,45.796474],[13.484072,45.797331],[13.483996,45.797743],[13.483913,45.79779],[13.483886,45.797886],[13.484064,45.799412],[13.48409,45.799429],[13.484411,45.799429],[13.484446,45.79956],[13.484589,45.800765],[13.484652,45.800908],[13.484631,45.80148],[13.484669,45.801835],[13.484059,45.80195],[13.483759,45.802022],[13.483272,45.802211],[13.483261,45.802234],[13.483292,45.802244],[13.484087,45.802083],[13.484172,45.80219],[13.484089,45.802241],[13.483238,45.802429],[13.482117,45.80286],[13.481461,45.803178],[13.480408,45.803653],[13.48014,45.803825],[13.478405,45.804973],[13.477865,45.805581],[13.476637,45.807225],[13.47659,45.807217],[13.476493,45.807244],[13.476206,45.80767],[13.475727,45.808293],[13.47558,45.80858],[13.475513,45.808771],[13.475326,45.809009],[13.475245,45.809194],[13.474989,45.810552],[13.474918,45.811201],[13.47476,45.812024],[13.47465,45.812115],[13.474664,45.812134],[13.475188,45.812315],[13.475433,45.812376],[13.475447,45.812505],[13.475331,45.813125],[13.47524,45.813413],[13.474999,45.813967],[13.47501,45.813987],[13.475079,45.814019],[13.475062,45.814033],[13.47392,45.81355],[13.473445,45.813377],[13.473412,45.813384],[13.472864,45.813993],[13.473861,45.814418],[13.473897,45.814413],[13.473754,45.814693],[13.47357,45.814982],[13.473364,45.815257],[13.472945,45.815679],[13.472749,45.815927],[13.472696,45.816041],[13.472712,45.816183],[13.472671,45.816317],[13.472277,45.816924],[13.467524,45.816698],[13.466763,45.816667],[13.466543,45.81668],[13.466236,45.816662],[13.465224,45.815879],[13.464721,45.815576],[13.464411,45.815441],[13.463823,45.815268],[13.4635,45.81521],[13.463004,45.815151],[13.463096,45.814985],[13.463396,45.814682],[13.46548,45.814718],[13.465505,45.814705],[13.46561,45.814477],[13.465586,45.814454],[13.463884,45.814436],[13.464237,45.813607],[13.464229,45.813479],[13.464262,45.813157],[13.46421,45.812745],[13.46429,45.812551],[13.464373,45.811899],[13.464564,45.811454],[13.464549,45.811375],[13.464626,45.811171],[13.464566,45.810836],[13.464399,45.810519],[13.464449,45.810313],[13.464424,45.810018],[13.464452,45.809346],[13.464311,45.808672],[13.464222,45.808478],[13.464103,45.808068],[13.46414,45.807991],[13.464024,45.807651],[13.463668,45.806878],[13.463551,45.806713],[13.463448,45.806368],[13.463375,45.806248],[13.463276,45.806166],[13.463182,45.805874],[13.463244,45.805882],[13.463261,45.805863],[13.463201,45.805374],[13.462953,45.804846],[13.462799,45.804381],[13.463734,45.803603],[13.463942,45.803357],[13.464278,45.80278],[13.464565,45.802918],[13.464745,45.802744],[13.464778,45.802736],[13.464856,45.802665],[13.465746,45.803449],[13.465995,45.803601],[13.466258,45.803709],[13.466294,45.803702],[13.466303,45.803658],[13.466467,45.803417],[13.467078,45.802362],[13.467329,45.800975],[13.467461,45.800983],[13.467444,45.801141],[13.467463,45.80116],[13.468359,45.801285],[13.469107,45.80141],[13.470447,45.801667],[13.470454,45.802664],[13.470066,45.803327],[13.470095,45.803339],[13.470276,45.803344],[13.470513,45.803398],[13.470953,45.80269],[13.47101,45.802681],[13.471708,45.801415],[13.472105,45.800793],[13.473117,45.801307],[13.473603,45.801578],[13.473637,45.801577],[13.474091,45.801248],[13.474979,45.801404],[13.475176,45.801407],[13.475241,45.801065],[13.474609,45.800947],[13.474618,45.800933],[13.474665,45.800926],[13.474961,45.800432],[13.475129,45.800075],[13.475115,45.800033],[13.47514,45.800014],[13.475227,45.799794],[13.475657,45.799597],[13.47567,45.799425],[13.475927,45.799105],[13.475924,45.798933],[13.475887,45.798861],[13.475694,45.798681],[13.475618,45.798649],[13.475525,45.798638],[13.475932,45.798031],[13.476017,45.797849],[13.475993,45.797836],[13.475096,45.797836],[13.475104,45.797029],[13.475276,45.796202],[13.475156,45.796164],[13.474831,45.796303],[13.473732,45.79569],[13.473084,45.795372],[13.473102,45.795328],[13.473081,45.795313],[13.473059,45.79531],[13.473024,45.795337],[13.472514,45.795058],[13.471925,45.794824],[13.471416,45.794585],[13.472046,45.793792],[13.471231,45.793561],[13.471262,45.793491],[13.471306,45.793478],[13.472008,45.792298],[13.472232,45.792093],[13.472521,45.791675],[13.47251,45.791652],[13.471877,45.791417],[13.471688,45.791635],[13.471698,45.791659],[13.471859,45.791723],[13.47155,45.792156],[13.471338,45.792352],[13.470646,45.79352],[13.470608,45.793523],[13.470578,45.793585],[13.470595,45.793606],[13.471388,45.79381],[13.470825,45.794534],[13.470636,45.794621],[13.46965,45.795765],[13.468701,45.795501],[13.468497,45.795452],[13.46846,45.795462],[13.468356,45.795438],[13.469062,45.795097],[13.46911,45.795033],[13.469196,45.794846],[13.469215,45.794651],[13.469179,45.794506],[13.468809,45.793848],[13.468749,45.793778],[13.468636,45.79372],[13.467572,45.793452],[13.467254,45.793341],[13.46705,45.793221],[13.466883,45.793047],[13.466806,45.792893],[13.466809,45.792733],[13.466867,45.792616],[13.46721,45.792251],[13.469365,45.790947],[13.470604,45.79029],[13.471607,45.789733],[13.47212,45.790081],[13.471848,45.790337],[13.47176,45.790579],[13.471725,45.79074],[13.471649,45.79088],[13.470822,45.791813],[13.470862,45.791832],[13.470894,45.791826],[13.471207,45.791475],[13.471573,45.791612],[13.471608,45.791606],[13.472299,45.79083],[13.472404,45.790653],[13.472461,45.790426],[13.472532,45.790246],[13.472794,45.789995],[13.472292,45.789634],[13.472861,45.789249],[13.473058,45.789089],[13.473235,45.788859],[13.47382,45.787487],[13.474685,45.787437],[13.474704,45.78743],[13.47471,45.7874],[13.475097,45.787354],[13.475683,45.787236],[13.475927,45.787152],[13.475895,45.787129],[13.475363,45.787207],[13.475347,45.787215],[13.475347,45.787258],[13.474007,45.787288],[13.47438,45.786418],[13.474052,45.785868],[13.473804,45.785775],[13.473674,45.785793],[13.47318,45.785946],[13.472998,45.785919],[13.472836,45.78597],[13.472669,45.785967],[13.472633,45.785866],[13.472649,45.785791],[13.472725,45.785708],[13.472729,45.785657],[13.472673,45.78559],[13.472559,45.785508],[13.472493,45.785488],[13.472321,45.785462],[13.472237,45.785463],[13.472,45.785494],[13.471072,45.785558],[13.470463,45.785194],[13.469771,45.785102],[13.469608,45.785113],[13.469431,45.785188],[13.469227,45.785133],[13.468349,45.784769],[13.468057,45.784725],[13.467561,45.784157],[13.467653,45.78401],[13.467639,45.783726],[13.468011,45.783416],[13.468227,45.783035],[13.468057,45.782799],[13.468457,45.782068],[13.46874,45.781813],[13.46877,45.781748],[13.468758,45.781726],[13.468672,45.781692],[13.46883,45.781327],[13.468556,45.780984],[13.468628,45.780962],[13.468633,45.781013],[13.468688,45.781066],[13.468962,45.781026],[13.469023,45.780923],[13.469,45.780899],[13.468664,45.780887],[13.468131,45.78093],[13.468076,45.780877],[13.468071,45.780845],[13.468038,45.780839],[13.468011,45.780853],[13.468019,45.780891],[13.468178,45.781054],[13.468293,45.781215],[13.468368,45.781528],[13.467906,45.781946],[13.467805,45.782114],[13.467502,45.782671],[13.467668,45.782923],[13.467444,45.78332],[13.467079,45.783625],[13.467077,45.783933],[13.466992,45.78406],[13.467485,45.784643],[13.466608,45.784577],[13.466421,45.784518],[13.466042,45.784459],[13.465649,45.784343],[13.465933,45.783732],[13.466449,45.783246],[13.466442,45.783105],[13.466245,45.783106],[13.465795,45.783065],[13.465809,45.782988],[13.465788,45.782966],[13.45928,45.782365],[13.459185,45.782383],[13.459138,45.782434],[13.458905,45.782888],[13.465052,45.783442],[13.465039,45.783519],[13.46506,45.78354],[13.465471,45.783579],[13.465691,45.783569],[13.465689,45.783724],[13.465186,45.784197],[13.464913,45.784778],[13.464928,45.784801],[13.465325,45.784915],[13.465699,45.784974],[13.465886,45.785032],[13.466769,45.785094],[13.467034,45.785128],[13.467942,45.785505],[13.468117,45.785559],[13.468313,45.785476],[13.468477,45.785464],[13.469161,45.785554],[13.469793,45.785918],[13.470696,45.785849],[13.470913,45.785817],[13.471178,45.785836],[13.471244,45.785855],[13.471358,45.785934],[13.471411,45.785998],[13.471415,45.786049],[13.471339,45.786138],[13.471326,45.786212],[13.471353,45.786292],[13.471377,45.786306],[13.47153,45.786305],[13.471695,45.786254],[13.471793,45.786279],[13.471874,45.786279],[13.472352,45.786119],[13.472482,45.786101],[13.47273,45.786193],[13.472979,45.786618],[13.472203,45.788542],[13.471959,45.789008],[13.471851,45.789108],[13.471308,45.789499],[13.468977,45.790726],[13.468051,45.791307],[13.466928,45.791974],[13.466643,45.79224],[13.466506,45.792515],[13.466505,45.792438],[13.466362,45.792343],[13.466329,45.792343],[13.466202,45.792418],[13.465603,45.79267],[13.463967,45.793194],[13.463936,45.793254],[13.463922,45.793481],[13.463318,45.79358],[13.463094,45.793582],[13.463025,45.793519],[13.462922,45.793591],[13.462831,45.793615],[13.462764,45.793605],[13.462482,45.793688],[13.460784,45.794233],[13.460774,45.794259],[13.460848,45.794338],[13.460739,45.794374],[13.460669,45.794288],[13.460636,45.79428],[13.458376,45.795015],[13.458361,45.795026],[13.458376,45.795053],[13.458491,45.795106],[13.453187,45.796835],[13.452865,45.796958],[13.452785,45.797016],[13.452679,45.797125],[13.452618,45.797235],[13.45238,45.797964],[13.452328,45.798173],[13.452243,45.800397],[13.45259,45.801761],[13.451782,45.801844],[13.451379,45.801819],[13.450762,45.801685],[13.449859,45.801454],[13.44971,45.801401],[13.449471,45.801368],[13.449167,45.801298],[13.448827,45.801171],[13.44902,45.800913],[13.448998,45.800887],[13.448927,45.800897],[13.448836,45.801012],[13.447877,45.800843],[13.447675,45.801353],[13.447092,45.801247],[13.447236,45.800852],[13.447211,45.80082],[13.446479,45.800686],[13.446449,45.800699],[13.446369,45.800899],[13.445791,45.800801],[13.445761,45.800813],[13.44532,45.801955],[13.445338,45.801976],[13.446627,45.802227],[13.446604,45.802287],[13.445224,45.802017],[13.445238,45.801968],[13.445221,45.801945],[13.443838,45.801663],[13.443675,45.800863],[13.4434,45.800859],[13.443239,45.800991],[13.442999,45.800657],[13.442972,45.800648],[13.434574,45.806483],[13.434244,45.806848],[13.434181,45.806863],[13.43416,45.806928],[13.434178,45.806961],[13.434295,45.806995],[13.43376,45.807646],[13.432557,45.809277],[13.432564,45.8093],[13.432661,45.809349],[13.432512,45.809319],[13.432091,45.809191],[13.429436,45.808325],[13.433906,45.80102],[13.434682,45.799809],[13.434659,45.799795],[13.430821,45.799627],[13.437743,45.790777],[13.43892,45.790958],[13.441889,45.790921],[13.443092,45.787922],[13.441925,45.7863],[13.441444,45.786126],[13.440128,45.785815],[13.439684,45.785773],[13.439574,45.785847],[13.439459,45.785861],[13.439292,45.785691],[13.439265,45.785604],[13.438829,45.78509],[13.437766,45.784276],[13.43746,45.783927],[13.435568,45.78228],[13.435577,45.7813],[13.435205,45.780924],[13.434798,45.780551],[13.434628,45.780161],[13.435035,45.779419],[13.4357,45.778932],[13.436747,45.778779],[13.437388,45.778391],[13.438199,45.778184],[13.439896,45.778377],[13.441394,45.778711],[13.441687,45.778637],[13.441702,45.778613],[13.441686,45.778604],[13.441168,45.778492],[13.440658,45.778427],[13.439419,45.778041],[13.439194,45.777569],[13.439447,45.77741],[13.439448,45.777383],[13.439355,45.777322],[13.440557,45.776562],[13.440937,45.776094],[13.441318,45.775697],[13.441984,45.775128],[13.442505,45.774784],[13.442933,45.774607],[13.443187,45.774533],[13.443933,45.774381],[13.444655,45.774264],[13.445419,45.774066],[13.4468,45.7736],[13.446753,45.772862],[13.446792,45.772033],[13.446475,45.771533],[13.446748,45.770256],[13.446908,45.770003],[13.446897,45.769979],[13.446721,45.769915],[13.446817,45.769774],[13.446818,45.769578],[13.446899,45.769337],[13.446737,45.76863],[13.446779,45.768207],[13.44684,45.768001],[13.447032,45.76756],[13.447267,45.767231],[13.447471,45.767014],[13.447721,45.766847],[13.44773,45.766826],[13.446992,45.765459],[13.447544,45.765306],[13.447558,45.765283],[13.446521,45.763255],[13.44858,45.762679],[13.448597,45.762659],[13.448324,45.762503],[13.448298,45.762518],[13.448303,45.762536],[13.446276,45.763136],[13.447349,45.765175],[13.446763,45.765324],[13.446747,45.765347],[13.44748,45.766815],[13.447245,45.766974],[13.447099,45.767118],[13.446808,45.767555],[13.446577,45.768119],[13.44668,45.769299],[13.446659,45.769476],[13.446624,45.769573],[13.446656,45.76974],[13.446608,45.769865],[13.446584,45.769875],[13.446439,45.770099],[13.446163,45.771417],[13.446158,45.771893],[13.446103,45.772629],[13.446149,45.773128],[13.444629,45.773655],[13.443936,45.773817],[13.443147,45.773949],[13.442194,45.774163],[13.441751,45.774345],[13.441588,45.774438],[13.441154,45.774771],[13.440539,45.775295],[13.440172,45.775683],[13.439814,45.776128],[13.438574,45.776915],[13.438104,45.776603],[13.437786,45.77636],[13.437822,45.776246],[13.437889,45.776183],[13.438526,45.774856],[13.438524,45.774842],[13.438491,45.774834],[13.438096,45.77495],[13.438033,45.774837],[13.437826,45.774556],[13.437785,45.774547],[13.438141,45.773638],[13.438117,45.773626],[13.436581,45.773612],[13.436631,45.77455],[13.434234,45.774513],[13.43435,45.773435],[13.434405,45.773426],[13.43442,45.773345],[13.43495,45.773343],[13.434961,45.773196],[13.435015,45.773194],[13.435043,45.773176],[13.435034,45.773125],[13.434966,45.773116],[13.434975,45.772839],[13.434952,45.77282],[13.434878,45.772816],[13.43462,45.772675],[13.434585,45.772317],[13.434599,45.772162],[13.434587,45.772029],[13.434467,45.771809],[13.434414,45.77164],[13.434382,45.771631],[13.434345,45.771665],[13.434289,45.771596],[13.433276,45.771103],[13.433259,45.770391],[13.433315,45.770379],[13.433454,45.770393],[13.433995,45.770273],[13.434612,45.770032],[13.436822,45.769352],[13.437657,45.769075],[13.43825,45.769091],[13.438296,45.768986],[13.438273,45.768973],[13.43778,45.768957],[13.437044,45.769185],[13.434716,45.769854],[13.434101,45.77008],[13.433673,45.770163],[13.433369,45.770179],[13.433421,45.768635],[13.433392,45.768617],[13.433065,45.768647],[13.43306,45.768552],[13.433125,45.768504],[13.433102,45.768043],[13.437878,45.767706],[13.438487,45.768753],[13.438462,45.768834],[13.439937,45.769255],[13.439971,45.769243],[13.43999,45.769177],[13.438549,45.768741],[13.437915,45.767661],[13.433104,45.76798],[13.43307,45.766653],[13.438489,45.765806],[13.439691,45.766404],[13.439974,45.766648],[13.440231,45.766814],[13.440361,45.766804],[13.440456,45.76683],[13.440583,45.766941],[13.440563,45.767049],[13.440691,45.767143],[13.440722,45.767147],[13.440874,45.767094],[13.441014,45.767104],[13.441213,45.767216],[13.441224,45.767241],[13.441891,45.76758],[13.441965,45.767514],[13.441959,45.767488],[13.440906,45.766945],[13.438836,45.765828],[13.438771,45.765791],[13.438762,45.765732],[13.438884,45.765244],[13.441705,45.764472],[13.441711,45.76443],[13.441677,45.76442],[13.438807,45.765193],[13.438599,45.765633],[13.438548,45.765675],[13.438482,45.765662],[13.432234,45.76663],[13.432067,45.766305],[13.432733,45.766238],[13.432754,45.766219],[13.432698,45.76559],[13.432661,45.765574],[13.432454,45.765641],[13.432236,45.765198],[13.431517,45.765217],[13.431513,45.765153],[13.431418,45.764892],[13.430598,45.763922],[13.4303,45.763662],[13.430261,45.763661],[13.430213,45.763696],[13.430138,45.763632],[13.430816,45.763089],[13.430612,45.76276],[13.430579,45.762751],[13.430565,45.762775],[13.430734,45.763062],[13.429943,45.763666],[13.429992,45.763713],[13.430004,45.763752],[13.430146,45.76388],[13.43045,45.764252],[13.430733,45.764636],[13.430935,45.764991],[13.431006,45.765177],[13.431012,45.765786],[13.430994,45.765959],[13.431008,45.766102],[13.431056,45.766273],[13.431203,45.766637],[13.431188,45.766928],[13.431094,45.767075],[13.430963,45.767228],[13.430833,45.767332],[13.430667,45.767421],[13.430317,45.767462],[13.430125,45.767442],[13.429818,45.767375],[13.429795,45.767327],[13.429671,45.767288],[13.429478,45.767191],[13.428812,45.767492],[13.428768,45.767541],[13.428713,45.767703],[13.428579,45.769645],[13.428602,45.769696],[13.428667,45.769735],[13.428736,45.769754],[13.429769,45.769892],[13.431112,45.770034],[13.431417,45.770233],[13.431847,45.770551],[13.430752,45.771658],[13.42935,45.772134],[13.428932,45.772151],[13.428608,45.772105],[13.428309,45.771975],[13.428087,45.771813],[13.427919,45.771662],[13.427452,45.771149],[13.427337,45.771069],[13.427226,45.770929],[13.427173,45.770802],[13.426975,45.770565],[13.426787,45.77044],[13.426577,45.770339],[13.426115,45.770172],[13.425983,45.77016],[13.425935,45.770173],[13.42549,45.770136],[13.425012,45.77001],[13.424581,45.769723],[13.424265,45.769476],[13.424167,45.769386],[13.42409,45.769253],[13.424059,45.76908],[13.424099,45.76859],[13.424244,45.768178],[13.424607,45.767776],[13.424783,45.767512],[13.424831,45.767072],[13.424783,45.766762],[13.424841,45.766569],[13.42495,45.766353],[13.425043,45.766262],[13.425177,45.766081],[13.425385,45.765596],[13.425564,45.765095],[13.425678,45.765029],[13.425708,45.764964],[13.425685,45.76492],[13.425851,45.764675],[13.426083,45.764473],[13.42618,45.764434],[13.4263,45.764414],[13.426429,45.764425],[13.426646,45.764397],[13.426827,45.764406],[13.426963,45.764459],[13.427237,45.764614],[13.427664,45.765033],[13.428291,45.765774],[13.428429,45.766013],[13.428639,45.766159],[13.428956,45.766551],[13.429375,45.766946],[13.429781,45.767153],[13.430204,45.767205],[13.430569,45.76716],[13.430741,45.767043],[13.430895,45.766819],[13.430904,45.766531],[13.430796,45.766111],[13.430726,45.765217],[13.430694,45.765054],[13.430576,45.764817],[13.430359,45.764465],[13.430082,45.764103],[13.429825,45.763821],[13.429256,45.763397],[13.428653,45.762976],[13.428335,45.762713],[13.428204,45.762638],[13.42794,45.762581],[13.427511,45.762633],[13.427149,45.7627],[13.427031,45.762753],[13.426901,45.762874],[13.426155,45.763249],[13.425978,45.763377],[13.425514,45.763644],[13.425216,45.76376],[13.42481,45.763894],[13.42439,45.763997],[13.424032,45.763937],[13.423442,45.763567],[13.423187,45.763327],[13.423032,45.763231],[13.422825,45.763144],[13.422481,45.762964],[13.422294,45.762893],[13.421786,45.761911],[13.421867,45.761711],[13.421908,45.761412],[13.422075,45.761108],[13.422045,45.761081],[13.42211,45.760997],[13.422151,45.76077],[13.422153,45.760537],[13.422072,45.760283],[13.421934,45.760111],[13.421738,45.759941],[13.421605,45.759798],[13.421454,45.759597],[13.42103,45.759141],[13.42091,45.759026],[13.420668,45.758839],[13.419918,45.75814],[13.419572,45.75779],[13.419452,45.757638]]]]},"properties":{"prov":"GO","comune_amm":"H787","comune_descr":"SAN CANZIAN D`ISONZO","fascia":"R","zona":"R1","zona_descr":"ZONA AGRICOLA - REGIONE AGRARIA 3 - INTERO TERRITORIO COMUNALE","microzona":1,"semestre":"2025/1"}},{"type":"Feature","geometry":{"type":"Polygon","coordinates":[[[13.583602,45.980229],[13.583598,45.980107],[13.583626,45.980051],[13.583616,45.979974],[13.583632,45.979905],[13.583758,45.979873],[13.583845,45.979889],[13.584034,45.979823],[13.584088,45.979853],[13.584254,45.980069],[13.584296,45.9801],[13.584378,45.980247],[13.58489,45.980096],[13.584939,45.979377],[13.584827,45.978968],[13.584859,45.978833],[13.585017,45.978644],[13.585022,45.97857],[13.584959,45.978475],[13.584893,45.978437],[13.584815,45.978411],[13.584529,45.978379],[13.584574,45.978325],[13.584559,45.978295],[13.584574,45.978275],[13.584917,45.978269],[13.585115,45.978206],[13.585188,45.978126],[13.585273,45.97798],[13.585285,45.977864],[13.585452,45.978063],[13.585524,45.978231],[13.585699,45.978407],[13.585648,45.978432],[13.585645,45.978465],[13.585528,45.978597],[13.585549,45.978646],[13.585546,45.978725],[13.585509,45.978739],[13.585376,45.979105],[13.585422,45.979134],[13.585521,45.979351],[13.585521,45.979539],[13.585321,45.979665],[13.585315,45.979687],[13.585805,45.97984],[13.586196,45.979929],[13.586265,45.980132],[13.585851,45.980545],[13.585693,45.980753],[13.585701,45.980776],[13.585912,45.980879],[13.585771,45.98116],[13.585795,45.981188],[13.585752,45.981254],[13.585763,45.981278],[13.586178,45.981432],[13.58623,45.981339],[13.586284,45.981327],[13.586378,45.98123],[13.586815,45.981328],[13.587387,45.98154],[13.587424,45.981529],[13.587496,45.981395],[13.587818,45.981454],[13.587921,45.981601],[13.587938,45.981672],[13.587998,45.981679],[13.588014,45.981702],[13.587945,45.981747],[13.587957,45.98178],[13.587977,45.981783],[13.588268,45.981744],[13.588393,45.981703],[13.588377,45.981611],[13.588444,45.981564],[13.588358,45.981329],[13.588577,45.981358],[13.588615,45.981381],[13.589004,45.98133],[13.588951,45.981484],[13.589062,45.981612],[13.58907,45.981697],[13.589133,45.981703],[13.589219,45.98187],[13.589222,45.98193],[13.589125,45.981963],[13.58911,45.981982],[13.589257,45.982564],[13.58924,45.982589],[13.589325,45.98289],[13.589356,45.982904],[13.589594,45.982869],[13.589864,45.983379],[13.590154,45.983343],[13.590273,45.983593],[13.590461,45.983613],[13.590499,45.983633],[13.590579,45.98359],[13.590687,45.983566],[13.590958,45.983448],[13.591084,45.98341],[13.59115,45.983338],[13.591312,45.983278],[13.591355,45.983311],[13.591469,45.983323],[13.591628,45.983385],[13.591824,45.983435],[13.591961,45.983551],[13.592221,45.983906],[13.592292,45.983972],[13.592383,45.983976],[13.592469,45.984019],[13.592795,45.983935],[13.592854,45.983937],[13.592867,45.983863],[13.592994,45.983828],[13.59322,45.983874],[13.59329,45.983854],[13.593524,45.983867],[13.593685,45.983851],[13.593737,45.983999],[13.592899,45.984258],[13.592774,45.984315],[13.592618,45.984337],[13.592452,45.984394],[13.592259,45.984405],[13.59166,45.984486],[13.591105,45.98472],[13.59084,45.984801],[13.590808,45.984745],[13.590774,45.984733],[13.590394,45.984834],[13.59003,45.984891],[13.589714,45.984864],[13.589716,45.984758],[13.589603,45.984667],[13.589441,45.984467],[13.589407,45.984357],[13.589379,45.984343],[13.589355,45.984359],[13.589348,45.984421],[13.589372,45.984546],[13.589533,45.984749],[13.589657,45.984854],[13.589636,45.984953],[13.588939,45.984924],[13.58806,45.984728],[13.587673,45.984542],[13.587583,45.98455],[13.58729,45.984666],[13.586911,45.984855],[13.586578,45.984984],[13.586264,45.985017],[13.58582,45.984974],[13.585565,45.985015],[13.585326,45.985102],[13.584646,45.985456],[13.584238,45.985617],[13.584221,45.98564],[13.584164,45.985648],[13.583858,45.985384],[13.584033,45.985341],[13.584663,45.985066],[13.58491,45.984898],[13.58519,45.984846],[13.585534,45.984746],[13.585482,45.984467],[13.585136,45.984453],[13.584836,45.984084],[13.584778,45.983911],[13.585591,45.983662],[13.585569,45.983552],[13.585464,45.983338],[13.585451,45.983205],[13.585504,45.983059],[13.585674,45.982774],[13.585725,45.982607],[13.585713,45.982582],[13.585177,45.982272],[13.584966,45.982103],[13.584829,45.981943],[13.584738,45.981791],[13.584734,45.98147],[13.584672,45.981233],[13.584496,45.980906],[13.584554,45.98088],[13.584537,45.980822],[13.584501,45.980811],[13.584049,45.98096],[13.583634,45.980368],[13.583627,45.980268],[13.583602,45.980229]]]},"properties":{"prov":"GO","comune_amm":"H845","comune_descr":"SAN FLORIANO DEL COLLIO","fascia":"B","zona":"B1","zona_descr":"CAPOLUOGO - CENTRO ABITATO","microzona":1,"semestre":"2025/1"}},{"type":"Feature","geometry":{"type":"Polygon","coordinates":[[[13.517413,45.962165],[13.517401,45.962107],[13.517428,45.962077],[13.517595,45.962017],[13.51774,45.9619],[13.518033,45.961774],[13.518221,45.961664],[13.518323,45.961482],[13.51866,45.961326],[13.518927,45.961181],[13.51909,45.961147],[13.519187,45.96108],[13.519385,45.960893],[13.519522,45.960716],[13.519504,45.960689],[13.519282,45.960657],[13.519278,45.960561],[13.519348,45.960456],[13.519432,45.960385],[13.519615,45.960385],[13.519676,45.960323],[13.519797,45.96025],[13.519827,45.960211],[13.519797,45.959883],[13.519661,45.959839],[13.519441,45.959827],[13.519359,45.959807],[13.518639,45.959383],[13.518463,45.959262],[13.518378,45.958866],[13.518402,45.958828],[13.518613,45.958663],[13.518811,45.958463],[13.518968,45.958397],[13.519119,45.958388],[13.519197,45.958369],[13.519268,45.958285],[13.519208,45.958136],[13.51933,45.957842],[13.519269,45.957692],[13.519036,45.957473],[13.518738,45.957437],[13.518605,45.957397],[13.518556,45.957258],[13.518563,45.957124],[13.51864,45.957022],[13.518731,45.956707],[13.518927,45.956411],[13.519178,45.956217],[13.51942,45.956118],[13.519628,45.956252],[13.519696,45.956226],[13.519765,45.956153],[13.519764,45.95611],[13.519607,45.955906],[13.519678,45.955748],[13.5197,45.955633],[13.519694,45.955538],[13.519667,45.955483],[13.519626,45.955446],[13.519477,45.955406],[13.519394,45.955408],[13.51926,45.955436],[13.519098,45.955197],[13.519161,45.955075],[13.519184,45.954962],[13.519189,45.95473],[13.519286,45.95464],[13.519351,45.954444],[13.519394,45.954384],[13.519442,45.954345],[13.5195,45.954325],[13.519673,45.954338],[13.519914,45.954227],[13.520102,45.953999],[13.520114,45.953875],[13.520542,45.953892],[13.520633,45.953901],[13.520708,45.953926],[13.521151,45.954111],[13.521294,45.954217],[13.521486,45.954393],[13.521594,45.954429],[13.521728,45.954377],[13.521859,45.954262],[13.522017,45.954284],[13.522128,45.954497],[13.522241,45.954641],[13.52232,45.954927],[13.522383,45.955017],[13.522512,45.955046],[13.52266,45.955009],[13.522706,45.954979],[13.522728,45.954932],[13.522712,45.954897],[13.522492,45.954747],[13.522461,45.954668],[13.522474,45.954608],[13.522542,45.954532],[13.522677,45.954443],[13.522949,45.954331],[13.523167,45.954407],[13.523416,45.954614],[13.523585,45.954716],[13.523882,45.954756],[13.524047,45.954713],[13.524097,45.954682],[13.524107,45.954501],[13.524144,45.954462],[13.524226,45.954459],[13.524476,45.954555],[13.52461,45.954579],[13.524708,45.954615],[13.524845,45.954627],[13.52502,45.954548],[13.525126,45.954461],[13.525354,45.954407],[13.525447,45.954403],[13.525549,45.954432],[13.525743,45.95466],[13.5258,45.954677],[13.526015,45.954573],[13.52626,45.954384],[13.52642,45.954344],[13.526506,45.954409],[13.52658,45.954551],[13.526627,45.954583],[13.526795,45.954626],[13.526908,45.954624],[13.527025,45.954588],[13.527079,45.954533],[13.527077,45.954417],[13.527018,45.954287],[13.527108,45.9542],[13.527181,45.954189],[13.527272,45.954198],[13.527416,45.954266],[13.527448,45.954315],[13.527474,45.95452],[13.527512,45.954588],[13.527562,45.954646],[13.52763,45.954687],[13.527684,45.954693],[13.527762,45.954644],[13.527761,45.954472],[13.527855,45.954392],[13.528029,45.954386],[13.52819,45.95448],[13.528408,45.954544],[13.528697,45.954583],[13.528998,45.954594],[13.529033,45.954272],[13.529099,45.954207],[13.529217,45.954195],[13.529365,45.954203],[13.529615,45.954269],[13.529945,45.954399],[13.530027,45.95439],[13.530146,45.954342],[13.530244,45.95435],[13.53033,45.954406],[13.530367,45.954538],[13.5305,45.954608],[13.530569,45.954663],[13.530612,45.954874],[13.530645,45.954932],[13.530903,45.955086],[13.53092,45.955237],[13.530985,45.955277],[13.531091,45.955285],[13.531117,45.955311],[13.531223,45.955323],[13.53156,45.95545],[13.53193,45.9559],[13.532058,45.955977],[13.532447,45.95601],[13.532862,45.955936],[13.532922,45.955984],[13.532982,45.956113],[13.533068,45.956136],[13.533251,45.956126],[13.53361,45.956194],[13.533762,45.956188],[13.534272,45.956237],[13.534363,45.956232],[13.534462,45.956205],[13.534638,45.956116],[13.534863,45.956054],[13.534977,45.956101],[13.535021,45.95604],[13.534891,45.9559],[13.536311,45.955398],[13.536595,45.955349],[13.537676,45.95525],[13.538531,45.95527],[13.53952,45.955358],[13.539632,45.955378],[13.540062,45.955563],[13.54028,45.955619],[13.540543,45.955661],[13.540885,45.955646],[13.540908,45.955708],[13.540938,45.955722],[13.54214,45.955581],[13.54269,45.955561],[13.542891,45.955574],[13.542906,45.95565],[13.542886,45.955797],[13.542907,45.955855],[13.542982,45.955951],[13.543028,45.955961],[13.543313,45.956284],[13.543532,45.956589],[13.543275,45.958327],[13.543298,45.958346],[13.543327,45.958331],[13.543619,45.956585],[13.543656,45.956642],[13.543733,45.95665],[13.543738,45.956682],[13.544245,45.957337],[13.544345,45.957491],[13.544402,45.957662],[13.544489,45.957745],[13.544747,45.957918],[13.546012,45.957468],[13.546253,45.957313],[13.54633,45.957296],[13.546397,45.957305],[13.546446,45.957333],[13.546541,45.957415],[13.546706,45.957607],[13.546874,45.957859],[13.546924,45.957887],[13.547721,45.957686],[13.54808,45.957621],[13.548689,45.957599],[13.548918,45.957573],[13.54907,45.957587],[13.549294,45.957633],[13.549643,45.957734],[13.549957,45.957749],[13.550038,45.957773],[13.550214,45.957881],[13.550627,45.958008],[13.550734,45.958004],[13.550964,45.957907],[13.551145,45.957866],[13.55125,45.957852],[13.551395,45.957863],[13.552103,45.958132],[13.552371,45.958205],[13.552573,45.958312],[13.552769,45.958348],[13.553924,45.958662],[13.55398,45.958685],[13.554073,45.958758],[13.554162,45.958921],[13.554609,45.95904],[13.554673,45.95907],[13.554769,45.959165],[13.554768,45.959322],[13.554791,45.959363],[13.554935,45.959487],[13.555349,45.959924],[13.555594,45.960123],[13.555688,45.960315],[13.555804,45.960344],[13.555808,45.960386],[13.555646,45.960539],[13.555096,45.960808],[13.55446,45.961225],[13.554019,45.961445],[13.553734,45.96165],[13.553476,45.961872],[13.553474,45.961905],[13.553528,45.961918],[13.553556,45.961911],[13.553698,45.961773],[13.554161,45.961436],[13.554544,45.961241],[13.55524,45.960786],[13.555696,45.960579],[13.555798,45.960512],[13.555933,45.960385],[13.555938,45.960328],[13.556284,45.960201],[13.556674,45.960022],[13.55676,45.959962],[13.557063,45.959941],[13.557207,45.959768],[13.557364,45.959622],[13.557766,45.959496],[13.557995,45.959407],[13.558204,45.959301],[13.558304,45.959289],[13.558376,45.959322],[13.558648,45.959871],[13.558888,45.960038],[13.558917,45.960116],[13.558878,45.960398],[13.558927,45.960589],[13.558922,45.960646],[13.558844,45.960816],[13.558862,45.961303],[13.558805,45.961437],[13.558708,45.961536],[13.558698,45.961593],[13.558761,45.96162],[13.559026,45.961595],[13.559136,45.961605],[13.559195,45.96163],[13.559222,45.96168],[13.559213,45.96176],[13.559158,45.961847],[13.558955,45.962041],[13.55896,45.962096],[13.559095,45.962164],[13.559359,45.962214],[13.559576,45.962194],[13.559791,45.962152],[13.559814,45.962131],[13.559891,45.962156],[13.559881,45.962225],[13.55994,45.962243],[13.560042,45.962335],[13.560043,45.962516],[13.560294,45.962585],[13.560351,45.962725],[13.560358,45.96281],[13.560385,45.962827],[13.56041,45.962809],[13.560409,45.962678],[13.560361,45.96254],[13.560303,45.962508],[13.560103,45.962463],[13.560111,45.962276],[13.560017,45.962187],[13.559949,45.962167],[13.559965,45.962096],[13.559873,45.962062],[13.55993,45.961718],[13.559799,45.961361],[13.559837,45.961082],[13.559917,45.960985],[13.560277,45.960863],[13.560668,45.96078],[13.561032,45.960777],[13.561321,45.960748],[13.561554,45.960708],[13.56182,45.96059],[13.562185,45.960341],[13.562403,45.96017],[13.562865,45.959977],[13.562868,45.959991],[13.562515,45.960275],[13.56252,45.960339],[13.562611,45.96043],[13.56287,45.960608],[13.5635,45.960937],[13.563823,45.961143],[13.563996,45.961282],[13.564357,45.961449],[13.564485,45.961471],[13.564761,45.96172],[13.56492,45.961784],[13.565068,45.961815],[13.565075,45.961881],[13.565115,45.961965],[13.565096,45.962021],[13.565263,45.962263],[13.565276,45.962332],[13.56536,45.962389],[13.565653,45.962661],[13.565846,45.962749],[13.565951,45.962777],[13.56604,45.962828],[13.566571,45.962742],[13.566945,45.96271],[13.567038,45.962688],[13.567424,45.962509],[13.567624,45.962395],[13.567662,45.962392],[13.567806,45.962287],[13.567945,45.962216],[13.568093,45.962168],[13.568238,45.962159],[13.568178,45.962474],[13.568068,45.96276],[13.568118,45.962967],[13.568271,45.963173],[13.568837,45.963552],[13.569097,45.963864],[13.569214,45.963972],[13.569474,45.964107],[13.569634,45.964225],[13.569798,45.964384],[13.570467,45.964795],[13.570562,45.964882],[13.570606,45.965057],[13.570679,45.965128],[13.571048,45.965277],[13.571161,45.965342],[13.57122,45.965349],[13.571256,45.965324],[13.572111,45.965468],[13.572921,45.965731],[13.573059,45.96576],[13.573081,45.965757],[13.57309,45.965734],[13.573029,45.965619],[13.572899,45.965488],[13.572806,45.965221],[13.572781,45.965195],[13.572594,45.965116],[13.572534,45.96506],[13.572349,45.964774],[13.572213,45.964516],[13.572101,45.964437],[13.571913,45.964404],[13.571874,45.964383],[13.571771,45.964265],[13.573139,45.962845],[13.573368,45.96293],[13.573588,45.962985],[13.574051,45.963188],[13.574439,45.96317],[13.574722,45.963228],[13.575166,45.963246],[13.575237,45.963303],[13.57598,45.963695],[13.576016,45.963691],[13.576044,45.963666],[13.576051,45.963583],[13.576859,45.963548],[13.576883,45.963528],[13.576789,45.963132],[13.576658,45.96271],[13.57681,45.962763],[13.576985,45.962864],[13.577156,45.962922],[13.577317,45.962949],[13.577434,45.962947],[13.577518,45.962891],[13.57766,45.962758],[13.577876,45.962691],[13.577934,45.96269],[13.578629,45.962899],[13.578865,45.962878],[13.578892,45.962829],[13.578889,45.962782],[13.579096,45.962572],[13.579061,45.96219],[13.57921,45.961946],[13.579312,45.961846],[13.579807,45.961663],[13.580312,45.961556],[13.580792,45.961379],[13.580862,45.961311],[13.580909,45.961129],[13.58087,45.960556],[13.580818,45.960345],[13.581481,45.96014],[13.581696,45.960095],[13.581893,45.960111],[13.582133,45.960181],[13.582546,45.960248],[13.582684,45.960347],[13.58271,45.960442],[13.582924,45.96069],[13.582904,45.96082],[13.583074,45.961112],[13.583257,45.961195],[13.583474,45.961256],[13.583619,45.96137],[13.583793,45.961388],[13.583944,45.961481],[13.584639,45.961523],[13.585095,45.961449],[13.585185,45.961389],[13.585315,45.961424],[13.58547,45.961339],[13.585589,45.961379],[13.585818,45.961275],[13.58593,45.961293],[13.586077,45.961391],[13.586202,45.961354],[13.586338,45.96126],[13.586532,45.961205],[13.586652,45.961234],[13.586725,45.961272],[13.586782,45.961273],[13.586917,45.961155],[13.587166,45.961121],[13.587255,45.96103],[13.587415,45.960937],[13.587591,45.960885],[13.58777,45.960782],[13.587863,45.960767],[13.587876,45.960745],[13.587827,45.960636],[13.587926,45.960626],[13.58813,45.960689],[13.588298,45.960473],[13.588555,45.960476],[13.588607,45.960363],[13.588712,45.960309],[13.588904,45.960337],[13.589111,45.960339],[13.589137,45.960297],[13.589134,45.960216],[13.589176,45.960174],[13.589236,45.960157],[13.589408,45.960182],[13.589458,45.960174],[13.589637,45.960058],[13.58982,45.960006],[13.589932,45.959945],[13.589988,45.959891],[13.59003,45.959911],[13.590045,45.960062],[13.590092,45.960182],[13.590159,45.960253],[13.59022,45.960263],[13.590282,45.960241],[13.590393,45.960134],[13.590518,45.960098],[13.590664,45.960102],[13.590842,45.96015],[13.590988,45.960223],[13.591029,45.960268],[13.591043,45.960424],[13.591091,45.960483],[13.591209,45.96055],[13.591492,45.960612],[13.591754,45.960706],[13.591938,45.960816],[13.592011,45.96082],[13.592182,45.960741],[13.592316,45.960719],[13.592589,45.960807],[13.592978,45.960833],[13.593633,45.960286],[13.593954,45.960305],[13.5943,45.960266],[13.594767,45.960076],[13.594852,45.960027],[13.594917,45.959954],[13.59492,45.959905],[13.594835,45.959818],[13.594701,45.959734],[13.594699,45.959686],[13.595101,45.959633],[13.595683,45.959512],[13.596358,45.959395],[13.596536,45.959317],[13.596697,45.959148],[13.59705,45.95904],[13.597485,45.95884],[13.597463,45.958987],[13.597285,45.95916],[13.596732,45.959372],[13.596584,45.959473],[13.596415,45.959654],[13.596356,45.95986],[13.596241,45.960035],[13.596026,45.960254],[13.595849,45.96101],[13.596062,45.961346],[13.596193,45.961467],[13.596315,45.961466],[13.596446,45.961681],[13.596427,45.961946],[13.596306,45.962426],[13.596316,45.962508],[13.596494,45.962856],[13.596896,45.963244],[13.597066,45.963586],[13.597573,45.96416],[13.597647,45.964298],[13.597716,45.964477],[13.597693,45.964594],[13.597404,45.964968],[13.597689,45.965533],[13.598273,45.966018],[13.598323,45.966174],[13.598392,45.966698],[13.598593,45.966728],[13.598918,45.966673],[13.599285,45.966817],[13.599401,45.966838],[13.599689,45.966754],[13.599867,45.966765],[13.599901,45.967125],[13.599755,45.967232],[13.599438,45.967026],[13.599403,45.967026],[13.599374,45.967176],[13.599403,45.967287],[13.599273,45.967518],[13.599278,45.967564],[13.59942,45.967608],[13.599482,45.967691],[13.599602,45.967766],[13.599636,45.967814],[13.599652,45.967972],[13.59962,45.968252],[13.599822,45.968312],[13.59995,45.968367],[13.600037,45.968453],[13.600052,45.968489],[13.60005,45.968592],[13.599946,45.968746],[13.599967,45.968874],[13.599892,45.968953],[13.599883,45.968997],[13.599925,45.969066],[13.599951,45.969212],[13.599975,45.969227],[13.60014,45.969237],[13.60025,45.969263],[13.600332,45.969344],[13.600373,45.969419],[13.600327,45.969529],[13.600285,45.969546],[13.600026,45.969573],[13.599999,45.969604],[13.600041,45.969688],[13.600347,45.969827],[13.600378,45.969862],[13.600387,45.969894],[13.600332,45.969967],[13.600169,45.970041],[13.600149,45.970071],[13.600273,45.970262],[13.600276,45.970361],[13.600246,45.970434],[13.600386,45.97052],[13.600792,45.970606],[13.600813,45.970671],[13.600763,45.970814],[13.600826,45.970898],[13.600845,45.970966],[13.600772,45.971082],[13.600791,45.971223],[13.60088,45.971292],[13.601356,45.971497],[13.601398,45.971545],[13.601396,45.971595],[13.601315,45.971806],[13.601432,45.97187],[13.601579,45.971913],[13.601619,45.971961],[13.601596,45.971996],[13.601438,45.972084],[13.601411,45.972239],[13.601474,45.972319],[13.601546,45.97236],[13.601724,45.972397],[13.601764,45.972422],[13.601858,45.972619],[13.601842,45.972696],[13.601683,45.972662],[13.601598,45.972667],[13.601521,45.972695],[13.601491,45.97274],[13.601525,45.972794],[13.601758,45.972885],[13.601862,45.972978],[13.601905,45.973049],[13.601852,45.973268],[13.601857,45.973359],[13.602144,45.973515],[13.602174,45.973549],[13.602098,45.973617],[13.602142,45.974013],[13.60219,45.974051],[13.602371,45.974123],[13.602421,45.974274],[13.60256,45.974501],[13.602801,45.97457],[13.602903,45.974674],[13.602934,45.974659],[13.602941,45.974607],[13.602873,45.974527],[13.603001,45.974574],[13.603359,45.974907],[13.603404,45.974932],[13.603538,45.97493],[13.603908,45.974857],[13.604054,45.974911],[13.604178,45.974998],[13.604181,45.975067],[13.604133,45.975143],[13.603917,45.975187],[13.6039,45.97523],[13.603936,45.97527],[13.604152,45.9754],[13.604418,45.975509],[13.604495,45.975565],[13.604474,45.975773],[13.604496,45.97579],[13.604715,45.975853],[13.604766,45.975884],[13.604871,45.976022],[13.604914,45.976251],[13.604879,45.976358],[13.60478,45.976527],[13.604827,45.976545],[13.605201,45.976553],[13.605359,45.976576],[13.605304,45.976631],[13.605134,45.97667],[13.605107,45.976704],[13.605303,45.976912],[13.60529,45.976948],[13.605199,45.976986],[13.605268,45.97707],[13.605233,45.977111],[13.60523,45.977148],[13.605407,45.977231],[13.605459,45.977316],[13.605459,45.97738],[13.605423,45.977481],[13.605341,45.977645],[13.605326,45.977871],[13.605409,45.977943],[13.605652,45.977987],[13.605705,45.978007],[13.605716,45.978035],[13.605646,45.978051],[13.605627,45.978071],[13.605666,45.978124],[13.605666,45.97817],[13.605475,45.978198],[13.60546,45.978226],[13.60546,45.978456],[13.60544,45.978521],[13.605404,45.978562],[13.605349,45.978592],[13.605152,45.978641],[13.604969,45.978664],[13.604718,45.978721],[13.60461,45.978774],[13.604602,45.978815],[13.604682,45.978906],[13.604701,45.978958],[13.604528,45.979082],[13.604488,45.979155],[13.604581,45.979262],[13.604602,45.979331],[13.604442,45.979364],[13.60438,45.979393],[13.604356,45.979521],[13.604222,45.979719],[13.604321,45.979831],[13.604352,45.980014],[13.604267,45.980133],[13.604189,45.980169],[13.60406,45.980174],[13.604014,45.98029],[13.603698,45.980423],[13.603493,45.980487],[13.603454,45.980516],[13.603428,45.980598],[13.603472,45.980629],[13.603544,45.980643],[13.603555,45.980701],[13.603042,45.981012],[13.602951,45.981104],[13.602901,45.981244],[13.602804,45.981269],[13.602475,45.981297],[13.602098,45.98126],[13.601861,45.981281],[13.601547,45.981224],[13.601539,45.981258],[13.60133,45.981349],[13.601114,45.981508],[13.601032,45.981544],[13.600444,45.981665],[13.600189,45.98176],[13.600068,45.981827],[13.599954,45.981989],[13.599886,45.982034],[13.599802,45.982059],[13.599588,45.982041],[13.599558,45.98206],[13.599562,45.982102],[13.599481,45.982101],[13.599417,45.98213],[13.599423,45.982208],[13.599593,45.982376],[13.599592,45.982495],[13.599662,45.982602],[13.599663,45.982658],[13.599588,45.982741],[13.599609,45.982838],[13.599822,45.983128],[13.600041,45.983359],[13.600109,45.983519],[13.599533,45.983654],[13.599517,45.983676],[13.599554,45.98375],[13.599532,45.983777],[13.59958,45.983859],[13.599982,45.984051],[13.600009,45.984201],[13.600026,45.984216],[13.600221,45.98426],[13.600781,45.984248],[13.601026,45.984365],[13.601143,45.984505],[13.601337,45.984636],[13.60152,45.984736],[13.601767,45.984782],[13.601933,45.984835],[13.602096,45.984956],[13.602656,45.985114],[13.602965,45.98541],[13.603268,45.985658],[13.603571,45.986024],[13.60369,45.986096],[13.604035,45.986195],[13.604092,45.986251],[13.604289,45.986193],[13.604508,45.986078],[13.604699,45.986076],[13.604765,45.986065],[13.604819,45.986037],[13.604845,45.985991],[13.604841,45.985935],[13.60475,45.985683],[13.60475,45.985592],[13.60477,45.985549],[13.604922,45.985432],[13.605056,45.985361],[13.605578,45.985219],[13.605729,45.985195],[13.605891,45.985196],[13.606337,45.985239],[13.606416,45.985201],[13.606459,45.98524],[13.60578,45.985686],[13.605664,45.985901],[13.605608,45.985966],[13.604804,45.98658],[13.604657,45.986727],[13.604335,45.986548],[13.604195,45.986444],[13.604126,45.986452],[13.604146,45.986535],[13.604179,45.986575],[13.60436,45.986704],[13.604381,45.986778],[13.604368,45.986857],[13.604169,45.987069],[13.603774,45.987292],[13.603462,45.98735],[13.603304,45.987481],[13.603198,45.987518],[13.603056,45.98756],[13.602775,45.987549],[13.602689,45.987678],[13.602463,45.987598],[13.602294,45.987515],[13.602158,45.987489],[13.602071,45.987536],[13.601985,45.987649],[13.601859,45.987726],[13.60164,45.987719],[13.601354,45.987777],[13.600976,45.98778],[13.600774,45.987758],[13.600582,45.987612],[13.600462,45.98758],[13.600287,45.987596],[13.599848,45.987691],[13.599501,45.987729],[13.599307,45.987803],[13.599154,45.987793],[13.598957,45.987722],[13.598884,45.987727],[13.598548,45.987866],[13.598444,45.987938],[13.598405,45.987998],[13.598306,45.988059],[13.598174,45.988102],[13.597959,45.988126],[13.597854,45.988257],[13.597616,45.988402],[13.59735,45.988495],[13.597133,45.988547],[13.596877,45.988522],[13.596609,45.988556],[13.596433,45.988621],[13.596319,45.988699],[13.595861,45.988679],[13.595683,45.988691],[13.595467,45.988744],[13.595013,45.988904],[13.594495,45.989061],[13.594279,45.98917],[13.593914,45.989263],[13.593867,45.989287],[13.593576,45.989548],[13.593398,45.989647],[13.593281,45.989646],[13.593223,45.989624],[13.593182,45.989588],[13.593139,45.989505],[13.593064,45.989473],[13.592954,45.989502],[13.592859,45.989578],[13.592606,45.989624],[13.592203,45.989622],[13.59169,45.989559],[13.591468,45.989561],[13.591126,45.989716],[13.590977,45.989833],[13.590811,45.989804],[13.590732,45.989819],[13.590612,45.990028],[13.590518,45.99006],[13.590429,45.990023],[13.590239,45.989759],[13.590149,45.989683],[13.589824,45.98961],[13.589667,45.989554],[13.589367,45.989369],[13.58908,45.989085],[13.588949,45.988744],[13.588863,45.988647],[13.588831,45.988657],[13.588761,45.988773],[13.588704,45.988807],[13.588648,45.988782],[13.588456,45.988596],[13.588314,45.988532],[13.587329,45.988626],[13.587077,45.98862],[13.586711,45.988578],[13.585803,45.988564],[13.584699,45.988365],[13.584657,45.988254],[13.584546,45.988167],[13.585067,45.987449],[13.585528,45.986851],[13.585513,45.986758],[13.585539,45.986734],[13.58552,45.98666],[13.585091,45.98655],[13.584651,45.986116],[13.584232,45.985927],[13.583964,45.985914],[13.58365,45.985867],[13.583176,45.98593],[13.582941,45.985752],[13.582625,45.985595],[13.582246,45.98549],[13.582136,45.985201],[13.581996,45.985015],[13.581946,45.98498],[13.581829,45.984944],[13.581535,45.984905],[13.581445,45.984857],[13.581299,45.98459],[13.58102,45.984326],[13.580963,45.98407],[13.580827,45.984062],[13.580446,45.984082],[13.580223,45.984063],[13.57945,45.98374],[13.579238,45.983732],[13.57903,45.983751],[13.578919,45.983731],[13.57872,45.983654],[13.578571,45.983567],[13.578432,45.983482],[13.578239,45.98333],[13.578017,45.983323],[13.577855,45.98321],[13.577808,45.98311],[13.577566,45.98312],[13.577511,45.983112],[13.577452,45.983078],[13.577385,45.98286],[13.577291,45.982777],[13.577227,45.982683],[13.577269,45.982412],[13.577249,45.982327],[13.57718,45.982229],[13.577075,45.982148],[13.576984,45.982106],[13.576964,45.982075],[13.576987,45.981931],[13.576829,45.981553],[13.576855,45.981499],[13.576958,45.981401],[13.576957,45.981362],[13.57688,45.981311],[13.576732,45.981299],[13.576543,45.981111],[13.576273,45.981089],[13.576229,45.981023],[13.576291,45.980879],[13.576457,45.980768],[13.576473,45.980731],[13.576427,45.980387],[13.576386,45.98034],[13.576251,45.980282],[13.576236,45.98025],[13.57627,45.980002],[13.576308,45.979925],[13.576425,45.979821],[13.576436,45.97977],[13.576395,45.97955],[13.576246,45.979284],[13.576255,45.979212],[13.576342,45.979021],[13.576334,45.97889],[13.57631,45.978849],[13.576107,45.978677],[13.576073,45.978607],[13.576049,45.978476],[13.576095,45.978382],[13.576188,45.978342],[13.576329,45.978309],[13.576443,45.978259],[13.576478,45.978225],[13.5763,45.977813],[13.576097,45.97764],[13.575902,45.977402],[13.575862,45.977212],[13.575851,45.976924],[13.57581,45.976668],[13.575744,45.976568],[13.575671,45.976365],[13.575609,45.976253],[13.575425,45.97611],[13.575249,45.975774],[13.57516,45.975713],[13.575056,45.97569],[13.574992,45.97571],[13.57495,45.97576],[13.574903,45.975763],[13.57483,45.975697],[13.574713,45.975524],[13.574551,45.975358],[13.574441,45.975322],[13.574289,45.975302],[13.574277,45.975256],[13.574408,45.975081],[13.574411,45.975025],[13.574366,45.974961],[13.574105,45.974804],[13.573638,45.974348],[13.573178,45.974036],[13.572808,45.97374],[13.572542,45.973575],[13.572498,45.973496],[13.572417,45.973409],[13.572441,45.973286],[13.572403,45.973238],[13.572323,45.973203],[13.572216,45.973197],[13.572139,45.973204],[13.571936,45.973258],[13.57179,45.973238],[13.571405,45.973108],[13.571268,45.973026],[13.571147,45.972876],[13.570917,45.972728],[13.570889,45.972675],[13.570911,45.972515],[13.570883,45.972426],[13.570784,45.972345],[13.570653,45.972289],[13.570505,45.972258],[13.570443,45.972212],[13.570381,45.971882],[13.570307,45.971743],[13.56947,45.970869],[13.56936,45.970713],[13.569189,45.970594],[13.569103,45.970469],[13.569052,45.970306],[13.568976,45.970179],[13.568869,45.970168],[13.568599,45.970215],[13.568423,45.970162],[13.568299,45.970094],[13.568317,45.970048],[13.56848,45.969998],[13.568578,45.969927],[13.568696,45.969717],[13.568672,45.969688],[13.568463,45.968877],[13.568389,45.968722],[13.567648,45.968499],[13.567266,45.968578],[13.566629,45.968834],[13.565338,45.969106],[13.565187,45.969072],[13.564828,45.968953],[13.564165,45.969124],[13.563549,45.969331],[13.563535,45.969351],[13.563557,45.969424],[13.562961,45.969627],[13.562509,45.969762],[13.561572,45.969886],[13.56135,45.969991],[13.561036,45.969924],[13.560703,45.969884],[13.560204,45.969708],[13.559873,45.969667],[13.559384,45.969743],[13.55819,45.969886],[13.557561,45.970032],[13.556817,45.970175],[13.555917,45.97028],[13.555279,45.970418],[13.554633,45.970496],[13.554399,45.970491],[13.553615,45.970425],[13.553202,45.970491],[13.552639,45.970507],[13.551942,45.970594],[13.55158,45.970601],[13.550626,45.97045],[13.550341,45.970469],[13.549811,45.970321],[13.549528,45.970418],[13.548812,45.969864],[13.548173,45.970069],[13.547791,45.969647],[13.547501,45.969289],[13.547144,45.969035],[13.546933,45.96868],[13.546737,45.968093],[13.546761,45.967756],[13.546618,45.96721],[13.546373,45.966557],[13.546033,45.966151],[13.545527,45.965646],[13.544779,45.96548],[13.544812,45.96531],[13.544849,45.965292],[13.545402,45.962468],[13.545397,45.962455],[13.545351,45.962444],[13.545322,45.962459],[13.544779,45.965218],[13.54474,45.965236],[13.544708,45.965382],[13.543949,45.965108],[13.543353,45.96498],[13.542504,45.964905],[13.542308,45.964824],[13.54216,45.964786],[13.541702,45.964795],[13.540891,45.964912],[13.540019,45.965066],[13.539513,45.965203],[13.539275,45.965028],[13.539113,45.964869],[13.538555,45.964624],[13.538429,45.964512],[13.538402,45.964506],[13.538293,45.964596],[13.538232,45.964626],[13.538201,45.96468],[13.538344,45.96497],[13.538591,45.965188],[13.538876,45.965259],[13.539266,45.965564],[13.53885,45.965743],[13.538679,45.965847],[13.538372,45.965946],[13.537702,45.966027],[13.537149,45.966151],[13.536801,45.966162],[13.536078,45.966057],[13.535231,45.96588],[13.535404,45.965667],[13.5354,45.965646],[13.53536,45.965638],[13.534954,45.965701],[13.534423,45.965743],[13.53407,45.965828],[13.532333,45.966097],[13.531561,45.96623],[13.531078,45.966249],[13.530598,45.966184],[13.530133,45.966332],[13.529869,45.966492],[13.529422,45.966675],[13.528957,45.966814],[13.528595,45.966792],[13.528329,45.966879],[13.528068,45.96704],[13.527871,45.967437],[13.527591,45.968464],[13.527613,45.968911],[13.527867,45.969747],[13.527763,45.970401],[13.527358,45.97129],[13.526811,45.972237],[13.526703,45.972336],[13.526607,45.972515],[13.526467,45.972349],[13.526305,45.972027],[13.526206,45.971993],[13.525918,45.971937],[13.525768,45.971882],[13.525769,45.971845],[13.525829,45.971769],[13.525977,45.971639],[13.526078,45.971515],[13.526076,45.971441],[13.525981,45.971187],[13.525975,45.971064],[13.526013,45.970983],[13.526101,45.970903],[13.5264,45.970789],[13.526484,45.970664],[13.526544,45.970343],[13.526485,45.970223],[13.52611,45.969857],[13.526009,45.969734],[13.525754,45.969603],[13.525511,45.969454],[13.52539,45.96931],[13.525294,45.969116],[13.525223,45.969072],[13.524891,45.968974],[13.524784,45.968924],[13.524532,45.968748],[13.524258,45.968647],[13.523937,45.968496],[13.523775,45.968443],[13.523723,45.968382],[13.523631,45.9682],[13.523553,45.968115],[13.523495,45.967907],[13.523425,45.967824],[13.52313,45.967654],[13.522853,45.967421],[13.522558,45.967343],[13.522469,45.9673],[13.522246,45.967104],[13.522111,45.967053],[13.521938,45.966947],[13.521907,45.966905],[13.521895,45.966779],[13.52184,45.966678],[13.521856,45.966445],[13.521664,45.966201],[13.521645,45.966121],[13.521652,45.966049],[13.521755,45.965817],[13.521773,45.965723],[13.521765,45.965624],[13.521653,45.965343],[13.521519,45.965216],[13.521349,45.96514],[13.521109,45.965138],[13.520843,45.965183],[13.520702,45.965087],[13.520453,45.964972],[13.520308,45.964688],[13.520122,45.96459],[13.520073,45.964545],[13.520039,45.964418],[13.520008,45.964388],[13.519916,45.964361],[13.519856,45.964311],[13.519752,45.964263],[13.519713,45.96408],[13.519615,45.963931],[13.519552,45.963881],[13.519174,45.963701],[13.518716,45.963532],[13.518573,45.963394],[13.518538,45.963326],[13.518532,45.963204],[13.51857,45.963189],[13.518819,45.963223],[13.518893,45.963189],[13.518922,45.963124],[13.518913,45.963095],[13.518767,45.962986],[13.518677,45.962941],[13.518581,45.962804],[13.51803,45.962572],[13.517825,45.962516],[13.517637,45.962486],[13.517546,45.962321],[13.517413,45.962165]],[[13.58363,45.98015],[13.583631,45.980275],[13.583689,45.98039],[13.583683,45.980415],[13.58409,45.981007],[13.584124,45.981016],[13.584496,45.980906],[13.584672,45.981232],[13.584735,45.981471],[13.58474,45.981793],[13.584831,45.981944],[13.584966,45.982104],[13.585178,45.982273],[13.585719,45.982586],[13.585675,45.982771],[13.585505,45.983057],[13.585452,45.983209],[13.585466,45.983339],[13.585569,45.983553],[13.585596,45.983663],[13.584797,45.983903],[13.584783,45.983923],[13.584836,45.984085],[13.585137,45.984451],[13.585486,45.984463],[13.585539,45.984748],[13.585191,45.984846],[13.584919,45.984895],[13.584664,45.985066],[13.584032,45.985342],[13.583878,45.985383],[13.583878,45.985404],[13.584168,45.985646],[13.584647,45.985455],[13.585246,45.985134],[13.585566,45.985015],[13.585818,45.984974],[13.585975,45.984974],[13.586001,45.984997],[13.586262,45.985017],[13.586575,45.984985],[13.586972,45.984824],[13.587292,45.984665],[13.58758,45.98455],[13.587668,45.984539],[13.588055,45.984726],[13.588934,45.984923],[13.58962,45.98495],[13.589937,45.984982],[13.590074,45.984974],[13.590345,45.984927],[13.59086,45.984796],[13.591102,45.984721],[13.591661,45.984485],[13.59226,45.984405],[13.592459,45.984393],[13.592612,45.984338],[13.592785,45.984309],[13.592898,45.984259],[13.593731,45.983998],[13.593681,45.983856],[13.593526,45.983867],[13.593295,45.983854],[13.593225,45.983875],[13.592981,45.983829],[13.592871,45.983865],[13.592862,45.983944],[13.592792,45.983936],[13.592453,45.984022],[13.592378,45.983976],[13.59229,45.983973],[13.59222,45.983904],[13.591963,45.983553],[13.591827,45.983436],[13.591631,45.983386],[13.59147,45.983324],[13.591348,45.983311],[13.59131,45.983283],[13.591153,45.983337],[13.591088,45.983409],[13.590961,45.983447],[13.590688,45.983566],[13.590577,45.983591],[13.590429,45.983684],[13.590224,45.983667],[13.590108,45.983413],[13.589817,45.983436],[13.589569,45.982947],[13.589276,45.982984],[13.58907,45.98206],[13.589178,45.982014],[13.589183,45.981965],[13.589126,45.981813],[13.589038,45.981796],[13.589035,45.981706],[13.58892,45.981576],[13.588967,45.98145],[13.588954,45.98143],[13.588569,45.981477],[13.588537,45.981446],[13.588349,45.981422],[13.588337,45.981443],[13.588426,45.981675],[13.588351,45.981698],[13.588357,45.981795],[13.58825,45.981849],[13.587904,45.981879],[13.587894,45.981696],[13.587752,45.981545],[13.587447,45.981488],[13.587384,45.981606],[13.587339,45.981637],[13.58701,45.981484],[13.586774,45.981412],[13.586348,45.981324],[13.58632,45.981331],[13.586228,45.981422],[13.58617,45.98143],[13.586173,45.981476],[13.586123,45.981526],[13.585685,45.981346],[13.585907,45.980891],[13.585897,45.980871],[13.585684,45.980764],[13.585849,45.980546],[13.586263,45.980129],[13.586183,45.979925],[13.585805,45.97984],[13.585292,45.979684],[13.585521,45.979535],[13.58552,45.97935],[13.585425,45.979141],[13.585371,45.979119],[13.585532,45.978704],[13.585541,45.97861],[13.585505,45.978584],[13.585628,45.978437],[13.585611,45.978405],[13.585666,45.978357],[13.585452,45.978079],[13.585239,45.977903],[13.58521,45.977919],[13.585119,45.978165],[13.585004,45.978218],[13.58453,45.97828],[13.58446,45.978373],[13.584469,45.978404],[13.584503,45.97842],[13.584691,45.978405],[13.584888,45.978438],[13.585039,45.978512],[13.585088,45.97858],[13.585061,45.978723],[13.584912,45.978928],[13.584902,45.979059],[13.584975,45.97918],[13.58503,45.979372],[13.584936,45.979893],[13.584921,45.980185],[13.584515,45.980256],[13.584435,45.980294],[13.584378,45.980196],[13.584297,45.980121],[13.584156,45.979919],[13.584093,45.979878],[13.583901,45.97994],[13.58381,45.979921],[13.583689,45.97995],[13.583684,45.980004],[13.58366,45.980027],[13.583668,45.980095],[13.58363,45.98015]]]},"properties":{"prov":"GO","comune_amm":"H845","comune_descr":"SAN FLORIANO DEL COLLIO","fascia":"R","zona":"R1","zona_descr":"ZONA AGRICOLA - REGIONE AGRARIA 1 - INTERO TERRITORIO COMUNALE","microzona":1,"semestre":"2025/1"}},{"type":"Feature","geometry":{"type":"Polygon","coordinates":[[[13.516801,45.930587],[13.517751,45.929165],[13.517737,45.929141],[13.517186,45.928976],[13.517302,45.928827],[13.517737,45.92808],[13.519292,45.928589],[13.51997,45.92883],[13.520299,45.928929],[13.520574,45.928977],[13.521102,45.928997],[13.52187,45.928956],[13.52235,45.929064],[13.523136,45.929276],[13.523171,45.929264],[13.523137,45.92922],[13.522225,45.928968],[13.521852,45.928902],[13.521168,45.92894],[13.520827,45.928931],[13.520504,45.9289],[13.519916,45.928737],[13.517781,45.928021],[13.517475,45.92794],[13.518844,45.926095],[13.51961,45.924833],[13.519885,45.924904],[13.520397,45.925093],[13.521537,45.925478],[13.521635,45.925706],[13.522064,45.9262],[13.522102,45.926192],[13.524229,45.927025],[13.524259,45.927024],[13.524258,45.92699],[13.523997,45.926878],[13.522095,45.926145],[13.522022,45.926085],[13.5217,45.925679],[13.521542,45.925205],[13.521663,45.92501],[13.522353,45.925247],[13.522982,45.924366],[13.523317,45.924446],[13.523575,45.924392],[13.524162,45.924036],[13.524386,45.923927],[13.5263,45.924539],[13.526331,45.924533],[13.526371,45.924498],[13.526494,45.924515],[13.526613,45.924512],[13.526751,45.924566],[13.526738,45.924606],[13.52686,45.924658],[13.527381,45.924803],[13.528306,45.925089],[13.528548,45.925133],[13.528176,45.925959],[13.528192,45.925982],[13.528225,45.925971],[13.528582,45.925307],[13.531029,45.925993],[13.530492,45.926919],[13.530506,45.926943],[13.530682,45.926993],[13.529566,45.928678],[13.529577,45.928701],[13.530169,45.928916],[13.531095,45.929315],[13.531117,45.929348],[13.530876,45.929763],[13.5305,45.930275],[13.530119,45.930144],[13.530083,45.930152],[13.530043,45.93021],[13.530054,45.930234],[13.530428,45.930385],[13.530229,45.930627],[13.530186,45.930639],[13.529997,45.93098],[13.530005,45.931002],[13.530048,45.930999],[13.530281,45.930646],[13.53032,45.930635],[13.53083,45.929941],[13.531106,45.929512],[13.53274,45.930304],[13.532785,45.930297],[13.533507,45.930659],[13.533526,45.930663],[13.533569,45.930631],[13.535167,45.931205],[13.535582,45.931314],[13.535339,45.932499],[13.535279,45.933041],[13.534775,45.932969],[13.534746,45.93298],[13.534538,45.933378],[13.53411,45.9343],[13.533882,45.934938],[13.533477,45.934912],[13.53304,45.934916],[13.533016,45.93493],[13.532856,45.9354],[13.532445,45.936105],[13.532489,45.93614],[13.532313,45.936575],[13.530564,45.936853],[13.529967,45.936935],[13.529934,45.936926],[13.528011,45.937217],[13.52783,45.937228],[13.524615,45.937697],[13.524575,45.937317],[13.524482,45.937213],[13.524166,45.937106],[13.524152,45.937078],[13.523743,45.936919],[13.521788,45.936187],[13.521607,45.936131],[13.521613,45.936112],[13.521572,45.936088],[13.521532,45.936092],[13.519962,45.93552],[13.519596,45.935371],[13.51925,45.935197],[13.518642,45.934986],[13.518446,45.934895],[13.518414,45.934855],[13.518657,45.934201],[13.519684,45.932604],[13.519834,45.932341],[13.519852,45.932245],[13.519146,45.932051],[13.517796,45.931628],[13.517583,45.931535],[13.518042,45.93104],[13.518572,45.93118],[13.518606,45.931167],[13.518612,45.931127],[13.516801,45.930587]],[[13.527402,45.927564],[13.527444,45.92759],[13.527408,45.927786],[13.52743,45.927806],[13.527459,45.927791],[13.52756,45.927264],[13.52765,45.927054],[13.528197,45.926023],[13.52819,45.926003],[13.528151,45.926007],[13.528095,45.926073],[13.527571,45.927034],[13.52744,45.927377],[13.527402,45.927564]]]},"properties":{"prov":"GO","comune_amm":"H964","comune_descr":"SAN LORENZO ISONTINO","fascia":"B","zona":"B1","zona_descr":"CAPOLUOGO - CENTRO ABITATO","microzona":1,"semestre":"2025/1"}},{"type":"Feature","geometry":{"type":"Polygon","coordinates":[[[13.524502,45.940058],[13.524542,45.939001],[13.524484,45.938701],[13.524471,45.93831],[13.524532,45.938171],[13.524621,45.937838],[13.52461,45.937698],[13.52783,45.937228],[13.528011,45.937217],[13.529958,45.936922],[13.529992,45.936932],[13.530564,45.936853],[13.532312,45.936576],[13.531732,45.937929],[13.53179,45.937993],[13.53176,45.938137],[13.531787,45.938146],[13.531985,45.938122],[13.53239,45.938021],[13.532513,45.938063],[13.532573,45.938201],[13.532718,45.93829],[13.5328,45.938313],[13.532856,45.938394],[13.533011,45.938454],[13.533087,45.938623],[13.533209,45.938709],[13.533227,45.938766],[13.533352,45.9389],[13.533413,45.939081],[13.533504,45.939188],[13.533496,45.939294],[13.533613,45.939457],[13.533762,45.939526],[13.533972,45.939557],[13.534135,45.939614],[13.534181,45.939721],[13.534176,45.93989],[13.534379,45.940095],[13.534418,45.940264],[13.53451,45.940414],[13.534743,45.940588],[13.534909,45.940737],[13.534995,45.940862],[13.535189,45.941066],[13.535367,45.941221],[13.5356,45.941489],[13.536111,45.94196],[13.536277,45.942088],[13.536605,45.9422],[13.536782,45.942208],[13.53712,45.942205],[13.538198,45.942077],[13.538224,45.942089],[13.538736,45.943941],[13.538758,45.944943],[13.538211,45.946926],[13.538369,45.9485],[13.538304,45.948512],[13.538284,45.948531],[13.538298,45.949051],[13.538101,45.949704],[13.53787,45.950195],[13.537783,45.950575],[13.537819,45.950629],[13.53693,45.951663],[13.536659,45.951847],[13.535341,45.953],[13.535215,45.953137],[13.53518,45.953244],[13.535123,45.953228],[13.535083,45.953193],[13.535072,45.953154],[13.535106,45.953106],[13.535183,45.95306],[13.535183,45.953004],[13.534609,45.952793],[13.534207,45.952675],[13.534145,45.952661],[13.534006,45.952677],[13.533803,45.952675],[13.533763,45.952649],[13.533821,45.952462],[13.533763,45.952447],[13.533684,45.952471],[13.533613,45.952544],[13.533366,45.952524],[13.533299,45.952549],[13.533246,45.952597],[13.533167,45.952611],[13.533148,45.952627],[13.533202,45.952682],[13.533356,45.952726],[13.533655,45.952926],[13.533642,45.952992],[13.533522,45.953048],[13.533127,45.95298],[13.533081,45.952903],[13.532956,45.952796],[13.532712,45.95267],[13.532574,45.952637],[13.532542,45.952647],[13.532512,45.952693],[13.53252,45.952844],[13.532418,45.952879],[13.532334,45.952964],[13.532128,45.952954],[13.531937,45.953043],[13.531716,45.950973],[13.530069,45.949311],[13.529793,45.948979],[13.529515,45.948222],[13.529558,45.94823],[13.529577,45.948208],[13.529364,45.947631],[13.529011,45.945753],[13.528711,45.94495],[13.527697,45.942954],[13.527075,45.941803],[13.527084,45.941771],[13.527017,45.941711],[13.526735,45.941566],[13.526605,45.941421],[13.525209,45.940507],[13.524679,45.940245],[13.52452,45.940129],[13.524502,45.940058]]]},"properties":{"prov":"GO","comune_amm":"H964","comune_descr":"SAN LORENZO ISONTINO","fascia":"R","zona":"R1","zona_descr":"ZONA AGRICOLA - REGIONE AGRARIA 2 - COLLIO","microzona":1,"semestre":"2025/1"}},{"type":"Feature","geometry":{"type":"Polygon","coordinates":[[[13.507294,45.926069],[13.508087,45.924122],[13.508427,45.923267],[13.508416,45.923244],[13.508989,45.921885],[13.508971,45.921863],[13.508921,45.921849],[13.509807,45.919716],[13.514547,45.920708],[13.517365,45.92127],[13.517663,45.92131],[13.517111,45.923345],[13.517136,45.92337],[13.517022,45.923679],[13.517056,45.923713],[13.517086,45.9237],[13.517178,45.92345],[13.517753,45.921357],[13.519323,45.92156],[13.520868,45.921784],[13.52287,45.921899],[13.524029,45.922052],[13.525433,45.922152],[13.525711,45.922202],[13.526116,45.922247],[13.527029,45.922289],[13.527137,45.922373],[13.529129,45.92195],[13.529343,45.921965],[13.529369,45.921876],[13.530587,45.922035],[13.5325,45.922189],[13.532734,45.922156],[13.532749,45.922136],[13.538292,45.919866],[13.539924,45.921893],[13.538983,45.924259],[13.539,45.92428],[13.539423,45.924385],[13.539101,45.925012],[13.538815,45.924977],[13.53873,45.925233],[13.538257,45.92517],[13.538103,45.925407],[13.537532,45.92528],[13.537499,45.925294],[13.537342,45.926],[13.537288,45.926418],[13.53729,45.926578],[13.53693,45.926401],[13.53689,45.926411],[13.536658,45.927005],[13.536282,45.928073],[13.536301,45.928094],[13.536418,45.928122],[13.536257,45.928982],[13.536136,45.929508],[13.535516,45.929405],[13.535319,45.929816],[13.535219,45.930049],[13.535193,45.930611],[13.535218,45.930734],[13.5352,45.931094],[13.535218,45.931111],[13.535675,45.931218],[13.53564,45.931374],[13.535214,45.931268],[13.533576,45.930694],[13.532801,45.930304],[13.532754,45.930311],[13.53111,45.92952],[13.530681,45.930153],[13.530299,45.930646],[13.530167,45.930905],[13.529993,45.931145],[13.529935,45.931128],[13.530097,45.930905],[13.530192,45.930672],[13.530539,45.930239],[13.53081,45.929851],[13.53106,45.929418],[13.531017,45.929369],[13.530141,45.928999],[13.529455,45.928743],[13.530589,45.927027],[13.530574,45.927002],[13.530402,45.926952],[13.530702,45.926361],[13.530923,45.925989],[13.530908,45.925965],[13.528573,45.925331],[13.52765,45.927055],[13.527561,45.927266],[13.527485,45.927656],[13.527386,45.927642],[13.52744,45.927378],[13.527571,45.927033],[13.528094,45.926075],[13.528159,45.925997],[13.52847,45.925315],[13.528461,45.925291],[13.528524,45.925148],[13.528506,45.925125],[13.528309,45.92509],[13.527381,45.924803],[13.526858,45.924659],[13.526733,45.92461],[13.526746,45.92457],[13.526617,45.924513],[13.526373,45.9245],[13.526315,45.924543],[13.524384,45.923929],[13.524161,45.924037],[13.523578,45.924391],[13.523313,45.924447],[13.522989,45.924369],[13.522355,45.925253],[13.521661,45.925017],[13.521542,45.925213],[13.52169,45.925666],[13.522019,45.926082],[13.522093,45.926143],[13.524311,45.927005],[13.524436,45.927066],[13.524419,45.927128],[13.524345,45.927075],[13.524027,45.926937],[13.523329,45.926664],[13.522122,45.9262],[13.522101,45.926198],[13.522077,45.926222],[13.521634,45.925702],[13.521532,45.925477],[13.520397,45.925093],[13.519888,45.924904],[13.519632,45.924838],[13.5196,45.924847],[13.518845,45.926096],[13.517485,45.927937],[13.517781,45.928021],[13.519916,45.928737],[13.520502,45.928899],[13.520743,45.928925],[13.521168,45.92894],[13.521849,45.928902],[13.522224,45.928967],[13.523189,45.92924],[13.52338,45.929268],[13.523353,45.92933],[13.522415,45.92908],[13.521872,45.928957],[13.521104,45.928997],[13.520573,45.928977],[13.520298,45.928929],[13.517739,45.928086],[13.517302,45.928828],[13.517195,45.928977],[13.517759,45.929151],[13.516777,45.930653],[13.518039,45.93104],[13.517593,45.931518],[13.517601,45.931543],[13.517797,45.931628],[13.519146,45.932051],[13.519859,45.932243],[13.519835,45.932338],[13.519655,45.932649],[13.518658,45.934199],[13.518419,45.934857],[13.518461,45.934901],[13.518641,45.934985],[13.519253,45.935198],[13.519597,45.935371],[13.519962,45.93552],[13.521509,45.93608],[13.521532,45.936094],[13.521518,45.936104],[13.520119,45.935592],[13.51958,45.935373],[13.519273,45.935214],[13.518623,45.934988],[13.518207,45.934818],[13.517042,45.934482],[13.516131,45.934199],[13.51532,45.933778],[13.514273,45.933311],[13.513866,45.933249],[13.512418,45.93275],[13.512318,45.932685],[13.512327,45.93264],[13.513164,45.931423],[13.513828,45.930383],[13.513988,45.930205],[13.515974,45.93084],[13.516011,45.930834],[13.516469,45.930944],[13.516503,45.930935],[13.51652,45.930906],[13.516505,45.930882],[13.516144,45.930795],[13.516108,45.930801],[13.514103,45.930152],[13.514623,45.929593],[13.51553,45.928167],[13.515526,45.928146],[13.515834,45.927635],[13.515824,45.927614],[13.515684,45.927586],[13.515525,45.927574],[13.513574,45.927123],[13.512665,45.926955],[13.511742,45.926797],[13.507303,45.926113],[13.507294,45.926069]]]},"properties":{"prov":"GO","comune_amm":"H964","comune_descr":"SAN LORENZO ISONTINO","fascia":"R","zona":"R2","zona_descr":"ZONA AGRICOLA - REGIONA AGRARIA 2 - PIANURA","microzona":1,"semestre":"2025/1"}},{"type":"Feature","geometry":{"type":"Polygon","coordinates":[[[13.454659,45.846624],[13.454843,45.846498],[13.454893,45.846492],[13.454885,45.846459],[13.455182,45.846129],[13.45561,45.845852],[13.455715,45.845891],[13.455748,45.845888],[13.456611,45.845186],[13.456666,45.8452],[13.456681,45.845191],[13.456705,45.845153],[13.456616,45.845108],[13.457323,45.844094],[13.457324,45.84408],[13.457268,45.844051],[13.457405,45.84386],[13.457391,45.843835],[13.457137,45.843751],[13.4576,45.843283],[13.457566,45.843229],[13.457929,45.842914],[13.458129,45.842975],[13.458162,45.842967],[13.458194,45.842927],[13.459002,45.841853],[13.458989,45.841828],[13.45873,45.841752],[13.458721,45.841685],[13.458761,45.841674],[13.459021,45.841296],[13.460493,45.841775],[13.460888,45.841986],[13.460918,45.841987],[13.461169,45.841868],[13.46163,45.841971],[13.461842,45.841976],[13.461868,45.841961],[13.462018,45.841421],[13.463494,45.841428],[13.463634,45.841543],[13.463669,45.841548],[13.463831,45.84121],[13.464095,45.841007],[13.464301,45.840758],[13.464291,45.840729],[13.464966,45.839981],[13.465392,45.840084],[13.46555,45.840145],[13.466082,45.840401],[13.466218,45.840379],[13.467307,45.840336],[13.467708,45.840362],[13.468214,45.840491],[13.468858,45.83989],[13.468962,45.839845],[13.468524,45.84022],[13.467812,45.840953],[13.467553,45.841158],[13.46665,45.842167],[13.465771,45.84186],[13.465736,45.841868],[13.465746,45.841892],[13.466131,45.842044],[13.466697,45.842242],[13.46668,45.842982],[13.466695,45.843246],[13.466914,45.844109],[13.467494,45.843997],[13.46772,45.843939],[13.468325,45.843736],[13.468373,45.843746],[13.468853,45.843548],[13.468971,45.842993],[13.469666,45.843024],[13.469753,45.843183],[13.469789,45.843193],[13.47018,45.843033],[13.471497,45.842624],[13.471512,45.842606],[13.471386,45.841786],[13.47169,45.841929],[13.471729,45.841921],[13.471756,45.841876],[13.473475,45.842076],[13.473567,45.842105],[13.473667,45.842081],[13.473669,45.842054],[13.47353,45.842005],[13.471798,45.841804],[13.47173,45.841858],[13.471633,45.841707],[13.471292,45.839754],[13.471265,45.839527],[13.471294,45.839344],[13.471386,45.839291],[13.472083,45.839146],[13.472231,45.839138],[13.473023,45.839182],[13.473133,45.839203],[13.473385,45.839285],[13.473583,45.839375],[13.473775,45.839491],[13.473874,45.839583],[13.473959,45.83981],[13.473952,45.840037],[13.47397,45.840145],[13.473998,45.840165],[13.47398,45.84032],[13.473937,45.840344],[13.473912,45.840417],[13.473934,45.840589],[13.474203,45.840964],[13.474851,45.841646],[13.474113,45.841797],[13.474031,45.841829],[13.47402,45.841853],[13.474052,45.841862],[13.474791,45.841708],[13.474833,45.84171],[13.475247,45.841519],[13.475322,45.841529],[13.475736,45.842156],[13.47657,45.843098],[13.476459,45.843163],[13.476458,45.843201],[13.476758,45.843525],[13.476724,45.84354],[13.476201,45.843375],[13.475128,45.843934],[13.475051,45.844038],[13.475149,45.844075],[13.475029,45.844288],[13.474782,45.84483],[13.474509,45.845326],[13.474384,45.84562],[13.474097,45.846153],[13.473713,45.84631],[13.473707,45.846358],[13.472852,45.846705],[13.47278,45.84671],[13.472773,45.846731],[13.47201,45.847035],[13.471948,45.847048],[13.471942,45.847068],[13.471978,45.847123],[13.471929,45.847107],[13.470571,45.847678],[13.470556,45.847701],[13.470435,45.84774],[13.470424,45.847724],[13.470393,45.847721],[13.469043,45.848216],[13.46903,45.848282],[13.465931,45.849607],[13.463803,45.850403],[13.463746,45.850392],[13.463462,45.850241],[13.463124,45.849995],[13.462941,45.84953],[13.462895,45.849498],[13.462856,45.849503],[13.46308,45.849989],[13.463101,45.850001],[13.463113,45.850056],[13.463504,45.850318],[13.463453,45.850355],[13.463644,45.850468],[13.46285,45.850777],[13.463183,45.851112],[13.462717,45.851376],[13.461428,45.850299],[13.460636,45.849664],[13.460537,45.849634],[13.460357,45.849627],[13.459456,45.849662],[13.459428,45.84965],[13.459003,45.849657],[13.458607,45.849639],[13.456835,45.849298],[13.456726,45.849169],[13.456661,45.848941],[13.45638,45.848716],[13.456392,45.848679],[13.455662,45.848082],[13.454752,45.846857],[13.454774,45.846825],[13.454659,45.846624]]]},"properties":{"prov":"GO","comune_amm":"I082","comune_descr":"SAN PIER D`ISONZO","fascia":"B","zona":"B1","zona_descr":"CAPOLUOGO - CENTRO ABITATO","microzona":1,"semestre":"2025/1"}},{"type":"Feature","geometry":{"type":"Polygon","coordinates":[[[13.448544,45.841856],[13.44744,45.84339],[13.446771,45.843172],[13.446483,45.843094],[13.445177,45.842791],[13.442163,45.8423],[13.442341,45.842102],[13.442334,45.842077],[13.4423,45.842061],[13.442264,45.842066],[13.442132,45.842204],[13.440567,45.841886],[13.440534,45.841904],[13.440531,45.841973],[13.439907,45.841796],[13.438992,45.841495],[13.438298,45.841227],[13.438089,45.841111],[13.437745,45.84098],[13.437091,45.840644],[13.436471,45.840298],[13.435698,45.83981],[13.436286,45.838255],[13.436271,45.838235],[13.436104,45.838187],[13.436168,45.837979],[13.437641,45.838248],[13.437677,45.837937],[13.437648,45.83782],[13.43759,45.837723],[13.438006,45.837617],[13.437937,45.837363],[13.437896,45.837032],[13.437811,45.83688],[13.437884,45.836856],[13.438019,45.836516],[13.439931,45.836839],[13.439953,45.836864],[13.440554,45.836964],[13.440594,45.836935],[13.440614,45.836938],[13.440361,45.83764],[13.440898,45.837765],[13.440927,45.837711],[13.441503,45.837639],[13.441586,45.837929],[13.441629,45.837947],[13.44166,45.837924],[13.441609,45.837795],[13.441919,45.837742],[13.442137,45.838092],[13.442095,45.838115],[13.442095,45.83813],[13.442617,45.838875],[13.442648,45.838884],[13.442841,45.83884],[13.443282,45.838778],[13.443779,45.839402],[13.444711,45.840052],[13.445995,45.840763],[13.446035,45.840756],[13.44608,45.840691],[13.446069,45.840678],[13.445676,45.840466],[13.445821,45.840134],[13.446069,45.840185],[13.446081,45.840232],[13.446315,45.840282],[13.446247,45.840438],[13.446265,45.840461],[13.446465,45.840501],[13.446535,45.840369],[13.446849,45.840437],[13.44688,45.840425],[13.44691,45.84037],[13.447496,45.84058],[13.447386,45.840886],[13.447402,45.840907],[13.447548,45.840922],[13.447492,45.84115],[13.447514,45.841171],[13.447584,45.841176],[13.447552,45.841388],[13.447619,45.841451],[13.447575,45.841529],[13.448544,45.841856]]]},"properties":{"prov":"GO","comune_amm":"I082","comune_descr":"SAN PIER D`ISONZO","fascia":"E","zona":"E1","zona_descr":"FRAZIONI BASEGLIANO E CASSEGLIANO","microzona":1,"semestre":"2025/1"}},{"type":"Feature","geometry":{"type":"Polygon","coordinates":[[[13.429029,45.836753],[13.428401,45.833567],[13.432514,45.833485],[13.434914,45.833379],[13.435897,45.833221],[13.436371,45.833872],[13.436854,45.833926],[13.437326,45.834052],[13.437193,45.834392],[13.437206,45.834413],[13.437287,45.83444],[13.439398,45.83455],[13.439829,45.834545],[13.441269,45.834466],[13.441537,45.834466],[13.441961,45.834498],[13.442132,45.83452],[13.442144,45.834557],[13.442165,45.83456],[13.442504,45.83452],[13.442688,45.834518],[13.442713,45.8345],[13.442712,45.834362],[13.442741,45.834306],[13.442598,45.834174],[13.442488,45.833959],[13.442415,45.833673],[13.442405,45.833547],[13.442431,45.833529],[13.442686,45.832636],[13.443071,45.831607],[13.443541,45.831668],[13.444107,45.83183],[13.444225,45.831916],[13.44411,45.832149],[13.444129,45.832172],[13.444523,45.832232],[13.445626,45.832464],[13.446193,45.832599],[13.446438,45.832681],[13.445837,45.834889],[13.445857,45.83491],[13.445906,45.834912],[13.446599,45.832565],[13.447798,45.832952],[13.448041,45.832559],[13.448141,45.832578],[13.448237,45.832521],[13.44826,45.83244],[13.448817,45.831537],[13.449244,45.830493],[13.449279,45.830378],[13.449284,45.830249],[13.449226,45.830181],[13.449219,45.830141],[13.449059,45.829901],[13.449078,45.829891],[13.450444,45.830184],[13.451021,45.830353],[13.451429,45.829601],[13.451619,45.829317],[13.451979,45.828897],[13.452226,45.828552],[13.453049,45.828194],[13.453731,45.828252],[13.454634,45.828426],[13.454667,45.828411],[13.454697,45.828272],[13.457174,45.828498],[13.457203,45.828483],[13.457263,45.828251],[13.457944,45.828273],[13.458054,45.82793],[13.458593,45.827834],[13.459632,45.828023],[13.459822,45.827498],[13.460038,45.82716],[13.460867,45.82635],[13.461465,45.825846],[13.461504,45.825838],[13.461588,45.825866],[13.462297,45.826694],[13.462433,45.826827],[13.462451,45.826924],[13.462496,45.82692],[13.462914,45.827132],[13.463213,45.827264],[13.463214,45.827295],[13.463247,45.827323],[13.463278,45.827327],[13.46349,45.826982],[13.463937,45.826369],[13.46437,45.826],[13.464785,45.825838],[13.465346,45.825562],[13.465372,45.82557],[13.465418,45.825553],[13.465467,45.825573],[13.465485,45.825563],[13.466066,45.824839],[13.466367,45.824893],[13.466995,45.824972],[13.467011,45.825014],[13.467004,45.825234],[13.466983,45.825338],[13.467009,45.825358],[13.467058,45.825352],[13.467078,45.825285],[13.468487,45.825552],[13.468935,45.825617],[13.468949,45.825787],[13.469213,45.825984],[13.469401,45.826009],[13.469742,45.825998],[13.470811,45.826138],[13.471801,45.826315],[13.47295,45.826461],[13.473063,45.826442],[13.473402,45.826228],[13.473517,45.826625],[13.473548,45.826853],[13.473557,45.827207],[13.473533,45.827545],[13.473661,45.827606],[13.473901,45.827665],[13.47393,45.8277],[13.473725,45.8287],[13.473748,45.828721],[13.474046,45.828737],[13.473838,45.829417],[13.473856,45.829442],[13.473573,45.830511],[13.47526,45.83088],[13.476742,45.831173],[13.47655,45.831549],[13.476525,45.831712],[13.476262,45.832321],[13.476198,45.832533],[13.476051,45.832607],[13.475903,45.832738],[13.475744,45.833013],[13.475652,45.833264],[13.47567,45.833313],[13.475913,45.83347],[13.476197,45.833577],[13.476206,45.833594],[13.476187,45.833632],[13.476093,45.835749],[13.476067,45.83577],[13.475689,45.835797],[13.475257,45.835917],[13.47495,45.836088],[13.474754,45.836239],[13.47414,45.836576],[13.473907,45.83668],[13.473873,45.836722],[13.473884,45.836747],[13.474134,45.836833],[13.474282,45.836919],[13.474114,45.837012],[13.473905,45.837096],[13.473706,45.837216],[13.473599,45.837334],[13.473602,45.837356],[13.473694,45.837376],[13.47358,45.837809],[13.473394,45.838076],[13.473297,45.838172],[13.472905,45.838093],[13.472827,45.838286],[13.473,45.838355],[13.472256,45.839026],[13.472079,45.839147],[13.471393,45.839289],[13.471294,45.839348],[13.471266,45.839531],[13.471603,45.841567],[13.471632,45.841704],[13.471727,45.841855],[13.471436,45.841714],[13.471399,45.84132],[13.47137,45.841303],[13.47128,45.841309],[13.471257,45.841329],[13.471445,45.842597],[13.469764,45.843201],[13.469664,45.843026],[13.468975,45.842997],[13.468862,45.843539],[13.468358,45.843751],[13.468312,45.843741],[13.467721,45.843939],[13.466908,45.844115],[13.466704,45.843314],[13.46668,45.842982],[13.466699,45.842216],[13.466769,45.842049],[13.466937,45.841847],[13.467425,45.842034],[13.467459,45.842028],[13.467484,45.842004],[13.467474,45.841977],[13.46698,45.841801],[13.467555,45.841157],[13.46781,45.840954],[13.46823,45.840522],[13.468217,45.840496],[13.467714,45.840362],[13.467305,45.840336],[13.466216,45.840379],[13.466075,45.840402],[13.465548,45.840145],[13.465391,45.840084],[13.464967,45.839985],[13.464306,45.840712],[13.464315,45.840742],[13.464093,45.84101],[13.463834,45.841209],[13.463679,45.841534],[13.463578,45.841374],[13.463555,45.841364],[13.46211,45.841365],[13.462086,45.841378],[13.46184,45.841926],[13.461669,45.841926],[13.461141,45.841844],[13.460977,45.841941],[13.46055,45.841733],[13.459184,45.841224],[13.458842,45.841625],[13.458815,45.841634],[13.458802,45.841694],[13.458204,45.841509],[13.457677,45.841226],[13.457522,45.841183],[13.457418,45.841267],[13.457429,45.841295],[13.458078,45.841576],[13.459012,45.841838],[13.458153,45.842979],[13.45795,45.842918],[13.457919,45.842923],[13.457578,45.84322],[13.457577,45.843244],[13.457609,45.843274],[13.457152,45.843736],[13.457162,45.843763],[13.457414,45.843846],[13.457277,45.844038],[13.457289,45.844063],[13.457332,45.84408],[13.456625,45.845096],[13.456635,45.84512],[13.456712,45.845152],[13.456671,45.845204],[13.4566,45.845195],[13.455734,45.845898],[13.45563,45.845857],[13.455599,45.845859],[13.455183,45.846128],[13.454887,45.846462],[13.454968,45.846611],[13.454829,45.84655],[13.454718,45.846647],[13.454716,45.846666],[13.454822,45.84681],[13.454774,45.846833],[13.454763,45.846856],[13.455701,45.848096],[13.456563,45.848775],[13.456645,45.848886],[13.45674,45.84897],[13.456781,45.849181],[13.456808,45.849248],[13.456871,45.849311],[13.457015,45.849352],[13.458634,45.849648],[13.459133,45.849664],[13.459448,45.849657],[13.459476,45.849668],[13.460366,45.849633],[13.460543,45.849651],[13.460645,45.849702],[13.460843,45.849854],[13.462654,45.851286],[13.463085,45.851026],[13.46283,45.850779],[13.463623,45.850471],[13.463616,45.850451],[13.463435,45.850349],[13.463486,45.850324],[13.46348,45.850303],[13.463117,45.850061],[13.462825,45.849456],[13.462939,45.849527],[13.463144,45.850005],[13.46346,45.85024],[13.463745,45.850391],[13.463808,45.850402],[13.465931,45.849607],[13.469019,45.848287],[13.469032,45.848219],[13.470173,45.847801],[13.47018,45.847816],[13.470211,45.84782],[13.470533,45.847709],[13.470549,45.847687],[13.47194,45.847103],[13.47195,45.84708],[13.47193,45.847047],[13.472012,45.847034],[13.472757,45.846738],[13.472763,45.846703],[13.472856,45.846703],[13.473694,45.846363],[13.4737,45.846316],[13.47409,45.846158],[13.473952,45.846483],[13.473835,45.846826],[13.473801,45.847086],[13.475604,45.847423],[13.475323,45.848056],[13.475363,45.848098],[13.475861,45.848147],[13.475894,45.848192],[13.475891,45.848254],[13.47595,45.84838],[13.476016,45.848388],[13.476037,45.84843],[13.477844,45.848278],[13.478224,45.848218],[13.478233,45.848327],[13.478266,45.848344],[13.478553,45.848294],[13.478963,45.848247],[13.479766,45.848201],[13.47996,45.848285],[13.480951,45.848525],[13.481331,45.848572],[13.481556,45.848576],[13.481845,45.84855],[13.482027,45.848469],[13.482215,45.848446],[13.483252,45.848081],[13.483584,45.848015],[13.483714,45.847966],[13.484064,45.847894],[13.484421,45.847767],[13.485073,45.84767],[13.485804,45.847681],[13.486152,45.847735],[13.48655,45.84785],[13.486829,45.84799],[13.487016,45.848047],[13.487037,45.848128],[13.487009,45.848158],[13.487075,45.848301],[13.487061,45.848342],[13.487091,45.848517],[13.487113,45.848533],[13.487182,45.848542],[13.487273,45.848737],[13.487298,45.849082],[13.487189,45.849411],[13.487103,45.849526],[13.486914,45.84969],[13.486312,45.850088],[13.485957,45.850802],[13.485928,45.850979],[13.485933,45.851098],[13.485876,45.851154],[13.485786,45.851099],[13.485672,45.850938],[13.485497,45.850751],[13.485387,45.850723],[13.485221,45.850759],[13.48501,45.850782],[13.484745,45.850846],[13.484302,45.8509],[13.483891,45.850925],[13.483531,45.851031],[13.483361,45.851054],[13.482443,45.851171],[13.480895,45.851313],[13.480228,45.851269],[13.478802,45.851047],[13.477363,45.850847],[13.476938,45.850844],[13.476217,45.850884],[13.474964,45.850862],[13.47467,45.850759],[13.474136,45.850608],[13.473785,45.850446],[13.47354,45.850282],[13.473439,45.850249],[13.472851,45.8504],[13.472344,45.850468],[13.472236,45.850521],[13.472239,45.850585],[13.473068,45.852391],[13.473145,45.85371],[13.473329,45.854939],[13.473365,45.855132],[13.473418,45.855271],[13.473232,45.855349],[13.472334,45.854626],[13.472302,45.854622],[13.471883,45.855543],[13.471945,45.855641],[13.471987,45.855657],[13.471985,45.855696],[13.472215,45.855814],[13.472389,45.855962],[13.472517,45.856116],[13.472862,45.856622],[13.472083,45.856826],[13.472067,45.856849],[13.472358,45.857462],[13.472442,45.857783],[13.472455,45.858206],[13.472433,45.859082],[13.472862,45.859296],[13.472666,45.859483],[13.472673,45.859516],[13.472963,45.859806],[13.472888,45.860096],[13.472756,45.860122],[13.472603,45.860469],[13.472175,45.861149],[13.47213,45.861175],[13.471411,45.862062],[13.471326,45.862071],[13.471192,45.86231],[13.470993,45.862566],[13.47048,45.863351],[13.469481,45.863478],[13.468503,45.864301],[13.466447,45.866093],[13.465215,45.865708],[13.459967,45.863277],[13.459569,45.860014],[13.460135,45.857195],[13.459067,45.855845],[13.46036,45.855188],[13.460365,45.855163],[13.46033,45.855131],[13.460294,45.855127],[13.459055,45.855799],[13.457804,45.85425],[13.450291,45.849762],[13.449386,45.849332],[13.449355,45.849332],[13.449322,45.849395],[13.4435,45.846436],[13.438208,45.844805],[13.433479,45.841659],[13.433608,45.84166],[13.433635,45.841641],[13.433627,45.841628],[13.429791,45.839143],[13.429104,45.837043],[13.429029,45.836753]],[[13.435748,45.839797],[13.435909,45.839952],[13.436447,45.840267],[13.437306,45.840726],[13.437356,45.840722],[13.438225,45.841166],[13.439939,45.84169],[13.439551,45.841687],[13.438403,45.841382],[13.437421,45.840935],[13.437386,45.84094],[13.437395,45.840972],[13.438171,45.841345],[13.438374,45.841427],[13.439594,45.84175],[13.44017,45.84176],[13.44151,45.842168],[13.442071,45.842302],[13.442236,45.842334],[13.442335,45.842333],[13.445257,45.842823],[13.446466,45.843083],[13.44721,45.84329],[13.447455,45.843375],[13.44749,45.843367],[13.448516,45.841854],[13.448503,45.84183],[13.447646,45.841528],[13.447633,45.841497],[13.447455,45.841437],[13.447516,45.841206],[13.447499,45.841185],[13.447452,45.841175],[13.447486,45.840948],[13.447473,45.84093],[13.447381,45.840896],[13.447495,45.840595],[13.447482,45.840575],[13.446932,45.840378],[13.446895,45.84039],[13.446868,45.840441],[13.446539,45.840374],[13.446469,45.840507],[13.446245,45.840456],[13.446308,45.840284],[13.446061,45.840227],[13.446064,45.840189],[13.446049,45.840181],[13.445821,45.840132],[13.446714,45.838026],[13.446683,45.838015],[13.446652,45.838027],[13.445646,45.840408],[13.445655,45.840428],[13.445938,45.840579],[13.445906,45.840634],[13.44549,45.840433],[13.444401,45.839796],[13.44371,45.839328],[13.443278,45.838774],[13.443113,45.838767],[13.442595,45.838858],[13.442063,45.838123],[13.442115,45.838103],[13.442129,45.83808],[13.441916,45.837746],[13.441614,45.8378],[13.441672,45.837962],[13.441558,45.837939],[13.441476,45.837632],[13.440934,45.837665],[13.440912,45.837679],[13.440888,45.837754],[13.440649,45.837714],[13.440376,45.837633],[13.440607,45.836985],[13.440017,45.836892],[13.439993,45.836867],[13.438076,45.836586],[13.43795,45.836936],[13.437919,45.836921],[13.43786,45.836951],[13.437916,45.837101],[13.437937,45.837363],[13.438013,45.837617],[13.437664,45.83771],[13.437777,45.837876],[13.437741,45.837902],[13.43773,45.838082],[13.437679,45.83823],[13.43758,45.838227],[13.437557,45.838213],[13.436335,45.838026],[13.436222,45.837997],[13.436189,45.83801],[13.436126,45.838211],[13.436317,45.838262],[13.435748,45.839797]]]},"properties":{"prov":"GO","comune_amm":"I082","comune_descr":"SAN PIER D`ISONZO","fascia":"R","zona":"R1","zona_descr":"ZONA AGRICOLA - REGIONE AGRARIA 3 - INTERO TERRITORIO COMUNALE","microzona":1,"semestre":"2025/1"}},{"type":"Feature","geometry":{"type":"Polygon","coordinates":[[[13.558129,45.899332],[13.558476,45.899305],[13.559226,45.899369],[13.559784,45.899607],[13.560156,45.899844],[13.56041,45.900076],[13.561038,45.9005],[13.561216,45.90057],[13.562202,45.901064],[13.562654,45.901229],[13.563082,45.901364],[13.563731,45.901486],[13.56451,45.90167],[13.565469,45.901794],[13.565781,45.901815],[13.566697,45.901701],[13.56711,45.901547],[13.567358,45.901411],[13.567445,45.901359],[13.567725,45.901106],[13.567862,45.900897],[13.568521,45.900178],[13.568914,45.899807],[13.569183,45.899588],[13.569279,45.899451],[13.569545,45.899204],[13.569781,45.898521],[13.569767,45.898467],[13.569746,45.898453],[13.568927,45.898332],[13.568231,45.898288],[13.568041,45.898046],[13.568015,45.898036],[13.567605,45.898074],[13.567261,45.898137],[13.567013,45.898204],[13.56674,45.89834],[13.566294,45.898369],[13.566981,45.898092],[13.567431,45.89802],[13.567842,45.897976],[13.568619,45.897921],[13.568843,45.897429],[13.568821,45.897406],[13.568573,45.897387],[13.569348,45.896407],[13.569835,45.896558],[13.569903,45.89655],[13.569961,45.896571],[13.569986,45.896607],[13.569928,45.896817],[13.569775,45.897126],[13.569579,45.897598],[13.569451,45.897747],[13.569323,45.897851],[13.569296,45.897841],[13.569263,45.897863],[13.569286,45.897882],[13.569546,45.897898],[13.569557,45.897879],[13.569535,45.897803],[13.569762,45.897421],[13.569841,45.897182],[13.569963,45.896916],[13.570238,45.896613],[13.570354,45.89645],[13.570492,45.896045],[13.570572,45.895671],[13.570544,45.89565],[13.570547,45.895624],[13.570739,45.895629],[13.571697,45.895961],[13.572132,45.896546],[13.572433,45.896408],[13.57335,45.896286],[13.573709,45.896294],[13.57391,45.896358],[13.574039,45.89638],[13.574158,45.896532],[13.574616,45.896745],[13.57477,45.896798],[13.574714,45.896897],[13.574661,45.896929],[13.574694,45.896951],[13.576244,45.896593],[13.576252,45.896615],[13.576279,45.896624],[13.576253,45.896892],[13.576047,45.896983],[13.575645,45.897042],[13.575698,45.897184],[13.574825,45.89738],[13.574041,45.897466],[13.573932,45.897502],[13.57396,45.897528],[13.574068,45.8975],[13.574548,45.89745],[13.574822,45.898755],[13.574008,45.898889],[13.573962,45.899237],[13.573946,45.899582],[13.573971,45.899677],[13.573935,45.899755],[13.573946,45.899776],[13.575341,45.90045],[13.576907,45.901344],[13.576945,45.901339],[13.577014,45.901263],[13.577792,45.901678],[13.577968,45.901796],[13.57798,45.901915],[13.578003,45.901936],[13.580236,45.903187],[13.580268,45.903187],[13.580287,45.903151],[13.582448,45.904301],[13.586412,45.906565],[13.586543,45.906535],[13.587597,45.907158],[13.587811,45.90732],[13.590852,45.906738],[13.591019,45.907035],[13.591803,45.90859],[13.59006,45.90906],[13.589133,45.909275],[13.586806,45.909656],[13.587067,45.910451],[13.587147,45.910662],[13.587299,45.91097],[13.587348,45.911288],[13.587021,45.911229],[13.586672,45.911115],[13.583868,45.91053],[13.583654,45.909687],[13.583562,45.909598],[13.582727,45.90977],[13.582668,45.909819],[13.583004,45.910363],[13.583542,45.911092],[13.585189,45.913558],[13.585609,45.914121],[13.587136,45.915882],[13.586838,45.916075],[13.586249,45.915725],[13.586213,45.915726],[13.586035,45.915859],[13.585271,45.915352],[13.584627,45.914813],[13.583638,45.914154],[13.582873,45.913726],[13.582357,45.913297],[13.582011,45.913101],[13.581709,45.913003],[13.581171,45.912511],[13.580436,45.912037],[13.579697,45.911664],[13.579686,45.911642],[13.57916,45.911323],[13.578834,45.911027],[13.577985,45.910383],[13.576973,45.909831],[13.57658,45.909468],[13.576227,45.909058],[13.575653,45.908666],[13.575352,45.90832],[13.575316,45.908185],[13.575406,45.908129],[13.575553,45.908119],[13.575681,45.908174],[13.576242,45.908677],[13.576285,45.908679],[13.576303,45.908651],[13.575992,45.908388],[13.575749,45.908147],[13.575665,45.908089],[13.575529,45.90804],[13.575344,45.90805],[13.575399,45.907937],[13.575287,45.90761],[13.575158,45.907429],[13.575064,45.907441],[13.574779,45.907417],[13.573354,45.907179],[13.573233,45.907144],[13.573445,45.906643],[13.573425,45.90662],[13.573386,45.906631],[13.573168,45.907144],[13.572298,45.906975],[13.572509,45.906404],[13.57221,45.906315],[13.571779,45.906112],[13.571477,45.90601],[13.571224,45.905877],[13.571204,45.905788],[13.571114,45.905652],[13.570587,45.904674],[13.57043,45.904265],[13.569911,45.904247],[13.569711,45.904211],[13.569356,45.904196],[13.569137,45.904222],[13.565671,45.904077],[13.565627,45.904087],[13.565603,45.904075],[13.564469,45.904029],[13.564266,45.903044],[13.56382,45.903079],[13.56308,45.903071],[13.562993,45.90264],[13.562972,45.902624],[13.562652,45.902723],[13.561908,45.902698],[13.561302,45.902606],[13.560965,45.902532],[13.56073,45.902435],[13.560239,45.902927],[13.560041,45.90308],[13.559734,45.903396],[13.559526,45.903659],[13.559443,45.903811],[13.559399,45.903811],[13.559477,45.903661],[13.559723,45.903364],[13.559981,45.903087],[13.560207,45.902913],[13.560693,45.902414],[13.560882,45.902288],[13.561148,45.902177],[13.561531,45.902092],[13.562042,45.902064],[13.56209,45.901875],[13.562186,45.901874],[13.562213,45.901857],[13.562232,45.901637],[13.562291,45.901524],[13.562923,45.901742],[13.563295,45.90182],[13.56347,45.9019],[13.563736,45.901957],[13.563947,45.901956],[13.564015,45.901797],[13.564175,45.901813],[13.564204,45.901799],[13.564184,45.901778],[13.563942,45.901736],[13.563091,45.901537],[13.562449,45.901352],[13.56209,45.901215],[13.561217,45.900792],[13.560855,45.900595],[13.559374,45.899644],[13.559153,45.89953],[13.558754,45.899449],[13.558294,45.899463],[13.558167,45.899496],[13.558129,45.899332]]]},"properties":{"prov":"GO","comune_amm":"I479","comune_descr":"SAVOGNA D`ISONZO","fascia":"B","zona":"B1","zona_descr":"CAPOLUOGO - CENTRO ABITATO","microzona":1,"semestre":"2025/1"}},{"type":"Feature","geometry":{"type":"Polygon","coordinates":[[[13.557115,45.888756],[13.557328,45.888237],[13.557373,45.888195],[13.557802,45.888229],[13.557948,45.888208],[13.558078,45.888099],[13.558276,45.887847],[13.558295,45.887707],[13.558276,45.887646],[13.558119,45.887412],[13.55806,45.8871],[13.558058,45.886436],[13.557861,45.886323],[13.557994,45.88632],[13.558617,45.886177],[13.558601,45.885949],[13.558574,45.885897],[13.559108,45.885895],[13.559156,45.885947],[13.559186,45.885941],[13.5593,45.885816],[13.55935,45.885678],[13.559394,45.885392],[13.559361,45.885373],[13.558855,45.885464],[13.558867,45.885272],[13.558851,45.885255],[13.558371,45.885216],[13.558172,45.885148],[13.558564,45.884712],[13.558575,45.884622],[13.558743,45.884613],[13.558788,45.884597],[13.559262,45.884716],[13.559282,45.884715],[13.559293,45.88469],[13.558953,45.88427],[13.558888,45.88385],[13.558708,45.883782],[13.558627,45.88373],[13.558622,45.883687],[13.55831,45.883447],[13.557845,45.883422],[13.557813,45.883283],[13.559158,45.883262],[13.560117,45.883316],[13.560428,45.883397],[13.560729,45.883575],[13.560768,45.883655],[13.560783,45.883764],[13.560812,45.88378],[13.560842,45.883753],[13.560838,45.883345],[13.560726,45.883117],[13.560582,45.882915],[13.560371,45.882738],[13.56011,45.882432],[13.559656,45.88213],[13.559508,45.881544],[13.559435,45.881415],[13.559398,45.881406],[13.559143,45.881506],[13.558843,45.881234],[13.559028,45.881185],[13.559042,45.88116],[13.558829,45.880874],[13.558803,45.88086],[13.558659,45.880304],[13.558633,45.880289],[13.558523,45.880287],[13.55846,45.880243],[13.558433,45.880156],[13.558492,45.880003],[13.558474,45.879961],[13.558586,45.879921],[13.558611,45.879672],[13.558689,45.879577],[13.558884,45.879512],[13.558898,45.87949],[13.558868,45.879478],[13.558697,45.879505],[13.558648,45.879466],[13.558373,45.879474],[13.55825,45.879128],[13.557739,45.879105],[13.557711,45.879077],[13.55743,45.879083],[13.557548,45.878787],[13.5578,45.878763],[13.557823,45.878743],[13.557802,45.878428],[13.557482,45.878212],[13.557865,45.878034],[13.557561,45.87728],[13.557474,45.876884],[13.557602,45.876993],[13.557963,45.877595],[13.558249,45.877826],[13.558071,45.877843],[13.557958,45.877948],[13.558039,45.878086],[13.558071,45.878095],[13.558087,45.878074],[13.558037,45.87794],[13.558098,45.87791],[13.558283,45.877881],[13.55838,45.877897],[13.558387,45.87787],[13.558067,45.87762],[13.557893,45.877334],[13.557881,45.877247],[13.557564,45.876815],[13.557594,45.876703],[13.558209,45.876673],[13.558309,45.877202],[13.558531,45.877767],[13.558701,45.877819],[13.558862,45.877839],[13.558935,45.877795],[13.559045,45.877808],[13.559073,45.877846],[13.559263,45.877966],[13.55947,45.877938],[13.559524,45.87822],[13.559655,45.878461],[13.559743,45.878531],[13.559906,45.878601],[13.56018,45.878495],[13.560338,45.878264],[13.560669,45.878321],[13.56093,45.877934],[13.561102,45.877762],[13.56131,45.877818],[13.561504,45.877815],[13.561799,45.877864],[13.561951,45.877801],[13.562229,45.877983],[13.562311,45.878286],[13.562416,45.878334],[13.56261,45.878559],[13.56267,45.87865],[13.562702,45.878778],[13.562497,45.878841],[13.561309,45.878887],[13.561291,45.878893],[13.561294,45.878919],[13.561378,45.87897],[13.561343,45.879017],[13.561349,45.879039],[13.561394,45.879033],[13.561451,45.878955],[13.562542,45.878886],[13.562633,45.878864],[13.562457,45.879303],[13.563322,45.879422],[13.563286,45.879566],[13.563382,45.880131],[13.563752,45.880095],[13.563789,45.880121],[13.564259,45.880069],[13.564316,45.880084],[13.56447,45.880225],[13.564599,45.880373],[13.564557,45.880668],[13.564481,45.880851],[13.564523,45.88089],[13.56455,45.880976],[13.564663,45.881012],[13.564882,45.881217],[13.564889,45.881347],[13.565076,45.881342],[13.565271,45.881688],[13.565625,45.881789],[13.565297,45.882377],[13.565164,45.88283],[13.564304,45.883547],[13.5636,45.88367],[13.563256,45.883763],[13.563162,45.884005],[13.563044,45.88408],[13.56295,45.884294],[13.562886,45.884508],[13.562649,45.884565],[13.562668,45.88459],[13.562778,45.884604],[13.562852,45.884662],[13.563022,45.884975],[13.562855,45.884921],[13.562484,45.884877],[13.562245,45.884797],[13.562215,45.884801],[13.562197,45.884848],[13.561796,45.884767],[13.561773,45.884606],[13.561628,45.88448],[13.560843,45.884476],[13.560829,45.884614],[13.560657,45.884613],[13.560587,45.884646],[13.560532,45.884652],[13.560522,45.884703],[13.560234,45.884977],[13.560074,45.885016],[13.559924,45.884928],[13.55982,45.884825],[13.559765,45.884819],[13.559743,45.885075],[13.559578,45.885153],[13.559701,45.88551],[13.559927,45.885759],[13.560117,45.885864],[13.560262,45.885892],[13.560429,45.885979],[13.560612,45.88617],[13.56082,45.886611],[13.560908,45.886714],[13.560921,45.886776],[13.561235,45.886961],[13.561779,45.88713],[13.561114,45.887117],[13.561109,45.887141],[13.56144,45.887488],[13.560758,45.887845],[13.56035,45.887327],[13.560317,45.887319],[13.559978,45.887427],[13.560017,45.887605],[13.559943,45.887662],[13.559962,45.887745],[13.559314,45.888567],[13.558751,45.888745],[13.557115,45.888756]],[[13.561382,45.883296],[13.561405,45.883394],[13.561496,45.883408],[13.561542,45.883957],[13.561832,45.883958],[13.561832,45.883996],[13.561865,45.884011],[13.561883,45.884054],[13.562064,45.884081],[13.562189,45.884127],[13.562232,45.884196],[13.562461,45.884238],[13.562578,45.884212],[13.56266,45.884151],[13.562902,45.884177],[13.56293,45.884166],[13.563007,45.884032],[13.563093,45.883983],[13.563154,45.883813],[13.563127,45.883792],[13.563129,45.883702],[13.563106,45.883622],[13.563125,45.883601],[13.563091,45.883351],[13.562984,45.883209],[13.562898,45.883038],[13.562782,45.88295],[13.562497,45.882901],[13.562185,45.882797],[13.562155,45.882801],[13.562141,45.882822],[13.562077,45.882808],[13.561933,45.882817],[13.56191,45.882835],[13.561913,45.883265],[13.561407,45.883276],[13.561382,45.883296]],[[13.561973,45.88261],[13.561974,45.882682],[13.562159,45.882752],[13.562178,45.882773],[13.5625,45.882882],[13.562674,45.882901],[13.562817,45.882946],[13.562908,45.88304],[13.563125,45.883399],[13.563144,45.883587],[13.563178,45.883606],[13.563233,45.883688],[13.56328,45.883706],[13.563678,45.883593],[13.564319,45.883454],[13.564438,45.88337],[13.564449,45.883304],[13.564901,45.882996],[13.564888,45.882913],[13.564987,45.882901],[13.565008,45.882883],[13.564999,45.88278],[13.564888,45.882492],[13.564819,45.882206],[13.564601,45.882012],[13.564262,45.88188],[13.56419,45.88187],[13.564025,45.881545],[13.564012,45.88146],[13.56399,45.881436],[13.563933,45.881467],[13.562876,45.881663],[13.563012,45.882039],[13.562934,45.882113],[13.562804,45.88213],[13.562658,45.88211],[13.562559,45.882128],[13.562371,45.882309],[13.56227,45.882331],[13.562222,45.882406],[13.562239,45.882568],[13.562033,45.88256],[13.561973,45.88261]]]},"properties":{"prov":"GO","comune_amm":"I479","comune_descr":"SAVOGNA D`ISONZO","fascia":"E","zona":"E2","zona_descr":"FRAZIONE SAN MICHELE DEL CARSO","microzona":1,"semestre":"2025/1"}},{"type":"Feature","geometry":{"type":"Polygon","coordinates":[[[13.54191,45.885527],[13.541936,45.885104],[13.542095,45.884683],[13.542223,45.884084],[13.542382,45.88358],[13.542819,45.882456],[13.543049,45.882525],[13.543084,45.882513],[13.543628,45.88112],[13.54394,45.879909],[13.544736,45.877329],[13.54472,45.876428],[13.544924,45.876259],[13.54483,45.876062],[13.544724,45.876027],[13.54468,45.875578],[13.54454,45.875428],[13.544333,45.875022],[13.544288,45.87471],[13.544161,45.872822],[13.544021,45.872232],[13.543509,45.871031],[13.543671,45.870704],[13.543638,45.870695],[13.543616,45.870711],[13.543463,45.870349],[13.543286,45.87014],[13.543377,45.869577],[13.543233,45.868655],[13.54324,45.86836],[13.543266,45.868331],[13.543537,45.868189],[13.543714,45.868135],[13.543952,45.867977],[13.544021,45.867899],[13.544148,45.867932],[13.544624,45.867791],[13.545012,45.867577],[13.545415,45.867291],[13.545993,45.867025],[13.546141,45.866867],[13.547076,45.866422],[13.547868,45.865694],[13.548269,45.865358],[13.548517,45.865079],[13.548583,45.865063],[13.548553,45.864918],[13.5484,45.864766],[13.548482,45.864473],[13.548579,45.864278],[13.54875,45.864023],[13.549344,45.86347],[13.549446,45.863437],[13.549701,45.863529],[13.550595,45.864126],[13.551004,45.86448],[13.551375,45.864555],[13.551944,45.86516],[13.552061,45.865363],[13.552098,45.865392],[13.552528,45.866142],[13.552654,45.866504],[13.552739,45.867309],[13.55319,45.867888],[13.553454,45.868302],[13.55472,45.86882],[13.555343,45.8693],[13.556261,45.869511],[13.556665,45.869515],[13.557101,45.86965],[13.558608,45.870059],[13.558819,45.870188],[13.559023,45.870366],[13.559036,45.870402],[13.559081,45.870392],[13.559137,45.870418],[13.560566,45.871679],[13.564313,45.87079],[13.565944,45.87111],[13.565969,45.871077],[13.567401,45.871451],[13.567418,45.871431],[13.567373,45.871266],[13.567413,45.871112],[13.567338,45.870946],[13.567312,45.870752],[13.56746,45.87049],[13.567713,45.870483],[13.568035,45.8705],[13.57004,45.870193],[13.570479,45.870361],[13.571124,45.870232],[13.571341,45.870065],[13.571602,45.869904],[13.571792,45.870229],[13.572148,45.870999],[13.572432,45.871245],[13.572874,45.871847],[13.572959,45.871875],[13.573259,45.871886],[13.573515,45.87192],[13.573784,45.87201],[13.574219,45.872201],[13.574357,45.872387],[13.574553,45.872583],[13.575169,45.873302],[13.57529,45.873636],[13.575299,45.873938],[13.575359,45.873961],[13.574501,45.879391],[13.574375,45.879687],[13.574376,45.880134],[13.573929,45.880508],[13.573566,45.880623],[13.5733,45.88076],[13.572886,45.88086],[13.572519,45.880909],[13.57195,45.881101],[13.57155,45.881141],[13.570405,45.881439],[13.569972,45.881622],[13.569627,45.881903],[13.569531,45.882196],[13.568749,45.882175],[13.568309,45.883257],[13.568326,45.883279],[13.568565,45.883327],[13.568597,45.883312],[13.569032,45.882251],[13.569839,45.882269],[13.570325,45.881679],[13.572114,45.881205],[13.57368,45.880863],[13.574246,45.880635],[13.574692,45.880272],[13.575238,45.877091],[13.575815,45.873543],[13.575894,45.873481],[13.579367,45.872989],[13.579387,45.872965],[13.578937,45.872063],[13.581425,45.870969],[13.582423,45.871037],[13.583902,45.871616],[13.58406,45.87192],[13.583857,45.872333],[13.583574,45.873234],[13.583792,45.873965],[13.584622,45.874656],[13.585516,45.87545],[13.586109,45.876122],[13.58558,45.877031],[13.585462,45.877714],[13.585721,45.878205],[13.58624,45.879997],[13.586196,45.88182],[13.586697,45.882222],[13.586768,45.882324],[13.586912,45.882621],[13.587297,45.883174],[13.587275,45.883273],[13.587355,45.883357],[13.587464,45.883676],[13.587852,45.884023],[13.588327,45.884527],[13.588998,45.885348],[13.589212,45.885641],[13.589528,45.885966],[13.590309,45.886857],[13.590463,45.887049],[13.590808,45.887579],[13.591136,45.887955],[13.590916,45.887986],[13.590612,45.888091],[13.590603,45.888115],[13.590637,45.888123],[13.590864,45.888058],[13.591078,45.888066],[13.59191,45.888974],[13.592651,45.889909],[13.593242,45.889956],[13.593523,45.890304],[13.593444,45.890566],[13.593423,45.890582],[13.593435,45.890605],[13.593327,45.890653],[13.593005,45.890755],[13.59287,45.891129],[13.592989,45.891328],[13.59305,45.891395],[13.593463,45.891674],[13.594127,45.891813],[13.594967,45.89169],[13.5956,45.891452],[13.595734,45.892578],[13.596072,45.892694],[13.596194,45.892929],[13.596408,45.893034],[13.59605,45.894967],[13.596381,45.894969],[13.596485,45.894984],[13.596512,45.894976],[13.596517,45.894946],[13.597355,45.895219],[13.597334,45.895255],[13.597348,45.895281],[13.597679,45.895358],[13.598312,45.895574],[13.598512,45.895584],[13.598819,45.895573],[13.599328,45.895613],[13.599685,45.895625],[13.59985,45.895605],[13.600354,45.895817],[13.600669,45.895806],[13.600811,45.895831],[13.600824,45.896026],[13.602592,45.896782],[13.602612,45.896829],[13.604188,45.897521],[13.604939,45.897653],[13.605881,45.897889],[13.605956,45.898478],[13.606505,45.898487],[13.606538,45.898527],[13.607069,45.898512],[13.607098,45.898721],[13.607532,45.898725],[13.607553,45.899059],[13.608554,45.899037],[13.608679,45.899141],[13.608711,45.899268],[13.608883,45.89926],[13.608895,45.899338],[13.609955,45.90126],[13.609978,45.901272],[13.610465,45.901288],[13.610503,45.902288],[13.61307,45.90679],[13.613095,45.906802],[13.614029,45.906779],[13.614048,45.907084],[13.614005,45.907665],[13.610916,45.90755],[13.610482,45.90628],[13.61045,45.906266],[13.610155,45.90631],[13.609277,45.906381],[13.608022,45.906458],[13.60781,45.906488],[13.607591,45.906499],[13.607007,45.906487],[13.602963,45.906981],[13.602916,45.906957],[13.602425,45.907096],[13.601938,45.906653],[13.60143,45.905717],[13.601198,45.905081],[13.601157,45.904855],[13.601129,45.90484],[13.601034,45.904847],[13.601013,45.904869],[13.601322,45.905715],[13.601826,45.90663],[13.602229,45.906982],[13.59542,45.908392],[13.593841,45.908669],[13.593209,45.907372],[13.593178,45.907361],[13.593064,45.907384],[13.593047,45.907407],[13.593704,45.908858],[13.592032,45.909127],[13.590766,45.906768],[13.587705,45.907372],[13.587432,45.907166],[13.587034,45.906921],[13.585361,45.905953],[13.582448,45.904301],[13.580319,45.903167],[13.580286,45.903169],[13.58027,45.903207],[13.578003,45.901936],[13.57798,45.901919],[13.577964,45.901794],[13.577793,45.901679],[13.577034,45.901274],[13.576995,45.901279],[13.576926,45.901355],[13.575342,45.900451],[13.573933,45.899769],[13.57397,45.899671],[13.573946,45.899583],[13.57397,45.899288],[13.573957,45.899214],[13.573978,45.899194],[13.574004,45.898887],[13.574816,45.898753],[13.574551,45.89745],[13.574849,45.897417],[13.575134,45.897366],[13.575731,45.897227],[13.575742,45.897193],[13.575698,45.89718],[13.575636,45.897038],[13.576039,45.896985],[13.576252,45.896891],[13.576277,45.89664],[13.576244,45.89662],[13.57624,45.896586],[13.576211,45.896579],[13.574948,45.896858],[13.574813,45.896792],[13.57477,45.896798],[13.574619,45.896746],[13.574155,45.896532],[13.574032,45.896379],[13.573914,45.896359],[13.573706,45.896293],[13.573349,45.896286],[13.572437,45.896408],[13.572128,45.896553],[13.571693,45.895959],[13.570741,45.89563],[13.570599,45.895625],[13.570574,45.895635],[13.570492,45.896044],[13.570355,45.896447],[13.57024,45.896613],[13.569966,45.896912],[13.569841,45.897182],[13.569764,45.897418],[13.569537,45.8978],[13.569565,45.897902],[13.569227,45.897877],[13.569296,45.897837],[13.56934,45.897838],[13.569448,45.897749],[13.569578,45.897601],[13.569776,45.897126],[13.569928,45.896818],[13.569986,45.896611],[13.569964,45.896574],[13.569908,45.896551],[13.56984,45.896559],[13.569351,45.896412],[13.56859,45.897366],[13.56861,45.897393],[13.568851,45.897409],[13.568621,45.897923],[13.56784,45.897976],[13.567433,45.89802],[13.566984,45.898092],[13.566382,45.898338],[13.566409,45.898363],[13.566731,45.898341],[13.567014,45.898204],[13.567258,45.898137],[13.567602,45.898074],[13.568032,45.898035],[13.56823,45.898285],[13.568926,45.898332],[13.569761,45.898454],[13.569781,45.898523],[13.569548,45.8992],[13.569279,45.89945],[13.569187,45.899585],[13.568914,45.899807],[13.568521,45.900178],[13.567862,45.900897],[13.567722,45.901109],[13.567445,45.90136],[13.567112,45.901545],[13.566704,45.9017],[13.565787,45.901815],[13.56547,45.901794],[13.564509,45.90167],[13.56373,45.901486],[13.563085,45.901365],[13.562656,45.901229],[13.562205,45.901064],[13.561216,45.900571],[13.561042,45.900503],[13.560411,45.900077],[13.560157,45.899846],[13.559786,45.899608],[13.55923,45.899371],[13.558854,45.899343],[13.558856,45.899371],[13.559345,45.899621],[13.560309,45.900267],[13.5607,45.900504],[13.561187,45.90077],[13.561819,45.901084],[13.562412,45.901333],[13.562928,45.901514],[13.563236,45.901607],[13.563696,45.901698],[13.564012,45.901788],[13.563971,45.901941],[13.563766,45.901941],[13.563473,45.901881],[13.563319,45.901801],[13.562905,45.901725],[13.562302,45.90151],[13.562236,45.90162],[13.562205,45.901852],[13.56211,45.901854],[13.562084,45.901869],[13.562038,45.902069],[13.561532,45.902092],[13.561244,45.902148],[13.560883,45.902288],[13.560718,45.902397],[13.560713,45.902418],[13.560859,45.902498],[13.560967,45.902532],[13.561302,45.902606],[13.56191,45.902698],[13.562648,45.902723],[13.562987,45.902616],[13.563073,45.903056],[13.563098,45.903071],[13.563816,45.903079],[13.564295,45.903038],[13.564469,45.904014],[13.564494,45.904029],[13.569135,45.904222],[13.569355,45.904196],[13.569713,45.904211],[13.569912,45.904247],[13.570432,45.904262],[13.570586,45.904672],[13.571114,45.905652],[13.571206,45.905791],[13.571201,45.90583],[13.571223,45.905874],[13.571477,45.906009],[13.571776,45.906111],[13.57221,45.906315],[13.572633,45.906436],[13.572415,45.906999],[13.572505,45.907026],[13.573164,45.907139],[13.573402,45.906594],[13.573393,45.90657],[13.573486,45.906582],[13.573462,45.906603],[13.573235,45.907127],[13.57325,45.907149],[13.573357,45.907179],[13.574779,45.907417],[13.575062,45.907441],[13.575125,45.907431],[13.575151,45.907409],[13.575288,45.907613],[13.575399,45.90794],[13.575357,45.908037],[13.575383,45.908049],[13.575532,45.90804],[13.575664,45.908088],[13.575752,45.908149],[13.575992,45.908387],[13.576305,45.90865],[13.576289,45.908679],[13.576248,45.908683],[13.575682,45.908175],[13.575557,45.90812],[13.57541,45.908129],[13.575321,45.908181],[13.575317,45.908236],[13.575353,45.908321],[13.575657,45.908669],[13.576226,45.909057],[13.576581,45.909469],[13.576977,45.909833],[13.577985,45.910383],[13.578834,45.911026],[13.579161,45.911323],[13.579768,45.911691],[13.580433,45.912037],[13.581171,45.912511],[13.581707,45.913001],[13.582015,45.913103],[13.58232,45.913271],[13.582876,45.913728],[13.583638,45.914154],[13.584627,45.914813],[13.585354,45.915416],[13.585987,45.915835],[13.586023,45.915835],[13.586225,45.915696],[13.586807,45.916057],[13.5871,45.915886],[13.587216,45.916001],[13.588191,45.917127],[13.5868,45.917621],[13.58099,45.915725],[13.580034,45.915787],[13.579112,45.915678],[13.57877,45.91568],[13.578685,45.915733],[13.578532,45.915741],[13.577275,45.915557],[13.575431,45.915387],[13.573713,45.915028],[13.572307,45.914677],[13.571744,45.913889],[13.570826,45.91359],[13.570205,45.912378],[13.5634,45.910349],[13.563364,45.910361],[13.563344,45.9104],[13.556977,45.908419],[13.556892,45.908443],[13.556786,45.908133],[13.55668,45.907678],[13.556422,45.907057],[13.556235,45.906703],[13.556197,45.906582],[13.556064,45.906439],[13.556007,45.906305],[13.555868,45.906089],[13.555901,45.905818],[13.555863,45.905284],[13.555756,45.904983],[13.555589,45.904759],[13.555159,45.903967],[13.554673,45.903353],[13.554555,45.90288],[13.554156,45.902378],[13.553762,45.901474],[13.553292,45.900903],[13.553564,45.900806],[13.553578,45.900788],[13.553392,45.900639],[13.55217,45.900017],[13.553385,45.898747],[13.553377,45.898717],[13.553809,45.898265],[13.553803,45.898237],[13.554118,45.898105],[13.554096,45.897884],[13.554284,45.89779],[13.554571,45.897494],[13.555076,45.897397],[13.555142,45.897331],[13.555237,45.8973],[13.555598,45.89732],[13.555862,45.897283],[13.556054,45.897338],[13.556294,45.897275],[13.556518,45.897131],[13.556975,45.896448],[13.557055,45.896376],[13.557092,45.896285],[13.557365,45.895948],[13.557317,45.895561],[13.557207,45.895419],[13.557001,45.895287],[13.556703,45.895128],[13.556576,45.894844],[13.55661,45.894758],[13.556728,45.89468],[13.556759,45.8946],[13.556612,45.894307],[13.556614,45.894173],[13.556378,45.893973],[13.555929,45.893923],[13.55561,45.893918],[13.555409,45.893949],[13.555253,45.893916],[13.555103,45.893806],[13.554631,45.893361],[13.554397,45.893198],[13.554121,45.892913],[13.553943,45.892766],[13.553749,45.892681],[13.5536,45.892545],[13.553608,45.892402],[13.553446,45.892098],[13.553306,45.891557],[13.553281,45.891392],[13.553266,45.890917],[13.55322,45.890639],[13.553259,45.890221],[13.553408,45.889795],[13.553598,45.889512],[13.55398,45.889114],[13.555075,45.889036],[13.556312,45.88878],[13.55684,45.888818],[13.557631,45.888796],[13.558428,45.888735],[13.559005,45.888709],[13.559333,45.888591],[13.559322,45.888562],[13.55996,45.887748],[13.559941,45.887661],[13.560016,45.887601],[13.559974,45.887422],[13.560338,45.887314],[13.56076,45.887837],[13.561424,45.887497],[13.561429,45.887472],[13.561083,45.887113],[13.561646,45.887127],[13.56167,45.887101],[13.561236,45.886962],[13.560917,45.886773],[13.560904,45.886707],[13.560821,45.886612],[13.560612,45.88617],[13.56043,45.885981],[13.56026,45.885891],[13.56012,45.885865],[13.559926,45.885758],[13.559728,45.885549],[13.559573,45.885152],[13.55974,45.885076],[13.559762,45.884803],[13.559828,45.884829],[13.559927,45.88493],[13.560084,45.885013],[13.560237,45.884974],[13.560519,45.884705],[13.560525,45.884648],[13.560591,45.884644],[13.560652,45.884613],[13.560822,45.88461],[13.560836,45.884472],[13.561637,45.88448],[13.561776,45.884608],[13.561794,45.884756],[13.561812,45.884772],[13.562173,45.884843],[13.562206,45.884827],[13.562212,45.884787],[13.562489,45.884878],[13.562858,45.884922],[13.562966,45.884957],[13.563,45.884949],[13.562855,45.884665],[13.562802,45.884618],[13.562424,45.884552],[13.562616,45.884565],[13.562884,45.884507],[13.56295,45.884292],[13.563046,45.884077],[13.563163,45.884002],[13.563267,45.883708],[13.563197,45.883645],[13.563165,45.883653],[13.563182,45.88374],[13.563092,45.883986],[13.563006,45.884035],[13.562921,45.884179],[13.562661,45.884153],[13.562582,45.884211],[13.562471,45.884238],[13.562233,45.884198],[13.562185,45.884126],[13.562059,45.88408],[13.56186,45.88405],[13.561861,45.884013],[13.561827,45.883997],[13.561826,45.883965],[13.561537,45.883961],[13.561497,45.883419],[13.561475,45.883402],[13.561392,45.883391],[13.561365,45.883239],[13.561905,45.883229],[13.56191,45.882822],[13.562138,45.882815],[13.56216,45.882772],[13.562144,45.882746],[13.56197,45.882684],[13.561977,45.882601],[13.562031,45.882558],[13.562231,45.882562],[13.562219,45.882412],[13.562273,45.882323],[13.562373,45.882305],[13.562563,45.882125],[13.562664,45.88211],[13.562811,45.88213],[13.562929,45.882114],[13.563008,45.882042],[13.562872,45.881658],[13.563927,45.881468],[13.563981,45.881418],[13.564012,45.881458],[13.564026,45.881546],[13.564194,45.88187],[13.564256,45.881878],[13.564604,45.882013],[13.564823,45.882212],[13.564887,45.882491],[13.564999,45.882781],[13.565009,45.882897],[13.564896,45.882917],[13.564914,45.883001],[13.564887,45.883005],[13.564453,45.883302],[13.564442,45.883367],[13.564328,45.88345],[13.563949,45.883534],[13.563934,45.883543],[13.563942,45.883566],[13.564342,45.883516],[13.564925,45.883029],[13.564928,45.883009],[13.564956,45.883003],[13.565168,45.882824],[13.565297,45.882376],[13.565617,45.881796],[13.565602,45.88178],[13.565357,45.881705],[13.565265,45.881689],[13.565258,45.881616],[13.565181,45.881443],[13.565087,45.881315],[13.565056,45.881307],[13.564906,45.881341],[13.564832,45.881296],[13.564676,45.881062],[13.564597,45.881026],[13.564527,45.881018],[13.56442,45.880956],[13.564445,45.880937],[13.56443,45.88091],[13.564377,45.880907],[13.564387,45.880861],[13.564456,45.880817],[13.564535,45.880634],[13.564488,45.880495],[13.564568,45.880433],[13.564569,45.880349],[13.564469,45.880223],[13.564318,45.880086],[13.564268,45.880069],[13.563769,45.880123],[13.563732,45.880097],[13.563376,45.880136],[13.563286,45.879564],[13.563315,45.879425],[13.562449,45.879307],[13.562619,45.878897],[13.562605,45.878875],[13.561452,45.878955],[13.561351,45.878885],[13.56249,45.878842],[13.562699,45.878776],[13.562671,45.878651],[13.562609,45.878558],[13.562418,45.878336],[13.562313,45.878293],[13.562225,45.877981],[13.56195,45.877805],[13.561804,45.877865],[13.561505,45.877815],[13.561312,45.877819],[13.561103,45.877765],[13.56093,45.877935],[13.560681,45.8783],[13.560299,45.878262],[13.560041,45.878657],[13.55976,45.878563],[13.559704,45.878519],[13.559619,45.878371],[13.559523,45.878257],[13.559479,45.877974],[13.559408,45.87797],[13.559117,45.877879],[13.5587,45.877819],[13.55853,45.877769],[13.558309,45.877201],[13.558203,45.876677],[13.557611,45.876702],[13.557587,45.876718],[13.557568,45.876823],[13.557883,45.877248],[13.557891,45.877329],[13.558067,45.877619],[13.558299,45.877808],[13.558249,45.877827],[13.557959,45.877591],[13.557604,45.876995],[13.557534,45.876933],[13.557494,45.876932],[13.557561,45.87728],[13.557869,45.878034],[13.557508,45.878199],[13.557497,45.878218],[13.557798,45.878418],[13.557816,45.878656],[13.558358,45.878704],[13.558411,45.878784],[13.557834,45.878698],[13.557823,45.87876],[13.557551,45.878788],[13.557439,45.879072],[13.557465,45.879083],[13.557746,45.879076],[13.557768,45.879107],[13.558189,45.879126],[13.55826,45.879345],[13.558334,45.879481],[13.558505,45.879467],[13.558586,45.879514],[13.558797,45.87944],[13.558841,45.879483],[13.558772,45.8795],[13.558682,45.879559],[13.558649,45.879777],[13.558672,45.879891],[13.558589,45.879919],[13.558605,45.87998],[13.55853,45.880026],[13.55846,45.880232],[13.55854,45.880301],[13.558699,45.88031],[13.558801,45.880883],[13.558826,45.880902],[13.558934,45.881113],[13.559036,45.881202],[13.558888,45.881299],[13.55922,45.881524],[13.559418,45.881386],[13.559507,45.881541],[13.559654,45.882128],[13.560111,45.882433],[13.56037,45.882736],[13.56058,45.882913],[13.560726,45.883117],[13.560838,45.883344],[13.560842,45.883757],[13.560803,45.883796],[13.560796,45.883695],[13.560733,45.883586],[13.56065,45.883574],[13.560672,45.883549],[13.560663,45.883536],[13.560435,45.8834],[13.560122,45.883317],[13.559159,45.883262],[13.557785,45.883291],[13.5578,45.883373],[13.557824,45.883387],[13.558253,45.883406],[13.558579,45.88366],[13.558595,45.883707],[13.558886,45.883817],[13.558955,45.884274],[13.559324,45.884729],[13.558797,45.884599],[13.558593,45.884621],[13.55857,45.884639],[13.558567,45.884711],[13.558182,45.885146],[13.558372,45.885216],[13.558795,45.885258],[13.558868,45.885249],[13.558855,45.885441],[13.558873,45.885459],[13.559397,45.885369],[13.559364,45.885617],[13.5593,45.885817],[13.559163,45.885965],[13.559092,45.885895],[13.558591,45.8859],[13.558618,45.886181],[13.557913,45.886327],[13.557918,45.886354],[13.558058,45.886427],[13.55806,45.8871],[13.55811,45.887367],[13.55815,45.887379],[13.558299,45.887305],[13.558124,45.88741],[13.558278,45.88765],[13.558295,45.887711],[13.558276,45.887849],[13.558075,45.888101],[13.557938,45.888213],[13.557803,45.88823],[13.557367,45.888201],[13.557328,45.888239],[13.55711,45.888755],[13.556182,45.888741],[13.554898,45.888967],[13.553822,45.889059],[13.552717,45.889327],[13.551127,45.889678],[13.550247,45.889696],[13.550327,45.888165],[13.550453,45.886594],[13.550437,45.886576],[13.548957,45.886811],[13.547811,45.887237],[13.547373,45.887339],[13.546634,45.887648],[13.545687,45.886752],[13.545439,45.88633],[13.54511,45.886115],[13.542689,45.885134],[13.542491,45.885196],[13.54191,45.885527]]]},"properties":{"prov":"GO","comune_amm":"I479","comune_descr":"SAVOGNA D`ISONZO","fascia":"R","zona":"R2","zona_descr":"FRAZIONE GABRIA AL VIPACCO - ZONA AGRICOLA","microzona":0,"semestre":"2025/1"}},{"type":"Feature","geometry":{"type":"Polygon","coordinates":[[[13.488689,45.80561],[13.489426,45.802964],[13.489672,45.803219],[13.49183,45.803475],[13.491803,45.803961],[13.491823,45.803979],[13.494356,45.80438],[13.494575,45.804349],[13.495352,45.803983],[13.495567,45.803923],[13.495652,45.804099],[13.495824,45.804198],[13.495905,45.804161],[13.495905,45.804133],[13.495756,45.804048],[13.495013,45.802278],[13.49479,45.80192],[13.494599,45.801558],[13.494542,45.801546],[13.494702,45.801419],[13.495032,45.800087],[13.495172,45.800105],[13.495203,45.800088],[13.495201,45.799576],[13.495222,45.799213],[13.495011,45.798874],[13.494691,45.798564],[13.494987,45.79858],[13.495014,45.798566],[13.494855,45.798351],[13.494721,45.797987],[13.494924,45.797987],[13.495096,45.797966],[13.496133,45.798075],[13.497546,45.798293],[13.497623,45.79834],[13.497856,45.798355],[13.49816,45.79836],[13.499834,45.798276],[13.499871,45.797908],[13.499863,45.797894],[13.499811,45.797889],[13.499783,45.797618],[13.499832,45.797218],[13.499972,45.796598],[13.500291,45.795544],[13.500466,45.795104],[13.500687,45.794819],[13.500653,45.794638],[13.500566,45.794528],[13.500485,45.794484],[13.500289,45.794445],[13.504021,45.794388],[13.505579,45.794347],[13.505955,45.794355],[13.506462,45.794388],[13.507165,45.794466],[13.509016,45.794768],[13.511743,45.795347],[13.51167,45.795696],[13.51155,45.795965],[13.511096,45.796425],[13.510921,45.796642],[13.510712,45.797004],[13.510696,45.797078],[13.510723,45.797115],[13.511358,45.797241],[13.512085,45.797427],[13.512214,45.797449],[13.512423,45.797424],[13.512618,45.797479],[13.513152,45.797695],[13.514857,45.798337],[13.517196,45.799488],[13.51727,45.799495],[13.517447,45.799466],[13.517576,45.799502],[13.517732,45.799436],[13.517654,45.799546],[13.517615,45.79956],[13.516677,45.800936],[13.516523,45.801355],[13.516524,45.801454],[13.516398,45.80174],[13.516253,45.802282],[13.516243,45.802541],[13.516278,45.802825],[13.516354,45.803052],[13.516544,45.803432],[13.516885,45.803991],[13.517072,45.804021],[13.517248,45.804074],[13.51734,45.804162],[13.517552,45.80445],[13.517632,45.804632],[13.517706,45.804885],[13.517856,45.805589],[13.517864,45.805842],[13.517825,45.806197],[13.517723,45.806279],[13.517102,45.806334],[13.516254,45.806494],[13.515504,45.80655],[13.514654,45.806561],[13.514289,45.806528],[13.513527,45.806393],[13.51299,45.80619],[13.512139,45.805913],[13.510311,45.805823],[13.509408,45.805551],[13.508588,45.80554],[13.50805,45.805549],[13.506271,45.805647],[13.505837,45.805764],[13.505664,45.805838],[13.505521,45.805938],[13.505409,45.805986],[13.505369,45.806025],[13.505366,45.806153],[13.505091,45.80682],[13.504764,45.807798],[13.504741,45.808021],[13.504662,45.808337],[13.504615,45.808837],[13.504665,45.809453],[13.504794,45.809852],[13.504905,45.810109],[13.5049,45.810225],[13.504864,45.810308],[13.503372,45.810047],[13.50278,45.810011],[13.50159,45.809761],[13.501192,45.809625],[13.500834,45.809441],[13.500528,45.809246],[13.500407,45.80919],[13.500023,45.809085],[13.49976,45.809041],[13.499535,45.809033],[13.499343,45.80909],[13.498934,45.809242],[13.498368,45.809485],[13.498051,45.809515],[13.497803,45.809499],[13.49779,45.809432],[13.497846,45.8094],[13.497595,45.808694],[13.497507,45.808346],[13.497467,45.807903],[13.497412,45.807711],[13.497375,45.807679],[13.497416,45.807664],[13.497452,45.807479],[13.497531,45.807261],[13.497647,45.807118],[13.497655,45.807021],[13.497772,45.806846],[13.497807,45.806703],[13.49788,45.80661],[13.497926,45.806594],[13.497999,45.806424],[13.498025,45.806309],[13.497986,45.806281],[13.498029,45.806187],[13.498133,45.805332],[13.49807,45.805277],[13.497478,45.805217],[13.497529,45.805154],[13.497519,45.805129],[13.497307,45.80504],[13.49717,45.80506],[13.497138,45.804711],[13.496801,45.804592],[13.496264,45.804447],[13.495799,45.80421],[13.495762,45.804205],[13.495702,45.804239],[13.495712,45.804259],[13.496155,45.80447],[13.496686,45.804608],[13.497038,45.804728],[13.497038,45.80503],[13.497019,45.805072],[13.497048,45.805083],[13.497161,45.805068],[13.497176,45.805093],[13.497362,45.805167],[13.497315,45.805218],[13.497316,45.80524],[13.497864,45.805325],[13.497913,45.805374],[13.497863,45.805758],[13.497777,45.806172],[13.497742,45.806242],[13.497771,45.806271],[13.497739,45.806388],[13.497614,45.806648],[13.497616,45.806735],[13.497576,45.806828],[13.497468,45.806988],[13.497462,45.807076],[13.497351,45.807219],[13.497283,45.807381],[13.497219,45.807637],[13.497267,45.807817],[13.497306,45.808339],[13.497385,45.808614],[13.497637,45.80933],[13.497583,45.809354],[13.497599,45.809417],[13.49676,45.809577],[13.49615,45.809662],[13.49526,45.809879],[13.495143,45.809939],[13.494911,45.810153],[13.494174,45.810557],[13.493044,45.811141],[13.492653,45.811302],[13.492313,45.811415],[13.491329,45.811884],[13.491062,45.811977],[13.490907,45.811999],[13.490594,45.81195],[13.490525,45.811958],[13.490581,45.811933],[13.49067,45.81194],[13.492274,45.811284],[13.492705,45.811086],[13.492648,45.810917],[13.492601,45.810854],[13.492558,45.810682],[13.492495,45.809222],[13.492477,45.809205],[13.492217,45.809141],[13.4922,45.809064],[13.492118,45.809048],[13.492038,45.808238],[13.492022,45.807976],[13.492037,45.807477],[13.492058,45.807457],[13.492092,45.807073],[13.492348,45.805959],[13.492327,45.805939],[13.490898,45.805776],[13.490846,45.805793],[13.489406,45.805665],[13.489365,45.805672],[13.489327,45.805653],[13.488689,45.80561]]]},"properties":{"prov":"GO","comune_amm":"I939","comune_descr":"STARANZANO","fascia":"B","zona":"B1","zona_descr":"CAPOLUOGO - VIA TRIESTE PIAZZA DELLA REPUBBLICA - VIA BATTISTI - PIAZZA DANTE","microzona":1,"semestre":"2025/1"}},{"type":"Feature","geometry":{"type":"MultiPolygon","coordinates":[[[[13.495572,45.803919],[13.495351,45.803984],[13.494573,45.80435],[13.494363,45.80438],[13.494187,45.804358],[13.491806,45.803976],[13.491825,45.803478],[13.489665,45.803219],[13.48946,45.803],[13.489424,45.802995],[13.488697,45.805607],[13.490841,45.805793],[13.490893,45.805776],[13.49235,45.805942],[13.492092,45.807073],[13.492057,45.807472],[13.492037,45.807492],[13.492022,45.807975],[13.492038,45.808239],[13.492118,45.809037],[13.492139,45.809053],[13.492205,45.809061],[13.492218,45.809138],[13.492494,45.809212],[13.492558,45.810682],[13.492601,45.810853],[13.492649,45.810919],[13.492708,45.811089],[13.492276,45.811283],[13.490666,45.811942],[13.490595,45.811933],[13.490522,45.811958],[13.489935,45.812287],[13.489442,45.812619],[13.489207,45.81281],[13.488868,45.812846],[13.488505,45.812996],[13.488171,45.813184],[13.487572,45.813569],[13.487034,45.81387],[13.486651,45.81394],[13.486226,45.814045],[13.485668,45.814141],[13.484872,45.814235],[13.48445,45.814241],[13.484121,45.814224],[13.483617,45.814226],[13.483463,45.814245],[13.483172,45.814322],[13.482663,45.814481],[13.481664,45.814912],[13.481287,45.815382],[13.48116,45.815418],[13.480753,45.81544],[13.48048,45.815501],[13.480436,45.815487],[13.48005,45.815597],[13.479594,45.815771],[13.479273,45.815947],[13.478022,45.816431],[13.478256,45.815998],[13.478293,45.81598],[13.479129,45.814731],[13.479525,45.814085],[13.479837,45.813424],[13.478047,45.813087],[13.478183,45.812674],[13.478454,45.812722],[13.478486,45.812709],[13.478747,45.811999],[13.478727,45.811977],[13.47486,45.811437],[13.474814,45.811443],[13.474821,45.811318],[13.477674,45.811706],[13.477704,45.811695],[13.477794,45.811517],[13.477973,45.811238],[13.479622,45.811475],[13.480014,45.810546],[13.481842,45.810793],[13.481929,45.810441],[13.481987,45.810438],[13.482552,45.810082],[13.483585,45.805579],[13.484071,45.803696],[13.484221,45.803015],[13.484587,45.803152],[13.484794,45.803256],[13.485011,45.803394],[13.485577,45.80386],[13.485948,45.80422],[13.486188,45.804415],[13.486729,45.804842],[13.48699,45.805],[13.487085,45.805248],[13.487129,45.805256],[13.487378,45.802494],[13.487195,45.802174],[13.487199,45.802147],[13.487221,45.802124],[13.487864,45.801979],[13.487946,45.801525],[13.488288,45.801523],[13.488313,45.801509],[13.488613,45.800721],[13.488745,45.800521],[13.488778,45.80051],[13.489994,45.800794],[13.490028,45.800782],[13.490055,45.80072],[13.491305,45.80106],[13.491691,45.801148],[13.492952,45.80134],[13.494242,45.801517],[13.494436,45.801584],[13.494603,45.801907],[13.494893,45.802326],[13.495572,45.803919]]],[[[13.490273,45.800637],[13.490715,45.799777],[13.493539,45.795856],[13.494368,45.79466],[13.494429,45.794362],[13.494498,45.794333],[13.494554,45.79425],[13.494535,45.794215],[13.493232,45.794103],[13.493285,45.794055],[13.494,45.792725],[13.493966,45.792663],[13.494134,45.792124],[13.494773,45.791319],[13.495488,45.791834],[13.494855,45.792904],[13.494867,45.792928],[13.494902,45.792921],[13.495008,45.792793],[13.4956,45.791813],[13.494834,45.791265],[13.495812,45.790489],[13.49709,45.788236],[13.497089,45.788222],[13.497034,45.788197],[13.497371,45.787556],[13.500201,45.78251],[13.500855,45.781214],[13.500839,45.781191],[13.500776,45.781176],[13.500806,45.781118],[13.500862,45.78111],[13.503075,45.777545],[13.505657,45.778314],[13.510255,45.779722],[13.510234,45.779778],[13.510247,45.7798],[13.510416,45.779846],[13.510468,45.779785],[13.517528,45.782091],[13.517562,45.782084],[13.517912,45.781683],[13.517968,45.781698],[13.517174,45.782581],[13.517103,45.782637],[13.517011,45.782648],[13.516866,45.782868],[13.516767,45.782961],[13.516549,45.783271],[13.516478,45.783493],[13.516013,45.783913],[13.515813,45.784023],[13.515492,45.783974],[13.515377,45.784146],[13.515372,45.784348],[13.515474,45.785132],[13.515007,45.78768],[13.515034,45.787704],[13.514772,45.788627],[13.514567,45.789089],[13.513548,45.790906],[13.513548,45.790919],[13.513596,45.790941],[13.512054,45.793609],[13.512008,45.79377],[13.512001,45.794429],[13.51188,45.794803],[13.511747,45.795346],[13.509016,45.794768],[13.507165,45.794466],[13.506462,45.794388],[13.505955,45.794355],[13.505579,45.794347],[13.504021,45.794388],[13.500466,45.794443],[13.500445,45.794471],[13.500561,45.794524],[13.500654,45.794639],[13.500687,45.794822],[13.500465,45.795104],[13.500291,45.795544],[13.499972,45.796597],[13.499832,45.797218],[13.499783,45.797618],[13.499809,45.797873],[13.49982,45.797886],[13.499873,45.797889],[13.499838,45.79828],[13.498159,45.79836],[13.497856,45.798355],[13.497618,45.79834],[13.497542,45.798293],[13.496133,45.798075],[13.495098,45.797966],[13.494923,45.797987],[13.494736,45.79799],[13.494725,45.79801],[13.494768,45.798118],[13.495006,45.798566],[13.494782,45.798569],[13.494761,45.798596],[13.49501,45.798891],[13.495127,45.79905],[13.495179,45.799157],[13.495272,45.800046],[13.495003,45.800062],[13.494979,45.800079],[13.494983,45.800098],[13.495057,45.800117],[13.494902,45.800742],[13.494725,45.801346],[13.494536,45.801484],[13.494314,45.801423],[13.492994,45.801236],[13.491853,45.801049],[13.491536,45.800976],[13.490273,45.800637]]]]},"properties":{"prov":"GO","comune_amm":"I939","comune_descr":"STARANZANO","fascia":"D","zona":"D1","zona_descr":"FRAZIONI DOBBIA E BISTRIGNA - ZONA SCHIAVETTI BRANCOLO","microzona":1,"semestre":"2025/1"}},{"type":"Feature","geometry":{"type":"MultiPolygon","coordinates":[[[[13.478412,45.815698],[13.4782,45.81605],[13.478167,45.81607],[13.477919,45.816493],[13.477478,45.816686],[13.477191,45.816835],[13.477187,45.816866],[13.477123,45.816905],[13.477021,45.816901],[13.476655,45.817078],[13.476482,45.817126],[13.474723,45.817766],[13.473671,45.818282],[13.473568,45.81827],[13.473258,45.818492],[13.47315,45.81855],[13.472888,45.818621],[13.472332,45.818698],[13.471895,45.818675],[13.471721,45.818637],[13.471668,45.818611],[13.472117,45.817938],[13.472359,45.81754],[13.472776,45.816829],[13.472737,45.816787],[13.472833,45.816631],[13.472901,45.816609],[13.473193,45.816143],[13.473274,45.815958],[13.473271,45.815784],[13.473371,45.815607],[13.473497,45.815426],[13.474301,45.814637],[13.47518,45.814867],[13.475559,45.814946],[13.478412,45.815698]]],[[[13.489655,45.802218],[13.489654,45.80228],[13.4896,45.802335],[13.489626,45.802241],[13.489655,45.802218]]],[[[13.474433,45.81455],[13.47456,45.81446],[13.474987,45.814021],[13.474999,45.813967],[13.474899,45.813919],[13.475018,45.813663],[13.47519,45.813146],[13.475297,45.812661],[13.475319,45.812375],[13.475019,45.812339],[13.474782,45.812223],[13.474519,45.812131],[13.474614,45.81208],[13.474675,45.811844],[13.474871,45.81047],[13.475061,45.809359],[13.475174,45.80901],[13.475334,45.808863],[13.475642,45.808306],[13.476362,45.807263],[13.476454,45.807188],[13.476505,45.8072],[13.476521,45.807191],[13.477777,45.80548],[13.478273,45.804957],[13.479097,45.80443],[13.480311,45.803615],[13.481005,45.803339],[13.483085,45.802388],[13.484017,45.8022],[13.483924,45.801881],[13.483894,45.801639],[13.483958,45.801284],[13.484003,45.801281],[13.484015,45.80126],[13.483996,45.801219],[13.483956,45.801202],[13.483863,45.801113],[13.483781,45.800389],[13.483674,45.799715],[13.483648,45.799699],[13.483279,45.799698],[13.483259,45.799291],[13.483138,45.798161],[13.483115,45.798145],[13.483063,45.798161],[13.48306,45.798099],[13.483176,45.798046],[13.483219,45.797961],[13.483317,45.797403],[13.483312,45.796697],[13.482429,45.794887],[13.482352,45.794769],[13.48112,45.79415],[13.481259,45.793935],[13.481372,45.793642],[13.481818,45.793756],[13.482205,45.793835],[13.482523,45.793872],[13.482776,45.793882],[13.48324,45.793831],[13.483434,45.793826],[13.483464,45.793812],[13.483443,45.793635],[13.483024,45.792173],[13.482915,45.792081],[13.483081,45.79205],[13.483098,45.792027],[13.481836,45.78921],[13.481808,45.789198],[13.481242,45.789249],[13.480935,45.789173],[13.480665,45.788755],[13.479604,45.788243],[13.479173,45.788127],[13.479089,45.78809],[13.478723,45.787917],[13.478522,45.787786],[13.478717,45.787672],[13.479143,45.787501],[13.479398,45.787351],[13.479469,45.787287],[13.4795,45.787183],[13.484222,45.78467],[13.48426,45.784693],[13.48433,45.784657],[13.483709,45.783957],[13.482583,45.783301],[13.482529,45.783251],[13.482481,45.783066],[13.48256,45.782919],[13.482478,45.782764],[13.482613,45.78116],[13.482632,45.780585],[13.482533,45.77853],[13.482559,45.776776],[13.482585,45.77675],[13.482323,45.775874],[13.482439,45.775549],[13.482694,45.775306],[13.482895,45.774997],[13.483163,45.774395],[13.483418,45.77429],[13.484484,45.774157],[13.486951,45.773939],[13.488138,45.773901],[13.48817,45.773869],[13.488359,45.773826],[13.48843,45.773739],[13.488607,45.77342],[13.488593,45.773397],[13.48856,45.773405],[13.488325,45.773704],[13.48809,45.773761],[13.488067,45.773786],[13.487958,45.773745],[13.488216,45.773641],[13.488366,45.773505],[13.488577,45.773186],[13.488694,45.772907],[13.488834,45.772744],[13.489176,45.772459],[13.489421,45.772049],[13.489513,45.771722],[13.489522,45.771578],[13.489497,45.771341],[13.489443,45.77113],[13.489303,45.770873],[13.489163,45.770731],[13.488679,45.77034],[13.488556,45.770218],[13.488308,45.770074],[13.488018,45.769962],[13.48782,45.769825],[13.487546,45.769732],[13.487309,45.769595],[13.487129,45.769466],[13.486655,45.769008],[13.486543,45.76882],[13.486435,45.768562],[13.486473,45.768433],[13.486733,45.768409],[13.48715,45.768468],[13.488429,45.768486],[13.488927,45.768398],[13.489501,45.76832],[13.48991,45.76821],[13.489997,45.76805],[13.490088,45.767945],[13.489756,45.766988],[13.492624,45.76531],[13.493044,45.765749],[13.493746,45.765639],[13.494244,45.765707],[13.494694,45.765674],[13.495157,45.765619],[13.494648,45.765958],[13.494512,45.766179],[13.494468,45.766392],[13.49448,45.766602],[13.494653,45.767311],[13.494837,45.767613],[13.495099,45.767823],[13.495134,45.767825],[13.49514,45.767801],[13.495038,45.767698],[13.494853,45.767393],[13.494689,45.766691],[13.494673,45.766482],[13.49472,45.766283],[13.494863,45.766049],[13.495366,45.76563],[13.496347,45.765587],[13.496883,45.765528],[13.497434,45.765409],[13.49804,45.764966],[13.498469,45.764541],[13.498933,45.76288],[13.49891,45.762358],[13.498694,45.761898],[13.498385,45.761402],[13.498113,45.761018],[13.497956,45.760632],[13.497725,45.760231],[13.497702,45.760219],[13.497461,45.760217],[13.497167,45.76007],[13.496957,45.759885],[13.496775,45.759509],[13.496705,45.759412],[13.496532,45.75876],[13.496538,45.758597],[13.496504,45.75843],[13.496521,45.758243],[13.496592,45.75807],[13.496596,45.757757],[13.496553,45.757524],[13.496635,45.757069],[13.496852,45.756189],[13.497124,45.755562],[13.497275,45.755311],[13.497395,45.755054],[13.497525,45.754919],[13.497745,45.754571],[13.498042,45.754195],[13.498249,45.753968],[13.498446,45.753808],[13.498565,45.753658],[13.498832,45.753404],[13.499078,45.753082],[13.499208,45.752854],[13.49956,45.752516],[13.499916,45.752095],[13.500471,45.751627],[13.500636,45.751439],[13.500792,45.751173],[13.500987,45.751065],[13.501198,45.750829],[13.501423,45.750621],[13.502152,45.750081],[13.503038,45.749477],[13.50334,45.749296],[13.503592,45.749103],[13.504118,45.748857],[13.505128,45.748444],[13.505789,45.748148],[13.506162,45.748026],[13.506608,45.747848],[13.506867,45.747772],[13.507126,45.74766],[13.507373,45.747507],[13.507692,45.747381],[13.507972,45.747221],[13.508648,45.746786],[13.50865,45.746761],[13.508619,45.746751],[13.509023,45.746585],[13.509038,45.746484],[13.509466,45.746363],[13.510006,45.746086],[13.51349,45.743722],[13.519076,45.739272],[13.526361,45.734217],[13.529259,45.733079],[13.530482,45.732446],[13.533522,45.731424],[13.535636,45.730825],[13.537236,45.730403],[13.539273,45.730049],[13.539491,45.730088],[13.539809,45.730662],[13.540176,45.731537],[13.540222,45.731617],[13.540254,45.731628],[13.54027,45.731606],[13.539869,45.730658],[13.539553,45.730062],[13.53957,45.730034],[13.53938,45.729661],[13.547018,45.727779],[13.550357,45.726939],[13.557073,45.725292],[13.558322,45.726895],[13.558392,45.72747],[13.558204,45.728226],[13.557523,45.729024],[13.555787,45.729792],[13.554064,45.730331],[13.55285,45.730621],[13.551723,45.731212],[13.550337,45.73119],[13.549145,45.731608],[13.547728,45.731547],[13.546707,45.732265],[13.545514,45.732613],[13.5443,45.733003],[13.539712,45.734793],[13.537911,45.734055],[13.535584,45.733716],[13.535553,45.733691],[13.535011,45.733715],[13.533516,45.734263],[13.533327,45.734281],[13.533243,45.734345],[13.533112,45.734358],[13.533026,45.734428],[13.533076,45.734519],[13.533239,45.734544],[13.533295,45.734602],[13.533226,45.734666],[13.533071,45.734696],[13.533064,45.734763],[13.532956,45.734765],[13.532824,45.734821],[13.532564,45.734851],[13.532541,45.734841],[13.532496,45.734715],[13.532401,45.734702],[13.53229,45.734801],[13.532104,45.734742],[13.532167,45.73457],[13.53205,45.734532],[13.531785,45.734647],[13.531639,45.734662],[13.531232,45.734911],[13.531202,45.734989],[13.531278,45.735113],[13.53147,45.73517],[13.531572,45.735246],[13.531551,45.735316],[13.531563,45.735412],[13.531645,45.735559],[13.531634,45.735773],[13.53154,45.735807],[13.531466,45.735911],[13.531336,45.735987],[13.531216,45.736],[13.530922,45.736143],[13.530851,45.73614],[13.530735,45.736217],[13.530656,45.736229],[13.530558,45.736267],[13.530409,45.736289],[13.530399,45.736349],[13.530268,45.736389],[13.530213,45.736475],[13.530081,45.736453],[13.530055,45.736386],[13.530011,45.73637],[13.529963,45.736414],[13.529893,45.736406],[13.52985,45.736478],[13.529729,45.736477],[13.529548,45.736289],[13.52943,45.736291],[13.528898,45.736637],[13.528568,45.736676],[13.528516,45.736618],[13.52839,45.73661],[13.528307,45.736407],[13.528232,45.73633],[13.528332,45.7362],[13.528342,45.736149],[13.528191,45.736105],[13.52795,45.736132],[13.527665,45.736092],[13.527343,45.736127],[13.52715,45.736068],[13.526699,45.736063],[13.526358,45.736122],[13.526026,45.736409],[13.52602,45.736485],[13.525415,45.736875],[13.525309,45.737155],[13.52486,45.73727],[13.524097,45.737766],[13.523707,45.738082],[13.523074,45.738671],[13.523074,45.738692],[13.523166,45.738784],[13.523166,45.738861],[13.523229,45.738895],[13.523268,45.73899],[13.523401,45.739065],[13.523334,45.739134],[13.522917,45.739123],[13.522785,45.739145],[13.522765,45.739163],[13.522766,45.739303],[13.522781,45.739319],[13.522984,45.739388],[13.523041,45.739435],[13.523097,45.739565],[13.522966,45.739645],[13.52258,45.739736],[13.522093,45.739727],[13.521872,45.739784],[13.521641,45.739823],[13.52136,45.739912],[13.520788,45.740127],[13.520239,45.740584],[13.520018,45.740913],[13.519568,45.741394],[13.519332,45.741549],[13.518925,45.741994],[13.518422,45.742846],[13.518349,45.743115],[13.518346,45.743474],[13.518455,45.743906],[13.518581,45.744203],[13.518747,45.744405],[13.51887,45.744432],[13.518903,45.744421],[13.51879,45.744266],[13.518684,45.744012],[13.518565,45.743559],[13.518565,45.743207],[13.51865,45.742931],[13.51886,45.742543],[13.519135,45.742105],[13.519542,45.741667],[13.519778,45.741507],[13.520173,45.741083],[13.52006,45.741268],[13.519709,45.742098],[13.519494,45.743114],[13.519505,45.743514],[13.519601,45.743845],[13.519774,45.744045],[13.519964,45.744166],[13.520208,45.744259],[13.520374,45.744272],[13.520564,45.744308],[13.520594,45.744376],[13.520533,45.744553],[13.52059,45.744794],[13.520783,45.74504],[13.52106,45.745206],[13.521278,45.745271],[13.521457,45.745291],[13.521524,45.745391],[13.521467,45.745464],[13.521353,45.745492],[13.521206,45.745557],[13.520998,45.7457],[13.520853,45.745874],[13.520752,45.74607],[13.520711,45.746286],[13.52055,45.746695],[13.520589,45.746932],[13.520869,45.747202],[13.521367,45.747428],[13.521812,45.74749],[13.522222,45.747425],[13.522655,45.747252],[13.52294,45.747082],[13.523051,45.746931],[13.523006,45.746655],[13.523035,45.746617],[13.523428,45.746438],[13.52352,45.746299],[13.523484,45.74608],[13.523849,45.74584],[13.524278,45.745747],[13.524621,45.745775],[13.526147,45.745806],[13.526996,45.745913],[13.527465,45.746217],[13.527922,45.746467],[13.527977,45.746678],[13.527746,45.747139],[13.526937,45.747896],[13.52566,45.748765],[13.524719,45.749308],[13.523985,45.749565],[13.523122,45.749737],[13.522419,45.750065],[13.520701,45.750548],[13.520617,45.750588],[13.520945,45.752851],[13.521163,45.75292],[13.521405,45.753044],[13.52143,45.753099],[13.521512,45.753181],[13.521555,45.753302],[13.521539,45.753338],[13.521561,45.753415],[13.521553,45.75355],[13.521451,45.753824],[13.521188,45.754401],[13.521177,45.754469],[13.52113,45.754533],[13.52112,45.754696],[13.521078,45.754755],[13.520994,45.755285],[13.520948,45.755327],[13.520904,45.755539],[13.520741,45.755988],[13.520712,45.75615],[13.520644,45.756258],[13.520663,45.756351],[13.520623,45.756467],[13.520587,45.756512],[13.520561,45.756872],[13.520534,45.756949],[13.520593,45.757174],[13.520588,45.757221],[13.520611,45.75726],[13.520568,45.757488],[13.520591,45.757571],[13.520575,45.7577],[13.520537,45.757762],[13.520526,45.757881],[13.520531,45.758488],[13.520502,45.758555],[13.520559,45.758931],[13.520552,45.759079],[13.520518,45.759134],[13.520552,45.759453],[13.520521,45.759689],[13.520551,45.759833],[13.520516,45.760244],[13.520542,45.760764],[13.520509,45.761023],[13.520538,45.761287],[13.520499,45.761284],[13.520482,45.761302],[13.520499,45.761501],[13.520464,45.761778],[13.520487,45.76189],[13.520505,45.763124],[13.520521,45.763218],[13.520454,45.763648],[13.520442,45.764424],[13.520464,45.7645],[13.52037,45.764534],[13.520355,45.764552],[13.520372,45.764604],[13.520507,45.764686],[13.520616,45.764783],[13.520635,45.764826],[13.520622,45.764846],[13.520398,45.764786],[13.520371,45.764835],[13.520382,45.76497],[13.520438,45.765041],[13.520474,45.765047],[13.522432,45.764131],[13.526628,45.770143],[13.525657,45.770871],[13.525622,45.770957],[13.525633,45.770977],[13.525821,45.771062],[13.525882,45.771056],[13.525989,45.770975],[13.526023,45.770983],[13.526002,45.771299],[13.526348,45.771587],[13.526523,45.771611],[13.526699,45.771705],[13.526756,45.771862],[13.526736,45.771921],[13.526433,45.771894],[13.52572,45.772025],[13.525226,45.772136],[13.525121,45.772193],[13.525017,45.77228],[13.524928,45.772383],[13.524875,45.772503],[13.524661,45.77263],[13.524217,45.772778],[13.524191,45.772881],[13.524056,45.773048],[13.524059,45.773073],[13.523968,45.773166],[13.523705,45.773333],[13.522969,45.773734],[13.52284,45.773858],[13.522689,45.773928],[13.522553,45.773951],[13.522072,45.773926],[13.521884,45.773999],[13.521704,45.774103],[13.521472,45.774266],[13.520999,45.77438],[13.520874,45.774429],[13.520783,45.774491],[13.520429,45.774833],[13.520216,45.775004],[13.519992,45.775236],[13.519931,45.77536],[13.519607,45.776655],[13.519413,45.77707],[13.519267,45.777255],[13.519095,45.777428],[13.518445,45.777897],[13.518104,45.778562],[13.518101,45.778649],[13.518205,45.778835],[13.51851,45.779188],[13.518582,45.779247],[13.519385,45.779452],[13.519496,45.779494],[13.519544,45.779543],[13.519577,45.779645],[13.519573,45.779792],[13.519541,45.779906],[13.519459,45.780087],[13.518536,45.78082],[13.518421,45.780939],[13.518344,45.781033],[13.517973,45.781696],[13.517902,45.781694],[13.517549,45.782097],[13.510486,45.779791],[13.510452,45.7798],[13.510416,45.779851],[13.510229,45.779792],[13.510252,45.779738],[13.510238,45.779717],[13.505657,45.778314],[13.503099,45.77755],[13.503064,45.777559],[13.500855,45.781122],[13.500798,45.781131],[13.500785,45.781173],[13.500862,45.7812],[13.500201,45.78251],[13.497371,45.787556],[13.497034,45.788197],[13.496219,45.787957],[13.497077,45.787253],[13.496642,45.786931],[13.496577,45.786922],[13.496549,45.78694],[13.496888,45.787178],[13.496371,45.78759],[13.496,45.78797],[13.496948,45.788298],[13.495742,45.790472],[13.49494,45.791138],[13.494825,45.791256],[13.494136,45.79212],[13.493967,45.79266],[13.494001,45.79272],[13.493255,45.79409],[13.493277,45.794107],[13.494546,45.794217],[13.494479,45.794333],[13.494428,45.794365],[13.494368,45.794658],[13.493539,45.795855],[13.490716,45.799777],[13.490273,45.800635],[13.4883,45.800151],[13.488261,45.800163],[13.488186,45.800143],[13.488155,45.80015],[13.488154,45.800219],[13.488016,45.800156],[13.487989,45.800162],[13.487663,45.800073],[13.487622,45.800048],[13.487591,45.799937],[13.486093,45.800262],[13.485165,45.800503],[13.485175,45.800566],[13.485209,45.80058],[13.48609,45.80037],[13.487599,45.800059],[13.48759,45.800142],[13.487632,45.800193],[13.487932,45.800293],[13.487973,45.800283],[13.488095,45.80033],[13.488117,45.800311],[13.488114,45.800284],[13.488083,45.800252],[13.488204,45.800282],[13.488243,45.80027],[13.490049,45.80072],[13.490015,45.800799],[13.488761,45.800517],[13.488614,45.800718],[13.48831,45.80152],[13.487951,45.801529],[13.487867,45.801981],[13.487226,45.802123],[13.487202,45.802143],[13.487196,45.802178],[13.487378,45.802491],[13.487126,45.805353],[13.486987,45.804998],[13.486728,45.80484],[13.486188,45.804415],[13.485948,45.80422],[13.485577,45.803861],[13.48501,45.803393],[13.484795,45.803257],[13.484584,45.803152],[13.484253,45.803026],[13.484222,45.803029],[13.484071,45.803696],[13.483585,45.805579],[13.482552,45.810085],[13.481983,45.810441],[13.481935,45.810445],[13.481848,45.810798],[13.480018,45.81055],[13.479626,45.811479],[13.477976,45.811242],[13.477793,45.811518],[13.477696,45.811709],[13.474851,45.811319],[13.47482,45.811335],[13.474812,45.811419],[13.474828,45.811437],[13.478751,45.811981],[13.478481,45.812724],[13.478189,45.812677],[13.478053,45.813084],[13.479846,45.813423],[13.479525,45.814086],[13.479129,45.814731],[13.478521,45.815631],[13.47663,45.815093],[13.475066,45.814718],[13.474433,45.81455]]]]},"properties":{"prov":"GO","comune_amm":"I939","comune_descr":"STARANZANO","fascia":"R","zona":"R1","zona_descr":"ZONA AGRICOLA - REGIONE AGRARIA 3 - INTERO TERRITORIO COMUNALE","microzona":1,"semestre":"2025/1"}},{"type":"Feature","geometry":{"type":"Polygon","coordinates":[[[13.434383,45.825304],[13.434442,45.825256],[13.435703,45.825716],[13.43706,45.825938],[13.437108,45.825937],[13.437205,45.825895],[13.437381,45.825698],[13.43732,45.82548],[13.437229,45.824851],[13.437323,45.823394],[13.437352,45.823377],[13.437317,45.823297],[13.437371,45.822357],[13.438515,45.82237],[13.43857,45.822382],[13.438604,45.82237],[13.438619,45.822332],[13.438599,45.822309],[13.438544,45.822301],[13.43738,45.822284],[13.437418,45.821274],[13.437654,45.821246],[13.437676,45.821227],[13.437648,45.821209],[13.437401,45.82123],[13.437509,45.820317],[13.438773,45.820337],[13.438799,45.820319],[13.438773,45.820296],[13.437517,45.820275],[13.437567,45.819312],[13.438537,45.819333],[13.438563,45.819311],[13.43853,45.819272],[13.437572,45.819251],[13.437645,45.8185],[13.438612,45.819153],[13.438687,45.81925],[13.438835,45.819212],[13.43874,45.819062],[13.43855,45.818911],[13.437668,45.818328],[13.437813,45.816754],[13.437899,45.816104],[13.437721,45.815933],[13.437758,45.815418],[13.437884,45.814683],[13.438327,45.812666],[13.439031,45.812883],[13.439097,45.812884],[13.439181,45.812811],[13.439241,45.812827],[13.439319,45.81291],[13.439404,45.813121],[13.43955,45.813259],[13.439589,45.813405],[13.439655,45.813478],[13.440635,45.813726],[13.441604,45.813943],[13.441636,45.81393],[13.441705,45.813755],[13.443191,45.814193],[13.442942,45.814469],[13.442775,45.814499],[13.442244,45.814941],[13.44211,45.815115],[13.442038,45.815288],[13.441838,45.815553],[13.441929,45.815601],[13.441966,45.815595],[13.442186,45.815326],[13.443511,45.815792],[13.444752,45.816171],[13.444313,45.816966],[13.445091,45.817184],[13.445119,45.817214],[13.446116,45.81753],[13.446529,45.81761],[13.446795,45.817588],[13.447021,45.817539],[13.44728,45.817527],[13.4484,45.817761],[13.448422,45.817759],[13.448444,45.817717],[13.45013,45.818097],[13.450604,45.818149],[13.45092,45.818107],[13.451049,45.818132],[13.451312,45.818214],[13.451426,45.818233],[13.452174,45.818128],[13.452494,45.81812],[13.452749,45.818133],[13.453333,45.81761],[13.453403,45.817632],[13.453439,45.817625],[13.453564,45.817437],[13.453818,45.816947],[13.453875,45.81692],[13.454196,45.81723],[13.454611,45.817805],[13.455156,45.818695],[13.455387,45.819237],[13.453571,45.819567],[13.453473,45.819615],[13.453483,45.819671],[13.453506,45.819686],[13.453767,45.819632],[13.455473,45.819375],[13.455603,45.81939],[13.455513,45.819479],[13.455433,45.819497],[13.453722,45.819725],[13.453738,45.820255],[13.45384,45.820762],[13.453702,45.820806],[13.453515,45.820841],[13.452767,45.82093],[13.452322,45.821018],[13.452304,45.821038],[13.452414,45.821482],[13.451878,45.82157],[13.451719,45.821583],[13.451717,45.821612],[13.451738,45.821617],[13.451898,45.821611],[13.451894,45.821823],[13.451865,45.822025],[13.451766,45.822388],[13.451689,45.822966],[13.451686,45.823084],[13.451721,45.823327],[13.451422,45.823368],[13.451362,45.823751],[13.451443,45.823754],[13.451465,45.823738],[13.4515,45.823456],[13.452418,45.823293],[13.45247,45.823509],[13.452498,45.823514],[13.452751,45.823436],[13.45266,45.823175],[13.452563,45.822688],[13.452608,45.822587],[13.454035,45.822359],[13.454396,45.823316],[13.455332,45.823069],[13.455764,45.823203],[13.456199,45.823392],[13.458761,45.82405],[13.458559,45.824348],[13.458588,45.824417],[13.459039,45.824607],[13.460072,45.825],[13.460704,45.825352],[13.460542,45.825352],[13.460415,45.825308],[13.460245,45.825233],[13.45993,45.825042],[13.459707,45.824934],[13.459265,45.824821],[13.459218,45.824801],[13.45921,45.824774],[13.458341,45.824396],[13.458582,45.824139],[13.458565,45.824107],[13.456672,45.82366],[13.455969,45.82354],[13.456006,45.823502],[13.455999,45.823476],[13.455559,45.823294],[13.45538,45.823249],[13.455255,45.823259],[13.455018,45.82345],[13.455014,45.823475],[13.45493,45.823554],[13.454412,45.823879],[13.45404,45.824164],[13.453621,45.824357],[13.453098,45.824934],[13.452134,45.824711],[13.451628,45.824648],[13.451259,45.824629],[13.451097,45.825319],[13.451099,45.825614],[13.451077,45.825619],[13.451074,45.825385],[13.451094,45.825256],[13.451055,45.8252],[13.451021,45.825215],[13.450796,45.826518],[13.450666,45.826515],[13.450761,45.825888],[13.450937,45.824961],[13.450921,45.824941],[13.450883,45.824936],[13.450866,45.824953],[13.450741,45.825603],[13.449488,45.825398],[13.449324,45.824878],[13.447785,45.825136],[13.447766,45.825159],[13.447807,45.825253],[13.446961,45.825252],[13.44692,45.825075],[13.446898,45.825059],[13.446858,45.825083],[13.446884,45.82525],[13.445826,45.824933],[13.44576,45.825014],[13.445645,45.825604],[13.445669,45.825627],[13.445713,45.825816],[13.445808,45.825862],[13.445823,45.825889],[13.445947,45.825936],[13.445522,45.826512],[13.445547,45.826526],[13.44634,45.826527],[13.446169,45.826723],[13.445696,45.827374],[13.445357,45.827326],[13.445057,45.827356],[13.444998,45.827687],[13.444648,45.828571],[13.444651,45.828357],[13.444624,45.828338],[13.443612,45.828338],[13.443641,45.828194],[13.443451,45.828185],[13.443481,45.827819],[13.443454,45.827801],[13.439001,45.827807],[13.438885,45.827795],[13.438842,45.82774],[13.438578,45.827816],[13.438078,45.827125],[13.437299,45.827116],[13.437253,45.827063],[13.43719,45.826474],[13.437094,45.826352],[13.437102,45.826321],[13.437185,45.826326],[13.437262,45.826476],[13.437335,45.827052],[13.438,45.827084],[13.438027,45.827071],[13.437588,45.826243],[13.437403,45.825776],[13.437368,45.825781],[13.437165,45.825983],[13.437023,45.825975],[13.435443,45.825713],[13.43517,45.825569],[13.434383,45.825304]]]},"properties":{"prov":"GO","comune_amm":"L474","comune_descr":"TURRIACO","fascia":"B","zona":"B1","zona_descr":"CAPOLUOGO - CENTRO ABITATO","microzona":1,"semestre":"2025/1"}},{"type":"Feature","geometry":{"type":"Polygon","coordinates":[[[13.425702,45.833567],[13.425718,45.827829],[13.425673,45.827812],[13.425618,45.820761],[13.42563,45.817993],[13.425614,45.814514],[13.425646,45.814492],[13.425614,45.813676],[13.430013,45.8087],[13.432424,45.809497],[13.432467,45.809484],[13.432762,45.809591],[13.433113,45.809643],[13.433406,45.80965],[13.433515,45.809632],[13.43425,45.809746],[13.434471,45.809793],[13.434856,45.809792],[13.43481,45.809913],[13.434211,45.810972],[13.434222,45.810995],[13.434644,45.811165],[13.435426,45.811426],[13.435824,45.811646],[13.435856,45.811648],[13.437214,45.812294],[13.437489,45.812377],[13.437792,45.812432],[13.439091,45.812749],[13.439004,45.812824],[13.438958,45.812827],[13.438519,45.812684],[13.438284,45.812627],[13.438251,45.812641],[13.438147,45.813071],[13.43773,45.815434],[13.437706,45.815917],[13.437899,45.8161],[13.437813,45.816754],[13.437668,45.818324],[13.438549,45.81891],[13.438741,45.819063],[13.438844,45.819212],[13.438684,45.819254],[13.438607,45.819149],[13.437685,45.818525],[13.437641,45.818537],[13.437578,45.819247],[13.438546,45.819272],[13.43857,45.819333],[13.437574,45.819317],[13.437525,45.820274],[13.438792,45.820297],[13.4388,45.820334],[13.437514,45.82032],[13.437403,45.821211],[13.437434,45.82123],[13.437645,45.821209],[13.437994,45.821247],[13.438787,45.821257],[13.438774,45.821284],[13.437994,45.821285],[13.437653,45.821246],[13.43744,45.821269],[13.437418,45.821286],[13.437386,45.82228],[13.438545,45.822301],[13.438625,45.822314],[13.438595,45.822386],[13.438513,45.82237],[13.437397,45.822354],[13.43737,45.822372],[13.437318,45.823301],[13.437345,45.823351],[13.43738,45.823361],[13.437627,45.823281],[13.437717,45.823232],[13.437732,45.823263],[13.437338,45.823386],[13.437323,45.823402],[13.437229,45.82485],[13.43732,45.82548],[13.437383,45.825702],[13.437363,45.825735],[13.437401,45.825753],[13.437588,45.826243],[13.438039,45.827085],[13.437487,45.827051],[13.437329,45.827057],[13.437261,45.826473],[13.437182,45.826328],[13.437122,45.826322],[13.437094,45.826344],[13.43719,45.826471],[13.437251,45.827057],[13.437291,45.827107],[13.437312,45.827117],[13.43808,45.827123],[13.43857,45.827796],[13.43884,45.82771],[13.438881,45.82779],[13.438906,45.827802],[13.443479,45.827793],[13.443439,45.828168],[13.443464,45.828187],[13.44354,45.828189],[13.443568,45.82815],[13.443597,45.82815],[13.44361,45.828184],[13.44366,45.82819],[13.443606,45.828306],[13.443616,45.828327],[13.444653,45.828331],[13.444656,45.82846],[13.444695,45.828476],[13.44498,45.827849],[13.445043,45.82765],[13.445084,45.827343],[13.445389,45.827322],[13.445697,45.827364],[13.446302,45.826542],[13.446279,45.826516],[13.445444,45.826514],[13.445878,45.825946],[13.445654,45.825853],[13.445515,45.825584],[13.445607,45.825073],[13.445708,45.824891],[13.446845,45.825237],[13.446877,45.825231],[13.446714,45.824206],[13.446788,45.8242],[13.446906,45.824999],[13.446954,45.825242],[13.446975,45.825258],[13.447776,45.825254],[13.4478,45.82523],[13.447763,45.825139],[13.449329,45.824873],[13.449491,45.825396],[13.450719,45.825599],[13.450751,45.825584],[13.450866,45.824959],[13.450855,45.824928],[13.450939,45.824946],[13.450761,45.825888],[13.450668,45.826499],[13.450693,45.826518],[13.450778,45.826518],[13.450803,45.826502],[13.451033,45.825143],[13.451072,45.825214],[13.45111,45.825223],[13.451121,45.82521],[13.451255,45.824624],[13.451626,45.824648],[13.452135,45.824711],[13.453095,45.82493],[13.453623,45.824355],[13.454042,45.824163],[13.454413,45.823878],[13.454931,45.823553],[13.455009,45.82348],[13.455012,45.823455],[13.455267,45.823254],[13.455455,45.823259],[13.45556,45.823295],[13.456019,45.823484],[13.455985,45.823528],[13.456003,45.823546],[13.456672,45.82366],[13.458572,45.824108],[13.458588,45.824132],[13.458351,45.824379],[13.45836,45.824404],[13.459224,45.82478],[13.459225,45.824799],[13.459269,45.824822],[13.459706,45.824933],[13.45993,45.825042],[13.460243,45.825231],[13.460413,45.825307],[13.460539,45.825351],[13.460654,45.825346],[13.460651,45.82532],[13.460075,45.825002],[13.459039,45.824607],[13.458583,45.824414],[13.458558,45.824351],[13.458754,45.82407],[13.45874,45.824045],[13.456197,45.823391],[13.455765,45.823203],[13.455337,45.823071],[13.454391,45.823323],[13.454034,45.822364],[13.45261,45.822588],[13.452563,45.82269],[13.45266,45.823174],[13.452757,45.823439],[13.452467,45.823522],[13.452427,45.823312],[13.452396,45.823297],[13.451514,45.823453],[13.451495,45.823469],[13.451463,45.823751],[13.451356,45.823763],[13.451418,45.823365],[13.451698,45.823333],[13.451719,45.823313],[13.451686,45.823083],[13.451689,45.822966],[13.451766,45.822389],[13.451865,45.822025],[13.451898,45.821627],[13.451869,45.821609],[13.451708,45.821618],[13.451713,45.821583],[13.451878,45.82157],[13.452408,45.821478],[13.452301,45.821023],[13.452767,45.82093],[13.453512,45.820842],[13.453706,45.820805],[13.453836,45.82076],[13.453738,45.820254],[13.453716,45.819723],[13.455501,45.819483],[13.455581,45.819412],[13.455564,45.819383],[13.45548,45.819375],[13.453772,45.819631],[13.453776,45.819596],[13.455388,45.81936],[13.455407,45.819337],[13.455388,45.819291],[13.455423,45.819318],[13.455623,45.8193],[13.455931,45.819317],[13.45695,45.819678],[13.458392,45.819912],[13.458718,45.819977],[13.460458,45.820412],[13.461544,45.820873],[13.462817,45.821282],[13.462794,45.82138],[13.46281,45.821404],[13.462648,45.821659],[13.462401,45.82216],[13.462305,45.82242],[13.462032,45.823491],[13.462164,45.823617],[13.462355,45.823655],[13.462378,45.823725],[13.462699,45.823956],[13.463183,45.824476],[13.463176,45.824511],[13.463195,45.824539],[13.462883,45.824689],[13.462164,45.825285],[13.461781,45.825616],[13.461548,45.825868],[13.461589,45.825949],[13.461502,45.826063],[13.461431,45.826009],[13.461392,45.826007],[13.461195,45.826155],[13.460464,45.82681],[13.459982,45.827277],[13.459813,45.827514],[13.459534,45.82818],[13.459053,45.828076],[13.458462,45.828014],[13.457939,45.828136],[13.457872,45.828447],[13.45721,45.82842],[13.457172,45.828676],[13.454685,45.828409],[13.454657,45.828422],[13.454599,45.828552],[13.453321,45.82833],[13.452996,45.82834],[13.452203,45.828672],[13.452144,45.828864],[13.451661,45.829439],[13.451284,45.830058],[13.451115,45.830431],[13.450865,45.830365],[13.450671,45.830278],[13.450083,45.83017],[13.449513,45.830037],[13.449204,45.829982],[13.449174,45.829993],[13.44938,45.83035],[13.448856,45.831737],[13.448783,45.831873],[13.448373,45.83249],[13.448225,45.832672],[13.448145,45.832682],[13.447924,45.833095],[13.447643,45.833018],[13.44659,45.832644],[13.44641,45.832607],[13.445768,45.832431],[13.444391,45.832156],[13.444423,45.832006],[13.44438,45.831977],[13.444394,45.831918],[13.444063,45.831736],[13.44381,45.83166],[13.443278,45.831597],[13.443249,45.83161],[13.443003,45.832276],[13.442873,45.832549],[13.442681,45.833193],[13.44257,45.833704],[13.442685,45.834114],[13.442823,45.834302],[13.442788,45.834349],[13.442779,45.834496],[13.442759,45.83451],[13.442687,45.834487],[13.442527,45.834523],[13.442192,45.834546],[13.442166,45.834508],[13.442006,45.834491],[13.440103,45.834499],[13.438962,45.834467],[13.437292,45.834375],[13.437391,45.833971],[13.436377,45.833768],[13.435977,45.83313],[13.435949,45.833119],[13.435069,45.833248],[13.433974,45.83329],[13.433246,45.833337],[13.430943,45.833447],[13.428429,45.833532],[13.425702,45.833567]],[[13.434402,45.825286],[13.43441,45.825313],[13.435169,45.825569],[13.435445,45.825713],[13.437025,45.825976],[13.437161,45.825983],[13.437222,45.825926],[13.437205,45.825897],[13.437104,45.825938],[13.437057,45.825938],[13.4357,45.825717],[13.435139,45.8255],[13.434457,45.825261],[13.434402,45.825286]]]},"properties":{"prov":"GO","comune_amm":"L474","comune_descr":"TURRIACO","fascia":"R","zona":"R1","zona_descr":"ZONA AGRICOLA - REGIONE AGRARIA 3 - INTERO TERRITORIO COMUNALE","microzona":1,"semestre":"2025/1"}},{"type":"Feature","geometry":{"type":"Polygon","coordinates":[[[13.420076,45.861881],[13.420905,45.861523],[13.420753,45.861396],[13.420416,45.861179],[13.423208,45.860024],[13.423298,45.860031],[13.423424,45.860065],[13.423522,45.860067],[13.42353,45.860053],[13.423511,45.860037],[13.423301,45.860001],[13.4236,45.859902],[13.425388,45.859226],[13.429268,45.85769],[13.429301,45.857668],[13.429364,45.857425],[13.429497,45.857572],[13.429535,45.857582],[13.430591,45.85714],[13.431856,45.856665],[13.432516,45.856431],[13.433582,45.856083],[13.433972,45.855978],[13.434055,45.856024],[13.434171,45.855955],[13.434193,45.855925],[13.434247,45.855904],[13.435419,45.855619],[13.436249,45.855443],[13.437208,45.855267],[13.440074,45.854837],[13.440791,45.855062],[13.440856,45.855023],[13.440983,45.855026],[13.443555,45.854635],[13.443689,45.854594],[13.444187,45.854533],[13.444202,45.854504],[13.444136,45.85445],[13.444385,45.854304],[13.444639,45.85448],[13.444911,45.854435],[13.444975,45.854401],[13.445033,45.854427],[13.445707,45.854337],[13.445791,45.85429],[13.446493,45.854195],[13.446937,45.854162],[13.448701,45.853843],[13.4509,45.855209],[13.451536,45.855577],[13.451525,45.855625],[13.451749,45.855755],[13.451778,45.855757],[13.451917,45.855704],[13.451921,45.855675],[13.450815,45.855005],[13.450818,45.854968],[13.449825,45.854373],[13.450035,45.854369],[13.450556,45.85469],[13.452006,45.85547],[13.452034,45.855471],[13.452247,45.855382],[13.452727,45.855405],[13.452996,45.856392],[13.453507,45.856913],[13.452727,45.856315],[13.452815,45.856229],[13.452654,45.856123],[13.452612,45.856136],[13.452596,45.85636],[13.454236,45.857599],[13.454425,45.85778],[13.454407,45.857816],[13.454624,45.858038],[13.454761,45.858127],[13.455236,45.858797],[13.455385,45.859093],[13.455511,45.859448],[13.455791,45.860368],[13.455978,45.860624],[13.456009,45.860633],[13.456025,45.860612],[13.455703,45.859585],[13.455569,45.859215],[13.455844,45.859549],[13.45611,45.859819],[13.456921,45.86073],[13.457137,45.862047],[13.457431,45.863257],[13.45731,45.863595],[13.457178,45.864064],[13.45704,45.863603],[13.456343,45.861584],[13.456324,45.861571],[13.456168,45.861549],[13.456154,45.86157],[13.456867,45.863606],[13.457015,45.864081],[13.456911,45.864051],[13.455537,45.864273],[13.455517,45.864293],[13.455526,45.864331],[13.455557,45.864345],[13.456871,45.864121],[13.456972,45.864152],[13.457033,45.864337],[13.457169,45.864916],[13.457222,45.865052],[13.457293,45.865063],[13.457498,45.865567],[13.459968,45.872542],[13.459944,45.872567],[13.460017,45.872772],[13.459933,45.872793],[13.459914,45.872814],[13.459995,45.873048],[13.460026,45.873061],[13.460122,45.873048],[13.460261,45.873475],[13.460309,45.873492],[13.460607,45.874287],[13.46083,45.874734],[13.46099,45.874963],[13.461203,45.875193],[13.461538,45.875469],[13.461851,45.875673],[13.462223,45.875854],[13.46253,45.875964],[13.462278,45.876279],[13.462217,45.876576],[13.462084,45.876753],[13.461648,45.877041],[13.46124,45.877624],[13.461094,45.878016],[13.46052,45.877681],[13.460226,45.877487],[13.45994,45.877331],[13.459921,45.877315],[13.45996,45.877271],[13.459906,45.877236],[13.458626,45.878399],[13.458153,45.878016],[13.458014,45.87794],[13.457709,45.877676],[13.457656,45.877587],[13.457104,45.877163],[13.456244,45.876554],[13.455278,45.875922],[13.454158,45.87524],[13.453075,45.874638],[13.451711,45.873928],[13.451257,45.873637],[13.451396,45.873485],[13.451445,45.873482],[13.451718,45.873198],[13.452697,45.872649],[13.452855,45.872537],[13.453447,45.872957],[13.453483,45.872958],[13.453615,45.87288],[13.454215,45.873315],[13.455757,45.872694],[13.456895,45.872257],[13.457262,45.872639],[13.457297,45.872644],[13.4582,45.872276],[13.45821,45.872253],[13.458108,45.872125],[13.45718,45.872471],[13.456882,45.872152],[13.456847,45.872146],[13.455491,45.872669],[13.454208,45.873194],[13.453721,45.872851],[13.453588,45.872778],[13.453554,45.872779],[13.453436,45.872855],[13.452815,45.872428],[13.452667,45.872531],[13.451712,45.873071],[13.451427,45.873364],[13.451379,45.873368],[13.451251,45.873506],[13.450293,45.872907],[13.449126,45.872408],[13.448943,45.872361],[13.448616,45.872217],[13.448434,45.8721],[13.445968,45.870826],[13.445929,45.870836],[13.44575,45.871333],[13.445717,45.871321],[13.445902,45.870793],[13.444793,45.870206],[13.444769,45.870218],[13.444661,45.870429],[13.444606,45.870604],[13.444296,45.871224],[13.443359,45.872719],[13.44327,45.872695],[13.443425,45.872431],[13.443411,45.872408],[13.442735,45.872238],[13.442182,45.872152],[13.438476,45.870987],[13.439271,45.869925],[13.439678,45.869423],[13.439883,45.868946],[13.440164,45.868666],[13.440408,45.868545],[13.440632,45.868296],[13.441068,45.86795],[13.441063,45.867923],[13.440379,45.867585],[13.440557,45.867331],[13.440606,45.867304],[13.441246,45.866716],[13.440878,45.866508],[13.441182,45.866193],[13.440724,45.865881],[13.44084,45.865763],[13.440762,45.865704],[13.440687,45.865706],[13.440696,45.86574],[13.440556,45.865871],[13.441058,45.866175],[13.440732,45.866493],[13.441097,45.866701],[13.440372,45.867344],[13.440195,45.867597],[13.440519,45.867779],[13.440906,45.867933],[13.440463,45.868306],[13.440421,45.868372],[13.440237,45.868552],[13.439957,45.868698],[13.439678,45.868977],[13.43947,45.86946],[13.439086,45.869979],[13.438679,45.869892],[13.438132,45.869821],[13.437404,45.869666],[13.436859,45.869487],[13.436548,45.869355],[13.436232,45.869197],[13.436123,45.869173],[13.435761,45.869198],[13.435665,45.869233],[13.435397,45.869489],[13.435304,45.8696],[13.435155,45.869834],[13.435363,45.869057],[13.435254,45.868893],[13.435216,45.868703],[13.435176,45.868627],[13.435071,45.868541],[13.434485,45.868251],[13.433842,45.86786],[13.433453,45.867595],[13.433361,45.867565],[13.433269,45.867573],[13.433193,45.867655],[13.433113,45.867662],[13.432913,45.867646],[13.43274,45.867593],[13.43259,45.867502],[13.432486,45.86738],[13.432433,45.867171],[13.432168,45.867042],[13.431845,45.866908],[13.431284,45.866727],[13.430886,45.866674],[13.430746,45.866731],[13.430625,45.866749],[13.430498,45.866722],[13.430404,45.866665],[13.430312,45.86664],[13.428395,45.866631],[13.428327,45.866648],[13.428169,45.866728],[13.42803,45.866733],[13.427964,45.866715],[13.427851,45.866636],[13.427809,45.866501],[13.427184,45.865663],[13.42714,45.865648],[13.427146,45.865612],[13.42629,45.864481],[13.425954,45.864501],[13.425643,45.864499],[13.425468,45.864482],[13.425472,45.864334],[13.425429,45.864206],[13.424622,45.863793],[13.424544,45.863777],[13.423662,45.863356],[13.421556,45.862499],[13.421545,45.862461],[13.42108,45.862281],[13.421012,45.862273],[13.420076,45.861881]]]},"properties":{"prov":"GO","comune_amm":"M043","comune_descr":"VILLESSE","fascia":"B","zona":"B1","zona_descr":"CAPOLUOGO - CENTRO ABITATO","microzona":1,"semestre":"2025/1"}},{"type":"Feature","geometry":{"type":"Polygon","coordinates":[[[13.407075,45.857398],[13.407487,45.856493],[13.408193,45.856008],[13.408716,45.856284],[13.410053,45.856676],[13.411366,45.856813],[13.413267,45.854187],[13.413053,45.855198],[13.413087,45.855416],[13.41311,45.855428],[13.41351,45.855444],[13.413959,45.855537],[13.414094,45.855506],[13.414078,45.855481],[13.413643,45.855392],[13.413235,45.855378],[13.413172,45.85526],[13.413147,45.855153],[13.413381,45.854125],[13.416776,45.849425],[13.416676,45.849244],[13.416771,45.849241],[13.416795,45.849222],[13.41679,45.849114],[13.416847,45.848571],[13.416952,45.847883],[13.416779,45.846816],[13.416665,45.846773],[13.416637,45.846803],[13.416584,45.846786],[13.416097,45.846337],[13.416023,45.846197],[13.415982,45.846069],[13.415311,45.845055],[13.415026,45.84448],[13.415137,45.844437],[13.415278,45.844425],[13.415293,45.844405],[13.4152,45.844066],[13.415171,45.843653],[13.415274,45.843018],[13.41531,45.842933],[13.415504,45.842956],[13.415538,45.843018],[13.415904,45.843138],[13.416378,45.843197],[13.416619,45.84316],[13.416848,45.843056],[13.416995,45.843069],[13.41712,45.843022],[13.417426,45.842836],[13.417471,45.842793],[13.417572,45.842582],[13.418223,45.841104],[13.418513,45.840496],[13.421059,45.840374],[13.421129,45.840433],[13.425067,45.840275],[13.425091,45.840253],[13.425054,45.840135],[13.425582,45.840482],[13.425802,45.840245],[13.425863,45.840229],[13.426058,45.840046],[13.426344,45.840021],[13.426526,45.83999],[13.427108,45.839723],[13.427315,45.839645],[13.428034,45.839469],[13.428095,45.839433],[13.429404,45.839149],[13.438362,45.844961],[13.439719,45.845378],[13.443177,45.846363],[13.443878,45.846356],[13.449732,45.849059],[13.457055,45.853586],[13.458217,45.854188],[13.458274,45.854252],[13.458211,45.854258],[13.458204,45.85428],[13.460213,45.857399],[13.459524,45.859949],[13.459803,45.863414],[13.46526,45.865854],[13.466611,45.866261],[13.467042,45.866406],[13.467312,45.866552],[13.468035,45.86702],[13.469644,45.867942],[13.466907,45.869637],[13.466144,45.870712],[13.465785,45.871452],[13.464916,45.872723],[13.464881,45.872738],[13.464222,45.873602],[13.463477,45.874653],[13.463078,45.875253],[13.462534,45.875962],[13.462077,45.875791],[13.46185,45.875673],[13.461623,45.87553],[13.461309,45.875291],[13.460991,45.874963],[13.460776,45.87464],[13.460607,45.874287],[13.460314,45.873502],[13.460264,45.873486],[13.460129,45.873064],[13.460098,45.873051],[13.46,45.873062],[13.45991,45.872801],[13.46001,45.872772],[13.459935,45.872544],[13.459959,45.872519],[13.458576,45.868654],[13.457498,45.865566],[13.457298,45.865076],[13.457288,45.865065],[13.457229,45.865068],[13.457169,45.864917],[13.457033,45.864337],[13.456971,45.864151],[13.457139,45.864203],[13.457193,45.864204],[13.457303,45.864527],[13.45733,45.864541],[13.457381,45.864525],[13.457382,45.864492],[13.457247,45.864175],[13.457202,45.86416],[13.457171,45.86409],[13.457254,45.863629],[13.457366,45.863267],[13.457062,45.862008],[13.456885,45.860839],[13.456115,45.859964],[13.455826,45.85967],[13.45556,45.859346],[13.455275,45.858735],[13.454836,45.858254],[13.454603,45.858007],[13.453594,45.857263],[13.452942,45.85664],[13.45264,45.855693],[13.452189,45.855671],[13.451907,45.855788],[13.450921,45.85527],[13.450194,45.854846],[13.449781,45.854523],[13.45435,45.854379],[13.454374,45.854361],[13.454348,45.854343],[13.449604,45.854453],[13.448709,45.853912],[13.446949,45.854226],[13.446392,45.854272],[13.445804,45.854354],[13.445753,45.85438],[13.44549,45.854416],[13.445436,45.854445],[13.444989,45.854493],[13.444946,45.854473],[13.444888,45.854505],[13.444588,45.854543],[13.444587,45.854515],[13.444374,45.854373],[13.444144,45.854503],[13.444141,45.854529],[13.444193,45.854575],[13.443918,45.85463],[13.443634,45.854657],[13.44351,45.854696],[13.44097,45.855066],[13.440842,45.855068],[13.440142,45.854866],[13.437582,45.855252],[13.437554,45.855247],[13.4359,45.855518],[13.434253,45.855916],[13.434209,45.855961],[13.434086,45.856025],[13.433989,45.855982],[13.432792,45.856345],[13.432225,45.856548],[13.431083,45.856996],[13.430708,45.857128],[13.430464,45.857241],[13.430415,45.857217],[13.430379,45.857219],[13.430371,45.85724],[13.429512,45.857592],[13.429399,45.857461],[13.429364,45.857456],[13.429294,45.857678],[13.425388,45.859226],[13.4236,45.859902],[13.423394,45.859965],[13.423584,45.859507],[13.423819,45.859087],[13.423804,45.859063],[13.423785,45.859064],[13.4235,45.859527],[13.423287,45.859992],[13.420434,45.861175],[13.420441,45.861195],[13.420751,45.861395],[13.420917,45.861523],[13.420109,45.861865],[13.42011,45.861895],[13.421009,45.862271],[13.421078,45.86228],[13.421557,45.862466],[13.421569,45.862504],[13.423662,45.863356],[13.424677,45.863836],[13.425403,45.86421],[13.425388,45.864419],[13.425354,45.864496],[13.425368,45.864517],[13.425402,45.86451],[13.425439,45.864466],[13.425924,45.864483],[13.426279,45.864459],[13.427148,45.865616],[13.427148,45.865644],[13.427182,45.865659],[13.427789,45.866471],[13.427851,45.866633],[13.427966,45.866716],[13.428039,45.866733],[13.428165,45.866728],[13.428388,45.866631],[13.430314,45.86664],[13.430399,45.866662],[13.430506,45.866725],[13.430621,45.866748],[13.430739,45.866733],[13.430881,45.866673],[13.431155,45.866703],[13.431335,45.866741],[13.431845,45.866908],[13.432168,45.867042],[13.43244,45.867174],[13.432458,45.867312],[13.432489,45.867383],[13.432587,45.867498],[13.432735,45.867591],[13.432908,45.867645],[13.433112,45.867662],[13.433192,45.867653],[13.433263,45.867574],[13.433357,45.867563],[13.433454,45.867596],[13.433842,45.86786],[13.434485,45.868251],[13.435072,45.868541],[13.435175,45.868626],[13.435216,45.8687],[13.435253,45.868888],[13.435362,45.869049],[13.435193,45.869687],[13.435211,45.869707],[13.435243,45.869697],[13.435398,45.869488],[13.43567,45.86923],[13.435758,45.869198],[13.436126,45.869173],[13.436227,45.869194],[13.436547,45.869355],[13.436857,45.869486],[13.437401,45.869665],[13.438131,45.869821],[13.438679,45.869892],[13.439078,45.86998],[13.438151,45.871207],[13.438165,45.871237],[13.438032,45.871436],[13.438047,45.871461],[13.438218,45.871501],[13.438248,45.871492],[13.438394,45.871298],[13.438366,45.871262],[13.438488,45.871105],[13.440961,45.872002],[13.442012,45.87235],[13.442567,45.872425],[13.443299,45.872614],[13.44317,45.872827],[13.443188,45.872851],[13.444333,45.873082],[13.444412,45.872963],[13.444396,45.872939],[13.443362,45.872716],[13.444296,45.871224],[13.444605,45.870606],[13.444661,45.870427],[13.444784,45.870197],[13.445914,45.870805],[13.448434,45.8721],[13.448619,45.872219],[13.448947,45.872363],[13.449125,45.872408],[13.450289,45.872905],[13.451249,45.873506],[13.451117,45.873655],[13.451113,45.873745],[13.451152,45.873741],[13.451259,45.873637],[13.451711,45.873928],[13.453075,45.874638],[13.45416,45.875241],[13.455278,45.875922],[13.456244,45.876554],[13.457104,45.877163],[13.457658,45.877588],[13.45771,45.877677],[13.458015,45.877941],[13.458152,45.878015],[13.458624,45.878403],[13.456394,45.880433],[13.455857,45.88033],[13.453753,45.881592],[13.452725,45.881612],[13.452392,45.881634],[13.451902,45.881616],[13.45173,45.881587],[13.450261,45.880774],[13.450044,45.880627],[13.449807,45.880391],[13.449399,45.879902],[13.449138,45.879644],[13.448929,45.879406],[13.448777,45.879194],[13.44868,45.87899],[13.44865,45.878884],[13.448723,45.878409],[13.448698,45.87839],[13.448643,45.878384],[13.448583,45.878143],[13.448486,45.878042],[13.447917,45.87778],[13.447418,45.877641],[13.447385,45.87765],[13.44736,45.87768],[13.446544,45.877456],[13.446202,45.877302],[13.445841,45.877045],[13.445879,45.877001],[13.445875,45.876978],[13.445732,45.876877],[13.445371,45.876498],[13.445012,45.875925],[13.444923,45.875745],[13.444868,45.875675],[13.444799,45.875627],[13.444024,45.875454],[13.443388,45.87546],[13.442883,45.875509],[13.442891,45.875481],[13.442866,45.875468],[13.442611,45.87547],[13.442418,45.87549],[13.441987,45.875467],[13.441664,45.875408],[13.441548,45.875373],[13.441289,45.875233],[13.440781,45.874847],[13.440639,45.874703],[13.4403,45.87429],[13.440309,45.874187],[13.440453,45.873896],[13.440526,45.873483],[13.440533,45.873323],[13.440488,45.873049],[13.440388,45.872751],[13.440287,45.872656],[13.440062,45.872564],[13.439598,45.872466],[13.438875,45.87235],[13.439221,45.871736],[13.439205,45.871712],[13.439053,45.871678],[13.439021,45.87169],[13.438678,45.872317],[13.437856,45.872215],[13.437311,45.872177],[13.436884,45.872113],[13.436102,45.872039],[13.433517,45.872031],[13.432872,45.872062],[13.432117,45.871976],[13.431184,45.871968],[13.430749,45.871941],[13.430536,45.871945],[13.430513,45.871955],[13.429599,45.873246],[13.429352,45.873174],[13.428634,45.872841],[13.428084,45.872624],[13.427441,45.872276],[13.426436,45.871614],[13.426193,45.871532],[13.425733,45.871285],[13.425591,45.871227],[13.425024,45.871217],[13.425044,45.871144],[13.425026,45.871123],[13.423947,45.870925],[13.42198,45.870893],[13.422911,45.870529],[13.424282,45.869537],[13.424856,45.869258],[13.425616,45.868322],[13.426354,45.867161],[13.42611,45.866489],[13.425804,45.865901],[13.425629,45.865692],[13.425265,45.865468],[13.424847,45.865328],[13.422316,45.865328],[13.421558,45.865514],[13.420895,45.865859],[13.420824,45.866007],[13.419154,45.866911],[13.417888,45.867345],[13.416774,45.867358],[13.415663,45.8668],[13.414474,45.86603],[13.414403,45.86596],[13.413972,45.86505],[13.413709,45.864556],[13.413646,45.863766],[13.413757,45.863513],[13.414862,45.862094],[13.415082,45.861506],[13.415156,45.861076],[13.415136,45.860847],[13.414623,45.860432],[13.412793,45.858534],[13.411739,45.857949],[13.411431,45.857909],[13.40761,45.858037],[13.407075,45.857398]]]},"properties":{"prov":"GO","comune_amm":"M043","comune_descr":"VILLESSE","fascia":"R","zona":"R1","zona_descr":"ZONA AGRICOLA - REGIONE AGRARIA 2 - INTERO TERRITORIO COMUNALE","microzona":1,"semestre":"2025/1"}}]}