{"type":"FeatureCollection","features":[{"type":"Feature","geometry":{"type":"MultiPolygon","coordinates":[[[[11.104073,43.976252],[11.104035,43.976263],[11.104004,43.976202],[11.103946,43.976155],[11.104015,43.976188],[11.104073,43.976252]]],[[[11.088458,43.989077],[11.088761,43.988901],[11.089107,43.988626],[11.089206,43.988459],[11.089473,43.988184],[11.089716,43.987866],[11.089874,43.987786],[11.090002,43.987687],[11.090219,43.987414],[11.090258,43.987303],[11.09027,43.987158],[11.090249,43.987104],[11.090576,43.986843],[11.090675,43.986692],[11.090928,43.986577],[11.091458,43.98643],[11.091676,43.986318],[11.091975,43.986237],[11.092336,43.986086],[11.092425,43.986021],[11.092509,43.985928],[11.09268,43.985856],[11.092863,43.985683],[11.092853,43.985518],[11.092702,43.985359],[11.092722,43.985272],[11.092804,43.985117],[11.092902,43.985028],[11.093019,43.984953],[11.093418,43.984883],[11.093463,43.9848],[11.093509,43.984753],[11.093505,43.984723],[11.093539,43.984702],[11.093579,43.984706],[11.093823,43.984571],[11.093848,43.984537],[11.093808,43.984478],[11.093742,43.984241],[11.093327,43.983721],[11.09309,43.983603],[11.092986,43.983266],[11.092924,43.983214],[11.092737,43.983117],[11.092594,43.982993],[11.092272,43.982909],[11.092112,43.982839],[11.091927,43.982707],[11.091779,43.982651],[11.091526,43.982614],[11.091279,43.982531],[11.091121,43.982519],[11.090848,43.982425],[11.090632,43.982326],[11.090487,43.982238],[11.090333,43.982218],[11.090226,43.982221],[11.090161,43.98219],[11.090283,43.981981],[11.090291,43.98192],[11.09024,43.981748],[11.090198,43.981695],[11.090116,43.981416],[11.090003,43.981353],[11.089964,43.981199],[11.090017,43.981005],[11.089935,43.980743],[11.090148,43.980747],[11.090154,43.980663],[11.090266,43.98043],[11.090244,43.980416],[11.090052,43.980403],[11.090001,43.980414],[11.090016,43.980379],[11.09026,43.980384],[11.090437,43.980415],[11.090573,43.980467],[11.090994,43.980545],[11.091171,43.980611],[11.091718,43.980733],[11.092126,43.980771],[11.092263,43.980809],[11.092598,43.980758],[11.092944,43.98064],[11.093177,43.980671],[11.093624,43.980642],[11.09383,43.980619],[11.094113,43.980552],[11.09418,43.980423],[11.094257,43.980345],[11.095002,43.979803],[11.094912,43.979752],[11.094162,43.979588],[11.094244,43.979419],[11.094254,43.979179],[11.094623,43.979104],[11.094777,43.97905],[11.094618,43.978849],[11.094649,43.978834],[11.094846,43.979044],[11.094887,43.979044],[11.095655,43.978204],[11.095812,43.978353],[11.095986,43.978639],[11.096149,43.978862],[11.096249,43.978926],[11.096491,43.978984],[11.096561,43.978983],[11.096617,43.978963],[11.096761,43.979016],[11.096895,43.979151],[11.097342,43.979451],[11.097368,43.979435],[11.097402,43.97926],[11.097454,43.979228],[11.0975,43.979241],[11.097725,43.979245],[11.097842,43.979271],[11.098006,43.979404],[11.097922,43.979564],[11.097922,43.979578],[11.097956,43.979587],[11.098079,43.979547],[11.098123,43.979555],[11.098213,43.979487],[11.098208,43.979416],[11.098349,43.979289],[11.098487,43.979264],[11.099393,43.979365],[11.100081,43.979115],[11.100268,43.979065],[11.100375,43.978989],[11.1004,43.978884],[11.100936,43.979003],[11.101061,43.978574],[11.101184,43.978411],[11.101547,43.978107],[11.101672,43.977943],[11.101723,43.977811],[11.101852,43.977602],[11.101918,43.977534],[11.102045,43.977459],[11.102135,43.977381],[11.102385,43.977538],[11.102613,43.977386],[11.102668,43.977426],[11.102477,43.97757],[11.102478,43.977596],[11.102521,43.977629],[11.102376,43.977724],[11.102296,43.97782],[11.102316,43.977836],[11.102576,43.977879],[11.102721,43.977889],[11.102788,43.978059],[11.102981,43.978261],[11.103011,43.978253],[11.103251,43.977968],[11.103549,43.977905],[11.10374,43.977978],[11.103844,43.977991],[11.104009,43.97797],[11.104245,43.977911],[11.104445,43.977885],[11.10467,43.977933],[11.10474,43.97797],[11.104815,43.977967],[11.104861,43.977933],[11.104915,43.977826],[11.105099,43.977753],[11.105189,43.97776],[11.105238,43.977812],[11.105229,43.977923],[11.105283,43.978025],[11.105654,43.978426],[11.105781,43.978527],[11.105974,43.978599],[11.106184,43.978651],[11.106404,43.978669],[11.106659,43.978812],[11.106751,43.97903],[11.106865,43.979114],[11.106937,43.979211],[11.106938,43.979308],[11.107006,43.979369],[11.107279,43.979383],[11.107607,43.979361],[11.10771,43.97935],[11.10797,43.979289],[11.108084,43.979397],[11.10811,43.979404],[11.108315,43.979366],[11.108515,43.97929],[11.108617,43.979407],[11.108937,43.979398],[11.109072,43.979329],[11.109038,43.979146],[11.109234,43.979148],[11.109552,43.979124],[11.109672,43.979187],[11.110222,43.978846],[11.110201,43.978827],[11.109925,43.9788],[11.109805,43.978754],[11.10934,43.978688],[11.109103,43.978528],[11.108945,43.978364],[11.108841,43.978127],[11.108882,43.978082],[11.109002,43.978062],[11.10913,43.977937],[11.109151,43.97787],[11.109188,43.977867],[11.110378,43.976891],[11.113153,43.977851],[11.114361,43.978222],[11.117502,43.973966],[11.117929,43.973933],[11.118079,43.973951],[11.118252,43.973927],[11.118379,43.973864],[11.118581,43.973885],[11.119076,43.973786],[11.1191,43.97376],[11.119097,43.973704],[11.119188,43.973627],[11.119297,43.973601],[11.119575,43.97365],[11.119903,43.973656],[11.120069,43.973586],[11.120179,43.973489],[11.120313,43.973508],[11.120541,43.973486],[11.121033,43.973665],[11.121112,43.973769],[11.121216,43.973853],[11.121595,43.973796],[11.121846,43.973808],[11.122513,43.974405],[11.122589,43.974509],[11.122915,43.97475],[11.122899,43.97485],[11.122914,43.975093],[11.122975,43.97534],[11.123129,43.97546],[11.123385,43.975548],[11.123841,43.975669],[11.125335,43.975947],[11.126012,43.976118],[11.126434,43.976178],[11.126612,43.976245],[11.12683,43.976382],[11.127141,43.976682],[11.127286,43.977257],[11.127292,43.977576],[11.127162,43.977811],[11.126878,43.97798],[11.126303,43.978247],[11.126076,43.978368],[11.125831,43.978448],[11.125698,43.97852],[11.12546,43.978708],[11.12541,43.978821],[11.125671,43.979229],[11.126237,43.979773],[11.127076,43.980436],[11.127249,43.980527],[11.127478,43.980684],[11.127961,43.981065],[11.128281,43.981278],[11.129095,43.981926],[11.129595,43.982365],[11.129763,43.982538],[11.129754,43.982568],[11.130191,43.983046],[11.1306,43.98346],[11.131183,43.983956],[11.131604,43.984265],[11.132485,43.984797],[11.133294,43.985221],[11.134007,43.985542],[11.135048,43.98615],[11.135558,43.98647],[11.13597,43.986778],[11.136346,43.987187],[11.136412,43.987281],[11.136444,43.987268],[11.136452,43.98724],[11.136528,43.987166],[11.13667,43.987364],[11.136781,43.987373],[11.137169,43.987465],[11.137659,43.987707],[11.137688,43.987876],[11.138255,43.988283],[11.138792,43.98876],[11.138826,43.988764],[11.138885,43.988739],[11.139335,43.989246],[11.139525,43.989339],[11.139546,43.989383],[11.139329,43.989348],[11.139298,43.989364],[11.139579,43.989604],[11.139545,43.98982],[11.139419,43.989839],[11.1394,43.989875],[11.138633,43.990083],[11.138591,43.990142],[11.138509,43.990169],[11.138517,43.990192],[11.138577,43.99019],[11.138895,43.990261],[11.139621,43.990629],[11.139742,43.990664],[11.139946,43.99067],[11.140093,43.990641],[11.140256,43.990653],[11.140509,43.990458],[11.140561,43.990442],[11.140576,43.990479],[11.140612,43.990491],[11.140727,43.990448],[11.140819,43.990383],[11.140993,43.990327],[11.141005,43.990337],[11.140849,43.990556],[11.14095,43.990689],[11.141153,43.990715],[11.141351,43.990836],[11.141307,43.990931],[11.141402,43.991096],[11.141237,43.991151],[11.141472,43.991472],[11.141473,43.991558],[11.141212,43.991658],[11.141087,43.991544],[11.141054,43.991539],[11.140718,43.992193],[11.140734,43.992216],[11.140941,43.992262],[11.14133,43.992059],[11.141215,43.992289],[11.141218,43.992304],[11.141272,43.992319],[11.141278,43.992352],[11.141395,43.992372],[11.14139,43.992557],[11.141333,43.992636],[11.140818,43.992587],[11.14074,43.992759],[11.140682,43.992755],[11.140536,43.992642],[11.140512,43.992662],[11.140529,43.992749],[11.140626,43.992892],[11.140649,43.993276],[11.140885,43.99387],[11.140913,43.993999],[11.140908,43.994118],[11.140979,43.994349],[11.140985,43.994538],[11.141093,43.994923],[11.141317,43.995104],[11.14141,43.995205],[11.141682,43.9953],[11.142197,43.995384],[11.142347,43.995284],[11.142393,43.995657],[11.142466,43.995709],[11.142588,43.995706],[11.1426,43.995754],[11.142399,43.995782],[11.142318,43.995822],[11.142223,43.995836],[11.14222,43.995906],[11.142011,43.995945],[11.141813,43.995965],[11.141662,43.996057],[11.141516,43.996284],[11.141668,43.996367],[11.142302,43.996581],[11.142613,43.996851],[11.142645,43.997037],[11.142749,43.997318],[11.142755,43.997514],[11.142621,43.99799],[11.142353,43.998717],[11.14186,44.000287],[11.141534,44.001526],[11.141318,44.002068],[11.14139,44.002158],[11.141451,44.00216],[11.141534,44.001953],[11.142063,44.002017],[11.142146,44.002075],[11.142164,44.00211],[11.142174,44.00226],[11.14212,44.002473],[11.142021,44.00261],[11.141968,44.002726],[11.14187,44.002832],[11.141838,44.002906],[11.141686,44.003509],[11.141691,44.003524],[11.141741,44.003532],[11.141732,44.00359],[11.141754,44.003641],[11.141777,44.003653],[11.1421,44.003516],[11.142166,44.003554],[11.142242,44.003546],[11.142339,44.003482],[11.142377,44.00351],[11.142338,44.003529],[11.142184,44.003685],[11.142106,44.003713],[11.141978,44.003824],[11.142142,44.004006],[11.142231,44.00404],[11.142241,44.004142],[11.142303,44.004214],[11.142312,44.004382],[11.142459,44.00448],[11.14252,44.004503],[11.14246,44.004558],[11.142148,44.004421],[11.142111,44.004389],[11.142058,44.00441],[11.141629,44.004187],[11.141593,44.004192],[11.141589,44.004262],[11.141622,44.004281],[11.141629,44.004425],[11.141766,44.00448],[11.141475,44.004745],[11.141522,44.004839],[11.141638,44.00487],[11.141761,44.004937],[11.141601,44.005263],[11.141414,44.005233],[11.141387,44.005242],[11.14115,44.005628],[11.14117,44.005642],[11.141317,44.00566],[11.141371,44.005645],[11.141779,44.0058],[11.142191,44.005761],[11.142346,44.005726],[11.142426,44.005728],[11.142826,44.00588],[11.142762,44.005999],[11.142716,44.006032],[11.14273,44.006052],[11.143235,44.006228],[11.143382,44.006312],[11.143498,44.006554],[11.143485,44.006635],[11.14286,44.008016],[11.142812,44.008405],[11.142818,44.008517],[11.142876,44.008614],[11.14321,44.008719],[11.143429,44.008858],[11.143573,44.00889],[11.1438,44.009008],[11.143941,44.009163],[11.14421,44.009364],[11.144507,44.009505],[11.145534,44.009838],[11.145866,44.010003],[11.146769,44.010314],[11.147015,44.010424],[11.147161,44.010543],[11.147253,44.010651],[11.147316,44.010797],[11.14723,44.011186],[11.147131,44.011479],[11.146959,44.011642],[11.146813,44.011853],[11.146586,44.012063],[11.146404,44.012181],[11.146013,44.01254],[11.145754,44.012631],[11.145393,44.012824],[11.145328,44.01283],[11.145045,44.01295],[11.144633,44.013378],[11.144421,44.013691],[11.144324,44.013953],[11.144301,44.014145],[11.14416,44.014666],[11.144133,44.014708],[11.144152,44.014781],[11.143981,44.015564],[11.143768,44.016186],[11.143769,44.016243],[11.14371,44.016383],[11.143345,44.017015],[11.143121,44.017248],[11.143006,44.017416],[11.142975,44.017496],[11.142673,44.017699],[11.142579,44.017784],[11.14256,44.017715],[11.142517,44.017673],[11.142488,44.017678],[11.142348,44.017806],[11.142339,44.017832],[11.142309,44.017831],[11.142195,44.017922],[11.142163,44.01793],[11.141598,44.0185],[11.141566,44.018491],[11.141865,44.01818],[11.141514,44.01801],[11.141697,44.017774],[11.141663,44.017737],[11.141633,44.017744],[11.141488,44.0179],[11.141216,44.017689],[11.141412,44.017466],[11.141369,44.017376],[11.141655,44.017454],[11.141845,44.017308],[11.141982,44.017265],[11.142007,44.017239],[11.14201,44.017192],[11.1421,44.017215],[11.142128,44.017208],[11.142753,44.016536],[11.142914,44.016214],[11.143127,44.015702],[11.143149,44.015588],[11.143123,44.015489],[11.143064,44.015387],[11.143055,44.015253],[11.143094,44.015105],[11.143148,44.015005],[11.143059,44.014905],[11.142954,44.014877],[11.142873,44.014896],[11.14253,44.015248],[11.14238,44.015341],[11.14235,44.015243],[11.14232,44.01523],[11.142242,44.015312],[11.142188,44.015325],[11.142134,44.015274],[11.142039,44.014937],[11.141954,44.014876],[11.141797,44.014485],[11.141651,44.014384],[11.141548,44.014355],[11.141495,44.014309],[11.141565,44.013999],[11.14151,44.013787],[11.141514,44.013592],[11.141632,44.013254],[11.141506,44.013049],[11.141291,44.012791],[11.141099,44.012671],[11.140948,44.01261],[11.140669,44.012547],[11.140084,44.012315],[11.139878,44.012191],[11.139896,44.012129],[11.139992,44.01207],[11.140087,44.011957],[11.140141,44.011669],[11.140129,44.011536],[11.140049,44.011365],[11.139846,44.011147],[11.13985,44.011093],[11.140025,44.01127],[11.140045,44.011277],[11.14007,44.011257],[11.140047,44.011134],[11.140072,44.011031],[11.140054,44.010979],[11.140068,44.010893],[11.140047,44.010255],[11.139977,44.010102],[11.139978,44.009951],[11.139878,44.009786],[11.139847,44.009776],[11.139743,44.009803],[11.139523,44.009918],[11.138968,44.010068],[11.138951,44.010124],[11.138987,44.010292],[11.138947,44.010296],[11.138892,44.010132],[11.138839,44.01008],[11.138426,44.010099],[11.138174,44.010183],[11.137447,44.01035],[11.137369,44.010383],[11.137008,44.010438],[11.136892,44.010404],[11.137265,44.010352],[11.137281,44.010345],[11.137276,44.010321],[11.136715,44.010136],[11.136525,44.01004],[11.135964,44.009603],[11.135787,44.0094],[11.135455,44.008382],[11.135366,44.008192],[11.135306,44.008115],[11.1349,44.007835],[11.134761,44.00775],[11.134634,44.007704],[11.134513,44.00769],[11.134052,44.007704],[11.133853,44.00762],[11.133812,44.007558],[11.133613,44.007542],[11.133628,44.007485],[11.133603,44.007463],[11.133391,44.007468],[11.133109,44.007539],[11.132877,44.007617],[11.132677,44.007637],[11.13234,44.007586],[11.132192,44.00747],[11.131996,44.007413],[11.131901,44.007412],[11.131851,44.007318],[11.13171,44.007172],[11.131908,44.00716],[11.132034,44.007205],[11.132271,44.00716],[11.13229,44.007141],[11.132281,44.007129],[11.132149,44.007052],[11.132242,44.006972],[11.132471,44.006926],[11.132863,44.006933],[11.133142,44.006801],[11.133161,44.006722],[11.133044,44.006364],[11.13309,44.006255],[11.133198,44.006086],[11.133372,44.005879],[11.13348,44.005803],[11.133601,44.005771],[11.133732,44.005704],[11.133839,44.00562],[11.133891,44.005508],[11.13388,44.005341],[11.133916,44.005253],[11.133914,44.005188],[11.133793,44.005052],[11.133744,44.004959],[11.133777,44.004871],[11.133771,44.004661],[11.133851,44.004588],[11.134059,44.004496],[11.134286,44.004351],[11.134323,44.004292],[11.134338,44.004095],[11.134449,44.003956],[11.134488,44.003806],[11.134419,44.00361],[11.134307,44.003471],[11.134191,44.00337],[11.133771,44.003211],[11.133728,44.003152],[11.133714,44.003089],[11.133787,44.002976],[11.133816,44.002851],[11.133952,44.002571],[11.133968,44.002327],[11.133905,44.002209],[11.133752,44.002044],[11.133679,44.002001],[11.133305,44.001911],[11.133282,44.001888],[11.133417,44.001641],[11.133494,44.001411],[11.133467,44.001387],[11.133147,44.001282],[11.132786,44.001092],[11.13272,44.001043],[11.132692,44.000993],[11.132681,44.000883],[11.132709,44.000781],[11.132758,44.000658],[11.132827,44.000554],[11.132874,44.000106],[11.132784,43.99996],[11.132692,43.999889],[11.132456,43.999863],[11.13154,43.999908],[11.131392,43.999879],[11.131209,43.999871],[11.131013,43.99988],[11.130946,43.999911],[11.130878,43.999913],[11.130475,43.999722],[11.129771,43.999336],[11.129717,43.999294],[11.129721,43.999204],[11.129687,43.999132],[11.129363,43.998999],[11.129231,43.998997],[11.129058,43.999029],[11.12893,43.999014],[11.128511,43.998841],[11.128132,43.998421],[11.127662,43.998146],[11.127602,43.998129],[11.127379,43.998194],[11.127037,43.998435],[11.126916,43.998495],[11.126373,43.998673],[11.126007,43.998753],[11.125795,43.998825],[11.125432,43.998984],[11.125428,43.99895],[11.125462,43.998919],[11.125754,43.998711],[11.125945,43.998444],[11.125928,43.998416],[11.125897,43.998415],[11.125662,43.998559],[11.125147,43.99879],[11.125013,43.998801],[11.124755,43.998747],[11.124701,43.998685],[11.124617,43.99837],[11.124573,43.998275],[11.124538,43.998242],[11.12368,43.997788],[11.123491,43.997732],[11.123121,43.997708],[11.123057,43.997679],[11.123105,43.997495],[11.12309,43.997212],[11.123136,43.997124],[11.123211,43.996844],[11.123244,43.996799],[11.123201,43.996767],[11.123241,43.996583],[11.123212,43.996503],[11.123026,43.996284],[11.122929,43.99599],[11.122862,43.995908],[11.122707,43.995813],[11.122637,43.995697],[11.122548,43.995601],[11.122541,43.995526],[11.122517,43.995508],[11.122442,43.99556],[11.122515,43.995742],[11.122481,43.995754],[11.122316,43.995627],[11.12218,43.995628],[11.121965,43.995592],[11.121859,43.995605],[11.121725,43.995698],[11.121655,43.995726],[11.121366,43.995745],[11.121205,43.995723],[11.121012,43.995666],[11.120666,43.995647],[11.120336,43.995656],[11.120028,43.995818],[11.119881,43.996],[11.119659,43.996158],[11.119561,43.996186],[11.119255,43.996216],[11.119022,43.996211],[11.118799,43.996287],[11.118543,43.99635],[11.118466,43.996351],[11.118428,43.996315],[11.11841,43.99622],[11.118233,43.996103],[11.11815,43.996061],[11.11795,43.996007],[11.117578,43.996014],[11.117491,43.99603],[11.117329,43.996018],[11.117225,43.995986],[11.116961,43.995998],[11.116803,43.99607],[11.116669,43.996099],[11.116405,43.996107],[11.116305,43.996077],[11.116144,43.995975],[11.116051,43.995894],[11.116041,43.995827],[11.116092,43.995776],[11.116083,43.99575],[11.115924,43.995738],[11.115886,43.99576],[11.11582,43.995942],[11.115633,43.995989],[11.115331,43.99595],[11.115194,43.996028],[11.11483,43.99616],[11.114263,43.996359],[11.114092,43.996392],[11.113938,43.996443],[11.113771,43.996525],[11.113462,43.99674],[11.113103,43.996798],[11.112899,43.996966],[11.112657,43.997003],[11.11256,43.997074],[11.112254,43.997105],[11.112221,43.997121],[11.111985,43.997072],[11.11191,43.997034],[11.11187,43.997037],[11.111582,43.997107],[11.111399,43.997191],[11.111012,43.997213],[11.110902,43.99725],[11.110798,43.997314],[11.110725,43.99729],[11.110248,43.997315],[11.10995,43.997396],[11.109864,43.997452],[11.109751,43.997436],[11.109608,43.997224],[11.109572,43.997219],[11.109524,43.997543],[11.109405,43.99758],[11.109326,43.997673],[11.108985,43.99785],[11.108485,43.998223],[11.108502,43.998241],[11.108978,43.998366],[11.109402,43.998739],[11.109505,43.998928],[11.109869,43.999284],[11.109892,43.999509],[11.109867,43.99963],[11.109907,43.999669],[11.10974,43.999756],[11.10963,43.999621],[11.109378,43.999456],[11.109252,43.99942],[11.108871,43.999249],[11.108818,43.999197],[11.108558,43.999122],[11.108395,43.999038],[11.108084,43.998921],[11.107707,43.998687],[11.107202,43.998559],[11.107005,43.998547],[11.106655,43.998449],[11.106375,43.998932],[11.105981,43.999252],[11.105786,43.999462],[11.105676,43.999642],[11.105658,43.999824],[11.105488,44.000497],[11.105376,44.000675],[11.105323,44.000677],[11.105031,44.000387],[11.104788,44.000178],[11.104583,44.000032],[11.104431,43.999962],[11.104147,43.999588],[11.103998,43.999328],[11.103777,43.999161],[11.103662,43.999104],[11.103356,43.999023],[11.103178,43.998994],[11.103011,43.999002],[11.102722,43.998935],[11.102577,43.998994],[11.102475,43.999122],[11.102378,43.999119],[11.10231,43.99921],[11.102184,43.999258],[11.102086,43.999339],[11.101865,43.999437],[11.101768,43.99942],[11.101662,43.999329],[11.101453,43.999284],[11.101316,43.999371],[11.101297,43.999372],[11.10126,43.999335],[11.101176,43.999328],[11.100995,43.999354],[11.100886,43.99942],[11.100883,43.999514],[11.100788,43.99956],[11.100596,43.999805],[11.100438,43.999928],[11.100249,44.000021],[11.099957,44.000059],[11.099538,44.0002],[11.099222,44.000222],[11.099015,44.000259],[11.098739,44.000365],[11.098373,44.000439],[11.098162,44.000556],[11.097648,44.000737],[11.097612,44.000649],[11.097856,44.000161],[11.097878,44.000089],[11.097866,44.000054],[11.097766,44.000001],[11.09711,43.999899],[11.096917,43.999852],[11.096782,43.999775],[11.096644,43.999748],[11.096463,43.99974],[11.096222,43.999689],[11.09615,43.999653],[11.096044,43.999412],[11.096225,43.999126],[11.096241,43.999057],[11.096225,43.999037],[11.096189,43.999042],[11.096085,43.999103],[11.095756,43.999218],[11.095745,43.999188],[11.095633,43.99911],[11.095188,43.998872],[11.095066,43.998852],[11.094864,43.99889],[11.094564,43.998864],[11.094241,43.998866],[11.093958,43.998886],[11.093597,43.998854],[11.09349,43.998868],[11.093283,43.998799],[11.093156,43.998711],[11.092962,43.998686],[11.0925,43.998543],[11.092433,43.998371],[11.092786,43.998023],[11.092944,43.998104],[11.093049,43.99813],[11.093222,43.998143],[11.093404,43.998092],[11.093616,43.997989],[11.093811,43.997725],[11.09423,43.997078],[11.094213,43.997053],[11.093384,43.996911],[11.092792,43.99674],[11.092499,43.996611],[11.092274,43.99646],[11.09207,43.996363],[11.092136,43.996091],[11.092107,43.995912],[11.092195,43.995543],[11.09226,43.995007],[11.09241,43.994978],[11.09279,43.994722],[11.092827,43.994779],[11.092927,43.994745],[11.093055,43.994609],[11.093136,43.994553],[11.093212,43.994433],[11.093312,43.994426],[11.093565,43.99437],[11.093481,43.994171],[11.093491,43.994015],[11.093535,43.993936],[11.093326,43.993663],[11.09306,43.993561],[11.093028,43.993516],[11.092753,43.993331],[11.092553,43.993271],[11.09256,43.993237],[11.092658,43.993104],[11.092704,43.993002],[11.092817,43.99288],[11.093033,43.992685],[11.093096,43.992599],[11.093207,43.99255],[11.093409,43.992305],[11.093767,43.991993],[11.093885,43.991857],[11.09358,43.991696],[11.093399,43.991666],[11.093336,43.991636],[11.093272,43.991334],[11.093208,43.991254],[11.093104,43.991165],[11.0928,43.99097],[11.092747,43.990902],[11.09261,43.990524],[11.092552,43.990451],[11.092413,43.990357],[11.092029,43.990198],[11.091818,43.990131],[11.091445,43.99006],[11.091021,43.989931],[11.090673,43.989856],[11.090488,43.989788],[11.090269,43.98973],[11.090073,43.989621],[11.08995,43.989523],[11.089784,43.989459],[11.089416,43.989349],[11.089261,43.989338],[11.089023,43.989281],[11.088896,43.98921],[11.088727,43.989186],[11.088458,43.989077]]]]},"properties":{"prov":"PO","comune_amm":"B626","comune_descr":"CANTAGALLO","fascia":"B","zona":"B1","zona_descr":"LE FRAZIONI PEDEMONTANE: CARMIGNANELLO - LA DOGANA - IL PUCCI - MIGLIANA","microzona":1,"semestre":"2025/1"}},{"type":"Feature","geometry":{"type":"Polygon","coordinates":[[[11.12567,44.031757],[11.125519,44.032374],[11.12523,44.032828],[11.124989,44.033258],[11.125267,44.034073],[11.125037,44.034096],[11.12474,44.034246],[11.123884,44.034555],[11.123726,44.034651],[11.123706,44.034415],[11.123677,44.034399],[11.123445,44.034424],[11.122491,44.034592],[11.122481,44.034623],[11.122734,44.034784],[11.123175,44.035134],[11.122535,44.03527],[11.121965,44.035476],[11.121793,44.035299],[11.121764,44.035292],[11.12147,44.035359],[11.121286,44.035524],[11.121,44.035642],[11.1203,44.035779],[11.120163,44.035552],[11.120023,44.035571],[11.119718,44.035534],[11.119487,44.035552],[11.119325,44.035542],[11.119139,44.035621],[11.118791,44.035731],[11.118778,44.035769],[11.117979,44.03605],[11.117892,44.036118],[11.117503,44.036195],[11.117404,44.036295],[11.117216,44.036419],[11.116902,44.036565],[11.116457,44.036805],[11.116232,44.036882],[11.115886,44.037139],[11.115635,44.037054],[11.115161,44.03716],[11.11513,44.037312],[11.115183,44.03742],[11.115179,44.037702],[11.115162,44.037748],[11.11512,44.037785],[11.114415,44.037993],[11.114027,44.038046],[11.113981,44.03804],[11.113652,44.037897],[11.113518,44.037876],[11.113425,44.037874],[11.113381,44.037888],[11.113345,44.037925],[11.113336,44.03798],[11.113395,44.038174],[11.113413,44.03838],[11.113392,44.038419],[11.113232,44.038358],[11.113168,44.038278],[11.112996,44.03814],[11.112949,44.038043],[11.112681,44.037796],[11.112562,44.037598],[11.112528,44.03749],[11.112461,44.037379],[11.112489,44.037154],[11.112455,44.037056],[11.112463,44.036904],[11.112486,44.036704],[11.112527,44.036623],[11.112529,44.036542],[11.112573,44.036386],[11.112526,44.036342],[11.112482,44.036076],[11.112372,44.035984],[11.112309,44.035904],[11.112316,44.035806],[11.112251,44.035593],[11.112269,44.035549],[11.112255,44.035504],[11.112315,44.035393],[11.112334,44.035312],[11.112379,44.035256],[11.112496,44.035191],[11.112543,44.035125],[11.112554,44.035061],[11.112389,44.034874],[11.112283,44.034829],[11.112263,44.034805],[11.112268,44.034673],[11.112344,44.034498],[11.11223,44.034408],[11.112264,44.034355],[11.112263,44.034202],[11.112205,44.034065],[11.112201,44.03397],[11.112091,44.033903],[11.112081,44.033844],[11.112152,44.033696],[11.112225,44.033615],[11.112164,44.03347],[11.112191,44.033351],[11.112326,44.03327],[11.112366,44.033173],[11.112358,44.033069],[11.112376,44.032989],[11.112411,44.03294],[11.112382,44.032844],[11.112135,44.032702],[11.112004,44.032533],[11.112006,44.032306],[11.112103,44.032142],[11.11218,44.032073],[11.112238,44.032043],[11.112396,44.031824],[11.112367,44.031623],[11.112321,44.031515],[11.112209,44.031393],[11.112204,44.031352],[11.112307,44.031213],[11.112323,44.031045],[11.112397,44.030925],[11.112448,44.030759],[11.112565,44.030609],[11.112577,44.030566],[11.112554,44.030545],[11.11248,44.030542],[11.112249,44.030426],[11.112087,44.030321],[11.11199,44.030201],[11.111528,44.030042],[11.111012,44.029931],[11.110725,44.029813],[11.110295,44.029726],[11.110179,44.029685],[11.109996,44.029752],[11.109795,44.02988],[11.109592,44.02994],[11.109504,44.029945],[11.109132,44.030057],[11.109032,44.030045],[11.108682,44.030044],[11.108596,44.030004],[11.108268,44.029674],[11.108186,44.029627],[11.108056,44.029634],[11.107931,44.029672],[11.107467,44.029985],[11.107276,44.030061],[11.106953,44.030169],[11.106585,44.030226],[11.10629,44.030234],[11.106113,44.030198],[11.105633,44.030008],[11.105466,44.029998],[11.10535,44.030039],[11.104903,44.030463],[11.104555,44.030621],[11.104405,44.030669],[11.10428,44.030687],[11.103789,44.030684],[11.103746,44.030655],[11.103594,44.03068],[11.103443,44.030868],[11.103121,44.031128],[11.102819,44.031286],[11.102597,44.031321],[11.102308,44.03129],[11.101936,44.031089],[11.101728,44.030952],[11.101606,44.030944],[11.100736,44.031189],[11.100455,44.031283],[11.100155,44.031307],[11.099927,44.031394],[11.099704,44.031586],[11.099538,44.031676],[11.099396,44.031667],[11.099195,44.031686],[11.099068,44.031719],[11.098767,44.031826],[11.098537,44.031929],[11.098238,44.032029],[11.098055,44.032033],[11.097805,44.032072],[11.097231,44.032271],[11.097024,44.032256],[11.096887,44.032223],[11.09675,44.03226],[11.096579,44.032464],[11.096453,44.032548],[11.096448,44.032609],[11.0964,44.032665],[11.09619,44.032767],[11.09582,44.032805],[11.095685,44.032833],[11.095564,44.032809],[11.095469,44.032757],[11.095408,44.032686],[11.095341,44.032671],[11.095162,44.032724],[11.094906,44.032768],[11.094821,44.032825],[11.094742,44.032988],[11.094583,44.033076],[11.094254,44.033086],[11.09404,44.03317],[11.093918,44.033261],[11.093877,44.033375],[11.093687,44.033313],[11.093364,44.03298],[11.093198,44.032893],[11.093097,44.032788],[11.092763,44.032665],[11.092489,44.032496],[11.092484,44.032473],[11.092212,44.032231],[11.092549,44.032142],[11.092564,44.032122],[11.092076,44.031817],[11.092011,44.031827],[11.091796,44.031927],[11.091215,44.032133],[11.091133,44.03222],[11.090962,44.032219],[11.090839,44.032177],[11.090704,44.0322],[11.090584,44.032238],[11.090382,44.032395],[11.090329,44.0324],[11.090239,44.032306],[11.09025,44.032252],[11.090624,44.032051],[11.090704,44.031903],[11.09074,44.031759],[11.090729,44.03174],[11.09022,44.031759],[11.090033,44.031806],[11.089808,44.031746],[11.089711,44.031816],[11.089518,44.03178],[11.089519,44.031734],[11.089499,44.031715],[11.089005,44.031638],[11.088947,44.031529],[11.088758,44.031383],[11.088746,44.031356],[11.088595,44.031274],[11.088384,44.031529],[11.08804,44.031661],[11.087905,44.031676],[11.087809,44.0316],[11.087652,44.031519],[11.087579,44.031459],[11.087548,44.031455],[11.087426,44.031651],[11.087208,44.0322],[11.087105,44.032171],[11.087072,44.032139],[11.087069,44.032086],[11.087036,44.032048],[11.086962,44.032026],[11.087022,44.031888],[11.087009,44.031842],[11.086889,44.031825],[11.086525,44.031633],[11.086586,44.031604],[11.086668,44.031502],[11.08676,44.031223],[11.086386,44.031045],[11.086281,44.03097],[11.086284,44.03094],[11.086265,44.030931],[11.086074,44.030904],[11.086073,44.030591],[11.086108,44.030268],[11.086137,44.03017],[11.08581,44.030087],[11.085822,44.030068],[11.086037,44.030112],[11.086066,44.030104],[11.086104,44.03005],[11.086062,44.029863],[11.08623,44.02968],[11.086311,44.029638],[11.086403,44.029615],[11.08649,44.029652],[11.086579,44.029748],[11.086608,44.029755],[11.086647,44.02972],[11.086833,44.029635],[11.086941,44.029614],[11.08708,44.029552],[11.087049,44.029524],[11.086899,44.029549],[11.086755,44.029518],[11.08662,44.029451],[11.086815,44.028655],[11.086801,44.028635],[11.086602,44.02866],[11.086508,44.028704],[11.086425,44.028722],[11.0861,44.028725],[11.085637,44.028637],[11.085305,44.028624],[11.084782,44.028711],[11.084736,44.028735],[11.08453,44.028769],[11.084373,44.028775],[11.084191,44.028827],[11.084069,44.028846],[11.084043,44.028669],[11.083994,44.028643],[11.083576,44.028731],[11.083246,44.028691],[11.083018,44.028746],[11.082679,44.028792],[11.08245,44.028804],[11.082176,44.028796],[11.081861,44.028876],[11.081689,44.029019],[11.081498,44.029061],[11.081083,44.028967],[11.080984,44.028983],[11.0809,44.028962],[11.080657,44.028943],[11.080208,44.028975],[11.08003,44.029052],[11.079806,44.029059],[11.079729,44.029081],[11.079617,44.029049],[11.079553,44.028892],[11.07924,44.028751],[11.078981,44.028773],[11.078697,44.028748],[11.078461,44.02877],[11.078309,44.028818],[11.078113,44.028909],[11.077792,44.028996],[11.077648,44.029012],[11.077223,44.029011],[11.076943,44.02878],[11.076877,44.028768],[11.076438,44.028828],[11.07634,44.028863],[11.076026,44.028921],[11.075893,44.028964],[11.075776,44.029042],[11.075461,44.028917],[11.075255,44.028752],[11.075106,44.028696],[11.074995,44.028634],[11.074871,44.028594],[11.074745,44.028514],[11.074666,44.028365],[11.07441,44.028226],[11.074327,44.028035],[11.074065,44.027589],[11.073872,44.027322],[11.074017,44.027248],[11.074064,44.027209],[11.074069,44.027104],[11.074038,44.027021],[11.074111,44.026952],[11.074292,44.026906],[11.07472,44.026741],[11.074939,44.026686],[11.075241,44.026641],[11.075309,44.02662],[11.075332,44.026595],[11.075161,44.026357],[11.075002,44.026175],[11.074827,44.02605],[11.074334,44.025792],[11.074194,44.025587],[11.074192,44.025382],[11.074104,44.02521],[11.074098,44.025022],[11.074059,44.024886],[11.073943,44.024706],[11.07382,44.024319],[11.073901,44.024195],[11.073757,44.02384],[11.073655,44.023672],[11.073582,44.023056],[11.073588,44.022413],[11.073555,44.02236],[11.073772,44.022297],[11.073826,44.022251],[11.073943,44.022191],[11.074111,44.022154],[11.07433,44.022068],[11.074342,44.022049],[11.074275,44.021995],[11.074114,44.021724],[11.073713,44.021506],[11.073355,44.021273],[11.073197,44.021244],[11.073076,44.021171],[11.073004,44.020987],[11.073007,44.020875],[11.072874,44.0206],[11.072904,44.020501],[11.072896,44.020399],[11.072457,44.020307],[11.07244,44.019041],[11.072529,44.019046],[11.072664,44.019001],[11.0728,44.018123],[11.072774,44.018103],[11.072645,44.018104],[11.07264,44.017682],[11.072547,44.017225],[11.072324,44.016898],[11.072296,44.016806],[11.072259,44.016757],[11.07225,44.016705],[11.072272,44.016648],[11.072226,44.016548],[11.072381,44.016583],[11.07259,44.016578],[11.072795,44.016525],[11.072911,44.016476],[11.073081,44.016348],[11.073449,44.016221],[11.073726,44.0162],[11.073962,44.016242],[11.074445,44.016],[11.074641,44.015984],[11.07486,44.015892],[11.075046,44.015899],[11.07519,44.015876],[11.075442,44.015692],[11.075442,44.015661],[11.075532,44.015658],[11.075814,44.015483],[11.075964,44.015483],[11.076746,44.015296],[11.076928,44.015339],[11.077227,44.015308],[11.077486,44.015181],[11.077914,44.015121],[11.078043,44.01505],[11.078105,44.014998],[11.078211,44.014979],[11.078647,44.014957],[11.078846,44.015019],[11.078977,44.015115],[11.079348,44.015159],[11.079571,44.015259],[11.079677,44.015409],[11.079727,44.015617],[11.079858,44.01574],[11.079811,44.015868],[11.079932,44.0161],[11.079986,44.016252],[11.08007,44.016343],[11.080109,44.016491],[11.0802,44.01657],[11.080365,44.016662],[11.080435,44.01674],[11.080554,44.016783],[11.080793,44.016954],[11.080994,44.017026],[11.081218,44.017067],[11.081265,44.017121],[11.08133,44.017409],[11.08142,44.017593],[11.081593,44.017667],[11.081655,44.017727],[11.08168,44.017855],[11.081659,44.017916],[11.081663,44.018098],[11.081958,44.018275],[11.082396,44.018305],[11.082488,44.018364],[11.083456,44.018653],[11.083865,44.018712],[11.084037,44.018596],[11.084134,44.018473],[11.08433,44.018422],[11.084587,44.018385],[11.084889,44.018498],[11.085264,44.018573],[11.086452,44.0186],[11.086597,44.018578],[11.086876,44.01846],[11.087243,44.018483],[11.087716,44.018534],[11.087885,44.018574],[11.08814,44.018597],[11.088295,44.018604],[11.088499,44.018586],[11.088764,44.018584],[11.088949,44.018612],[11.089176,44.018738],[11.08938,44.018907],[11.089517,44.018916],[11.089559,44.018876],[11.089564,44.018577],[11.089618,44.018393],[11.089809,44.018391],[11.089918,44.018402],[11.090126,44.018503],[11.09068,44.018939],[11.090871,44.018872],[11.090915,44.018778],[11.0913,44.018726],[11.091463,44.018747],[11.0918,44.018862],[11.091969,44.01895],[11.092127,44.019056],[11.092187,44.019057],[11.09243,44.019001],[11.09275,44.018878],[11.092936,44.018862],[11.093117,44.018867],[11.093085,44.019],[11.093159,44.01925],[11.093257,44.019343],[11.09344,44.019461],[11.09381,44.019563],[11.094184,44.019909],[11.094273,44.020048],[11.094547,44.020344],[11.094857,44.020604],[11.095396,44.020819],[11.095608,44.020876],[11.096059,44.020903],[11.096185,44.020929],[11.096259,44.020967],[11.096298,44.021049],[11.0964,44.021148],[11.096954,44.021558],[11.097069,44.021616],[11.097574,44.021754],[11.097923,44.021828],[11.098129,44.021931],[11.098545,44.022789],[11.098688,44.023032],[11.098858,44.023184],[11.099004,44.023263],[11.099119,44.02337],[11.099263,44.023403],[11.099434,44.023471],[11.0997,44.023468],[11.100251,44.0235],[11.100823,44.023579],[11.101048,44.023666],[11.101702,44.024018],[11.102002,44.024158],[11.102549,44.024466],[11.103239,44.025019],[11.103789,44.025399],[11.104308,44.025699],[11.104387,44.0257],[11.105356,44.025484],[11.106074,44.025251],[11.106179,44.025241],[11.106387,44.025276],[11.106584,44.025359],[11.106649,44.025451],[11.106794,44.025837],[11.107176,44.026307],[11.107561,44.02647],[11.107923,44.026514],[11.108244,44.026506],[11.108859,44.026443],[11.108955,44.026369],[11.109116,44.026293],[11.109248,44.026204],[11.109352,44.026086],[11.109475,44.026026],[11.109927,44.025461],[11.110062,44.025441],[11.110183,44.025492],[11.110977,44.026227],[11.111194,44.026358],[11.111389,44.026503],[11.111474,44.02661],[11.11166,44.026773],[11.111803,44.026849],[11.111913,44.026888],[11.112028,44.026879],[11.112107,44.026849],[11.112342,44.026692],[11.112547,44.026589],[11.113155,44.0262],[11.113376,44.026105],[11.113586,44.026153],[11.113834,44.026101],[11.114149,44.025992],[11.114629,44.025929],[11.115306,44.025672],[11.115599,44.025523],[11.11664,44.024808],[11.116831,44.024639],[11.116952,44.024485],[11.117237,44.024324],[11.117409,44.024121],[11.117622,44.024008],[11.117878,44.023957],[11.118519,44.023902],[11.118629,44.023928],[11.119285,44.024463],[11.119374,44.024547],[11.119526,44.024739],[11.119513,44.024842],[11.119572,44.025004],[11.119542,44.025155],[11.119407,44.025398],[11.118842,44.026083],[11.118925,44.02647],[11.11939,44.027357],[11.119525,44.027811],[11.119644,44.028522],[11.119718,44.028587],[11.119937,44.02885],[11.120097,44.028958],[11.120275,44.029011],[11.12138,44.029227],[11.121491,44.029271],[11.12152,44.029268],[11.121615,44.029209],[11.121745,44.029396],[11.121911,44.029964],[11.122104,44.030746],[11.122148,44.03112],[11.12234,44.03128],[11.122671,44.031305],[11.123012,44.031404],[11.124241,44.031467],[11.125189,44.031401],[11.125472,44.031484],[11.12567,44.031757]]]},"properties":{"prov":"PO","comune_amm":"B626","comune_descr":"CANTAGALLO","fascia":"E","zona":"E1","zona_descr":"LE FRAZIONI MONTANE: CANTAGALLO - LUICCIANA (CAPOLUOGO COMUNALE) - CASTELLO - LA VILLA - TRARIO","microzona":2,"semestre":"2025/1"}},{"type":"Feature","geometry":{"type":"Polygon","coordinates":[[[11.109909,43.99966],[11.109864,43.999641],[11.109892,43.99951],[11.109872,43.999286],[11.109503,43.998926],[11.109404,43.99874],[11.108976,43.998364],[11.108465,43.998232],[11.108983,43.997851],[11.109329,43.997672],[11.109396,43.997582],[11.109524,43.997543],[11.109568,43.99718],[11.109691,43.997327],[11.109751,43.997437],[11.109864,43.997453],[11.109945,43.997397],[11.110251,43.997314],[11.110732,43.99729],[11.110798,43.997315],[11.110906,43.997248],[11.111015,43.997212],[11.111401,43.99719],[11.111585,43.997106],[11.111867,43.997037],[11.111919,43.997034],[11.111983,43.997072],[11.112225,43.997122],[11.112245,43.997106],[11.112565,43.997073],[11.112649,43.997005],[11.112895,43.996969],[11.113094,43.996799],[11.113459,43.996742],[11.113772,43.996524],[11.11394,43.996443],[11.114094,43.996392],[11.114264,43.996359],[11.11483,43.99616],[11.115192,43.996028],[11.11534,43.995945],[11.11563,43.99599],[11.11582,43.995942],[11.115888,43.995755],[11.115913,43.995738],[11.11606,43.995741],[11.116107,43.995759],[11.116039,43.99583],[11.116049,43.995893],[11.116143,43.995974],[11.116307,43.996079],[11.116407,43.996107],[11.116671,43.996099],[11.116801,43.996071],[11.116955,43.995998],[11.117231,43.995986],[11.117327,43.996018],[11.117493,43.99603],[11.117575,43.996014],[11.117946,43.996006],[11.118153,43.996062],[11.118232,43.996102],[11.118416,43.996225],[11.118429,43.996318],[11.118468,43.996352],[11.118544,43.99635],[11.118799,43.996288],[11.119028,43.996209],[11.119255,43.996216],[11.11956,43.996186],[11.119657,43.996159],[11.11988,43.996001],[11.120032,43.995815],[11.120329,43.995657],[11.120664,43.995647],[11.121017,43.995666],[11.121204,43.995723],[11.121365,43.995745],[11.121657,43.995725],[11.121727,43.995697],[11.121864,43.995601],[11.121969,43.995592],[11.122181,43.995628],[11.122328,43.995626],[11.122478,43.995754],[11.122517,43.995746],[11.122457,43.995629],[11.12244,43.99555],[11.122539,43.995488],[11.122546,43.9956],[11.122637,43.995698],[11.122709,43.995815],[11.122859,43.995906],[11.122931,43.995992],[11.123025,43.996282],[11.123214,43.996506],[11.123243,43.996586],[11.123201,43.996769],[11.123254,43.996798],[11.123212,43.996843],[11.123136,43.997125],[11.12309,43.997213],[11.123081,43.997272],[11.123106,43.997492],[11.123056,43.997679],[11.123118,43.997708],[11.123487,43.997732],[11.123683,43.997789],[11.124535,43.99824],[11.124576,43.998277],[11.124617,43.998372],[11.124701,43.998687],[11.124751,43.998746],[11.12501,43.998801],[11.125144,43.99879],[11.125661,43.998559],[11.125912,43.998406],[11.125954,43.99843],[11.125757,43.99871],[11.125462,43.998919],[11.125429,43.998948],[11.125417,43.998974],[11.125432,43.998984],[11.125796,43.998825],[11.126009,43.998752],[11.126206,43.998719],[11.126374,43.998672],[11.126915,43.998496],[11.127035,43.998435],[11.127383,43.998192],[11.127511,43.998164],[11.127602,43.998126],[11.127709,43.998166],[11.12813,43.998419],[11.128508,43.998839],[11.128929,43.999014],[11.129056,43.99903],[11.129234,43.998997],[11.12937,43.998999],[11.129696,43.999136],[11.129721,43.999201],[11.129716,43.999298],[11.13025,43.999597],[11.130475,43.999722],[11.130882,43.999915],[11.13095,43.99991],[11.131005,43.99988],[11.131211,43.999872],[11.13139,43.999879],[11.131542,43.999908],[11.132459,43.999862],[11.132686,43.999884],[11.132783,43.999957],[11.132875,44.000102],[11.132853,44.000372],[11.132827,44.000558],[11.132758,44.000658],[11.132681,44.000882],[11.132691,44.000991],[11.132719,44.001042],[11.132788,44.001093],[11.133146,44.001282],[11.133473,44.001388],[11.133501,44.001418],[11.133416,44.001642],[11.13328,44.001884],[11.133299,44.00191],[11.133675,44.002],[11.133755,44.002046],[11.133906,44.002211],[11.133969,44.002323],[11.133953,44.002573],[11.133816,44.002852],[11.133786,44.002978],[11.133712,44.003092],[11.133728,44.003151],[11.133767,44.003209],[11.134188,44.003367],[11.134309,44.003472],[11.134421,44.003612],[11.134489,44.003803],[11.13445,44.003953],[11.134336,44.004097],[11.134323,44.004296],[11.134283,44.004355],[11.134057,44.004498],[11.133852,44.004586],[11.133771,44.004658],[11.133777,44.004874],[11.133743,44.004958],[11.133792,44.005051],[11.133915,44.005182],[11.133916,44.005256],[11.133879,44.005342],[11.133893,44.005505],[11.133837,44.005624],[11.133734,44.005703],[11.133604,44.00577],[11.133483,44.005802],[11.13337,44.005881],[11.133198,44.006087],[11.13309,44.006255],[11.133043,44.006362],[11.133162,44.006726],[11.133147,44.006799],[11.132857,44.006936],[11.132469,44.006926],[11.132238,44.006973],[11.132147,44.007053],[11.13232,44.007152],[11.132024,44.007206],[11.131913,44.00716],[11.131708,44.00717],[11.13142,44.007059],[11.131708,44.00717],[11.131853,44.00732],[11.1319,44.007414],[11.13199,44.007411],[11.132198,44.007472],[11.132336,44.007586],[11.132675,44.007638],[11.132875,44.007617],[11.133108,44.007539],[11.133394,44.007467],[11.133634,44.007463],[11.133612,44.007543],[11.133816,44.007555],[11.133849,44.007618],[11.134055,44.007706],[11.134515,44.00769],[11.134638,44.007704],[11.134764,44.007751],[11.135228,44.008051],[11.135231,44.008071],[11.135321,44.008125],[11.135311,44.008136],[11.135365,44.00819],[11.135454,44.008382],[11.135788,44.009402],[11.135963,44.009602],[11.136524,44.010039],[11.136717,44.010136],[11.137251,44.010306],[11.137291,44.010329],[11.137278,44.01035],[11.136887,44.010402],[11.137003,44.010438],[11.137371,44.010382],[11.137444,44.010351],[11.138175,44.010183],[11.138421,44.010099],[11.13884,44.010078],[11.138892,44.010129],[11.138948,44.010299],[11.138992,44.010292],[11.13895,44.01012],[11.138965,44.010066],[11.139521,44.009919],[11.139739,44.009803],[11.139868,44.00977],[11.13998,44.009955],[11.139977,44.010103],[11.140047,44.010252],[11.140068,44.010894],[11.140054,44.01098],[11.140073,44.011035],[11.140047,44.011132],[11.140084,44.011329],[11.139847,44.011089],[11.139846,44.01115],[11.140049,44.011363],[11.140131,44.011538],[11.140141,44.011671],[11.140086,44.011961],[11.13999,44.012073],[11.139893,44.012132],[11.139877,44.012192],[11.140086,44.012315],[11.140669,44.012548],[11.140946,44.01261],[11.141097,44.01267],[11.141289,44.012788],[11.141506,44.01305],[11.141633,44.013247],[11.141515,44.013591],[11.14151,44.013786],[11.141566,44.013996],[11.141494,44.014312],[11.141545,44.014354],[11.141647,44.014381],[11.141795,44.01448],[11.141954,44.014878],[11.142037,44.014931],[11.142077,44.015026],[11.142134,44.015277],[11.14219,44.015327],[11.142239,44.015315],[11.142337,44.015199],[11.142379,44.015342],[11.142531,44.015247],[11.142866,44.014898],[11.142945,44.014875],[11.143067,44.014907],[11.143152,44.015005],[11.143095,44.015105],[11.143055,44.015252],[11.143064,44.015386],[11.143123,44.01549],[11.143149,44.015591],[11.143126,44.015703],[11.142914,44.016213],[11.142754,44.016534],[11.142118,44.017219],[11.142009,44.017191],[11.142012,44.017234],[11.141978,44.01727],[11.141847,44.017306],[11.141656,44.017458],[11.141366,44.017374],[11.14142,44.017458],[11.141213,44.017686],[11.141488,44.017901],[11.141656,44.01772],[11.141704,44.017783],[11.1416,44.017886],[11.141512,44.018011],[11.141876,44.018179],[11.141563,44.018494],[11.141599,44.018501],[11.142175,44.017918],[11.142193,44.017924],[11.142295,44.017854],[11.142249,44.017844],[11.142271,44.017823],[11.14234,44.017833],[11.142343,44.01781],[11.14251,44.017658],[11.142562,44.017718],[11.142579,44.017785],[11.142515,44.017844],[11.142062,44.01841],[11.142515,44.017844],[11.142671,44.0177],[11.142974,44.017498],[11.143005,44.017417],[11.14312,44.017249],[11.143345,44.017015],[11.14371,44.016383],[11.143771,44.016242],[11.143766,44.016189],[11.143981,44.015564],[11.144153,44.01478],[11.144132,44.014702],[11.14416,44.014667],[11.144301,44.014145],[11.144324,44.013951],[11.144422,44.013689],[11.144632,44.013379],[11.145048,44.012946],[11.145333,44.012828],[11.14539,44.012826],[11.145751,44.012631],[11.146015,44.012539],[11.146405,44.01218],[11.146586,44.012064],[11.146813,44.011852],[11.146959,44.011645],[11.147132,44.011477],[11.14723,44.011185],[11.147315,44.010796],[11.147253,44.010652],[11.147161,44.010543],[11.147017,44.010425],[11.146768,44.010314],[11.145865,44.010002],[11.145535,44.009838],[11.144509,44.009506],[11.144212,44.009365],[11.143943,44.009164],[11.143801,44.009008],[11.143572,44.008889],[11.143433,44.008861],[11.143212,44.008719],[11.14288,44.008621],[11.142818,44.00852],[11.142812,44.008403],[11.142859,44.008019],[11.143484,44.006635],[11.1435,44.006556],[11.143381,44.00631],[11.143233,44.006228],[11.142694,44.006039],[11.14276,44.006001],[11.142828,44.005879],[11.142424,44.005727],[11.142344,44.005726],[11.142194,44.005761],[11.141771,44.0058],[11.141369,44.005645],[11.141326,44.005661],[11.141139,44.005638],[11.141395,44.005229],[11.1416,44.005266],[11.141762,44.004934],[11.141639,44.00487],[11.14152,44.00484],[11.141471,44.004735],[11.141768,44.00448],[11.141625,44.004426],[11.141625,44.004296],[11.141622,44.004278],[11.141585,44.004264],[11.141593,44.004212],[11.141348,44.004184],[11.141361,44.004149],[11.141613,44.004179],[11.142062,44.004412],[11.142114,44.004379],[11.142146,44.00442],[11.142464,44.00456],[11.142523,44.004496],[11.142462,44.004482],[11.142305,44.004377],[11.142303,44.004211],[11.142237,44.004138],[11.14223,44.004038],[11.142146,44.00401],[11.141972,44.003824],[11.142109,44.003711],[11.142182,44.003687],[11.142341,44.003525],[11.14238,44.003512],[11.142339,44.003481],[11.142236,44.00355],[11.142153,44.003554],[11.142104,44.003514],[11.141764,44.003663],[11.141731,44.003586],[11.141743,44.003531],[11.141681,44.003529],[11.141838,44.002907],[11.141869,44.002835],[11.141967,44.002727],[11.14202,44.002611],[11.14212,44.002474],[11.142174,44.00226],[11.142147,44.002076],[11.142067,44.002018],[11.142003,44.002004],[11.141529,44.001953],[11.141455,44.002164],[11.141389,44.00216],[11.141314,44.002076],[11.141533,44.001526],[11.141859,44.000287],[11.142353,43.998717],[11.142621,43.99799],[11.142755,43.997515],[11.142749,43.997319],[11.142645,43.997036],[11.142615,43.996853],[11.142305,43.996582],[11.141666,43.996366],[11.141508,43.996285],[11.141665,43.996053],[11.141819,43.995961],[11.14201,43.995946],[11.142413,43.99587],[11.14222,43.995906],[11.142217,43.995832],[11.142317,43.995822],[11.142374,43.995801],[11.142308,43.995761],[11.142158,43.99573],[11.142145,43.995687],[11.142256,43.995721],[11.14234,43.995726],[11.142417,43.995788],[11.142601,43.995755],[11.142587,43.995702],[11.142474,43.995715],[11.142394,43.995664],[11.142348,43.995283],[11.142198,43.995387],[11.141685,43.995301],[11.141404,43.995203],[11.141317,43.995103],[11.141094,43.994928],[11.140984,43.994536],[11.140979,43.99435],[11.140908,43.994116],[11.140913,43.994],[11.140885,43.99387],[11.140649,43.993277],[11.140625,43.99289],[11.140529,43.992752],[11.140499,43.992601],[11.140685,43.992757],[11.140741,43.992759],[11.140814,43.992582],[11.141152,43.992627],[11.141333,43.992636],[11.141391,43.992556],[11.141397,43.992371],[11.141271,43.992355],[11.141274,43.992318],[11.141206,43.992309],[11.141332,43.992057],[11.140941,43.992265],[11.140709,43.99221],[11.141059,43.991518],[11.141212,43.99166],[11.141472,43.99156],[11.141473,43.991474],[11.141343,43.991282],[11.141223,43.991148],[11.141404,43.991097],[11.141304,43.990925],[11.141353,43.990836],[11.14115,43.990713],[11.140949,43.990691],[11.140843,43.990548],[11.141008,43.990334],[11.140993,43.990327],[11.140817,43.990383],[11.140724,43.99045],[11.140605,43.990493],[11.140583,43.990498],[11.140562,43.990441],[11.140506,43.990459],[11.140258,43.990654],[11.140091,43.990641],[11.139942,43.99067],[11.139738,43.990664],[11.139623,43.99063],[11.138894,43.990261],[11.13858,43.99019],[11.138432,43.990205],[11.13837,43.990242],[11.13836,43.990201],[11.138596,43.990141],[11.138623,43.990086],[11.139404,43.989874],[11.139392,43.989842],[11.139545,43.989823],[11.139583,43.989607],[11.139253,43.989337],[11.139547,43.989384],[11.139523,43.989336],[11.139338,43.989248],[11.138881,43.988735],[11.138806,43.988773],[11.138255,43.988283],[11.137681,43.987872],[11.137663,43.987709],[11.137167,43.987464],[11.136782,43.987374],[11.136667,43.987366],[11.136529,43.987165],[11.13645,43.987242],[11.13643,43.987326],[11.136345,43.987187],[11.135969,43.986777],[11.135557,43.986469],[11.135048,43.98615],[11.134007,43.985542],[11.133294,43.985221],[11.132484,43.984797],[11.131605,43.984265],[11.131184,43.983956],[11.130601,43.983461],[11.130187,43.983041],[11.129741,43.982553],[11.130471,43.982212],[11.130768,43.982244],[11.130827,43.982222],[11.13155,43.981553],[11.131918,43.981063],[11.132527,43.980469],[11.142246,43.979563],[11.142314,43.97957],[11.142363,43.979514],[11.143354,43.978903],[11.143566,43.978805],[11.143686,43.978694],[11.14463,43.978107],[11.144996,43.977878],[11.150926,43.97714],[11.152705,43.976657],[11.152944,43.976774],[11.153235,43.976885],[11.153633,43.976953],[11.15409,43.977214],[11.154263,43.977339],[11.154399,43.977485],[11.154585,43.977606],[11.154862,43.977576],[11.155076,43.977748],[11.155105,43.977906],[11.15396,43.978572],[11.153627,43.978733],[11.153663,43.978799],[11.153627,43.978733],[11.153959,43.978572],[11.155114,43.977901],[11.155442,43.977603],[11.15555,43.977474],[11.155635,43.97733],[11.157724,43.977493],[11.157833,43.977498],[11.157976,43.977469],[11.15817,43.977487],[11.158495,43.977551],[11.158611,43.977666],[11.159112,43.977831],[11.159271,43.977816],[11.159511,43.977864],[11.159686,43.97792],[11.159881,43.977953],[11.160226,43.977937],[11.160404,43.977944],[11.160797,43.97803],[11.161778,43.978403],[11.162497,43.97858],[11.162696,43.978544],[11.162935,43.978585],[11.163941,43.978625],[11.164369,43.978655],[11.164729,43.978728],[11.165411,43.978543],[11.165597,43.978598],[11.165666,43.978689],[11.168096,43.979156],[11.168322,43.979235],[11.168423,43.979493],[11.169061,43.979313],[11.16961,43.979427],[11.170229,43.979432],[11.170207,43.979697],[11.169547,43.980757],[11.169892,43.980838],[11.169892,43.980838],[11.170165,43.98088],[11.171031,43.980785],[11.171311,43.980902],[11.172882,43.980844],[11.173045,43.980776],[11.173139,43.980859],[11.173266,43.981032],[11.173317,43.981122],[11.173337,43.98121],[11.173335,43.981321],[11.173305,43.981452],[11.173032,43.981768],[11.172942,43.982027],[11.172879,43.982311],[11.172839,43.982397],[11.172802,43.982634],[11.172822,43.982881],[11.173038,43.983233],[11.173118,43.983586],[11.173308,43.983809],[11.173373,43.983921],[11.173489,43.984241],[11.173694,43.984648],[11.173805,43.984963],[11.173918,43.985171],[11.174081,43.985705],[11.174187,43.985817],[11.174521,43.986053],[11.174712,43.986167],[11.17498,43.986255],[11.175067,43.98626],[11.175412,43.986194],[11.175541,43.986098],[11.175607,43.98608],[11.175777,43.986162],[11.175971,43.986233],[11.176234,43.98622],[11.176342,43.986237],[11.176449,43.986322],[11.176475,43.98638],[11.176551,43.986531],[11.176845,43.986609],[11.177492,43.986627],[11.17772,43.986673],[11.177975,43.986833],[11.178131,43.986963],[11.178212,43.987078],[11.178288,43.987685],[11.1783,43.988039],[11.178342,43.988183],[11.178512,43.988583],[11.178543,43.988733],[11.178537,43.988834],[11.178468,43.989078],[11.178359,43.989344],[11.178353,43.989543],[11.178265,43.98976],[11.178125,43.989992],[11.177866,43.990329],[11.177827,43.990413],[11.177849,43.990492],[11.178069,43.990804],[11.178451,43.991192],[11.178641,43.991493],[11.178707,43.991556],[11.179048,43.991718],[11.179211,43.991772],[11.180113,43.992474],[11.180133,43.992567],[11.180096,43.99268],[11.180106,43.992811],[11.180035,43.993012],[11.180093,43.993325],[11.180155,43.993521],[11.180206,43.993618],[11.18012,43.993833],[11.17992,43.994084],[11.179183,43.994594],[11.178688,43.994832],[11.177923,43.995245],[11.177575,43.995356],[11.176696,43.99575],[11.176338,43.995835],[11.176208,43.995882],[11.17611,43.995959],[11.176037,43.996072],[11.175995,43.996251],[11.176046,43.996335],[11.176166,43.996416],[11.176257,43.996501],[11.176381,43.996793],[11.176353,43.996946],[11.17617,43.997124],[11.175974,43.997238],[11.175761,43.997281],[11.175708,43.997328],[11.175682,43.997401],[11.175737,43.997743],[11.175777,43.997808],[11.175874,43.997856],[11.175923,43.997907],[11.175945,43.997964],[11.175937,43.998069],[11.176002,43.998185],[11.176013,43.998388],[11.17605,43.99851],[11.176142,43.998686],[11.176201,43.998772],[11.176446,43.998891],[11.176622,43.999068],[11.176642,43.999114],[11.176646,43.999314],[11.176562,43.999429],[11.176496,43.999569],[11.176316,43.999795],[11.176293,43.999932],[11.176334,44.000062],[11.176676,44.000527],[11.176672,44.000546],[11.176114,44.000895],[11.176017,44.000975],[11.1759,44.001465],[11.175822,44.00164],[11.175749,44.00178],[11.175511,44.002048],[11.175496,44.002094],[11.175563,44.002274],[11.175557,44.002418],[11.175492,44.002616],[11.175296,44.002902],[11.175274,44.003032],[11.175303,44.003331],[11.175359,44.003456],[11.175431,44.003504],[11.175592,44.003558],[11.175697,44.00356],[11.175787,44.003589],[11.176052,44.003699],[11.176186,44.003784],[11.176266,44.003934],[11.176288,44.004028],[11.17628,44.004106],[11.176216,44.004197],[11.176207,44.004432],[11.176242,44.004491],[11.176549,44.004784],[11.177115,44.005436],[11.177149,44.005539],[11.177171,44.005999],[11.177291,44.006592],[11.177284,44.006777],[11.177194,44.007008],[11.177193,44.007008],[11.177194,44.007008],[11.177244,44.007015],[11.177175,44.007182],[11.177226,44.007309],[11.177334,44.007416],[11.17729,44.007463],[11.177056,44.007868],[11.176909,44.008051],[11.176819,44.008224],[11.176828,44.008537],[11.176706,44.008974],[11.176699,44.009052],[11.176729,44.009068],[11.176619,44.009141],[11.176561,44.009153],[11.176353,44.009258],[11.176197,44.009369],[11.175997,44.009361],[11.175747,44.009316],[11.175594,44.009307],[11.175254,44.009347],[11.174618,44.009466],[11.174668,44.009619],[11.174616,44.009627],[11.174656,44.009887],[11.174325,44.009856],[11.174115,44.009886],[11.173848,44.009996],[11.173041,44.010154],[11.172716,44.010246],[11.172517,44.010328],[11.172385,44.010403],[11.172005,44.01054],[11.171854,44.010618],[11.171637,44.010635],[11.17118,44.01083],[11.171005,44.011002],[11.170488,44.011455],[11.170378,44.011597],[11.170061,44.011746],[11.169674,44.01182],[11.169461,44.011822],[11.169195,44.0118],[11.168982,44.011815],[11.168727,44.011849],[11.168513,44.011906],[11.168337,44.011979],[11.168043,44.01219],[11.168004,44.012231],[11.167862,44.012549],[11.167789,44.012623],[11.16769,44.012685],[11.167456,44.012727],[11.167385,44.012758],[11.167232,44.012867],[11.167101,44.013075],[11.167007,44.013114],[11.166775,44.013158],[11.16639,44.013264],[11.166187,44.013299],[11.165844,44.013319],[11.165724,44.01335],[11.165524,44.013476],[11.165483,44.013476],[11.164844,44.014116],[11.164755,44.014231],[11.16466,44.014543],[11.164643,44.014687],[11.164594,44.014809],[11.16446,44.015004],[11.164458,44.015146],[11.164543,44.015306],[11.164557,44.0154],[11.164517,44.015505],[11.164471,44.015557],[11.164152,44.015866],[11.163755,44.016087],[11.163319,44.016382],[11.163005,44.016512],[11.162873,44.016531],[11.162666,44.016606],[11.162531,44.016678],[11.162383,44.016784],[11.16221,44.016955],[11.162145,44.017082],[11.16214,44.017254],[11.162524,44.017909],[11.162513,44.017971],[11.162368,44.018138],[11.162324,44.018268],[11.162314,44.01842],[11.162315,44.018526],[11.162345,44.018607],[11.162506,44.018779],[11.162536,44.018838],[11.162544,44.018904],[11.162508,44.01905],[11.162448,44.019133],[11.162374,44.019188],[11.162216,44.019139],[11.162131,44.019264],[11.162091,44.019393],[11.162003,44.019389],[11.161984,44.019486],[11.16186,44.019378],[11.161859,44.019358],[11.161543,44.019364],[11.161471,44.019369],[11.161093,44.019472],[11.160947,44.019555],[11.161215,44.019905],[11.161178,44.019988],[11.160993,44.019925],[11.160848,44.019871],[11.160595,44.019962],[11.1602,44.019852],[11.159901,44.019697],[11.159736,44.01972],[11.159657,44.01975],[11.159349,44.019648],[11.158976,44.019765],[11.158759,44.019767],[11.15854,44.019841],[11.158123,44.020957],[11.157975,44.021183],[11.157935,44.021176],[11.157904,44.02127],[11.157918,44.021721],[11.157793,44.021718],[11.157627,44.021646],[11.157555,44.021568],[11.157452,44.021525],[11.157127,44.02149],[11.157053,44.021521],[11.157007,44.021629],[11.156966,44.021653],[11.156926,44.021649],[11.156797,44.02156],[11.156701,44.021533],[11.156627,44.021486],[11.156496,44.021454],[11.156388,44.021455],[11.156265,44.021417],[11.156161,44.021369],[11.156029,44.021268],[11.155844,44.021205],[11.155581,44.021203],[11.155385,44.021233],[11.155294,44.021278],[11.155095,44.021305],[11.15469,44.021334],[11.154374,44.02142],[11.154351,44.021476],[11.154137,44.021498],[11.153988,44.021499],[11.153727,44.021451],[11.153514,44.021458],[11.153018,44.021583],[11.152338,44.021791],[11.15229,44.02182],[11.151891,44.021881],[11.151624,44.021858],[11.151371,44.021895],[11.150994,44.02181],[11.150776,44.021711],[11.15042,44.021395],[11.150098,44.021269],[11.149651,44.02122],[11.149423,44.021116],[11.148071,44.021424],[11.146978,44.021601],[11.145497,44.021286],[11.145036,44.021134],[11.144774,44.021132],[11.14449,44.021202],[11.143222,44.021279],[11.143122,44.021223],[11.142957,44.021161],[11.143113,44.021646],[11.142642,44.021739],[11.14195,44.021943],[11.141735,44.021741],[11.141573,44.021615],[11.141479,44.021612],[11.141408,44.021594],[11.141342,44.021604],[11.141159,44.021458],[11.140879,44.021415],[11.14066,44.021474],[11.140376,44.021138],[11.140359,44.021096],[11.140324,44.021079],[11.140349,44.021072],[11.140173,44.021122],[11.139862,44.021081],[11.139872,44.021019],[11.139711,44.020993],[11.139527,44.020994],[11.139455,44.021014],[11.139419,44.021055],[11.139334,44.021073],[11.139226,44.021163],[11.139043,44.021238],[11.138737,44.021215],[11.138619,44.021141],[11.138441,44.021189],[11.138196,44.021221],[11.137964,44.021313],[11.137447,44.021334],[11.137116,44.021277],[11.136991,44.021291],[11.136858,44.021231],[11.136542,44.021144],[11.136267,44.021005],[11.135993,44.020975],[11.135813,44.020773],[11.135993,44.020975],[11.135708,44.021207],[11.135267,44.021463],[11.135163,44.021495],[11.135026,44.021634],[11.134907,44.021812],[11.134795,44.022046],[11.134525,44.022205],[11.134462,44.022401],[11.134254,44.022447],[11.13414,44.022609],[11.133335,44.022903],[11.133025,44.023032],[11.132899,44.023121],[11.132845,44.02313],[11.13268,44.022813],[11.132503,44.022777],[11.132294,44.022635],[11.132169,44.022607],[11.131781,44.022619],[11.130955,44.022447],[11.130631,44.022427],[11.130492,44.02235],[11.130262,44.022264],[11.130091,44.022163],[11.129929,44.022146],[11.129512,44.022192],[11.129081,44.022069],[11.129075,44.021977],[11.129018,44.021966],[11.128913,44.021976],[11.128809,44.022064],[11.128661,44.022012],[11.128589,44.022014],[11.128493,44.022083],[11.12836,44.022115],[11.128205,44.022087],[11.127974,44.022094],[11.127902,44.022165],[11.127662,44.022157],[11.127292,44.022268],[11.126897,44.022429],[11.126879,44.022454],[11.12643,44.022485],[11.126091,44.022555],[11.125138,44.023396],[11.125123,44.023857],[11.125009,44.024018],[11.124985,44.024242],[11.124767,44.02443],[11.124765,44.024549],[11.124838,44.024673],[11.12471,44.024865],[11.124698,44.024992],[11.124724,44.025117],[11.124766,44.025187],[11.124702,44.025322],[11.124849,44.025745],[11.124974,44.025875],[11.125028,44.025994],[11.12521,44.026181],[11.125291,44.02624],[11.125252,44.026338],[11.125487,44.026692],[11.125619,44.026787],[11.125684,44.026949],[11.125749,44.027029],[11.125772,44.02731],[11.12579,44.027352],[11.125755,44.027554],[11.125794,44.027627],[11.125725,44.027827],[11.125481,44.027971],[11.12542,44.028062],[11.125337,44.028101],[11.125293,44.028214],[11.125174,44.028332],[11.125167,44.02848],[11.125027,44.028572],[11.124835,44.028667],[11.124788,44.028681],[11.124069,44.028653],[11.124039,44.028715],[11.123934,44.02877],[11.12381,44.028746],[11.123463,44.028756],[11.123326,44.028743],[11.123166,44.028773],[11.122928,44.028768],[11.122413,44.028667],[11.121862,44.028773],[11.121592,44.028776],[11.121576,44.028792],[11.121613,44.029206],[11.121508,44.029277],[11.121379,44.029227],[11.120273,44.029011],[11.120093,44.028957],[11.119939,44.028852],[11.119717,44.028586],[11.119645,44.028528],[11.119611,44.028255],[11.119524,44.02781],[11.119389,44.027355],[11.118925,44.026468],[11.11884,44.026076],[11.119408,44.025397],[11.119542,44.025156],[11.119573,44.025006],[11.119512,44.024838],[11.119528,44.024742],[11.119374,44.024548],[11.119286,44.024463],[11.118633,44.023928],[11.118521,44.023902],[11.117878,44.023957],[11.117625,44.024007],[11.11741,44.024119],[11.117241,44.024321],[11.116953,44.024484],[11.116832,44.024638],[11.11664,44.024807],[11.1156,44.025522],[11.115304,44.025673],[11.114626,44.02593],[11.11415,44.025992],[11.113903,44.026068],[11.113838,44.0261],[11.113579,44.026154],[11.113381,44.026104],[11.113155,44.0262],[11.112825,44.025861],[11.113155,44.0262],[11.112548,44.026588],[11.112341,44.026693],[11.112105,44.02685],[11.112032,44.026879],[11.11192,44.02689],[11.111801,44.026848],[11.111663,44.026774],[11.111475,44.026611],[11.111388,44.026502],[11.111193,44.026358],[11.110979,44.026229],[11.110182,44.025491],[11.110066,44.025441],[11.10993,44.025457],[11.109472,44.02603],[11.10935,44.026087],[11.109251,44.026202],[11.109114,44.026293],[11.108954,44.02637],[11.108853,44.026448],[11.108243,44.026506],[11.107921,44.026514],[11.107556,44.026469],[11.10718,44.026311],[11.106795,44.025839],[11.106649,44.025451],[11.106583,44.025357],[11.106386,44.025275],[11.106177,44.02524],[11.106072,44.025251],[11.105357,44.025483],[11.104383,44.025701],[11.104315,44.025703],[11.10379,44.0254],[11.103238,44.025018],[11.102549,44.024466],[11.102001,44.024158],[11.101703,44.024018],[11.101047,44.023666],[11.100825,44.023579],[11.10025,44.0235],[11.099699,44.023469],[11.099428,44.023471],[11.099261,44.023402],[11.099124,44.023375],[11.099006,44.023264],[11.09886,44.023186],[11.098689,44.023034],[11.098546,44.02279],[11.098132,44.021933],[11.097922,44.021828],[11.097573,44.021753],[11.097066,44.021615],[11.096952,44.021557],[11.096401,44.021149],[11.0963,44.021052],[11.096262,44.020969],[11.096187,44.020929],[11.096058,44.020902],[11.095612,44.020877],[11.095393,44.020818],[11.094853,44.020602],[11.094548,44.020345],[11.094274,44.02005],[11.094185,44.01991],[11.093809,44.019561],[11.093444,44.019463],[11.093258,44.019344],[11.093155,44.019246],[11.093084,44.018996],[11.093123,44.018867],[11.092938,44.018862],[11.092752,44.018877],[11.092428,44.019002],[11.092182,44.019058],[11.092118,44.019056],[11.091968,44.01895],[11.091799,44.018862],[11.091464,44.018746],[11.091301,44.018727],[11.090911,44.018779],[11.090881,44.018868],[11.090679,44.018944],[11.090127,44.018504],[11.089915,44.018401],[11.089809,44.018391],[11.089619,44.018391],[11.089564,44.018578],[11.089558,44.01888],[11.089532,44.018916],[11.089386,44.018914],[11.089177,44.018739],[11.088951,44.018613],[11.088763,44.018584],[11.088499,44.018586],[11.088297,44.018604],[11.088142,44.018597],[11.087887,44.018574],[11.087717,44.018534],[11.087242,44.018482],[11.086873,44.01846],[11.086593,44.01858],[11.086455,44.018599],[11.085592,44.018585],[11.08526,44.018573],[11.084891,44.018499],[11.084591,44.018384],[11.084331,44.018422],[11.084129,44.018474],[11.084039,44.018594],[11.083878,44.018714],[11.083458,44.018653],[11.082484,44.018363],[11.0824,44.018305],[11.08195,44.018274],[11.081654,44.018093],[11.08166,44.017915],[11.081681,44.017857],[11.081654,44.017725],[11.081591,44.017666],[11.081423,44.0176],[11.08133,44.017411],[11.081266,44.017122],[11.081216,44.017064],[11.080997,44.017027],[11.080796,44.016957],[11.080552,44.016782],[11.080439,44.016744],[11.080364,44.016661],[11.080198,44.016569],[11.080106,44.016488],[11.08007,44.016341],[11.079987,44.016255],[11.079932,44.016101],[11.079808,44.015862],[11.079859,44.01574],[11.079729,44.015621],[11.079676,44.015408],[11.079569,44.015257],[11.079345,44.015158],[11.078968,44.015114],[11.078844,44.015018],[11.07865,44.014957],[11.078213,44.014979],[11.078101,44.014998],[11.078046,44.015049],[11.077908,44.015124],[11.077489,44.01518],[11.077233,44.015308],[11.076921,44.01534],[11.07675,44.015294],[11.07596,44.015483],[11.075819,44.01548],[11.075525,44.015663],[11.075442,44.01566],[11.075452,44.015685],[11.075197,44.015875],[11.075042,44.0159],[11.074856,44.015892],[11.074647,44.015983],[11.074442,44.016],[11.073953,44.016247],[11.073724,44.0162],[11.073447,44.01622],[11.073079,44.016348],[11.072914,44.016474],[11.072797,44.016525],[11.072594,44.016578],[11.072385,44.016583],[11.072228,44.016548],[11.072228,44.016581],[11.072274,44.016653],[11.072249,44.016707],[11.072259,44.016758],[11.072294,44.016804],[11.072324,44.016897],[11.072547,44.017223],[11.07264,44.017683],[11.072645,44.01781],[11.072645,44.018107],[11.072803,44.018102],[11.072663,44.019012],[11.072523,44.019047],[11.072441,44.019038],[11.072457,44.02031],[11.072901,44.020396],[11.072904,44.020499],[11.072873,44.020598],[11.073008,44.020879],[11.073003,44.020986],[11.073073,44.02117],[11.0732,44.021246],[11.07335,44.021269],[11.073714,44.021506],[11.07412,44.021727],[11.074276,44.021997],[11.074359,44.022057],[11.074113,44.022153],[11.073945,44.022191],[11.073825,44.022251],[11.073778,44.022296],[11.073552,44.02236],[11.073538,44.022366],[11.073553,44.02236],[11.073588,44.022409],[11.07358,44.02308],[11.073654,44.023671],[11.073756,44.023839],[11.073904,44.024202],[11.07382,44.024317],[11.073944,44.024707],[11.074058,44.024884],[11.074098,44.025024],[11.074103,44.025208],[11.074193,44.025386],[11.074192,44.025585],[11.074332,44.025791],[11.074828,44.026051],[11.075004,44.026176],[11.075162,44.026358],[11.075314,44.026579],[11.075362,44.026581],[11.075314,44.026618],[11.075238,44.026642],[11.07494,44.026686],[11.074721,44.02674],[11.074291,44.026907],[11.074108,44.026952],[11.074038,44.027021],[11.07405,44.027036],[11.07407,44.027204],[11.074019,44.027246],[11.07387,44.027319],[11.074065,44.027589],[11.074326,44.028033],[11.074406,44.028224],[11.07463,44.028337],[11.074669,44.028368],[11.074746,44.028516],[11.074872,44.028595],[11.074998,44.028635],[11.075107,44.028696],[11.075252,44.028749],[11.075459,44.028916],[11.075771,44.029041],[11.075897,44.028961],[11.076028,44.028921],[11.076342,44.028863],[11.076435,44.028829],[11.076882,44.028767],[11.076938,44.028776],[11.077066,44.028894],[11.077234,44.029011],[11.077235,44.029009],[11.077253,44.029024],[11.077793,44.028996],[11.078114,44.028909],[11.078311,44.028817],[11.078456,44.02877],[11.0787,44.028748],[11.078979,44.028773],[11.079249,44.02875],[11.079561,44.028895],[11.079617,44.029049],[11.079734,44.029082],[11.079801,44.029058],[11.080034,44.029052],[11.080202,44.028975],[11.08066,44.028943],[11.080902,44.028962],[11.080988,44.028984],[11.081075,44.028966],[11.081495,44.029062],[11.081686,44.029021],[11.081854,44.028878],[11.082181,44.028794],[11.082449,44.028804],[11.08268,44.028791],[11.083017,44.028746],[11.083241,44.028691],[11.083574,44.028732],[11.083986,44.02864],[11.084041,44.028658],[11.084063,44.028847],[11.084193,44.028827],[11.084377,44.028774],[11.084532,44.028769],[11.084739,44.028735],[11.084777,44.028712],[11.08531,44.028623],[11.085452,44.028639],[11.085633,44.028637],[11.086098,44.028724],[11.086235,44.028731],[11.086424,44.028722],[11.086507,44.028705],[11.086597,44.028661],[11.087056,44.028593],[11.087057,44.028618],[11.086814,44.028655],[11.086619,44.029452],[11.086754,44.029518],[11.086904,44.02955],[11.086951,44.029531],[11.08706,44.029523],[11.087101,44.029548],[11.086938,44.029615],[11.086835,44.029634],[11.086645,44.029722],[11.086599,44.02977],[11.086492,44.029652],[11.086398,44.029613],[11.086312,44.029637],[11.086231,44.029678],[11.08606,44.029866],[11.086106,44.030057],[11.086056,44.030115],[11.085816,44.030067],[11.08581,44.03009],[11.086146,44.030167],[11.086109,44.030267],[11.086073,44.030592],[11.086074,44.030907],[11.086297,44.030934],[11.086278,44.030968],[11.086385,44.031045],[11.086765,44.031221],[11.086666,44.031508],[11.08663,44.031529],[11.086631,44.031562],[11.086583,44.031607],[11.086524,44.031632],[11.086892,44.031827],[11.087014,44.031839],[11.087024,44.031883],[11.086961,44.032027],[11.087031,44.032043],[11.087073,44.032091],[11.08707,44.032137],[11.087107,44.032173],[11.087207,44.032204],[11.087427,44.031649],[11.087553,44.031437],[11.08765,44.031518],[11.087811,44.031601],[11.087907,44.031677],[11.088041,44.031661],[11.088387,44.031528],[11.088592,44.031264],[11.088756,44.031362],[11.088754,44.03138],[11.088949,44.031532],[11.089006,44.03164],[11.089521,44.031718],[11.089515,44.031779],[11.089711,44.031816],[11.089808,44.031743],[11.090028,44.031807],[11.090216,44.031759],[11.090746,44.031736],[11.090704,44.031905],[11.09062,44.032057],[11.090509,44.032101],[11.09025,44.032248],[11.090236,44.032303],[11.090328,44.032401],[11.090379,44.032398],[11.09058,44.032239],[11.090701,44.0322],[11.090848,44.032175],[11.090959,44.032219],[11.091133,44.032221],[11.091209,44.032135],[11.091797,44.031926],[11.092015,44.031824],[11.092087,44.031816],[11.092589,44.032132],[11.092211,44.03223],[11.092495,44.032483],[11.092486,44.032494],[11.092764,44.032666],[11.093094,44.032784],[11.093199,44.032894],[11.093366,44.032982],[11.093688,44.033315],[11.093882,44.033377],[11.093735,44.033576],[11.093882,44.033377],[11.093913,44.033264],[11.094036,44.033171],[11.09426,44.033084],[11.094587,44.033076],[11.094746,44.032987],[11.094823,44.03282],[11.09491,44.032765],[11.095161,44.032724],[11.09535,44.032669],[11.095403,44.032681],[11.095467,44.032756],[11.095566,44.032811],[11.095688,44.032833],[11.095821,44.032805],[11.096192,44.032767],[11.096398,44.032667],[11.096448,44.032612],[11.096444,44.032553],[11.09658,44.032463],[11.096743,44.032262],[11.096878,44.03222],[11.097023,44.032256],[11.097227,44.032273],[11.097803,44.032073],[11.098053,44.032033],[11.098235,44.03203],[11.098538,44.031928],[11.098767,44.031826],[11.09907,44.031719],[11.099193,44.031686],[11.099399,44.031667],[11.099535,44.031677],[11.099705,44.031585],[11.09993,44.031392],[11.10016,44.031306],[11.100453,44.031284],[11.100737,44.031189],[11.101643,44.030935],[11.101721,44.030947],[11.101936,44.031089],[11.102305,44.03129],[11.102595,44.031321],[11.102821,44.031286],[11.10312,44.031129],[11.103443,44.030867],[11.103584,44.030682],[11.103746,44.030653],[11.103784,44.030683],[11.104279,44.030687],[11.104404,44.030669],[11.104555,44.030621],[11.104901,44.030464],[11.105354,44.030036],[11.105472,44.029996],[11.105629,44.030006],[11.106112,44.030197],[11.106292,44.030234],[11.106585,44.030226],[11.106953,44.030168],[11.107276,44.03006],[11.107465,44.029985],[11.107927,44.029674],[11.10806,44.029633],[11.108197,44.029626],[11.108266,44.029673],[11.108597,44.030006],[11.108678,44.030044],[11.109034,44.030045],[11.109129,44.030058],[11.109508,44.029943],[11.109593,44.02994],[11.109793,44.02988],[11.109998,44.029751],[11.11018,44.029682],[11.110294,44.029726],[11.110729,44.029814],[11.111011,44.029931],[11.111527,44.030041],[11.111997,44.030204],[11.112085,44.030319],[11.112248,44.030426],[11.112483,44.030543],[11.112582,44.030545],[11.112568,44.030606],[11.112449,44.030758],[11.112398,44.030923],[11.112323,44.031044],[11.112309,44.031209],[11.112204,44.03135],[11.112208,44.031391],[11.112322,44.031518],[11.112368,44.031625],[11.1124,44.031819],[11.112235,44.032048],[11.112181,44.032072],[11.112104,44.032141],[11.112006,44.032305],[11.112003,44.032531],[11.112133,44.0327],[11.112389,44.032848],[11.112412,44.032946],[11.112376,44.032987],[11.112358,44.03307],[11.112367,44.033177],[11.112323,44.033276],[11.112192,44.033348],[11.112164,44.033472],[11.112228,44.033615],[11.112152,44.033695],[11.112082,44.033842],[11.112087,44.0339],[11.1122,44.033961],[11.112205,44.034064],[11.112249,44.034137],[11.112264,44.034359],[11.112229,44.034407],[11.112347,44.034498],[11.112267,44.034673],[11.112262,44.034803],[11.112279,44.034828],[11.112386,44.03487],[11.112554,44.035055],[11.112555,44.035091],[11.112493,44.035195],[11.11238,44.035254],[11.112333,44.035314],[11.112316,44.035391],[11.112253,44.035507],[11.112271,44.035554],[11.11225,44.035589],[11.112316,44.035809],[11.112307,44.035902],[11.112372,44.035985],[11.112482,44.036071],[11.112527,44.036345],[11.112575,44.036385],[11.112529,44.036543],[11.112526,44.036626],[11.112486,44.036703],[11.112462,44.036908],[11.112456,44.037057],[11.112489,44.037151],[11.112459,44.037376],[11.112528,44.037492],[11.112562,44.037597],[11.112683,44.037797],[11.112951,44.038045],[11.112997,44.038142],[11.113167,44.038276],[11.113234,44.03836],[11.113388,44.038418],[11.113414,44.038382],[11.113395,44.038174],[11.113337,44.037982],[11.113341,44.037929],[11.113376,44.03789],[11.113419,44.037874],[11.113656,44.037898],[11.113983,44.038041],[11.114024,44.038046],[11.114414,44.037993],[11.115123,44.037784],[11.115162,44.037749],[11.115179,44.037701],[11.115183,44.037418],[11.115128,44.037316],[11.115157,44.037158],[11.115644,44.037052],[11.115887,44.037139],[11.116228,44.036884],[11.116458,44.036804],[11.116901,44.036566],[11.117215,44.03642],[11.117405,44.036294],[11.117494,44.036197],[11.11789,44.036119],[11.117936,44.036093],[11.117926,44.036077],[11.117978,44.036051],[11.11878,44.035769],[11.118773,44.035737],[11.11914,44.03562],[11.119317,44.035542],[11.119486,44.035552],[11.119715,44.035533],[11.120026,44.035571],[11.120167,44.035547],[11.120295,44.03578],[11.121002,44.035642],[11.121288,44.035523],[11.121463,44.035361],[11.121782,44.035288],[11.121961,44.035477],[11.122532,44.035271],[11.123176,44.035135],[11.122734,44.034784],[11.122445,44.0346],[11.123446,44.034424],[11.123704,44.034396],[11.123725,44.034652],[11.123886,44.034554],[11.124741,44.034245],[11.125042,44.034093],[11.125274,44.034073],[11.125257,44.034144],[11.12551,44.034634],[11.1257,44.035116],[11.126137,44.035375],[11.127202,44.035786],[11.126952,44.036431],[11.127069,44.036532],[11.127441,44.036636],[11.127654,44.036815],[11.12771,44.03707],[11.127821,44.037271],[11.127872,44.037431],[11.128007,44.037639],[11.128215,44.03772],[11.128586,44.037717],[11.128848,44.03767],[11.129166,44.037771],[11.129587,44.037973],[11.129863,44.038124],[11.13073,44.038442],[11.130894,44.03852],[11.132448,44.039103],[11.132542,44.039175],[11.132782,44.039248],[11.133175,44.039433],[11.133617,44.039709],[11.133749,44.039819],[11.133721,44.039928],[11.133666,44.039988],[11.133496,44.040102],[11.133412,44.040245],[11.133069,44.040088],[11.132889,44.039967],[11.132569,44.040055],[11.132316,44.040185],[11.132162,44.040472],[11.132177,44.040619],[11.132346,44.040734],[11.132368,44.040807],[11.132234,44.040893],[11.1316,44.041064],[11.131082,44.041151],[11.130927,44.041129],[11.130709,44.041012],[11.130585,44.041037],[11.13049,44.041126],[11.130454,44.04132],[11.130429,44.041665],[11.130346,44.041788],[11.130122,44.041963],[11.130026,44.042152],[11.129713,44.042359],[11.129561,44.04244],[11.129245,44.042532],[11.128499,44.042491],[11.128098,44.042519],[11.127915,44.042546],[11.127705,44.042681],[11.12736,44.042942],[11.126929,44.042879],[11.126342,44.04319],[11.125917,44.043086],[11.125095,44.043131],[11.124799,44.043061],[11.12433,44.04303],[11.124022,44.042976],[11.123705,44.043104],[11.123615,44.043168],[11.123563,44.0434],[11.123592,44.043795],[11.123546,44.043871],[11.12306,44.044065],[11.122749,44.044071],[11.122646,44.04405],[11.122594,44.043988],[11.122559,44.043832],[11.122567,44.043383],[11.122613,44.043343],[11.122439,44.04316],[11.121853,44.043031],[11.121702,44.043041],[11.121063,44.043248],[11.120667,44.043353],[11.120579,44.04337],[11.120013,44.04339],[11.119232,44.043609],[11.118949,44.043657],[11.11887,44.043691],[11.118885,44.043733],[11.118876,44.043875],[11.118784,44.044019],[11.118523,44.044199],[11.11818,44.044306],[11.117472,44.044734],[11.116557,44.044838],[11.116219,44.044665],[11.116123,44.044646],[11.116054,44.044665],[11.115642,44.044857],[11.11523,44.044967],[11.114373,44.045087],[11.114168,44.045194],[11.113768,44.045277],[11.113201,44.04559],[11.113097,44.045948],[11.113003,44.046143],[11.112879,44.046245],[11.112239,44.046238],[11.111984,44.046146],[11.111701,44.045901],[11.111549,44.045898],[11.111339,44.045988],[11.111223,44.046012],[11.110913,44.04621],[11.110673,44.046421],[11.109962,44.046969],[11.109777,44.04718],[11.109418,44.047694],[11.108957,44.048178],[11.108714,44.04858],[11.108616,44.048876],[11.108486,44.049007],[11.108172,44.049157],[11.108042,44.04928],[11.107985,44.049522],[11.108094,44.049861],[11.108025,44.05001],[11.107902,44.050084],[11.107257,44.050385],[11.107272,44.05061],[11.107489,44.050927],[11.107677,44.051129],[11.107709,44.051355],[11.10761,44.051556],[11.107152,44.051839],[11.106757,44.052017],[11.106617,44.052147],[11.106693,44.052413],[11.10681,44.05266],[11.106873,44.052908],[11.106759,44.053058],[11.106557,44.053177],[11.106133,44.053245],[11.105836,44.053195],[11.105652,44.053249],[11.105517,44.05337],[11.105557,44.053486],[11.106068,44.053663],[11.106063,44.053856],[11.105991,44.054026],[11.105956,44.054255],[11.106254,44.054398],[11.106531,44.05457],[11.106283,44.05526],[11.10643,44.055415],[11.106639,44.055499],[11.107482,44.055453],[11.108091,44.055756],[11.108272,44.055915],[11.108232,44.056131],[11.108004,44.056496],[11.107961,44.056736],[11.108323,44.057084],[11.108846,44.057436],[11.109687,44.05754],[11.109839,44.057766],[11.109405,44.05838],[11.109461,44.058635],[11.109713,44.058811],[11.110255,44.059071],[11.110844,44.059642],[11.111179,44.059886],[11.111414,44.060267],[11.111393,44.060497],[11.110982,44.060891],[11.110946,44.06102],[11.111031,44.061112],[11.112499,44.061576],[11.112539,44.061671],[11.112422,44.061912],[11.112369,44.062069],[11.112498,44.062246],[11.112543,44.062393],[11.112559,44.062554],[11.112154,44.062799],[11.112108,44.062985],[11.112282,44.063136],[11.11265,44.063179],[11.112766,44.063366],[11.1127,44.063665],[11.112373,44.064001],[11.112189,44.06409],[11.11201,44.064041],[11.111544,44.063749],[11.111196,44.063721],[11.110871,44.063806],[11.110742,44.064466],[11.110596,44.064596],[11.110251,44.064732],[11.109844,44.06503],[11.109339,44.065227],[11.109044,44.065441],[11.108773,44.065593],[11.108613,44.065653],[11.108474,44.065743],[11.108057,44.065874],[11.107461,44.066187],[11.107316,44.066451],[11.107279,44.066753],[11.107524,44.06721],[11.107539,44.067281],[11.107345,44.067569],[11.107288,44.067709],[11.107299,44.067755],[11.107477,44.067785],[11.107899,44.068023],[11.108064,44.068269],[11.108239,44.068431],[11.108302,44.068467],[11.108338,44.068541],[11.108312,44.068624],[11.108198,44.068744],[11.107588,44.069049],[11.107494,44.069192],[11.107452,44.069872],[11.107362,44.070031],[11.107158,44.070144],[11.106604,44.07018],[11.106457,44.070166],[11.106401,44.070133],[11.105852,44.070019],[11.105476,44.069869],[11.10507,44.069918],[11.104481,44.070116],[11.103934,44.070703],[11.103816,44.070794],[11.103816,44.07081],[11.104137,44.070833],[11.104323,44.070964],[11.104287,44.071076],[11.103943,44.071365],[11.103716,44.071817],[11.104,44.072164],[11.104056,44.072762],[11.104204,44.072969],[11.104233,44.07333],[11.104178,44.073405],[11.103963,44.073406],[11.10376,44.073482],[11.103658,44.073619],[11.103373,44.07378],[11.103348,44.07389],[11.103184,44.073982],[11.103316,44.074094],[11.103439,44.074229],[11.103472,44.074617],[11.103207,44.074831],[11.102689,44.074998],[11.10267,44.075233],[11.102708,44.075391],[11.102404,44.075469],[11.102708,44.075391],[11.102751,44.075469],[11.102849,44.075581],[11.103094,44.075735],[11.103151,44.075869],[11.103115,44.076207],[11.103141,44.076463],[11.103333,44.076691],[11.103347,44.076753],[11.103314,44.076814],[11.103037,44.077147],[11.103032,44.07721],[11.103247,44.077736],[11.103407,44.077808],[11.103746,44.077868],[11.104,44.078026],[11.104043,44.078116],[11.104123,44.078207],[11.104383,44.078763],[11.104426,44.078993],[11.104419,44.079332],[11.104552,44.079736],[11.104575,44.079908],[11.10465,44.080062],[11.104556,44.080485],[11.104377,44.080782],[11.104342,44.081148],[11.104387,44.081339],[11.104444,44.081406],[11.104306,44.08158],[11.104265,44.081683],[11.104285,44.081825],[11.104362,44.081948],[11.104291,44.082078],[11.104326,44.082251],[11.104384,44.082366],[11.104491,44.082411],[11.104573,44.082528],[11.104496,44.082762],[11.104488,44.083116],[11.104146,44.08337],[11.103789,44.083373],[11.103302,44.083514],[11.103185,44.083582],[11.102997,44.083753],[11.102905,44.084414],[11.103018,44.084653],[11.103093,44.084889],[11.103037,44.085084],[11.102887,44.085123],[11.102674,44.085274],[11.102352,44.085387],[11.102261,44.085605],[11.102016,44.085711],[11.101829,44.085827],[11.101628,44.085813],[11.101528,44.085834],[11.101311,44.085972],[11.101067,44.08642],[11.100877,44.087044],[11.100406,44.087288],[11.100129,44.08741],[11.100111,44.087434],[11.100074,44.08774],[11.099971,44.088135],[11.09984,44.088487],[11.099506,44.088648],[11.099176,44.088865],[11.099079,44.089052],[11.098487,44.089222],[11.098192,44.089268],[11.097492,44.089501],[11.097344,44.089649],[11.097025,44.089796],[11.096652,44.090084],[11.09649,44.09018],[11.09625,44.090264],[11.096132,44.090202],[11.095124,44.090709],[11.094947,44.091019],[11.094788,44.091253],[11.094537,44.09143],[11.093806,44.091661],[11.093605,44.091704],[11.092955,44.091802],[11.092554,44.092145],[11.092173,44.091652],[11.091269,44.091273],[11.091081,44.090752],[11.089871,44.089854],[11.090784,44.089536],[11.08987,44.089854],[11.089854,44.089826],[11.089686,44.089708],[11.087738,44.089931],[11.085446,44.089915],[11.08324,44.089869],[11.082177,44.08925],[11.078928,44.090641],[11.078926,44.09062],[11.076805,44.091501],[11.07504,44.092211],[11.073621,44.092151],[11.072785,44.092115],[11.072322,44.09209],[11.070351,44.091933],[11.064418,44.091562],[11.059712,44.091232],[11.058727,44.091165],[11.055492,44.090987],[11.054317,44.090839],[11.053902,44.091602],[11.053708,44.091579],[11.053587,44.091458],[11.053293,44.091341],[11.053027,44.091355],[11.052727,44.091424],[11.052343,44.091358],[11.052212,44.091272],[11.052184,44.091087],[11.052102,44.091058],[11.051682,44.091035],[11.051382,44.091062],[11.051214,44.091028],[11.050816,44.090805],[11.050441,44.090724],[11.050138,44.09075],[11.049762,44.090591],[11.049759,44.09052],[11.049986,44.090281],[11.05013,44.090189],[11.050312,44.089816],[11.050347,44.089456],[11.050207,44.088487],[11.049978,44.087941],[11.049997,44.08787],[11.049703,44.087561],[11.048987,44.087111],[11.048671,44.08676],[11.048206,44.086365],[11.047025,44.085696],[11.046986,44.085643],[11.046937,44.085564],[11.047112,44.083822],[11.046958,44.083547],[11.047088,44.083221],[11.047381,44.08295],[11.047794,44.082612],[11.048109,44.082312],[11.048919,44.081979],[11.050016,44.08168],[11.050294,44.081467],[11.050414,44.081172],[11.050334,44.08069],[11.050166,44.080244],[11.049807,44.079722],[11.04974,44.079304],[11.049623,44.079161],[11.049746,44.078693],[11.050278,44.078215],[11.050694,44.077951],[11.051404,44.077832],[11.052632,44.077722],[11.052848,44.077648],[11.053028,44.077537],[11.05319,44.077388],[11.053326,44.077103],[11.053353,44.077043],[11.053365,44.076875],[11.053238,44.076472],[11.053083,44.076233],[11.052673,44.075956],[11.052532,44.075869],[11.052381,44.075802],[11.052114,44.075563],[11.051915,44.075335],[11.051668,44.075143],[11.051601,44.07504],[11.051544,44.074752],[11.051564,44.074639],[11.051678,44.074378],[11.051699,44.074088],[11.051965,44.073835],[11.052046,44.073756],[11.052596,44.073557],[11.052761,44.07346],[11.053027,44.073355],[11.053184,44.073273],[11.053879,44.072783],[11.054178,44.072466],[11.054578,44.072546],[11.054181,44.072462],[11.054349,44.072265],[11.054494,44.07187],[11.054542,44.071479],[11.054486,44.071022],[11.054266,44.070459],[11.054196,44.07033],[11.053501,44.069875],[11.053056,44.069607],[11.052495,44.069353],[11.052508,44.069322],[11.052375,44.069178],[11.052356,44.069076],[11.053013,44.068654],[11.05301,44.068467],[11.052874,44.068315],[11.05223,44.068042],[11.05195,44.067891],[11.051518,44.067541],[11.05145,44.067214],[11.051494,44.066888],[11.051612,44.066547],[11.051748,44.065991],[11.05162,44.065282],[11.051306,44.064832],[11.051123,44.064646],[11.050851,44.064508],[11.050717,44.064396],[11.05013,44.064056],[11.049894,44.063718],[11.049882,44.063138],[11.050117,44.062377],[11.05021,44.062203],[11.050273,44.062012],[11.050335,44.061681],[11.050201,44.061418],[11.049814,44.061313],[11.049285,44.06128],[11.049024,44.061129],[11.048854,44.060831],[11.049181,44.06011],[11.049574,44.059424],[11.049585,44.059103],[11.049368,44.058675],[11.048986,44.058403],[11.048681,44.057935],[11.048663,44.057341],[11.048521,44.057225],[11.048397,44.057179],[11.047785,44.057038],[11.047187,44.05698],[11.04699,44.056892],[11.046875,44.056654],[11.047021,44.056364],[11.047137,44.056293],[11.047039,44.056126],[11.046641,44.056031],[11.046286,44.055985],[11.045879,44.056001],[11.045684,44.055822],[11.04576,44.055476],[11.045765,44.055111],[11.045674,44.054776],[11.044813,44.054658],[11.044559,44.054591],[11.044287,44.054413],[11.04427,44.054198],[11.044497,44.053981],[11.044771,44.053834],[11.044771,44.053834],[11.045204,44.053641],[11.045867,44.053181],[11.046249,44.052581],[11.046288,44.052319],[11.045364,44.051909],[11.045199,44.051802],[11.045159,44.051738],[11.045226,44.051213],[11.044905,44.050818],[11.043825,44.050617],[11.0435,44.050194],[11.043512,44.049875],[11.043909,44.04908],[11.043818,44.048943],[11.043723,44.048873],[11.043567,44.048805],[11.0434,44.048769],[11.042572,44.048643],[11.042203,44.048487],[11.04192,44.048304],[11.041712,44.047973],[11.041836,44.047588],[11.041722,44.047336],[11.041208,44.046814],[11.041,44.046675],[11.040705,44.046389],[11.04041,44.04556],[11.04004,44.045038],[11.040047,44.044407],[11.039954,44.043774],[11.039784,44.043517],[11.03961,44.04336],[11.039224,44.043104],[11.038684,44.042848],[11.038928,44.042375],[11.038945,44.041989],[11.038854,44.041798],[11.038374,44.041604],[11.037754,44.041506],[11.03737,44.041337],[11.037334,44.041288],[11.037241,44.041132],[11.037244,44.041023],[11.037164,44.040909],[11.036529,44.040213],[11.036314,44.039868],[11.036188,44.039121],[11.035979,44.038772],[11.036183,44.038471],[11.036837,44.037928],[11.037052,44.037859],[11.037265,44.037604],[11.037595,44.036976],[11.037566,44.036665],[11.038257,44.036276],[11.038893,44.035677],[11.039141,44.035211],[11.03953,44.034848],[11.040371,44.034362],[11.040469,44.034213],[11.040424,44.033719],[11.040269,44.033415],[11.03965,44.032551],[11.039599,44.032338],[11.039599,44.032338],[11.039672,44.031919],[11.039602,44.031842],[11.039166,44.031522],[11.039038,44.03138],[11.038945,44.031192],[11.038818,44.030598],[11.038658,44.030372],[11.038505,44.029777],[11.038462,44.029443],[11.038287,44.029148],[11.038253,44.028464],[11.038147,44.028269],[11.037993,44.028042],[11.037908,44.027862],[11.037774,44.027727],[11.037282,44.027499],[11.037123,44.027394],[11.036956,44.027084],[11.036797,44.026947],[11.036446,44.026804],[11.036348,44.0267],[11.036235,44.026293],[11.036217,44.026099],[11.036084,44.025912],[11.035712,44.025182],[11.035284,44.024914],[11.034806,44.02467],[11.03479,44.024655],[11.034678,44.024485],[11.034548,44.024147],[11.034488,44.024055],[11.033875,44.023375],[11.033854,44.02337],[11.033753,44.023178],[11.033731,44.02286],[11.033801,44.022205],[11.033352,44.022026],[11.033234,44.021909],[11.033193,44.021758],[11.033231,44.021594],[11.033503,44.020996],[11.033543,44.020675],[11.033229,44.020534],[11.032873,44.020517],[11.032681,44.020524],[11.032681,44.020524],[11.032028,44.020692],[11.031926,44.020786],[11.031804,44.020817],[11.031699,44.020813],[11.031623,44.020772],[11.031501,44.020639],[11.031321,44.020156],[11.031162,44.019958],[11.030727,44.019608],[11.030535,44.019379],[11.030487,44.019232],[11.030116,44.018717],[11.030064,44.018545],[11.030072,44.018214],[11.03003,44.017776],[11.029841,44.017362],[11.029826,44.017175],[11.029766,44.016901],[11.029632,44.016772],[11.029057,44.016749],[11.028864,44.016653],[11.028521,44.016343],[11.028015,44.015978],[11.027625,44.015792],[11.027362,44.015711],[11.027167,44.015603],[11.026873,44.015301],[11.026708,44.015029],[11.026238,44.014497],[11.026247,44.014416],[11.026451,44.01427],[11.026513,44.014145],[11.026484,44.014033],[11.026148,44.013775],[11.025962,44.013488],[11.025792,44.013364],[11.025243,44.013177],[11.024795,44.013082],[11.024685,44.012937],[11.024806,44.012686],[11.024869,44.012481],[11.024867,44.012221],[11.024723,44.012016],[11.024595,44.011876],[11.024713,44.011433],[11.024599,44.011282],[11.024286,44.011146],[11.024079,44.011102],[11.023914,44.011104],[11.023746,44.011058],[11.023401,44.010823],[11.022702,44.010414],[11.022519,44.01015],[11.022262,44.00989],[11.022121,44.009554],[11.021882,44.009375],[11.021707,44.009305],[11.021455,44.009],[11.021382,44.008355],[11.021229,44.008173],[11.020922,44.007957],[11.020751,44.00786],[11.020536,44.007687],[11.020465,44.007562],[11.02009,44.007426],[11.020009,44.007325],[11.019892,44.007099],[11.019851,44.006981],[11.019839,44.00683],[11.019859,44.00683],[11.019838,44.00683],[11.019883,44.006627],[11.019845,44.006554],[11.019687,44.006524],[11.019518,44.006567],[11.019218,44.006602],[11.018687,44.006529],[11.018486,44.006554],[11.018278,44.006607],[11.017812,44.006915],[11.017577,44.006909],[11.017357,44.006925],[11.017183,44.006767],[11.016758,44.006723],[11.016567,44.007148],[11.016221,44.007173],[11.015935,44.007039],[11.015707,44.00689],[11.014954,44.006809],[11.014596,44.006981],[11.01446,44.007077],[11.014334,44.007141],[11.013481,44.007184],[11.013195,44.007175],[11.012759,44.007237],[11.012517,44.007205],[11.012343,44.007149],[11.012264,44.007088],[11.012219,44.007019],[11.012192,44.006922],[11.012289,44.006514],[11.012216,44.006311],[11.011988,44.006055],[11.011791,44.005746],[11.011756,44.005666],[11.011768,44.005518],[11.011711,44.005272],[11.011719,44.005129],[11.011667,44.00501],[11.011427,44.004833],[11.011382,44.004733],[11.011394,44.004484],[11.011191,44.004284],[11.011172,44.004219],[11.011407,44.00365],[11.011507,44.003511],[11.011727,44.003352],[11.011735,44.003272],[11.011589,44.003105],[11.011568,44.003019],[11.011612,44.002904],[11.011686,44.002862],[11.011958,44.002809],[11.012081,44.002668],[11.012155,44.002545],[11.01217,44.002276],[11.0124,44.002007],[11.012421,44.001773],[11.012442,44.001731],[11.013014,44.001552],[11.013014,44.001434],[11.012878,44.001308],[11.012768,44.00091],[11.012887,44.00066],[11.012991,44.000594],[11.013028,44.000519],[11.01311,44.000473],[11.013184,44.000286],[11.013433,44.000144],[11.013632,44.000107],[11.013722,44.000129],[11.013753,44.000109],[11.013772,44.000011],[11.013828,43.999976],[11.013941,43.999975],[11.014042,43.999907],[11.014145,43.999802],[11.014237,43.999629],[11.014252,43.999517],[11.014328,43.99944],[11.014467,43.999329],[11.01462,43.999303],[11.014681,43.99927],[11.014707,43.999184],[11.014689,43.999104],[11.014731,43.998982],[11.014832,43.998907],[11.015239,43.99884],[11.015237,43.998782],[11.015189,43.998716],[11.015188,43.99863],[11.015271,43.998586],[11.015234,43.998535],[11.015356,43.998486],[11.015371,43.998465],[11.015277,43.998372],[11.014984,43.997828],[11.014926,43.997521],[11.014893,43.997163],[11.014651,43.996682],[11.014577,43.99659],[11.014425,43.9963],[11.014292,43.995904],[11.014306,43.995854],[11.014348,43.995812],[11.014441,43.995639],[11.014548,43.995573],[11.014892,43.995529],[11.015354,43.995503],[11.015487,43.995538],[11.015589,43.995569],[11.015925,43.995831],[11.01615,43.995954],[11.016601,43.996248],[11.017203,43.996322],[11.017421,43.996419],[11.017639,43.996466],[11.01784,43.996491],[11.01795,43.996524],[11.018049,43.996612],[11.018366,43.997088],[11.018416,43.997232],[11.018534,43.997464],[11.018588,43.997678],[11.018647,43.997792],[11.018719,43.997822],[11.019165,43.997882],[11.019159,43.997901],[11.019165,43.997882],[11.019415,43.997895],[11.019747,43.997945],[11.020709,43.998148],[11.020882,43.998134],[11.021119,43.998064],[11.021366,43.997949],[11.021485,43.997859],[11.021768,43.997721],[11.021896,43.997682],[11.021947,43.997688],[11.022078,43.997665],[11.022852,43.997727],[11.023215,43.997707],[11.023861,43.997414],[11.023947,43.997284],[11.024035,43.997219],[11.024152,43.997171],[11.024338,43.997133],[11.024573,43.997055],[11.024613,43.997077],[11.02473,43.997202],[11.024923,43.997221],[11.025093,43.997201],[11.025516,43.997217],[11.026103,43.997406],[11.026508,43.997589],[11.027153,43.997694],[11.02736,43.997701],[11.027791,43.997788],[11.028432,43.998023],[11.028632,43.998116],[11.029245,43.998182],[11.029897,43.998307],[11.030271,43.998508],[11.030455,43.99859],[11.030765,43.998668],[11.031008,43.998757],[11.031382,43.998838],[11.031497,43.998876],[11.032008,43.998902],[11.032087,43.998931],[11.032126,43.998984],[11.032209,43.999017],[11.032401,43.998967],[11.032608,43.998957],[11.032706,43.998967],[11.032914,43.998946],[11.033024,43.998958],[11.033308,43.99889],[11.03354,43.998894],[11.034044,43.999026],[11.034202,43.999022],[11.034699,43.999084],[11.035126,43.999178],[11.035126,43.999178],[11.035414,43.999229],[11.035712,43.999138],[11.036306,43.998742],[11.036917,43.998585],[11.037646,43.998461],[11.037778,43.998421],[11.03784,43.998313],[11.037776,43.998131],[11.037793,43.997734],[11.037885,43.997453],[11.038033,43.997219],[11.038211,43.997015],[11.03872,43.996505],[11.0388,43.996469],[11.038873,43.996407],[11.040093,43.995857],[11.040459,43.995773],[11.040779,43.995669],[11.041038,43.995623],[11.041618,43.995644],[11.04181,43.995601],[11.042157,43.995443],[11.042177,43.995455],[11.042384,43.995419],[11.04253,43.995365],[11.042795,43.994905],[11.043403,43.994615],[11.04405,43.994508],[11.044835,43.994492],[11.045025,43.994445],[11.04571,43.994143],[11.046443,43.993774],[11.047479,43.993469],[11.048075,43.993359],[11.048445,43.993361],[11.048868,43.993276],[11.049091,43.993182],[11.049451,43.992885],[11.050107,43.992674],[11.050568,43.992632],[11.050996,43.992511],[11.051353,43.99233],[11.051425,43.992265],[11.051913,43.991951],[11.05249,43.991897],[11.053005,43.991956],[11.053178,43.99196],[11.053383,43.991907],[11.053765,43.991836],[11.053875,43.991833],[11.054463,43.991878],[11.054935,43.991989],[11.055508,43.992025],[11.055953,43.991918],[11.057567,43.988974],[11.05772,43.988733],[11.057816,43.988628],[11.058042,43.988241],[11.05804,43.987374],[11.057692,43.986498],[11.057701,43.986359],[11.058535,43.985313],[11.058871,43.984809],[11.058779,43.984571],[11.058685,43.984078],[11.059191,43.984069],[11.059497,43.984098],[11.059844,43.984083],[11.061287,43.984262],[11.062088,43.984419],[11.062212,43.9844],[11.062475,43.984371],[11.063035,43.984193],[11.063852,43.983958],[11.064696,43.984004],[11.065208,43.984107],[11.06553,43.984109],[11.065775,43.98406],[11.066303,43.983885],[11.066928,43.983843],[11.06726,43.983785],[11.068019,43.983532],[11.068749,43.983388],[11.069617,43.983312],[11.070274,43.983177],[11.070294,43.983203],[11.070505,43.983224],[11.071099,43.983346],[11.071497,43.982922],[11.071456,43.982899],[11.071668,43.9825],[11.071747,43.98242],[11.071725,43.982402],[11.071814,43.982252],[11.072064,43.98202],[11.072783,43.981547],[11.073089,43.981366],[11.074015,43.979994],[11.074824,43.979404],[11.075571,43.978943],[11.076274,43.978534],[11.076909,43.977996],[11.077076,43.977311],[11.07713,43.97721],[11.077123,43.977174],[11.07777,43.976368],[11.077943,43.975895],[11.077844,43.975446],[11.078735,43.97493],[11.078814,43.974897],[11.080217,43.974053],[11.081234,43.973429],[11.081525,43.971465],[11.081614,43.971307],[11.08178,43.97109],[11.081899,43.970805],[11.085745,43.971538],[11.087197,43.972149],[11.090628,43.972694],[11.093296,43.973542],[11.095403,43.974546],[11.09663,43.975136],[11.097521,43.974895],[11.097621,43.974831],[11.097852,43.974822],[11.097926,43.974842],[11.098522,43.974766],[11.098699,43.974785],[11.098703,43.974837],[11.098844,43.974897],[11.098943,43.974895],[11.099047,43.974932],[11.099123,43.974914],[11.099262,43.974916],[11.099519,43.974793],[11.099684,43.974767],[11.099873,43.974784],[11.100187,43.974708],[11.10033,43.974705],[11.100459,43.974659],[11.100618,43.97466],[11.100674,43.974682],[11.10087,43.974644],[11.101036,43.974649],[11.101175,43.974761],[11.101265,43.974775],[11.101329,43.974859],[11.101427,43.974923],[11.101524,43.974948],[11.101602,43.97502],[11.101614,43.975076],[11.101739,43.975132],[11.101765,43.975173],[11.101909,43.975201],[11.102537,43.975473],[11.10283,43.975537],[11.102913,43.975579],[11.103042,43.975586],[11.103111,43.975638],[11.103234,43.975632],[11.103384,43.975722],[11.103494,43.975724],[11.103544,43.975816],[11.103703,43.975884],[11.103789,43.976007],[11.103823,43.976023],[11.104283,43.976106],[11.104345,43.976157],[11.104396,43.976441],[11.104668,43.976755],[11.104769,43.976977],[11.105208,43.977172],[11.105444,43.977301],[11.105882,43.977352],[11.106254,43.977573],[11.106376,43.977568],[11.106513,43.977494],[11.106709,43.977501],[11.107263,43.977396],[11.107426,43.977426],[11.1076,43.977515],[11.10779,43.977562],[11.108034,43.977579],[11.108269,43.977748],[11.10842,43.977749],[11.108531,43.977828],[11.108788,43.977952],[11.108884,43.978015],[11.108909,43.978082],[11.108877,43.978082],[11.10884,43.978123],[11.108944,43.978363],[11.109104,43.978528],[11.109343,43.978689],[11.109808,43.978755],[11.109923,43.9788],[11.110257,43.978832],[11.109672,43.979193],[11.109557,43.979124],[11.109235,43.979148],[11.109033,43.979145],[11.109076,43.97933],[11.108945,43.979397],[11.108615,43.97941],[11.108515,43.979288],[11.108318,43.979365],[11.108094,43.979407],[11.10797,43.979289],[11.107711,43.97935],[11.107609,43.979361],[11.107281,43.979383],[11.107013,43.979376],[11.106933,43.979303],[11.106939,43.979213],[11.106864,43.979113],[11.106753,43.979035],[11.106662,43.978814],[11.106402,43.978667],[11.106187,43.978651],[11.105976,43.978599],[11.105777,43.978526],[11.105655,43.978427],[11.105284,43.978026],[11.105228,43.977927],[11.10524,43.977814],[11.105194,43.977761],[11.105103,43.977751],[11.10491,43.977827],[11.104859,43.977937],[11.104826,43.977966],[11.104731,43.977971],[11.104673,43.977933],[11.104449,43.977884],[11.104286,43.977915],[11.104248,43.97791],[11.10401,43.97797],[11.10384,43.977992],[11.103743,43.97798],[11.103545,43.977904],[11.103246,43.977968],[11.103009,43.978254],[11.103133,43.978383],[11.103158,43.978444],[11.103122,43.978468],[11.103086,43.978382],[11.102785,43.978057],[11.102722,43.977888],[11.102577,43.977879],[11.102281,43.97783],[11.102374,43.977725],[11.102525,43.977626],[11.102459,43.977583],[11.102669,43.977425],[11.102662,43.977417],[11.102614,43.977385],[11.102386,43.977544],[11.102135,43.977379],[11.102044,43.977461],[11.101919,43.977533],[11.101853,43.977601],[11.101723,43.977812],[11.101672,43.977945],[11.101546,43.978108],[11.101183,43.978412],[11.10106,43.978576],[11.100942,43.979012],[11.100685,43.978941],[11.100399,43.978883],[11.100377,43.978986],[11.100355,43.979016],[11.100264,43.979067],[11.100082,43.979115],[11.099385,43.979368],[11.099003,43.979314],[11.098485,43.979264],[11.098352,43.979288],[11.098204,43.979419],[11.098215,43.979488],[11.098137,43.979541],[11.098119,43.97957],[11.098082,43.979546],[11.097901,43.979605],[11.098007,43.979403],[11.097845,43.979272],[11.097724,43.979245],[11.097494,43.979241],[11.097457,43.979227],[11.097403,43.979257],[11.097361,43.979473],[11.097209,43.979352],[11.096897,43.979152],[11.096764,43.979017],[11.096614,43.978963],[11.096556,43.978984],[11.096487,43.978984],[11.096253,43.978929],[11.096151,43.978865],[11.095986,43.978638],[11.095814,43.978354],[11.095655,43.978202],[11.094866,43.979067],[11.094653,43.978833],[11.094615,43.978845],[11.094789,43.979053],[11.094624,43.979104],[11.094254,43.979176],[11.094243,43.979422],[11.09416,43.979589],[11.094915,43.979753],[11.095018,43.979797],[11.094256,43.980345],[11.094179,43.980424],[11.094125,43.980548],[11.093829,43.980619],[11.093624,43.980642],[11.093174,43.980671],[11.092947,43.98064],[11.0926,43.980758],[11.092255,43.98081],[11.092128,43.980771],[11.091716,43.980733],[11.091169,43.98061],[11.090994,43.980545],[11.09057,43.980466],[11.090439,43.980415],[11.090259,43.980384],[11.090035,43.980371],[11.089998,43.980415],[11.090046,43.980402],[11.090276,43.980419],[11.090153,43.980665],[11.090156,43.980753],[11.089933,43.980742],[11.090017,43.981007],[11.090019,43.981053],[11.089993,43.981059],[11.09,43.981103],[11.089963,43.981201],[11.090004,43.981356],[11.090109,43.981408],[11.090116,43.981408],[11.090199,43.981696],[11.090239,43.981745],[11.090291,43.981923],[11.090284,43.981978],[11.090159,43.982188],[11.090179,43.98221],[11.090481,43.982235],[11.090709,43.982364],[11.091122,43.98252],[11.091283,43.982531],[11.091525,43.982613],[11.091776,43.982649],[11.09193,43.982708],[11.092113,43.982839],[11.092273,43.98291],[11.09259,43.982989],[11.092737,43.983117],[11.092922,43.983213],[11.09299,43.983269],[11.093092,43.983606],[11.093324,43.983718],[11.093426,43.983829],[11.093743,43.984244],[11.093809,43.98448],[11.093852,43.984537],[11.093826,43.984569],[11.093563,43.984715],[11.093539,43.984701],[11.093501,43.984725],[11.093522,43.984741],[11.093431,43.984851],[11.093426,43.984884],[11.093016,43.984954],[11.092903,43.985027],[11.092805,43.985115],[11.092723,43.985271],[11.092702,43.985363],[11.092852,43.985513],[11.092864,43.985689],[11.092683,43.985854],[11.092507,43.985929],[11.092424,43.986023],[11.092338,43.986085],[11.091973,43.986237],[11.091678,43.986317],[11.091454,43.986431],[11.090926,43.986577],[11.090672,43.986693],[11.090578,43.986841],[11.090247,43.987106],[11.090271,43.987153],[11.090258,43.987305],[11.090219,43.987416],[11.09,43.987688],[11.089876,43.987785],[11.089718,43.987865],[11.089474,43.988183],[11.089205,43.98846],[11.089109,43.988624],[11.088762,43.9889],[11.088456,43.989078],[11.088729,43.989187],[11.088891,43.989207],[11.088916,43.989224],[11.089022,43.98928],[11.089262,43.989339],[11.08942,43.98935],[11.089783,43.989458],[11.089946,43.98952],[11.090072,43.989621],[11.090267,43.989729],[11.09049,43.989789],[11.090672,43.989856],[11.09102,43.989931],[11.091444,43.990059],[11.091817,43.99013],[11.092027,43.990197],[11.092415,43.990358],[11.092555,43.990453],[11.092612,43.990525],[11.092747,43.990903],[11.092801,43.990971],[11.093103,43.991164],[11.093207,43.991253],[11.093274,43.991337],[11.093332,43.991634],[11.093402,43.991667],[11.093575,43.991695],[11.093895,43.991856],[11.093768,43.991992],[11.09341,43.992304],[11.093204,43.992554],[11.093098,43.992597],[11.093035,43.992684],[11.092817,43.992879],[11.092703,43.993003],[11.092657,43.993106],[11.09256,43.993235],[11.092549,43.99327],[11.092749,43.993329],[11.093031,43.993518],[11.093056,43.99356],[11.093323,43.993659],[11.093538,43.993936],[11.093491,43.994013],[11.093481,43.994172],[11.093575,43.994374],[11.093314,43.994426],[11.093212,43.994433],[11.093139,43.99455],[11.093056,43.994609],[11.092932,43.994743],[11.092812,43.994788],[11.092793,43.99472],[11.092405,43.994981],[11.092259,43.995007],[11.092195,43.995543],[11.092108,43.995913],[11.092137,43.996089],[11.092069,43.996363],[11.092275,43.99646],[11.092501,43.996611],[11.09279,43.99674],[11.093384,43.996912],[11.094242,43.997059],[11.09381,43.997725],[11.093613,43.997994],[11.093405,43.998091],[11.093228,43.998143],[11.093046,43.998129],[11.09294,43.998103],[11.092789,43.99802],[11.092433,43.998371],[11.092501,43.998547],[11.09296,43.998686],[11.093163,43.998712],[11.093281,43.998798],[11.093334,43.998816],[11.093494,43.998869],[11.093592,43.998854],[11.093957,43.998886],[11.094243,43.998866],[11.094562,43.998864],[11.094863,43.99889],[11.095072,43.998851],[11.095192,43.998873],[11.095309,43.998927],[11.095634,43.999111],[11.095752,43.999193],[11.095756,43.999219],[11.096084,43.999103],[11.096186,43.999044],[11.09625,43.999026],[11.096224,43.999129],[11.096043,43.999409],[11.096147,43.999651],[11.096223,43.99969],[11.096464,43.99974],[11.096647,43.999749],[11.096787,43.999776],[11.096915,43.999852],[11.097111,43.999898],[11.097763,44],[11.097864,44.000048],[11.09788,44.000084],[11.097855,44.000162],[11.09761,44.000652],[11.097627,44.000717],[11.097651,44.000737],[11.098161,44.000556],[11.098369,44.00044],[11.098739,44.000365],[11.099011,44.00026],[11.099223,44.000222],[11.09954,44.0002],[11.099953,44.000059],[11.100247,44.000021],[11.100438,43.999928],[11.100594,43.999805],[11.100791,43.999556],[11.100885,43.999513],[11.100883,43.999419],[11.101,43.999351],[11.101173,43.999328],[11.101274,43.999337],[11.101296,43.999372],[11.10132,43.999371],[11.101438,43.99928],[11.101669,43.999331],[11.10177,43.999423],[11.101861,43.999439],[11.102084,43.99934],[11.10218,43.999259],[11.102307,43.999213],[11.102376,43.999115],[11.102476,43.999123],[11.102572,43.998997],[11.10271,43.998932],[11.103008,43.999002],[11.103182,43.998994],[11.103355,43.999023],[11.103665,43.999105],[11.103775,43.99916],[11.103996,43.999325],[11.104147,43.999587],[11.104433,43.999963],[11.104581,44.00003],[11.104722,44.000128],[11.10503,44.000386],[11.105325,44.000679],[11.10538,44.000674],[11.105488,44.000498],[11.105658,43.999824],[11.105673,43.999645],[11.105784,43.999464],[11.10598,43.999253],[11.106376,43.998931],[11.106469,43.998792],[11.106651,43.998442],[11.107004,43.998546],[11.1072,43.998558],[11.107711,43.998689],[11.108084,43.998922],[11.108397,43.999039],[11.10856,43.999123],[11.108825,43.9992],[11.108867,43.999248],[11.10895,43.999274],[11.109254,43.999421],[11.109374,43.999453],[11.109628,43.999619],[11.10974,43.999758],[11.109909,43.99966]]]},"properties":{"prov":"PO","comune_amm":"B626","comune_descr":"CANTAGALLO","fascia":"R","zona":"R1","zona_descr":"ZONA AGRICOLA DI ALTA COLLINA E MONTANA CON LE RELATIVE FRAZIONI MONTANE (GAVIGNO - FOSSATO - L`ACQUA - ECC)","microzona":2,"semestre":"2025/1"}},{"type":"Feature","geometry":{"type":"Polygon","coordinates":[[[11.002573,43.797579],[11.002703,43.797444],[11.003258,43.79741],[11.003352,43.797189],[11.003414,43.79723],[11.00331,43.797474],[11.003604,43.797583],[11.003871,43.797649],[11.004353,43.797619],[11.004558,43.797661],[11.004745,43.797609],[11.00492,43.797709],[11.004887,43.797759],[11.005116,43.798116],[11.005155,43.798323],[11.005134,43.798583],[11.005149,43.7986],[11.005218,43.798594],[11.005239,43.79856],[11.005387,43.798499],[11.005396,43.798449],[11.005493,43.798312],[11.005825,43.798063],[11.00595,43.798017],[11.006554,43.798275],[11.006581,43.798273],[11.006743,43.798183],[11.006814,43.798533],[11.006848,43.798532],[11.007034,43.798391],[11.007037,43.798424],[11.006474,43.798865],[11.006497,43.798884],[11.007041,43.798944],[11.007276,43.799838],[11.007298,43.799852],[11.007452,43.799867],[11.007274,43.799956],[11.007002,43.800039],[11.006553,43.800213],[11.006541,43.800235],[11.006685,43.800591],[11.006667,43.800626],[11.007042,43.801073],[11.007013,43.801119],[11.00702,43.801142],[11.008002,43.801669],[11.008143,43.801481],[11.008174,43.8015],[11.008202,43.801491],[11.008253,43.801369],[11.008323,43.800973],[11.008314,43.80076],[11.008345,43.80068],[11.008582,43.800342],[11.009059,43.800005],[11.009152,43.799903],[11.009255,43.799728],[11.009351,43.799606],[11.00957,43.799442],[11.009762,43.799338],[11.010021,43.799145],[11.010291,43.799017],[11.010958,43.798582],[11.011558,43.798091],[11.012268,43.797685],[11.012578,43.797461],[11.013628,43.796596],[11.013822,43.79641],[11.014306,43.795886],[11.01464,43.795583],[11.015256,43.795078],[11.015368,43.795072],[11.015514,43.794959],[11.015552,43.794964],[11.01565,43.794913],[11.01569,43.794921],[11.015772,43.794883],[11.015489,43.79743],[11.015216,43.797414],[11.015026,43.797353],[11.014984,43.7973],[11.014861,43.797258],[11.014645,43.797153],[11.014611,43.797157],[11.014535,43.797232],[11.014492,43.797239],[11.014436,43.797172],[11.014406,43.797164],[11.014355,43.797213],[11.014338,43.79728],[11.014304,43.797308],[11.014289,43.797449],[11.014328,43.797505],[11.01436,43.797518],[11.014387,43.797487],[11.014604,43.797505],[11.014462,43.798054],[11.014394,43.798178],[11.01432,43.798251],[11.013907,43.798567],[11.013404,43.798501],[11.012917,43.798683],[11.012833,43.798688],[11.012811,43.798707],[11.012922,43.798793],[11.013561,43.799534],[11.013946,43.799938],[11.013552,43.800384],[11.013539,43.80046],[11.013569,43.800505],[11.013448,43.800566],[11.013329,43.800595],[11.012735,43.800799],[11.012205,43.800457],[11.012048,43.800467],[11.011326,43.800606],[11.011198,43.80061],[11.010504,43.800252],[11.01047,43.800255],[11.010577,43.801484],[11.01061,43.8015],[11.010947,43.801421],[11.010959,43.801438],[11.010737,43.801491],[11.010721,43.801513],[11.010737,43.801566],[11.010407,43.801669],[11.010792,43.802338],[11.010407,43.802503],[11.010216,43.802551],[11.010057,43.802722],[11.009527,43.80305],[11.009515,43.803148],[11.009609,43.803359],[11.0096,43.803406],[11.009545,43.803447],[11.009566,43.803468],[11.009958,43.803508],[11.010025,43.803469],[11.010208,43.803567],[11.010485,43.803679],[11.010785,43.803777],[11.010815,43.803771],[11.010985,43.803596],[11.011523,43.803684],[11.011858,43.80364],[11.012329,43.803672],[11.013164,43.80353],[11.013493,43.803224],[11.013579,43.803168],[11.014708,43.80377],[11.014742,43.803767],[11.014779,43.803732],[11.014873,43.803688],[11.014939,43.80379],[11.015303,43.803862],[11.015428,43.803939],[11.01561,43.804229],[11.015628,43.804297],[11.015242,43.804459],[11.015122,43.804488],[11.015106,43.804508],[11.015464,43.805093],[11.015469,43.805168],[11.015269,43.805341],[11.015266,43.805362],[11.015613,43.805485],[11.015974,43.805375],[11.016601,43.804898],[11.017144,43.805407],[11.017139,43.805634],[11.016751,43.806141],[11.016298,43.806251],[11.016174,43.806429],[11.015902,43.80674],[11.015809,43.806811],[11.015282,43.807107],[11.015469,43.807501],[11.015438,43.807588],[11.015322,43.807746],[11.015352,43.807885],[11.015334,43.807995],[11.015507,43.808412],[11.015589,43.808537],[11.015798,43.808756],[11.015956,43.808854],[11.01599,43.808904],[11.015996,43.809046],[11.015933,43.80917],[11.016043,43.809312],[11.015909,43.809374],[11.01613,43.809646],[11.015795,43.809767],[11.016189,43.810167],[11.01593,43.810204],[11.01591,43.810219],[11.015843,43.810592],[11.015815,43.810632],[11.015754,43.810653],[11.015845,43.810823],[11.015923,43.810891],[11.01599,43.810918],[11.016926,43.811108],[11.01708,43.811105],[11.01726,43.811066],[11.0173,43.811102],[11.017408,43.811105],[11.017606,43.811173],[11.017713,43.811164],[11.017887,43.811686],[11.018058,43.811835],[11.018084,43.811816],[11.018079,43.811739],[11.018124,43.811671],[11.018935,43.811179],[11.01915,43.811105],[11.019454,43.811025],[11.019701,43.811532],[11.019689,43.81167],[11.019777,43.811704],[11.020271,43.811547],[11.020498,43.811929],[11.020555,43.811974],[11.020612,43.811947],[11.020631,43.812005],[11.020672,43.812039],[11.02071,43.81211],[11.020773,43.812146],[11.020822,43.812214],[11.020893,43.812237],[11.021392,43.811935],[11.021549,43.812081],[11.021577,43.812087],[11.021615,43.812045],[11.021491,43.811931],[11.021409,43.811797],[11.02132,43.811554],[11.021318,43.811452],[11.02149,43.811196],[11.021556,43.81105],[11.021553,43.810995],[11.021489,43.810893],[11.021231,43.810699],[11.021145,43.810593],[11.021121,43.810454],[11.021141,43.810339],[11.02119,43.810241],[11.021283,43.810158],[11.021884,43.809882],[11.022558,43.809456],[11.023092,43.809188],[11.023279,43.809076],[11.023414,43.808954],[11.023746,43.80857],[11.023894,43.808371],[11.024066,43.807997],[11.024152,43.807902],[11.024253,43.807823],[11.024497,43.807708],[11.02521,43.807539],[11.025431,43.807459],[11.025605,43.807377],[11.02579,43.807256],[11.027303,43.806058],[11.027309,43.806044],[11.027271,43.806009],[11.027621,43.805749],[11.027795,43.805639],[11.02813,43.805461],[11.027945,43.805165],[11.026904,43.804648],[11.026893,43.804263],[11.026642,43.803888],[11.026596,43.803776],[11.026859,43.803679],[11.026952,43.803659],[11.027017,43.803661],[11.027091,43.803697],[11.027121,43.803696],[11.027285,43.803277],[11.027262,43.803196],[11.028475,43.802879],[11.028355,43.802056],[11.028335,43.802041],[11.028228,43.802023],[11.028115,43.801803],[11.028217,43.801614],[11.028156,43.801496],[11.028187,43.801482],[11.028298,43.801562],[11.028329,43.801565],[11.028413,43.80139],[11.02882,43.801487],[11.029273,43.801404],[11.02942,43.801103],[11.029564,43.801113],[11.029665,43.801137],[11.02979,43.801092],[11.029879,43.801019],[11.030016,43.80084],[11.030236,43.800647],[11.030232,43.800624],[11.030192,43.800593],[11.030236,43.800572],[11.030246,43.800551],[11.030157,43.800279],[11.030157,43.80012],[11.030243,43.800029],[11.030496,43.799929],[11.030836,43.799874],[11.030856,43.799856],[11.030825,43.799816],[11.030941,43.79975],[11.031002,43.799802],[11.031379,43.799764],[11.0314,43.799749],[11.03145,43.799526],[11.031521,43.799554],[11.031453,43.799892],[11.031457,43.800014],[11.03159,43.800525],[11.031968,43.801131],[11.032017,43.801254],[11.032046,43.801267],[11.032615,43.801182],[11.032991,43.80118],[11.033072,43.801208],[11.033175,43.801379],[11.033297,43.801515],[11.033482,43.802015],[11.033576,43.802071],[11.033532,43.802081],[11.033514,43.802103],[11.03356,43.802253],[11.033647,43.802336],[11.033655,43.802385],[11.033606,43.802471],[11.033486,43.802582],[11.0331,43.802651],[11.033009,43.80265],[11.032633,43.802911],[11.032199,43.802608],[11.032165,43.802608],[11.031884,43.802794],[11.031782,43.803111],[11.031665,43.80335],[11.031239,43.80396],[11.031012,43.804224],[11.030929,43.804304],[11.03058,43.804563],[11.030577,43.804592],[11.030412,43.804562],[11.029405,43.804839],[11.028982,43.804995],[11.028864,43.805059],[11.028852,43.805107],[11.028864,43.805147],[11.028887,43.805161],[11.029094,43.805071],[11.029753,43.805768],[11.029719,43.805847],[11.029605,43.805907],[11.029551,43.805915],[11.029543,43.805953],[11.029512,43.805973],[11.029458,43.806053],[11.028818,43.806567],[11.028681,43.806582],[11.028277,43.806673],[11.027926,43.806798],[11.027681,43.807007],[11.027428,43.807039],[11.027317,43.807131],[11.02714,43.807161],[11.026937,43.807288],[11.026912,43.807664],[11.02694,43.807759],[11.026881,43.808142],[11.027087,43.808238],[11.027197,43.80821],[11.027256,43.808225],[11.027468,43.808504],[11.027495,43.808513],[11.027553,43.808475],[11.028303,43.808973],[11.028417,43.809073],[11.028452,43.809076],[11.028585,43.808999],[11.02864,43.809153],[11.029094,43.80951],[11.029204,43.80957],[11.029325,43.809583],[11.029563,43.809365],[11.030157,43.809453],[11.03034,43.809372],[11.030401,43.809403],[11.030502,43.809474],[11.030782,43.809817],[11.030781,43.809845],[11.030553,43.810103],[11.030556,43.810125],[11.030605,43.810156],[11.03224,43.80982],[11.032421,43.809671],[11.032484,43.809685],[11.032537,43.809679],[11.032739,43.809594],[11.032789,43.809589],[11.032934,43.809629],[11.033114,43.809622],[11.033222,43.809657],[11.033334,43.809716],[11.033604,43.809765],[11.033841,43.809833],[11.033919,43.809829],[11.034168,43.809753],[11.03422,43.809754],[11.034299,43.809778],[11.034484,43.809883],[11.03548,43.809856],[11.036214,43.810006],[11.036299,43.810059],[11.036355,43.810148],[11.036691,43.810354],[11.036818,43.810377],[11.036939,43.810358],[11.037188,43.810484],[11.037306,43.810526],[11.03732,43.81056],[11.037281,43.810658],[11.037223,43.810981],[11.037245,43.811002],[11.037466,43.811079],[11.037544,43.811129],[11.037564,43.811243],[11.037737,43.81163],[11.03769,43.811982],[11.037902,43.812211],[11.037994,43.812253],[11.038129,43.812248],[11.038395,43.812306],[11.038619,43.81233],[11.038754,43.812389],[11.038946,43.812603],[11.039126,43.812722],[11.039654,43.812954],[11.03972,43.812958],[11.039848,43.813196],[11.040005,43.81336],[11.040013,43.813458],[11.039931,43.813451],[11.039384,43.813538],[11.037946,43.813721],[11.037668,43.813004],[11.0379,43.812996],[11.037923,43.812983],[11.037917,43.812957],[11.037894,43.812944],[11.0375,43.812943],[11.037148,43.811924],[11.037126,43.81191],[11.03682,43.811901],[11.036829,43.81167],[11.036767,43.811576],[11.036678,43.81152],[11.03664,43.811471],[11.036639,43.811379],[11.036708,43.811116],[11.036645,43.811093],[11.036405,43.811097],[11.036397,43.811068],[11.036344,43.811061],[11.035556,43.810792],[11.034955,43.810663],[11.034767,43.810695],[11.033681,43.810979],[11.032943,43.811307],[11.032859,43.811329],[11.032726,43.811322],[11.032346,43.811211],[11.031965,43.811164],[11.031516,43.811192],[11.031377,43.811358],[11.031287,43.811435],[11.031181,43.811495],[11.031062,43.811517],[11.030883,43.811508],[11.030855,43.811488],[11.030665,43.811482],[11.03043,43.811405],[11.02991,43.8114],[11.029516,43.811421],[11.02947,43.811298],[11.028937,43.810681],[11.028887,43.810445],[11.028484,43.810431],[11.028048,43.810391],[11.027967,43.810418],[11.027915,43.810452],[11.027479,43.810292],[11.027353,43.810283],[11.027079,43.809971],[11.026706,43.810147],[11.026604,43.81012],[11.026558,43.809857],[11.026539,43.809818],[11.026413,43.809709],[11.025915,43.809735],[11.025895,43.810094],[11.025171,43.809737],[11.025129,43.809734],[11.024908,43.809792],[11.024699,43.809821],[11.024679,43.809836],[11.024607,43.810203],[11.024263,43.81022],[11.024122,43.810353],[11.024149,43.810369],[11.024198,43.810366],[11.024371,43.810406],[11.02459,43.810773],[11.024532,43.81078],[11.024372,43.810835],[11.023783,43.81107],[11.023974,43.811255],[11.02338,43.812075],[11.023132,43.812451],[11.023149,43.812476],[11.023349,43.812516],[11.023236,43.812553],[11.022914,43.81276],[11.022816,43.812846],[11.02271,43.812993],[11.022687,43.812987],[11.022674,43.812936],[11.022516,43.812906],[11.022368,43.812933],[11.022369,43.812998],[11.022293,43.813012],[11.022274,43.813031],[11.022326,43.813285],[11.022403,43.813273],[11.022524,43.813291],[11.022593,43.813327],[11.022638,43.813377],[11.022642,43.813488],[11.022711,43.813761],[11.02272,43.814057],[11.022703,43.814208],[11.022835,43.814408],[11.022916,43.814486],[11.023243,43.814773],[11.023413,43.814874],[11.023469,43.814936],[11.023486,43.815308],[11.02345,43.81544],[11.02337,43.815589],[11.023271,43.815707],[11.02315,43.815781],[11.022735,43.815946],[11.022391,43.816041],[11.021862,43.816335],[11.021523,43.816423],[11.021409,43.816425],[11.021369,43.816528],[11.021394,43.81655],[11.021731,43.816544],[11.022049,43.816628],[11.022149,43.816671],[11.022246,43.816759],[11.022637,43.816962],[11.022815,43.817084],[11.022964,43.81722],[11.022996,43.817475],[11.023045,43.817598],[11.023244,43.817843],[11.023351,43.818038],[11.023372,43.818167],[11.023414,43.818274],[11.023413,43.818451],[11.023357,43.818442],[11.023297,43.818453],[11.022975,43.818697],[11.022692,43.818838],[11.022435,43.819077],[11.022201,43.819219],[11.022033,43.819156],[11.021869,43.81915],[11.021059,43.819302],[11.020892,43.819152],[11.020814,43.8192],[11.02077,43.819303],[11.020724,43.819242],[11.020752,43.819123],[11.020734,43.818795],[11.02007,43.818699],[11.019991,43.81867],[11.019961,43.818597],[11.020127,43.818378],[11.020218,43.818164],[11.020584,43.817793],[11.020581,43.817715],[11.020512,43.817491],[11.020443,43.81743],[11.020428,43.817375],[11.020081,43.816829],[11.020056,43.816459],[11.020024,43.816418],[11.019915,43.816382],[11.019886,43.816085],[11.019437,43.815931],[11.018998,43.815988],[11.017705,43.815585],[11.017743,43.815556],[11.018104,43.814804],[11.017493,43.814657],[11.01756,43.814591],[11.017545,43.814573],[11.01709,43.81443],[11.017224,43.814316],[11.017321,43.814175],[11.017353,43.814152],[11.017358,43.814077],[11.017407,43.814066],[11.017404,43.814013],[11.017444,43.813984],[11.017393,43.813872],[11.017029,43.813973],[11.016854,43.813979],[11.016665,43.813904],[11.016536,43.813765],[11.016476,43.813729],[11.016075,43.813671],[11.015807,43.813606],[11.015664,43.81353],[11.015366,43.813161],[11.015197,43.813003],[11.014977,43.812881],[11.014631,43.812746],[11.014472,43.812817],[11.014004,43.812542],[11.01381,43.812371],[11.012841,43.8122],[11.012732,43.812153],[11.012193,43.811239],[11.012171,43.811145],[11.012106,43.811131],[11.012126,43.810997],[11.012105,43.810905],[11.011734,43.810087],[11.01166,43.809827],[11.011577,43.80932],[11.011498,43.80911],[11.011248,43.809018],[11.011096,43.808987],[11.010887,43.809078],[11.010673,43.809122],[11.010573,43.809187],[11.010563,43.809179],[11.010642,43.809118],[11.010842,43.809071],[11.010859,43.80905],[11.010069,43.808684],[11.010136,43.808565],[11.010119,43.80854],[11.009863,43.808653],[11.009689,43.808679],[11.009607,43.808675],[11.00937,43.808625],[11.009248,43.808614],[11.00917,43.808624],[11.009164,43.808596],[11.008684,43.808366],[11.008759,43.808289],[11.00896,43.808151],[11.00887,43.808082],[11.008787,43.807839],[11.009059,43.807929],[11.009586,43.807786],[11.009603,43.807768],[11.009571,43.807569],[11.009543,43.807553],[11.009401,43.807566],[11.009341,43.807426],[11.009157,43.807341],[11.008634,43.806875],[11.008768,43.806692],[11.008811,43.806572],[11.008747,43.806497],[11.008664,43.806279],[11.008598,43.805621],[11.008583,43.805589],[11.008147,43.805198],[11.00813,43.805191],[11.008079,43.805214],[11.008041,43.805183],[11.008086,43.805147],[11.008036,43.805083],[11.007931,43.804124],[11.007874,43.803964],[11.007716,43.803981],[11.00766,43.804074],[11.006955,43.804024],[11.007089,43.803688],[11.007141,43.803726],[11.007231,43.80375],[11.007264,43.80373],[11.007134,43.803651],[11.007127,43.803624],[11.006928,43.803444],[11.00693,43.803405],[11.006688,43.803285],[11.006605,43.803199],[11.006482,43.803131],[11.006299,43.803079],[11.006212,43.803081],[11.005827,43.803137],[11.005655,43.803144],[11.005487,43.803117],[11.005462,43.803094],[11.005441,43.803013],[11.005419,43.802695],[11.00532,43.802386],[11.005224,43.802239],[11.005054,43.802153],[11.004155,43.802029],[11.004014,43.802039],[11.003939,43.802064],[11.003572,43.802317],[11.003497,43.802413],[11.003357,43.802822],[11.003359,43.802349],[11.003179,43.801773],[11.003341,43.801506],[11.003413,43.801483],[11.003524,43.801362],[11.003505,43.801316],[11.003686,43.801135],[11.004006,43.800971],[11.004227,43.800903],[11.0046,43.800744],[11.004883,43.800711],[11.005061,43.800739],[11.005074,43.800717],[11.004282,43.800407],[11.003731,43.800212],[11.003626,43.800189],[11.003362,43.800179],[11.003202,43.800193],[11.0031,43.800179],[11.003043,43.800082],[11.002996,43.799759],[11.003,43.799517],[11.003139,43.798943],[11.00305,43.798252],[11.002888,43.79811],[11.002863,43.798067],[11.002686,43.797689],[11.002713,43.797657],[11.002573,43.797579]]]},"properties":{"prov":"PO","comune_amm":"B794","comune_descr":"CARMIGNANO","fascia":"B","zona":"B1","zona_descr":"CARMIGNANO - LA SERRA - SANTA CRISTINA A MEZZANA","microzona":0,"semestre":"2025/1"}},{"type":"Feature","geometry":{"type":"Polygon","coordinates":[[[11.040361,43.830719],[11.03989,43.830924],[11.0396,43.831087],[11.039484,43.831191],[11.039375,43.831301],[11.039271,43.831441],[11.038743,43.832346],[11.03867,43.832506],[11.038624,43.832667],[11.038588,43.832847],[11.038588,43.832964],[11.038621,43.833081],[11.038784,43.833358],[11.038889,43.833585],[11.038896,43.833702],[11.038854,43.833868],[11.03874,43.833997],[11.037868,43.834066],[11.03749,43.834128],[11.037185,43.834248],[11.036644,43.834533],[11.036053,43.834746],[11.035796,43.834889],[11.035612,43.835018],[11.03553,43.835108],[11.035466,43.835231],[11.035373,43.835465],[11.035287,43.835782],[11.035222,43.835919],[11.035122,43.836064],[11.03459,43.836615],[11.034192,43.836974],[11.033439,43.837502],[11.032954,43.837989],[11.032323,43.838741],[11.031997,43.838863],[11.03065,43.838933],[11.030405,43.838853],[11.030253,43.838856],[11.029985,43.838948],[11.029343,43.839346],[11.029155,43.839446],[11.028812,43.839577],[11.028224,43.839725],[11.027807,43.839796],[11.026869,43.839865],[11.026576,43.83996],[11.026096,43.840148],[11.025471,43.840416],[11.025315,43.840455],[11.02378,43.840647],[11.0226,43.840698],[11.022439,43.840724],[11.021971,43.840845],[11.021277,43.840983],[11.021254,43.840924],[11.021206,43.840881],[11.020511,43.840285],[11.01956,43.839574],[11.019057,43.839113],[11.018279,43.838313],[11.017646,43.837567],[11.017273,43.837167],[11.01693,43.836762],[11.016514,43.836428],[11.015908,43.836006],[11.015392,43.835671],[11.014954,43.835427],[11.014726,43.835264],[11.014301,43.83489],[11.014079,43.834592],[11.013858,43.834449],[11.01375,43.834254],[11.013513,43.834045],[11.013383,43.833835],[11.013309,43.833775],[11.013018,43.833622],[11.012886,43.833444],[11.01249,43.833129],[11.012417,43.833013],[11.012376,43.832917],[11.012369,43.832806],[11.012283,43.832657],[11.011989,43.832407],[11.011574,43.832136],[11.011431,43.832057],[11.011094,43.831944],[11.011069,43.831916],[11.011073,43.831868],[11.011181,43.831711],[11.011185,43.831631],[11.010742,43.831316],[11.010611,43.831271],[11.01043,43.831255],[11.010211,43.831267],[11.010054,43.831258],[11.009971,43.831229],[11.009838,43.83114],[11.009672,43.831065],[11.008931,43.830888],[11.00827,43.830683],[11.008068,43.830661],[11.007554,43.830686],[11.007291,43.830683],[11.006687,43.830514],[11.006578,43.830497],[11.00642,43.830505],[11.005744,43.830606],[11.005077,43.830767],[11.004949,43.830784],[11.004762,43.830776],[11.004555,43.830787],[11.004421,43.830812],[11.004165,43.830892],[11.003858,43.831097],[11.003359,43.831276],[11.003077,43.831403],[11.002812,43.831409],[11.002475,43.831385],[11.0023,43.831425],[11.001901,43.831468],[11.001634,43.831529],[11.001128,43.831529],[11.000716,43.831547],[11.000479,43.831568],[11.000334,43.83161],[10.999994,43.831655],[10.999903,43.831652],[10.999571,43.831498],[10.999243,43.831376],[10.99891,43.831208],[10.99864,43.83105],[10.998503,43.830957],[10.998391,43.830849],[10.998317,43.830814],[10.997857,43.830694],[10.99749,43.830573],[10.997207,43.830522],[10.99703,43.830427],[10.996899,43.830386],[10.996534,43.830233],[10.996303,43.830086],[10.996003,43.829858],[10.995468,43.82959],[10.995162,43.829368],[10.995027,43.829308],[10.994835,43.829285],[10.994878,43.829159],[10.994864,43.829137],[10.994781,43.829118],[10.99465,43.82914],[10.994579,43.829213],[10.99412,43.829068],[10.993653,43.829135],[10.993353,43.829124],[10.991446,43.828434],[10.990763,43.828322],[10.990345,43.828336],[10.989713,43.828293],[10.989071,43.827967],[10.988768,43.827868],[10.988488,43.827837],[10.988228,43.827696],[10.987458,43.827078],[10.987236,43.826935],[10.986896,43.826782],[10.986708,43.82667],[10.986149,43.826165],[10.98597,43.826032],[10.985808,43.825992],[10.984056,43.825797],[10.98407,43.82551],[10.984046,43.824793],[10.984195,43.824382],[10.984214,43.824057],[10.984295,43.823849],[10.984444,43.823608],[10.984522,43.823416],[10.984617,43.823254],[10.984681,43.823035],[10.984688,43.822852],[10.984749,43.822716],[10.984768,43.822724],[10.984822,43.822965],[10.984939,43.823295],[10.984941,43.823361],[10.985038,43.823416],[10.985079,43.823412],[10.985123,43.823353],[10.985272,43.823407],[10.985311,43.823437],[10.985907,43.823382],[10.986062,43.823442],[10.986388,43.823606],[10.986827,43.823657],[10.987414,43.823765],[10.987588,43.823826],[10.987724,43.823898],[10.988013,43.824006],[10.988119,43.82406],[10.988157,43.824102],[10.988163,43.82423],[10.988195,43.824276],[10.988559,43.824411],[10.988984,43.824602],[10.989107,43.824621],[10.989382,43.824599],[10.989535,43.824549],[10.989684,43.824473],[10.990043,43.82421],[10.990181,43.823745],[10.990232,43.823679],[10.990546,43.823859],[10.990657,43.823872],[10.990718,43.823845],[10.990944,43.82364],[10.9911,43.823545],[10.991595,43.823384],[10.991852,43.823284],[10.991897,43.823274],[10.99213,43.823286],[10.992276,43.823264],[10.992643,43.823132],[10.992944,43.822982],[10.993085,43.823289],[10.993119,43.823324],[10.993232,43.823379],[10.993678,43.82353],[10.993819,43.82356],[10.994514,43.823524],[10.994949,43.823556],[10.995079,43.823578],[10.995178,43.823615],[10.995549,43.823783],[10.995592,43.823776],[10.995763,43.82387],[10.99585,43.823853],[10.995954,43.823898],[10.998615,43.823102],[10.998992,43.823004],[10.999218,43.822922],[10.999324,43.822616],[10.9994,43.822578],[10.999891,43.822609],[10.999905,43.822633],[11.000078,43.822731],[11.003253,43.822949],[11.005417,43.823133],[11.005555,43.823629],[11.005589,43.823642],[11.00573,43.82341],[11.005929,43.823314],[11.006064,43.823227],[11.006268,43.823042],[11.006256,43.822996],[11.006271,43.82298],[11.00629,43.822992],[11.006319,43.822987],[11.006431,43.822885],[11.006821,43.822596],[11.007288,43.822301],[11.007409,43.822393],[11.007688,43.822679],[11.007901,43.823026],[11.008046,43.823355],[11.00809,43.823729],[11.008033,43.823991],[11.008022,43.824262],[11.008101,43.824503],[11.008163,43.824622],[11.008263,43.824746],[11.008557,43.824925],[11.00869,43.825073],[11.008846,43.825293],[11.008982,43.82544],[11.009139,43.825571],[11.009282,43.825665],[11.009705,43.825876],[11.009954,43.825963],[11.010782,43.826018],[11.01144,43.826087],[11.011676,43.826145],[11.011896,43.826269],[11.012075,43.826418],[11.012206,43.82662],[11.012386,43.826808],[11.012523,43.82688],[11.012718,43.826951],[11.012815,43.826963],[11.013079,43.826951],[11.013879,43.826881],[11.014039,43.826854],[11.013909,43.826103],[11.013854,43.825981],[11.013828,43.825969],[11.013804,43.825976],[11.013659,43.825772],[11.012921,43.825644],[11.012891,43.825656],[11.012861,43.825716],[11.012817,43.825733],[11.012773,43.825727],[11.012673,43.825677],[11.012389,43.825426],[11.012521,43.825266],[11.012662,43.825034],[11.012877,43.824739],[11.013063,43.824845],[11.013092,43.824846],[11.013113,43.824827],[11.013351,43.82498],[11.013593,43.824803],[11.01359,43.824777],[11.013521,43.824734],[11.013768,43.824537],[11.014091,43.824751],[11.014121,43.824754],[11.014244,43.824703],[11.014307,43.824634],[11.014318,43.82459],[11.014302,43.824501],[11.014255,43.82443],[11.014433,43.824301],[11.014565,43.824408],[11.014627,43.824387],[11.014688,43.824442],[11.014914,43.824487],[11.015006,43.8246],[11.014936,43.824651],[11.014972,43.824691],[11.015048,43.824879],[11.015086,43.825026],[11.015165,43.825132],[11.015238,43.825198],[11.015278,43.8253],[11.01529,43.825445],[11.015452,43.825736],[11.015479,43.825747],[11.015847,43.825704],[11.015903,43.825903],[11.01605,43.825923],[11.016255,43.825912],[11.016805,43.825806],[11.017027,43.825784],[11.017161,43.825738],[11.01728,43.825677],[11.017265,43.825613],[11.017362,43.825494],[11.017494,43.825271],[11.017981,43.825412],[11.018784,43.825506],[11.018803,43.825571],[11.018835,43.825573],[11.018897,43.825267],[11.018934,43.825239],[11.019135,43.825153],[11.019341,43.825105],[11.019603,43.825015],[11.019678,43.824996],[11.019842,43.824993],[11.020288,43.824781],[11.020651,43.824967],[11.020924,43.825133],[11.021326,43.825329],[11.021398,43.825392],[11.021415,43.825449],[11.021436,43.825463],[11.021501,43.825431],[11.021457,43.825341],[11.021363,43.825284],[11.021353,43.825259],[11.021106,43.825109],[11.021759,43.825044],[11.022498,43.824914],[11.022543,43.824921],[11.022568,43.824756],[11.022934,43.824776],[11.023299,43.825098],[11.023391,43.825046],[11.023686,43.824968],[11.024654,43.824802],[11.024926,43.824682],[11.025031,43.824612],[11.025211,43.824443],[11.02537,43.824261],[11.025491,43.824014],[11.025487,43.823891],[11.025427,43.823817],[11.025472,43.823778],[11.025616,43.823945],[11.025643,43.824028],[11.025626,43.824382],[11.025769,43.8249],[11.025617,43.824983],[11.025608,43.825011],[11.025139,43.825253],[11.025028,43.825344],[11.024921,43.825535],[11.024878,43.825728],[11.024842,43.826134],[11.024889,43.826303],[11.025103,43.826772],[11.025271,43.827251],[11.025357,43.827426],[11.025421,43.827496],[11.026199,43.827965],[11.026398,43.828062],[11.02678,43.828211],[11.026905,43.828345],[11.02722,43.828609],[11.027306,43.828674],[11.027428,43.828719],[11.027498,43.828793],[11.027504,43.828821],[11.028487,43.828903],[11.028679,43.82899],[11.029012,43.829104],[11.029154,43.829134],[11.029283,43.829135],[11.029773,43.829081],[11.029994,43.829086],[11.030505,43.829204],[11.030636,43.82922],[11.031002,43.829228],[11.03114,43.829222],[11.031773,43.829129],[11.031989,43.829116],[11.032446,43.829145],[11.032668,43.829181],[11.033014,43.829264],[11.033662,43.829469],[11.034416,43.829535],[11.034565,43.829561],[11.036686,43.830013],[11.037749,43.830108],[11.038807,43.83013],[11.039226,43.830202],[11.039696,43.83035],[11.039906,43.830437],[11.040019,43.830491],[11.040361,43.830719]]]},"properties":{"prov":"PO","comune_amm":"B794","comune_descr":"CARMIGNANO","fascia":"E","zona":"E3","zona_descr":"SEANO - CAPEZZANA","microzona":0,"semestre":"2025/1"}},{"type":"Feature","geometry":{"type":"Polygon","coordinates":[[[11.079367,43.791525],[11.079343,43.791725],[11.079195,43.791923],[11.07898,43.792158],[11.078719,43.792311],[11.07852,43.792374],[11.078121,43.792465],[11.076856,43.792691],[11.076389,43.79285],[11.075285,43.793355],[11.073377,43.794292],[11.073263,43.794387],[11.073054,43.79462],[11.072815,43.795016],[11.07263,43.795236],[11.071165,43.796202],[11.070288,43.796818],[11.06938,43.797168],[11.067652,43.797662],[11.067406,43.797772],[11.067284,43.797866],[11.067218,43.79795],[11.06717,43.798106],[11.067352,43.798704],[11.067441,43.798908],[11.067437,43.79922],[11.06718,43.799571],[11.066994,43.799696],[11.066762,43.799807],[11.065768,43.800116],[11.065521,43.800249],[11.065311,43.800441],[11.065212,43.800639],[11.065166,43.800852],[11.065274,43.801878],[11.065279,43.802121],[11.06526,43.802234],[11.065172,43.802413],[11.064991,43.802612],[11.063982,43.803187],[11.063658,43.803443],[11.063527,43.803648],[11.063262,43.804761],[11.063102,43.80522],[11.06271,43.805184],[11.062531,43.805233],[11.062311,43.805355],[11.062236,43.805353],[11.062012,43.80522],[11.061915,43.805182],[11.061532,43.805118],[11.061325,43.804935],[11.061252,43.804898],[11.06081,43.804795],[11.06025,43.804768],[11.060076,43.804688],[11.059905,43.804574],[11.059797,43.804536],[11.059647,43.80452],[11.059429,43.804524],[11.059181,43.804572],[11.058325,43.804392],[11.05787,43.804264],[11.057676,43.804253],[11.057679,43.804236],[11.057844,43.804242],[11.057871,43.804227],[11.057919,43.803973],[11.057882,43.803329],[11.057839,43.803134],[11.056746,43.802747],[11.055076,43.802054],[11.053393,43.801338],[11.053131,43.801214],[11.052808,43.801006],[11.052745,43.800984],[11.052623,43.801048],[11.052613,43.801007],[11.052737,43.800938],[11.052797,43.80087],[11.052788,43.800844],[11.051357,43.800319],[11.051194,43.800405],[11.051108,43.800396],[11.050766,43.800624],[11.050705,43.800563],[11.050635,43.800445],[11.050553,43.80005],[11.050529,43.800048],[11.050512,43.800067],[11.050534,43.800246],[11.05047,43.800276],[11.050288,43.800325],[11.050197,43.800245],[11.050165,43.800241],[11.049797,43.800394],[11.04966,43.800225],[11.049436,43.799871],[11.049512,43.799812],[11.049464,43.799752],[11.049318,43.799468],[11.049296,43.799272],[11.049451,43.799087],[11.049342,43.798985],[11.049274,43.798863],[11.049216,43.798827],[11.049094,43.798817],[11.049045,43.798775],[11.049032,43.798737],[11.049067,43.79866],[11.049537,43.798552],[11.049664,43.798478],[11.049678,43.798369],[11.049627,43.797629],[11.049078,43.797601],[11.049026,43.797619],[11.048883,43.797742],[11.048829,43.797752],[11.048473,43.797705],[11.048296,43.7976],[11.047957,43.797486],[11.04785,43.797488],[11.047547,43.797572],[11.047347,43.797715],[11.047265,43.797755],[11.047081,43.797804],[11.046707,43.797852],[11.046654,43.79796],[11.04662,43.797989],[11.046464,43.797932],[11.04639,43.797922],[11.045866,43.797889],[11.045715,43.797902],[11.045409,43.797996],[11.045253,43.798114],[11.045046,43.798186],[11.044815,43.798165],[11.044503,43.798185],[11.04439,43.798219],[11.044124,43.797764],[11.043607,43.797884],[11.043381,43.797441],[11.043141,43.797518],[11.042706,43.797604],[11.042503,43.797222],[11.042431,43.79721],[11.042229,43.797267],[11.042223,43.797228],[11.042195,43.79721],[11.041981,43.79723],[11.041863,43.796846],[11.041882,43.796819],[11.041766,43.796581],[11.041682,43.79635],[11.041506,43.796057],[11.04158,43.796027],[11.041924,43.795802],[11.042143,43.795686],[11.04256,43.795522],[11.042741,43.79549],[11.04298,43.795503],[11.043204,43.795491],[11.043392,43.795462],[11.043448,43.795439],[11.043528,43.795434],[11.043636,43.795456],[11.04408,43.795612],[11.045415,43.795481],[11.045575,43.795488],[11.045684,43.795552],[11.04585,43.795697],[11.04592,43.795722],[11.045962,43.795712],[11.046157,43.795769],[11.046243,43.795824],[11.045995,43.795969],[11.046007,43.79599],[11.046059,43.796007],[11.04632,43.795899],[11.046561,43.79586],[11.047132,43.795895],[11.047891,43.796007],[11.048253,43.796089],[11.048751,43.796233],[11.048968,43.796274],[11.049693,43.79621],[11.049701,43.796183],[11.049672,43.796163],[11.049456,43.796181],[11.049026,43.795205],[11.048877,43.794811],[11.048844,43.794795],[11.048726,43.79456],[11.048695,43.794555],[11.048627,43.794583],[11.048391,43.79476],[11.048254,43.794571],[11.048185,43.794394],[11.048177,43.794295],[11.048281,43.794279],[11.048302,43.794258],[11.048257,43.794086],[11.048269,43.793356],[11.048856,43.793453],[11.049423,43.793521],[11.049686,43.793635],[11.049835,43.793737],[11.049809,43.793834],[11.049824,43.793855],[11.049856,43.793846],[11.049895,43.793805],[11.050152,43.79379],[11.050446,43.793674],[11.050479,43.793678],[11.050494,43.79371],[11.050528,43.793705],[11.050533,43.793509],[11.050985,43.791148],[11.051158,43.79057],[11.05125,43.790467],[11.051341,43.790483],[11.051594,43.79049],[11.05181,43.790451],[11.052146,43.790323],[11.052273,43.790241],[11.052389,43.790072],[11.052506,43.78976],[11.05253,43.789561],[11.052558,43.789535],[11.052698,43.789478],[11.052943,43.789434],[11.053218,43.789355],[11.053395,43.789274],[11.053474,43.7892],[11.053518,43.789066],[11.053432,43.788725],[11.053414,43.788512],[11.053478,43.788443],[11.053629,43.788374],[11.053741,43.788055],[11.054116,43.787287],[11.054222,43.786995],[11.054308,43.786531],[11.054379,43.786326],[11.054505,43.786133],[11.05491,43.785632],[11.055127,43.785319],[11.055479,43.784991],[11.05554,43.784909],[11.055711,43.784392],[11.05579,43.784251],[11.056217,43.783676],[11.056327,43.783385],[11.056457,43.783126],[11.056472,43.783048],[11.05644,43.782957],[11.056313,43.782838],[11.056586,43.782676],[11.056777,43.782809],[11.057148,43.782924],[11.057543,43.783023],[11.058282,43.783172],[11.058573,43.783161],[11.058781,43.783197],[11.059022,43.783269],[11.059207,43.783345],[11.060736,43.784196],[11.061388,43.784388],[11.061643,43.784624],[11.062254,43.78539],[11.062367,43.785581],[11.062372,43.785665],[11.06233,43.78578],[11.062205,43.785897],[11.061765,43.786199],[11.061585,43.786358],[11.061087,43.786646],[11.060935,43.786713],[11.060802,43.786801],[11.060362,43.787153],[11.059924,43.787549],[11.059521,43.787999],[11.059099,43.788534],[11.05894,43.788762],[11.058795,43.78902],[11.058584,43.789474],[11.058514,43.789742],[11.058587,43.790015],[11.058604,43.790194],[11.058659,43.790427],[11.058714,43.790489],[11.058837,43.790573],[11.059028,43.790667],[11.059436,43.790701],[11.059741,43.790673],[11.060226,43.790524],[11.060388,43.790454],[11.061241,43.789956],[11.06237,43.789374],[11.062769,43.789244],[11.06329,43.789139],[11.064282,43.788818],[11.065964,43.788315],[11.066673,43.78822],[11.066939,43.788197],[11.067598,43.78818],[11.068074,43.788255],[11.068787,43.788415],[11.06942,43.788584],[11.069749,43.78873],[11.070219,43.789088],[11.070608,43.789335],[11.070915,43.789481],[11.071219,43.789599],[11.071899,43.789706],[11.072171,43.789732],[11.072642,43.789719],[11.074515,43.789601],[11.075419,43.789667],[11.076603,43.789898],[11.077189,43.790046],[11.078484,43.790537],[11.078767,43.790695],[11.079263,43.791147],[11.079342,43.791347],[11.079367,43.791525]]]},"properties":{"prov":"PO","comune_amm":"B794","comune_descr":"CARMIGNANO","fascia":"E","zona":"E4","zona_descr":"COMEANA - LORETINO - LOMBARDA","microzona":0,"semestre":"2025/1"}},{"type":"Feature","geometry":{"type":"Polygon","coordinates":[[[11.064932,43.776872],[11.064756,43.777202],[11.064603,43.777407],[11.064399,43.777585],[11.064172,43.777694],[11.063893,43.777795],[11.063557,43.777873],[11.063228,43.777908],[11.062239,43.777968],[11.061271,43.778059],[11.060961,43.77812],[11.060173,43.778322],[11.059737,43.778483],[11.056384,43.780147],[11.056305,43.780213],[11.056245,43.78031],[11.056111,43.780711],[11.056076,43.780875],[11.056068,43.78124],[11.056162,43.781818],[11.056262,43.782289],[11.056354,43.782469],[11.056584,43.782675],[11.056321,43.782838],[11.056438,43.782955],[11.056472,43.783043],[11.056458,43.783125],[11.056327,43.783385],[11.056218,43.783675],[11.05579,43.784253],[11.055712,43.784391],[11.05554,43.784908],[11.05548,43.784991],[11.055221,43.785221],[11.055055,43.785414],[11.05491,43.785633],[11.054505,43.786133],[11.054381,43.786325],[11.054307,43.786533],[11.054222,43.786994],[11.054116,43.787287],[11.053739,43.788056],[11.053629,43.788377],[11.053481,43.788442],[11.053413,43.788521],[11.053432,43.788726],[11.05352,43.789068],[11.053483,43.789184],[11.053439,43.789242],[11.053331,43.789309],[11.05322,43.789354],[11.052942,43.789434],[11.052703,43.789476],[11.052553,43.789538],[11.05253,43.789564],[11.052506,43.789759],[11.052388,43.790075],[11.052322,43.790192],[11.052271,43.790244],[11.052145,43.790323],[11.051806,43.790452],[11.051593,43.79049],[11.051253,43.79047],[11.051155,43.790574],[11.050985,43.791148],[11.050533,43.793509],[11.050528,43.793647],[11.050554,43.79385],[11.050508,43.793871],[11.050493,43.793725],[11.050458,43.793673],[11.05015,43.793791],[11.049895,43.793807],[11.049854,43.79385],[11.049818,43.793949],[11.049781,43.79393],[11.049834,43.793739],[11.049685,43.793634],[11.049531,43.793558],[11.04942,43.793521],[11.049292,43.793499],[11.048856,43.793453],[11.048297,43.79336],[11.048267,43.793378],[11.048257,43.794084],[11.048305,43.794272],[11.048198,43.794289],[11.048178,43.794308],[11.048185,43.794394],[11.048254,43.794571],[11.048375,43.794738],[11.048401,43.794748],[11.048628,43.794581],[11.048948,43.794461],[11.048954,43.794479],[11.048745,43.794572],[11.048736,43.794594],[11.048837,43.794781],[11.04887,43.794795],[11.049026,43.795205],[11.049451,43.796169],[11.049477,43.796182],[11.049697,43.796162],[11.049696,43.796217],[11.048999,43.796271],[11.048965,43.796294],[11.048946,43.79627],[11.048753,43.796233],[11.048253,43.796089],[11.047947,43.796018],[11.047401,43.795928],[11.046958,43.795877],[11.046557,43.79586],[11.046452,43.795873],[11.046262,43.795918],[11.046057,43.79601],[11.045977,43.795974],[11.046223,43.79584],[11.046225,43.795812],[11.046155,43.795769],[11.045974,43.795716],[11.045933,43.795726],[11.045847,43.795696],[11.045636,43.795518],[11.04555,43.795484],[11.04525,43.795495],[11.0441,43.795613],[11.043639,43.795457],[11.043535,43.795435],[11.04345,43.795439],[11.043395,43.795462],[11.043206,43.79549],[11.042979,43.795503],[11.042747,43.79549],[11.042555,43.795522],[11.042142,43.795687],[11.041922,43.795803],[11.041513,43.796057],[11.041682,43.796351],[11.041766,43.796581],[11.041886,43.79683],[11.041866,43.796856],[11.041986,43.797226],[11.042217,43.797209],[11.042234,43.797258],[11.042255,43.797261],[11.042434,43.79721],[11.042505,43.79722],[11.04271,43.797598],[11.04314,43.797518],[11.043385,43.797434],[11.043614,43.79788],[11.044128,43.797759],[11.044393,43.798213],[11.0445,43.798185],[11.044816,43.798165],[11.044989,43.798187],[11.045078,43.79818],[11.045248,43.798116],[11.045402,43.797999],[11.045672,43.797912],[11.045783,43.797894],[11.04639,43.797922],[11.046469,43.797933],[11.04662,43.797985],[11.046655,43.797959],[11.046704,43.79785],[11.047079,43.797804],[11.047264,43.797755],[11.047349,43.797713],[11.047553,43.797568],[11.047911,43.797481],[11.047953,43.797484],[11.048295,43.797599],[11.048476,43.797705],[11.048825,43.797751],[11.048885,43.797739],[11.049029,43.797618],[11.04908,43.7976],[11.049632,43.797625],[11.049678,43.79837],[11.049664,43.798482],[11.049542,43.79855],[11.049077,43.798658],[11.049034,43.79874],[11.049091,43.798814],[11.04922,43.798827],[11.049279,43.798867],[11.049343,43.798987],[11.049456,43.799087],[11.049299,43.799269],[11.049318,43.799466],[11.049464,43.799752],[11.049531,43.799806],[11.049448,43.799859],[11.049442,43.79988],[11.049661,43.800225],[11.049787,43.800381],[11.04982,43.800387],[11.050178,43.800234],[11.050289,43.800322],[11.050471,43.800275],[11.05053,43.800244],[11.050511,43.800056],[11.050538,43.800047],[11.050563,43.800054],[11.050589,43.800283],[11.050636,43.800447],[11.050705,43.800562],[11.05077,43.800618],[11.051119,43.800389],[11.051194,43.800403],[11.051359,43.800317],[11.052808,43.800852],[11.052735,43.80094],[11.052616,43.801007],[11.052623,43.80103],[11.052656,43.801031],[11.052745,43.800982],[11.052804,43.801004],[11.053131,43.801215],[11.053394,43.801339],[11.055076,43.802054],[11.056746,43.802747],[11.057839,43.803132],[11.057882,43.803329],[11.057919,43.80397],[11.057866,43.804243],[11.057697,43.804234],[11.057671,43.804255],[11.057288,43.804307],[11.056252,43.804409],[11.055274,43.804536],[11.054702,43.804592],[11.054201,43.804572],[11.053671,43.804694],[11.053543,43.804701],[11.053467,43.804686],[11.053501,43.804492],[11.053484,43.804473],[11.052958,43.804339],[11.052868,43.804324],[11.052742,43.804326],[11.052647,43.804305],[11.052482,43.80421],[11.052292,43.804141],[11.052125,43.804027],[11.051957,43.80397],[11.051885,43.803919],[11.051533,43.803765],[11.050759,43.803547],[11.050737,43.803528],[11.050722,43.803446],[11.050678,43.803368],[11.050236,43.803086],[11.050187,43.802821],[11.0501,43.802649],[11.049931,43.802414],[11.049879,43.802308],[11.049843,43.802086],[11.049799,43.801956],[11.049746,43.801869],[11.049566,43.801687],[11.049542,43.80153],[11.04934,43.801257],[11.0493,43.801085],[11.04913,43.800975],[11.049043,43.800861],[11.048919,43.800805],[11.0487,43.800667],[11.048712,43.800497],[11.048775,43.800296],[11.048773,43.800258],[11.04874,43.800232],[11.048453,43.800328],[11.048122,43.800327],[11.047949,43.800272],[11.047525,43.800267],[11.047411,43.800225],[11.04721,43.800119],[11.047142,43.800112],[11.04699,43.800133],[11.046828,43.800116],[11.046695,43.800149],[11.04653,43.800166],[11.046262,43.800318],[11.046036,43.800416],[11.045887,43.800418],[11.045655,43.800346],[11.045557,43.800359],[11.045303,43.80044],[11.045129,43.800549],[11.045029,43.800583],[11.044866,43.800607],[11.044662,43.800583],[11.044509,43.800581],[11.044404,43.80061],[11.044268,43.800676],[11.044006,43.800746],[11.043846,43.800754],[11.043647,43.800716],[11.043439,43.800757],[11.043238,43.800764],[11.042969,43.800825],[11.04273,43.800838],[11.042582,43.80093],[11.042532,43.800944],[11.042382,43.800935],[11.042252,43.800951],[11.042039,43.800882],[11.041879,43.800878],[11.041716,43.800956],[11.041578,43.801104],[11.041438,43.801217],[11.041358,43.801257],[11.041225,43.801282],[11.041172,43.80134],[11.041103,43.801377],[11.040888,43.801333],[11.040546,43.80134],[11.04013,43.801499],[11.039909,43.801487],[11.039637,43.801544],[11.039518,43.801592],[11.039418,43.801705],[11.039373,43.801724],[11.039205,43.801727],[11.038709,43.801679],[11.038426,43.801704],[11.038399,43.80173],[11.038239,43.801737],[11.038234,43.801759],[11.039106,43.80286],[11.039156,43.804029],[11.039142,43.804056],[11.038716,43.803838],[11.037366,43.803609],[11.037052,43.803576],[11.036734,43.803628],[11.036017,43.803806],[11.032542,43.804708],[11.032362,43.804722],[11.032015,43.804714],[11.031425,43.804663],[11.031398,43.80468],[11.031415,43.8047],[11.031807,43.804791],[11.031967,43.804854],[11.032043,43.804895],[11.032616,43.805325],[11.032701,43.805367],[11.032931,43.805408],[11.032948,43.805444],[11.032886,43.805521],[11.032862,43.805614],[11.03297,43.805748],[11.033284,43.806053],[11.03336,43.806087],[11.033815,43.806206],[11.034199,43.806433],[11.034066,43.806521],[11.033852,43.80691],[11.033568,43.807237],[11.033723,43.807315],[11.034126,43.807615],[11.034167,43.807712],[11.034505,43.808016],[11.034813,43.808145],[11.035211,43.808282],[11.035654,43.80854],[11.035672,43.808555],[11.035651,43.808655],[11.035728,43.808751],[11.036035,43.808977],[11.036093,43.808994],[11.036214,43.808968],[11.03627,43.808979],[11.036316,43.809142],[11.036357,43.809179],[11.03642,43.809187],[11.036536,43.809166],[11.03663,43.80909],[11.036641,43.808984],[11.036684,43.808979],[11.036737,43.809],[11.036835,43.809101],[11.036858,43.809262],[11.036887,43.809303],[11.037104,43.809453],[11.037553,43.809559],[11.037655,43.809606],[11.037979,43.809938],[11.037864,43.810002],[11.037553,43.810227],[11.037268,43.810511],[11.036944,43.810359],[11.036821,43.810378],[11.036693,43.810355],[11.036352,43.810147],[11.0363,43.81006],[11.036211,43.810005],[11.035544,43.809862],[11.035416,43.809855],[11.034501,43.809886],[11.034437,43.809869],[11.034292,43.809776],[11.034178,43.809754],[11.033924,43.809828],[11.033843,43.809834],[11.033603,43.809765],[11.033332,43.809716],[11.033223,43.809658],[11.033118,43.809623],[11.032936,43.80963],[11.032787,43.809589],[11.032738,43.809595],[11.032534,43.80968],[11.032412,43.809679],[11.032243,43.809819],[11.030645,43.810157],[11.030599,43.810156],[11.030544,43.810113],[11.030779,43.809848],[11.030784,43.809824],[11.03065,43.809636],[11.0305,43.809472],[11.030404,43.809404],[11.030326,43.809378],[11.030162,43.809453],[11.029561,43.809368],[11.029314,43.809592],[11.029201,43.809569],[11.029093,43.809508],[11.028637,43.809151],[11.028586,43.809016],[11.028555,43.809016],[11.02843,43.809084],[11.028302,43.808973],[11.027569,43.808485],[11.027532,43.808486],[11.027484,43.808525],[11.027259,43.808228],[11.027193,43.80821],[11.027087,43.80824],[11.026897,43.808155],[11.026858,43.808121],[11.026899,43.808099],[11.02692,43.807814],[11.026939,43.807761],[11.026912,43.807663],[11.026933,43.807291],[11.027133,43.807164],[11.02732,43.807129],[11.027393,43.807079],[11.027387,43.807044],[11.027685,43.807005],[11.027925,43.806799],[11.028278,43.806673],[11.028683,43.806581],[11.028822,43.806565],[11.029456,43.806056],[11.029541,43.805954],[11.029545,43.805914],[11.029609,43.805905],[11.02972,43.805842],[11.02974,43.805758],[11.029105,43.805083],[11.029071,43.805078],[11.028872,43.805172],[11.02885,43.805067],[11.028979,43.804996],[11.029405,43.804839],[11.03026,43.804613],[11.030416,43.804561],[11.030556,43.804586],[11.030929,43.804304],[11.031239,43.803961],[11.031665,43.80335],[11.031784,43.803109],[11.031886,43.80279],[11.032178,43.802599],[11.032632,43.802906],[11.032978,43.802668],[11.03297,43.802635],[11.033099,43.802651],[11.03349,43.802579],[11.033605,43.802472],[11.033654,43.802387],[11.033645,43.802333],[11.03356,43.802254],[11.033511,43.802089],[11.033547,43.802061],[11.033483,43.802018],[11.033297,43.801516],[11.033174,43.801378],[11.033069,43.801206],[11.032987,43.80118],[11.032616,43.801182],[11.032022,43.801266],[11.03197,43.801133],[11.03159,43.800526],[11.031457,43.800013],[11.031453,43.799892],[11.031522,43.799568],[11.031466,43.799535],[11.031444,43.79955],[11.031396,43.799762],[11.030987,43.799803],[11.03096,43.799768],[11.030921,43.799761],[11.030832,43.79982],[11.030874,43.799867],[11.030491,43.799931],[11.030242,43.800031],[11.030157,43.800123],[11.030157,43.80028],[11.030251,43.800562],[11.030204,43.800594],[11.030246,43.800635],[11.030173,43.800716],[11.030018,43.800839],[11.029877,43.801022],[11.029792,43.801091],[11.02967,43.801138],[11.029561,43.801113],[11.029424,43.801107],[11.029274,43.801406],[11.028816,43.801488],[11.028416,43.801395],[11.028327,43.801583],[11.028203,43.801494],[11.028162,43.801502],[11.028219,43.80161],[11.028117,43.801806],[11.02823,43.802021],[11.028352,43.802046],[11.02848,43.802879],[11.027279,43.803192],[11.027264,43.803213],[11.027287,43.803274],[11.027119,43.803711],[11.027027,43.803664],[11.026946,43.80366],[11.026614,43.803767],[11.026601,43.803788],[11.026643,43.803889],[11.026894,43.804265],[11.026906,43.804647],[11.027949,43.805167],[11.028133,43.805462],[11.027754,43.805663],[11.027287,43.805997],[11.02728,43.806011],[11.027318,43.806046],[11.02579,43.807256],[11.025603,43.807378],[11.025212,43.807539],[11.024493,43.807709],[11.024387,43.80775],[11.024221,43.807844],[11.024066,43.807999],[11.023896,43.80837],[11.023746,43.80857],[11.023415,43.808953],[11.023276,43.809077],[11.023092,43.809188],[11.022556,43.809457],[11.021886,43.809881],[11.02143,43.810085],[11.021234,43.810193],[11.021187,43.810244],[11.021141,43.81034],[11.021121,43.810457],[11.021145,43.810592],[11.021232,43.810699],[11.021487,43.810891],[11.021552,43.810989],[11.021557,43.811044],[11.021508,43.811157],[11.021341,43.811399],[11.021313,43.811501],[11.02145,43.811877],[11.021615,43.81205],[11.02157,43.8121],[11.021413,43.811949],[11.021377,43.811946],[11.020893,43.812241],[11.020798,43.8122],[11.020778,43.812152],[11.020713,43.812112],[11.020612,43.811965],[11.020553,43.811981],[11.020497,43.811928],[11.020268,43.811552],[11.019767,43.811707],[11.019687,43.811672],[11.0197,43.81153],[11.01945,43.811031],[11.01915,43.811105],[11.018931,43.811181],[11.018626,43.811359],[11.01812,43.811676],[11.018079,43.811742],[11.018087,43.81187],[11.017887,43.811688],[11.017709,43.811169],[11.01761,43.811174],[11.017411,43.811106],[11.017304,43.811103],[11.017255,43.811071],[11.017081,43.811105],[11.016928,43.811108],[11.015994,43.810919],[11.015925,43.810893],[11.015847,43.810827],[11.015747,43.810651],[11.015823,43.810624],[11.015843,43.81059],[11.015912,43.810206],[11.016152,43.810173],[11.016172,43.810155],[11.015784,43.809766],[11.016108,43.809658],[11.016118,43.809632],[11.0159,43.809372],[11.016034,43.809311],[11.015927,43.809172],[11.015958,43.809145],[11.015995,43.80905],[11.015988,43.808902],[11.015951,43.80885],[11.015798,43.808757],[11.015588,43.808535],[11.015505,43.80841],[11.015333,43.807994],[11.015352,43.807883],[11.015321,43.807749],[11.015438,43.807588],[11.015468,43.8075],[11.015277,43.807105],[11.015361,43.807072],[11.015545,43.806952],[11.015809,43.806811],[11.015902,43.80674],[11.016174,43.80643],[11.016301,43.806247],[11.016754,43.806138],[11.017137,43.805636],[11.017143,43.805411],[11.016601,43.804906],[11.015977,43.805375],[11.015618,43.805486],[11.015251,43.805361],[11.015465,43.805171],[11.015463,43.805088],[11.015131,43.804538],[11.015099,43.804528],[11.014891,43.804582],[11.014877,43.804553],[11.01535,43.80442],[11.015624,43.804296],[11.015609,43.804226],[11.01547,43.803984],[11.015425,43.803936],[11.0153,43.803861],[11.014946,43.803795],[11.014915,43.803773],[11.014875,43.803699],[11.014847,43.803699],[11.01478,43.803732],[11.014724,43.803779],[11.013579,43.803172],[11.013492,43.803225],[11.013169,43.80353],[11.012335,43.803672],[11.011857,43.80364],[11.011525,43.803685],[11.010986,43.803599],[11.0108,43.803781],[11.010484,43.803679],[11.010021,43.803475],[11.009968,43.803509],[11.009541,43.803466],[11.00919,43.803509],[11.009114,43.803562],[11.009163,43.803479],[11.009553,43.803435],[11.009592,43.803414],[11.009607,43.803358],[11.009514,43.803143],[11.009522,43.803058],[11.009557,43.803027],[11.010054,43.802723],[11.010225,43.802545],[11.010408,43.802503],[11.010785,43.802336],[11.0104,43.80167],[11.01072,43.80157],[11.010735,43.801549],[11.010701,43.801484],[11.010579,43.801505],[11.01046,43.800201],[11.010505,43.800253],[11.011165,43.800599],[11.01124,43.800613],[11.012195,43.800451],[11.012735,43.800796],[11.01324,43.800618],[11.013449,43.800565],[11.013562,43.800505],[11.013539,43.800464],[11.013549,43.800389],[11.013943,43.799938],[11.013561,43.799534],[11.012924,43.798793],[11.012756,43.798676],[11.012823,43.798688],[11.012919,43.798682],[11.013399,43.7985],[11.013909,43.798564],[11.014321,43.798251],[11.014397,43.798175],[11.014461,43.798057],[11.0146,43.797521],[11.014578,43.7975],[11.014411,43.797488],[11.014391,43.797493],[11.014386,43.797541],[11.014322,43.797501],[11.014288,43.797447],[11.014305,43.797305],[11.014412,43.797149],[11.014489,43.797236],[11.014538,43.797229],[11.014626,43.797143],[11.014862,43.797258],[11.014988,43.797301],[11.015031,43.797355],[11.015219,43.797414],[11.015482,43.797427],[11.015764,43.794905],[11.015732,43.794901],[11.015655,43.794936],[11.015614,43.794932],[11.015538,43.794971],[11.015496,43.794971],[11.015364,43.795075],[11.015271,43.795075],[11.015203,43.795121],[11.01464,43.795584],[11.014306,43.795887],[11.013628,43.796596],[11.012578,43.797462],[11.012267,43.797686],[11.011559,43.79809],[11.010958,43.798582],[11.010293,43.799016],[11.010019,43.799147],[11.009655,43.799403],[11.009569,43.799443],[11.009355,43.799604],[11.009255,43.799729],[11.009154,43.799902],[11.009059,43.800006],[11.008859,43.800134],[11.008583,43.800342],[11.00851,43.800427],[11.008346,43.800678],[11.008315,43.800759],[11.008323,43.800973],[11.008241,43.801419],[11.008185,43.801516],[11.008155,43.801495],[11.008126,43.801504],[11.008004,43.801677],[11.007004,43.801133],[11.007036,43.801065],[11.006657,43.800615],[11.006681,43.800582],[11.006539,43.800218],[11.007002,43.800039],[11.007273,43.799957],[11.007411,43.799881],[11.00739,43.799861],[11.00728,43.799848],[11.007036,43.798945],[11.006451,43.798878],[11.00683,43.798574],[11.006811,43.798556],[11.006742,43.798202],[11.006709,43.798201],[11.006569,43.79828],[11.005942,43.798021],[11.005824,43.798065],[11.005494,43.798311],[11.005395,43.798454],[11.005394,43.7985],[11.005427,43.798552],[11.00538,43.798516],[11.005349,43.798513],[11.005255,43.79856],[11.00526,43.798575],[11.005297,43.798583],[11.005136,43.798605],[11.005145,43.79821],[11.005099,43.798081],[11.004882,43.797751],[11.004912,43.79771],[11.004754,43.797614],[11.004563,43.797662],[11.004347,43.797619],[11.003878,43.79765],[11.003607,43.797584],[11.003304,43.797476],[11.00341,43.797239],[11.003366,43.797201],[11.003341,43.797215],[11.00326,43.797413],[11.002709,43.797444],[11.002583,43.797562],[11.002589,43.797587],[11.00273,43.797662],[11.002691,43.797699],[11.002863,43.798067],[11.002892,43.798114],[11.00305,43.798249],[11.003139,43.798941],[11.003,43.799517],[11.002996,43.79976],[11.003043,43.800078],[11.003089,43.800168],[11.003199,43.800193],[11.003407,43.800179],[11.003627,43.800189],[11.003729,43.800211],[11.004282,43.800407],[11.005167,43.800748],[11.005087,43.800749],[11.00488,43.800711],[11.004559,43.800754],[11.004296,43.800876],[11.004008,43.80097],[11.003793,43.80107],[11.003683,43.801138],[11.003509,43.801302],[11.003532,43.801355],[11.00341,43.801486],[11.003339,43.80151],[11.00318,43.801776],[11.003359,43.802346],[11.003363,43.802667],[11.003379,43.802673],[11.003407,43.802659],[11.003495,43.802415],[11.003568,43.802319],[11.003934,43.802067],[11.004006,43.802039],[11.004161,43.802029],[11.005057,43.802153],[11.00523,43.802244],[11.005321,43.802387],[11.005419,43.802694],[11.005441,43.803013],[11.005483,43.803114],[11.00566,43.803144],[11.005828,43.803137],[11.006211,43.803081],[11.006301,43.80308],[11.006481,43.803131],[11.006607,43.8032],[11.006691,43.803286],[11.006945,43.803412],[11.006937,43.803451],[11.007141,43.803633],[11.007141,43.803652],[11.00728,43.803735],[11.007267,43.80376],[11.007088,43.803708],[11.006957,43.804003],[11.006979,43.804025],[11.007643,43.804073],[11.007668,43.804062],[11.007714,43.80398],[11.007878,43.803959],[11.007931,43.804125],[11.008035,43.805081],[11.008092,43.805148],[11.008049,43.805184],[11.00808,43.805209],[11.008134,43.805186],[11.008586,43.80559],[11.008598,43.805619],[11.008664,43.80628],[11.008747,43.806495],[11.008812,43.806568],[11.008768,43.806693],[11.008638,43.806874],[11.009155,43.807339],[11.009234,43.807386],[11.00934,43.807421],[11.009404,43.807562],[11.009569,43.807554],[11.009601,43.807783],[11.009089,43.80792],[11.009073,43.807936],[11.008834,43.807853],[11.008802,43.807861],[11.008869,43.808079],[11.00897,43.808151],[11.008761,43.808287],[11.008692,43.808363],[11.009198,43.808618],[11.009371,43.808625],[11.009608,43.808675],[11.009692,43.808678],[11.009856,43.808655],[11.010166,43.808512],[11.010073,43.808668],[11.010083,43.80869],[11.010893,43.809061],[11.010922,43.809061],[11.011091,43.808986],[11.011247,43.809017],[11.011446,43.809095],[11.011465,43.809074],[11.011465,43.808995],[11.011577,43.809318],[11.01166,43.809827],[11.011734,43.810087],[11.012104,43.810902],[11.012126,43.810998],[11.012112,43.811128],[11.012177,43.811143],[11.012181,43.811201],[11.012225,43.811302],[11.012736,43.812154],[11.012843,43.812201],[11.013815,43.812372],[11.014,43.812539],[11.014461,43.81281],[11.014491,43.812811],[11.014631,43.812744],[11.014979,43.812882],[11.015196,43.813002],[11.015365,43.81316],[11.01566,43.813527],[11.015813,43.813608],[11.016077,43.813671],[11.016391,43.813707],[11.016479,43.81373],[11.016539,43.813768],[11.016664,43.813903],[11.01685,43.813978],[11.017032,43.813972],[11.017396,43.813866],[11.017449,43.813998],[11.01741,43.814013],[11.017414,43.814071],[11.017364,43.81408],[11.017358,43.814149],[11.017235,43.814304],[11.017115,43.814412],[11.017112,43.814434],[11.017575,43.814582],[11.017513,43.814636],[11.017525,43.814664],[11.018111,43.8148],[11.017726,43.815589],[11.018994,43.815987],[11.019427,43.81593],[11.019886,43.816082],[11.019914,43.816372],[11.019997,43.816413],[11.020228,43.816402],[11.020321,43.816373],[11.020424,43.816309],[11.02045,43.816317],[11.020421,43.816361],[11.02006,43.816438],[11.020079,43.816824],[11.020426,43.817372],[11.020445,43.817432],[11.020512,43.817489],[11.020581,43.817714],[11.020584,43.817796],[11.02022,43.818163],[11.020128,43.818376],[11.019962,43.8186],[11.01999,43.818666],[11.020065,43.818698],[11.020739,43.818792],[11.020752,43.819122],[11.020725,43.81924],[11.020757,43.819277],[11.020787,43.819265],[11.020816,43.819197],[11.020894,43.819145],[11.021045,43.819292],[11.021071,43.819299],[11.021864,43.81915],[11.02203,43.819155],[11.022201,43.819216],[11.022435,43.819077],[11.022691,43.818839],[11.022973,43.818699],[11.0233,43.818451],[11.023396,43.818445],[11.023414,43.818428],[11.023414,43.818273],[11.023372,43.818167],[11.023353,43.818041],[11.023243,43.817842],[11.023046,43.817602],[11.022996,43.817477],[11.022962,43.817218],[11.022812,43.817082],[11.022502,43.816885],[11.022245,43.816758],[11.022146,43.81667],[11.022051,43.816629],[11.021737,43.816545],[11.021361,43.816548],[11.021406,43.816421],[11.021525,43.816423],[11.021836,43.816346],[11.022396,43.816039],[11.022735,43.815946],[11.023151,43.815781],[11.023299,43.815682],[11.023449,43.815441],[11.023488,43.815257],[11.023466,43.814929],[11.023412,43.814873],[11.023246,43.814775],[11.022917,43.814486],[11.022834,43.814407],[11.022712,43.814236],[11.022699,43.814205],[11.02272,43.814058],[11.022711,43.813761],[11.022642,43.813488],[11.022638,43.813379],[11.022587,43.813324],[11.022474,43.813279],[11.022387,43.813277],[11.022328,43.813315],[11.022277,43.813017],[11.022364,43.812995],[11.022364,43.812929],[11.022521,43.812905],[11.022574,43.812926],[11.022677,43.812932],[11.022693,43.812974],[11.022713,43.812977],[11.022818,43.812843],[11.022914,43.81276],[11.0233,43.812525],[11.023283,43.812502],[11.023121,43.812467],[11.02338,43.812075],[11.023971,43.811256],[11.023772,43.811068],[11.02458,43.810762],[11.024373,43.810409],[11.0242,43.810367],[11.024094,43.810372],[11.024258,43.81022],[11.024602,43.810201],[11.024683,43.809823],[11.024906,43.809793],[11.025132,43.809733],[11.025174,43.809737],[11.025875,43.810079],[11.025897,43.810062],[11.02591,43.809731],[11.026426,43.809709],[11.02654,43.80982],[11.026558,43.809858],[11.026616,43.810123],[11.026715,43.810143],[11.027081,43.809964],[11.027355,43.810282],[11.027478,43.810291],[11.027901,43.810448],[11.028043,43.81039],[11.028484,43.810431],[11.028889,43.810441],[11.028923,43.810554],[11.028924,43.810644],[11.028969,43.810731],[11.029301,43.81109],[11.029469,43.811296],[11.02951,43.811404],[11.029536,43.81142],[11.029911,43.8114],[11.030432,43.811405],[11.030662,43.811481],[11.030875,43.811489],[11.030903,43.811509],[11.031061,43.811517],[11.031174,43.811496],[11.03129,43.811433],[11.031379,43.811354],[11.031504,43.811193],[11.031961,43.811163],[11.03235,43.811212],[11.03272,43.811321],[11.032867,43.811328],[11.032944,43.811308],[11.033684,43.810978],[11.034767,43.810695],[11.034945,43.810662],[11.035556,43.810792],[11.036219,43.811023],[11.036401,43.811069],[11.036412,43.811092],[11.036648,43.811093],[11.036713,43.811114],[11.036639,43.811378],[11.03664,43.81147],[11.036675,43.811517],[11.036766,43.811575],[11.03683,43.811672],[11.036829,43.811898],[11.037144,43.811914],[11.037496,43.812932],[11.037521,43.812946],[11.037912,43.812944],[11.037929,43.812995],[11.037698,43.813],[11.037675,43.813023],[11.037943,43.813721],[11.037762,43.813744],[11.037495,43.813827],[11.037368,43.81383],[11.037325,43.813845],[11.0371,43.81396],[11.036909,43.814028],[11.036696,43.814211],[11.03667,43.814249],[11.036555,43.814289],[11.036384,43.814378],[11.036235,43.814401],[11.036168,43.814458],[11.036137,43.814464],[11.036089,43.81443],[11.036065,43.81438],[11.036013,43.814377],[11.035781,43.814488],[11.035703,43.814555],[11.035476,43.814632],[11.035383,43.814731],[11.034774,43.815118],[11.034578,43.815207],[11.034251,43.815285],[11.034187,43.815338],[11.034051,43.815404],[11.033936,43.815485],[11.033792,43.815693],[11.03365,43.815745],[11.03361,43.815786],[11.033448,43.815865],[11.033261,43.815864],[11.033135,43.815878],[11.03295,43.815816],[11.032851,43.815823],[11.032662,43.815743],[11.03226,43.815614],[11.032086,43.815646],[11.032006,43.815841],[11.031945,43.816128],[11.03173,43.816376],[11.031514,43.816699],[11.031427,43.816767],[11.031398,43.816883],[11.030971,43.817091],[11.030742,43.817158],[11.03041,43.817332],[11.031256,43.818151],[11.031344,43.818176],[11.032077,43.818886],[11.032077,43.818933],[11.031736,43.819141],[11.03161,43.819321],[11.031464,43.819422],[11.031395,43.819613],[11.031276,43.819817],[11.031105,43.820003],[11.030985,43.820188],[11.030675,43.820915],[11.030564,43.821119],[11.030523,43.821161],[11.030314,43.821251],[11.030277,43.821281],[11.029933,43.821373],[11.029486,43.821528],[11.029346,43.821678],[11.029051,43.821907],[11.02826,43.822503],[11.027627,43.822934],[11.027563,43.823014],[11.027479,43.823251],[11.027456,43.823436],[11.027357,43.823824],[11.027255,43.823935],[11.026974,43.824312],[11.026832,43.824411],[11.02611,43.824737],[11.025616,43.825007],[11.025604,43.82499],[11.025767,43.824889],[11.025626,43.824381],[11.025642,43.824024],[11.025613,43.823941],[11.02549,43.823798],[11.025463,43.82379],[11.025432,43.823817],[11.025487,43.823889],[11.025493,43.824012],[11.025372,43.82426],[11.025212,43.824443],[11.025031,43.824612],[11.024923,43.824684],[11.024656,43.824801],[11.023686,43.824968],[11.023394,43.825045],[11.023297,43.825105],[11.022938,43.82478],[11.022589,43.824757],[11.022563,43.824775],[11.022561,43.824892],[11.022513,43.824969],[11.022507,43.824933],[11.022476,43.824918],[11.021759,43.825044],[11.021142,43.825111],[11.021146,43.825135],[11.021384,43.825276],[11.021392,43.825301],[11.021461,43.825346],[11.021501,43.825438],[11.021425,43.825472],[11.021396,43.82539],[11.02133,43.825331],[11.020924,43.825133],[11.020652,43.824968],[11.020288,43.824784],[11.019838,43.824994],[11.019671,43.824997],[11.019339,43.825106],[11.019136,43.825152],[11.018935,43.825238],[11.018896,43.825271],[11.018852,43.825542],[11.01881,43.825653],[11.01879,43.82552],[11.018769,43.825504],[11.017977,43.825412],[11.017498,43.825276],[11.017364,43.825492],[11.017267,43.82561],[11.017285,43.825678],[11.017163,43.825737],[11.017029,43.825784],[11.016805,43.825806],[11.016256,43.825912],[11.016046,43.825923],[11.015899,43.825906],[11.015842,43.825708],[11.015457,43.825746],[11.015289,43.825441],[11.015279,43.825303],[11.015238,43.8252],[11.015166,43.825134],[11.015086,43.825025],[11.014972,43.824692],[11.014947,43.824671],[11.014763,43.824704],[11.014758,43.82468],[11.01491,43.824649],[11.014988,43.824612],[11.014996,43.824588],[11.0149,43.824482],[11.014685,43.824441],[11.014626,43.824392],[11.014565,43.824413],[11.014433,43.824308],[11.014257,43.824432],[11.014304,43.824506],[11.014318,43.824589],[11.014311,43.824629],[11.014246,43.824701],[11.014105,43.824759],[11.013769,43.824543],[11.013537,43.824721],[11.013539,43.824747],[11.013607,43.824791],[11.013355,43.824985],[11.013136,43.82484],[11.013108,43.824838],[11.013089,43.82486],[11.012904,43.82475],[11.012865,43.824755],[11.012662,43.825034],[11.012522,43.825264],[11.012397,43.825415],[11.012399,43.825436],[11.012672,43.825676],[11.012779,43.825729],[11.012856,43.825718],[11.012903,43.825641],[11.013665,43.825773],[11.013791,43.825956],[11.013842,43.825958],[11.013909,43.826102],[11.014046,43.826856],[11.01326,43.826938],[11.012814,43.826963],[11.012723,43.826953],[11.012381,43.826804],[11.012208,43.826621],[11.012073,43.826415],[11.011893,43.826267],[11.011677,43.826146],[11.011439,43.826087],[11.010782,43.826018],[11.010021,43.825975],[11.009881,43.82594],[11.009652,43.825851],[11.009281,43.825664],[11.009139,43.825571],[11.008981,43.825438],[11.008844,43.825292],[11.008689,43.825072],[11.008561,43.824929],[11.00822,43.824709],[11.008101,43.824505],[11.008022,43.824263],[11.008033,43.823992],[11.008091,43.823726],[11.008049,43.823367],[11.007832,43.822902],[11.00769,43.822682],[11.007392,43.822378],[11.007291,43.822306],[11.006822,43.822596],[11.006431,43.822885],[11.006067,43.823225],[11.00593,43.823314],[11.005734,43.823409],[11.005587,43.823672],[11.005562,43.823645],[11.005424,43.823146],[11.005402,43.823131],[11.003255,43.822949],[11.000075,43.82273],[10.999873,43.822607],[10.999404,43.822578],[10.999323,43.82262],[10.999223,43.822921],[10.998992,43.823004],[10.998615,43.823102],[10.995956,43.823899],[10.995848,43.823855],[10.995771,43.823874],[10.995608,43.823785],[10.995565,43.823791],[10.995076,43.823578],[10.994801,43.823539],[10.994518,43.823524],[10.993817,43.82356],[10.993678,43.82353],[10.99323,43.823378],[10.993124,43.823328],[10.993088,43.823292],[10.992954,43.823003],[10.992916,43.822994],[10.992644,43.823132],[10.992271,43.823265],[10.992128,43.823286],[10.991904,43.823274],[10.991852,43.823284],[10.991102,43.823545],[10.990943,43.823641],[10.990717,43.823846],[10.990653,43.823873],[10.990549,43.823861],[10.990253,43.823687],[10.990219,43.823689],[10.990181,43.823746],[10.990045,43.824208],[10.989686,43.824473],[10.989536,43.824549],[10.989384,43.824599],[10.98927,43.824615],[10.989102,43.824621],[10.988983,43.824602],[10.988561,43.824412],[10.988191,43.824275],[10.988162,43.824228],[10.988158,43.82411],[10.988118,43.824059],[10.98801,43.824005],[10.987722,43.823898],[10.987584,43.823825],[10.987417,43.823766],[10.986827,43.823657],[10.98639,43.823608],[10.985929,43.823389],[10.985847,43.823385],[10.985306,43.823438],[10.985254,43.823401],[10.985144,43.823361],[10.98511,43.82337],[10.985078,43.823414],[10.985037,43.823418],[10.984985,43.823378],[10.984943,43.823382],[10.984939,43.823296],[10.984821,43.822962],[10.984769,43.822731],[10.98475,43.822715],[10.984856,43.822491],[10.984904,43.822313],[10.984906,43.822199],[10.984767,43.822016],[10.984776,43.821767],[10.984698,43.821482],[10.984627,43.821391],[10.984529,43.821109],[10.98447,43.820547],[10.984212,43.819971],[10.9831,43.819938],[10.982405,43.819661],[10.98147,43.819238],[10.981124,43.819115],[10.980746,43.819053],[10.980344,43.818932],[10.979806,43.818818],[10.97968,43.818689],[10.979503,43.818723],[10.979286,43.818709],[10.979072,43.818666],[10.978885,43.818609],[10.97861,43.818398],[10.978201,43.818174],[10.978154,43.818163],[10.977997,43.818174],[10.977839,43.818158],[10.97747,43.817988],[10.977015,43.81786],[10.976817,43.817841],[10.976714,43.817863],[10.976254,43.818025],[10.976124,43.818042],[10.976007,43.818023],[10.975801,43.81796],[10.975399,43.817795],[10.97531,43.817698],[10.975178,43.817487],[10.975092,43.817441],[10.974928,43.817397],[10.974472,43.816994],[10.974217,43.816827],[10.97415,43.816638],[10.973947,43.816514],[10.973487,43.816058],[10.973373,43.815935],[10.97313,43.815578],[10.972972,43.815392],[10.972816,43.815298],[10.972587,43.815018],[10.97248,43.814932],[10.97227,43.81481],[10.972184,43.814736],[10.972117,43.814631],[10.971994,43.814152],[10.971893,43.814006],[10.971884,43.813821],[10.971848,43.813698],[10.971893,43.81357],[10.971882,43.813402],[10.971853,43.813293],[10.971763,43.813141],[10.97147,43.812895],[10.971247,43.812619],[10.971147,43.812544],[10.971044,43.812511],[10.970828,43.812514],[10.970577,43.812575],[10.970438,43.812649],[10.970391,43.8127],[10.970397,43.812724],[10.970438,43.812746],[10.970742,43.812826],[10.970801,43.812855],[10.970945,43.812962],[10.971002,43.81309],[10.970997,43.813145],[10.970946,43.813178],[10.970817,43.813047],[10.970765,43.813015],[10.970692,43.813012],[10.970613,43.813051],[10.970607,43.813118],[10.970679,43.813326],[10.970683,43.813401],[10.970583,43.81361],[10.970609,43.813856],[10.970536,43.813953],[10.97032,43.814098],[10.970226,43.814128],[10.970054,43.814147],[10.970017,43.814164],[10.969935,43.814266],[10.969513,43.814587],[10.969191,43.814759],[10.968996,43.814812],[10.968862,43.81492],[10.968764,43.814934],[10.968708,43.814916],[10.968699,43.814857],[10.968739,43.814793],[10.968712,43.814748],[10.968644,43.814731],[10.968457,43.814749],[10.968404,43.814807],[10.968389,43.815008],[10.968302,43.815037],[10.968203,43.815013],[10.967908,43.81482],[10.967759,43.814787],[10.96734,43.81474],[10.967209,43.814699],[10.966752,43.814507],[10.966614,43.814433],[10.966323,43.814116],[10.965999,43.813809],[10.965952,43.813782],[10.965797,43.813734],[10.965511,43.813708],[10.965319,43.813666],[10.964979,43.813497],[10.964772,43.813346],[10.96446,43.812874],[10.964297,43.812671],[10.964206,43.812591],[10.963989,43.81249],[10.963864,43.812383],[10.967376,43.806492],[10.967375,43.806469],[10.967677,43.806217],[10.9679,43.805976],[10.968026,43.805777],[10.968529,43.804808],[10.968619,43.804703],[10.968825,43.804526],[10.969245,43.804034],[10.969453,43.803905],[10.970424,43.803455],[10.970589,43.80334],[10.970934,43.803176],[10.971448,43.803055],[10.97203,43.802889],[10.972666,43.802601],[10.972845,43.802501],[10.973446,43.801973],[10.973858,43.80155],[10.975063,43.800415],[10.97574,43.799404],[10.976971,43.797755],[10.977823,43.796579],[10.978008,43.796404],[10.978158,43.796184],[10.97813,43.796148],[10.978436,43.795718],[10.979182,43.79417],[10.979612,43.792014],[10.979611,43.791816],[10.979543,43.790607],[10.978782,43.788458],[10.97772,43.785339],[10.977816,43.785311],[10.977847,43.785285],[10.978073,43.784921],[10.978294,43.784676],[10.978757,43.78437],[10.978957,43.78427],[10.979115,43.784234],[10.979384,43.78425],[10.979537,43.784294],[10.979652,43.784279],[10.979809,43.784191],[10.980066,43.783976],[10.980306,43.783851],[10.980647,43.783779],[10.9811,43.783756],[10.981694,43.783972],[10.988307,43.783229],[10.995969,43.778301],[10.998116,43.7769],[10.999174,43.77658],[11.000586,43.776349],[11.001203,43.776393],[11.001257,43.776408],[11.001424,43.776402],[11.001629,43.776329],[11.001851,43.77621],[11.002023,43.776184],[11.002288,43.776193],[11.003178,43.776348],[11.003985,43.776329],[11.004324,43.776274],[11.004514,43.776284],[11.004855,43.776353],[11.005019,43.776401],[11.0052,43.776427],[11.005935,43.776457],[11.007625,43.777036],[11.007828,43.777072],[11.007997,43.777065],[11.008526,43.776807],[11.009053,43.77659],[11.009202,43.776436],[11.009241,43.776338],[11.00925,43.776254],[11.009354,43.776176],[11.00939,43.77609],[11.009313,43.775794],[11.009251,43.77566],[11.00926,43.775612],[11.00932,43.775578],[11.009617,43.775594],[11.010096,43.775737],[11.010283,43.77582],[11.011032,43.775928],[11.011158,43.775912],[11.011507,43.775741],[11.011576,43.775665],[11.011571,43.775408],[11.011524,43.775226],[11.011581,43.775057],[11.011576,43.774947],[11.011592,43.774916],[11.011658,43.774916],[11.011763,43.774942],[11.011848,43.774903],[11.011948,43.77481],[11.012428,43.774583],[11.01252,43.774554],[11.012748,43.774574],[11.012804,43.774597],[11.012978,43.774791],[11.013065,43.774858],[11.01317,43.774906],[11.013449,43.77487],[11.013488,43.774939],[11.013488,43.775047],[11.01345,43.775207],[11.013484,43.77539],[11.013716,43.775703],[11.013971,43.775972],[11.014117,43.776097],[11.014167,43.776165],[11.01416,43.776259],[11.014078,43.776383],[11.014045,43.776494],[11.014153,43.776643],[11.014621,43.77684],[11.014822,43.776896],[11.015021,43.776901],[11.015086,43.776883],[11.015675,43.776863],[11.01595,43.776879],[11.016355,43.776964],[11.01644,43.777028],[11.016937,43.777636],[11.017128,43.777782],[11.01719,43.777869],[11.017203,43.777971],[11.017189,43.778075],[11.017234,43.778182],[11.017349,43.778363],[11.017433,43.778703],[11.017621,43.778973],[11.017687,43.779131],[11.018181,43.779562],[11.018443,43.779731],[11.018546,43.77974],[11.018648,43.779673],[11.018743,43.779527],[11.018769,43.779415],[11.018909,43.779341],[11.019065,43.779323],[11.019146,43.779347],[11.019292,43.779354],[11.019443,43.779335],[11.019604,43.779266],[11.019832,43.779226],[11.020337,43.779243],[11.020451,43.77933],[11.020711,43.779477],[11.020879,43.779487],[11.021127,43.779443],[11.021443,43.779455],[11.021625,43.779497],[11.021856,43.779441],[11.022068,43.779518],[11.022309,43.779665],[11.023154,43.780483],[11.023302,43.780565],[11.023555,43.78066],[11.023806,43.780574],[11.024193,43.7804],[11.02467,43.780256],[11.024997,43.780238],[11.025379,43.780244],[11.025721,43.780222],[11.026149,43.780158],[11.026516,43.78009],[11.02701,43.77991],[11.027588,43.779722],[11.028332,43.77976],[11.028592,43.779802],[11.028624,43.779754],[11.028592,43.779631],[11.028645,43.779583],[11.028557,43.779255],[11.028299,43.778072],[11.028149,43.777528],[11.027897,43.777068],[11.027738,43.776675],[11.027761,43.775393],[11.027679,43.774846],[11.027622,43.774121],[11.027982,43.773933],[11.028416,43.772999],[11.028474,43.772827],[11.028741,43.772579],[11.02935,43.772143],[11.029967,43.771769],[11.030567,43.771315],[11.030987,43.771064],[11.03112,43.770531],[11.032849,43.768938],[11.032925,43.768728],[11.033034,43.768561],[11.033266,43.768372],[11.033589,43.768193],[11.034019,43.767913],[11.034141,43.767873],[11.034484,43.767857],[11.034667,43.76778],[11.034668,43.767723],[11.034529,43.767585],[11.034412,43.767433],[11.034369,43.767241],[11.034315,43.767179],[11.034138,43.767089],[11.034327,43.766826],[11.035585,43.767267],[11.035972,43.767387],[11.03637,43.767482],[11.037243,43.767626],[11.038327,43.767641],[11.038802,43.767626],[11.039315,43.767573],[11.040459,43.767273],[11.042183,43.766747],[11.042363,43.766663],[11.043916,43.766145],[11.044383,43.765975],[11.045148,43.765529],[11.045695,43.765066],[11.046096,43.764379],[11.046434,43.763966],[11.046977,43.762892],[11.047439,43.762144],[11.047967,43.761411],[11.048374,43.76095],[11.048678,43.760698],[11.04949,43.760262],[11.051618,43.759176],[11.052893,43.758704],[11.053792,43.758482],[11.054595,43.758447],[11.055533,43.75849],[11.056273,43.75872],[11.05691,43.759141],[11.05731,43.759664],[11.057554,43.760281],[11.05773,43.76101],[11.057625,43.762026],[11.057716,43.763328],[11.057905,43.764196],[11.05844,43.765705],[11.059046,43.766902],[11.059872,43.768263],[11.060596,43.769395],[11.061342,43.770685],[11.061582,43.771154],[11.061849,43.771774],[11.062116,43.772472],[11.062319,43.773632],[11.062545,43.774237],[11.062776,43.774692],[11.062974,43.774934],[11.063254,43.775179],[11.063739,43.775473],[11.064648,43.775966],[11.0649,43.776049],[11.064932,43.776872]]]},"properties":{"prov":"PO","comune_amm":"B794","comune_descr":"CARMIGNANO","fascia":"R","zona":"R2","zona_descr":"ZONA COLLINARE DEL MONTALBANO: ARTIMINO - BACCHERETO - VERGHERETO - POGGIO ALLA MALVA","microzona":0,"semestre":"2025/1"}},{"type":"Feature","geometry":{"type":"Polygon","coordinates":[[[11.02291,43.925876],[11.022956,43.925816],[11.023129,43.925982],[11.023285,43.925945],[11.02348,43.92603],[11.023677,43.926004],[11.023867,43.925935],[11.024794,43.925413],[11.025125,43.925156],[11.025875,43.924418],[11.026122,43.924201],[11.026156,43.924229],[11.026186,43.924223],[11.027277,43.923102],[11.027459,43.92294],[11.028015,43.922587],[11.02831,43.922456],[11.030787,43.921594],[11.030836,43.921553],[11.030834,43.921527],[11.032338,43.920994],[11.032392,43.921028],[11.032894,43.920214],[11.033001,43.920011],[11.032908,43.919895],[11.032928,43.919859],[11.032762,43.919699],[11.032825,43.919654],[11.033005,43.919835],[11.033231,43.919967],[11.033658,43.92029],[11.033815,43.92044],[11.033967,43.920653],[11.034045,43.92072],[11.034176,43.920628],[11.035059,43.920308],[11.035072,43.920297],[11.035052,43.920255],[11.036936,43.919566],[11.036984,43.919613],[11.037015,43.91962],[11.037646,43.919411],[11.037793,43.919605],[11.037828,43.919612],[11.03784,43.919588],[11.037705,43.91939],[11.038373,43.919165],[11.038787,43.919056],[11.03984,43.918737],[11.040942,43.91838],[11.041938,43.918031],[11.041951,43.918008],[11.041846,43.917846],[11.041892,43.917804],[11.042022,43.917988],[11.042054,43.917996],[11.043758,43.917444],[11.045159,43.917066],[11.045676,43.916951],[11.046855,43.916799],[11.047308,43.917232],[11.04734,43.917236],[11.047521,43.917164],[11.047525,43.917199],[11.047333,43.917274],[11.047324,43.9173],[11.047928,43.917989],[11.048477,43.918675],[11.049014,43.919279],[11.04901,43.919348],[11.048952,43.919471],[11.048629,43.91974],[11.048545,43.91986],[11.048483,43.920023],[11.048584,43.920217],[11.048689,43.920339],[11.048738,43.920545],[11.048919,43.920807],[11.049116,43.921176],[11.049286,43.921416],[11.049276,43.921684],[11.049302,43.921698],[11.049304,43.921807],[11.049354,43.921945],[11.04946,43.922059],[11.049881,43.922378],[11.050324,43.923061],[11.050409,43.92311],[11.05052,43.923124],[11.050902,43.923222],[11.050968,43.923276],[11.051172,43.923236],[11.051156,43.923301],[11.050631,43.923412],[11.049515,43.923561],[11.049325,43.923601],[11.048734,43.923798],[11.0477,43.923844],[11.04686,43.923824],[11.046753,43.923808],[11.046355,43.923865],[11.045373,43.923653],[11.045074,43.923718],[11.04472,43.923827],[11.044713,43.923872],[11.044553,43.923917],[11.044507,43.923884],[11.044454,43.923752],[11.044332,43.923299],[11.044164,43.92308],[11.044138,43.923071],[11.043609,43.923152],[11.041475,43.923569],[11.041417,43.923493],[11.041383,43.923485],[11.041094,43.923598],[11.041082,43.92361],[11.041099,43.923642],[11.040788,43.9237],[11.040768,43.923858],[11.040706,43.924023],[11.040192,43.924198],[11.039962,43.924377],[11.040354,43.924762],[11.040522,43.924851],[11.040744,43.924893],[11.040662,43.924951],[11.040612,43.925017],[11.040217,43.925737],[11.040008,43.925902],[11.039775,43.926056],[11.03928,43.926214],[11.038932,43.92625],[11.038481,43.926396],[11.038418,43.926395],[11.038287,43.926436],[11.038273,43.926457],[11.038284,43.926498],[11.037855,43.926662],[11.037145,43.926886],[11.03696,43.926964],[11.036912,43.927004],[11.03685,43.927017],[11.03676,43.927081],[11.035938,43.927528],[11.035202,43.928065],[11.035195,43.928096],[11.035015,43.92821],[11.034665,43.928359],[11.033334,43.928839],[11.033229,43.928892],[11.032923,43.929118],[11.032933,43.929231],[11.033145,43.929842],[11.033115,43.929903],[11.033147,43.929914],[11.033227,43.929898],[11.033326,43.930073],[11.033276,43.930113],[11.033317,43.93035],[11.033297,43.930741],[11.033356,43.931085],[11.033353,43.931219],[11.033335,43.93124],[11.033299,43.931249],[11.033093,43.931486],[11.033123,43.931565],[11.032983,43.931689],[11.032957,43.931671],[11.032878,43.931666],[11.032789,43.931742],[11.031678,43.932866],[11.031614,43.932957],[11.031465,43.933521],[11.031412,43.934281],[11.03138,43.934417],[11.031409,43.934438],[11.031569,43.934417],[11.031552,43.9345],[11.031384,43.934539],[11.031368,43.934559],[11.031393,43.934574],[11.031461,43.934569],[11.031534,43.934583],[11.031524,43.934601],[11.031318,43.934628],[11.031203,43.934811],[11.031018,43.935302],[11.030898,43.935679],[11.030904,43.935703],[11.030859,43.935776],[11.030769,43.93604],[11.030781,43.936063],[11.030739,43.936126],[11.030656,43.936587],[11.030752,43.937329],[11.030871,43.937522],[11.031029,43.937454],[11.030886,43.937523],[11.030875,43.937545],[11.031324,43.938337],[11.031388,43.938492],[11.031446,43.938798],[11.031416,43.939068],[11.031396,43.939697],[11.03147,43.939831],[11.031593,43.939997],[11.03219,43.940453],[11.032378,43.940545],[11.032489,43.940701],[11.032503,43.940774],[11.032503,43.940819],[11.032416,43.940841],[11.029313,43.940783],[11.029238,43.940533],[11.029042,43.940159],[11.028831,43.939845],[11.028722,43.939722],[11.028237,43.939293],[11.027908,43.938943],[11.027782,43.938606],[11.027781,43.938425],[11.027886,43.938159],[11.027998,43.937943],[11.028124,43.936868],[11.028062,43.936629],[11.027896,43.936404],[11.027538,43.936077],[11.027424,43.935928],[11.027335,43.93567],[11.027252,43.935132],[11.027299,43.933685],[11.027278,43.933335],[11.027199,43.932988],[11.027034,43.932736],[11.026659,43.932383],[11.026216,43.93207],[11.025975,43.931801],[11.025873,43.931576],[11.025602,43.93074],[11.025276,43.92997],[11.025158,43.929302],[11.025075,43.92898],[11.024873,43.928586],[11.024529,43.927627],[11.02436,43.927268],[11.02401,43.926883],[11.023464,43.926444],[11.02291,43.925876]]]},"properties":{"prov":"PO","comune_amm":"F572","comune_descr":"MONTEMURLO","fascia":"B","zona":"B1","zona_descr":"CENTRO ABITATO DI PIANURA: MONTEMURLO - FORNACELLE","microzona":3,"semestre":"2025/1"}},{"type":"Feature","geometry":{"type":"Polygon","coordinates":[[[11.030661,43.936723],[11.030669,43.93646],[11.030742,43.936114],[11.030768,43.936097],[11.030766,43.936047],[11.030862,43.935765],[11.030903,43.935707],[11.030897,43.935682],[11.031018,43.935302],[11.031203,43.93481],[11.031314,43.934628],[11.03149,43.934601],[11.031476,43.934571],[11.031368,43.934575],[11.031346,43.934561],[11.03137,43.934542],[11.031554,43.93449],[11.031565,43.934439],[11.03155,43.93442],[11.031374,43.93444],[11.031412,43.934282],[11.031465,43.93352],[11.031613,43.93296],[11.031677,43.932868],[11.032789,43.931742],[11.032878,43.931665],[11.033007,43.931669],[11.033117,43.931571],[11.033091,43.931486],[11.033202,43.931378],[11.033305,43.931241],[11.033333,43.931237],[11.033354,43.931212],[11.033356,43.931085],[11.033297,43.93074],[11.033317,43.930349],[11.033275,43.930105],[11.03332,43.93006],[11.033222,43.929901],[11.033092,43.929926],[11.033143,43.929839],[11.032933,43.929232],[11.03292,43.929122],[11.033234,43.928889],[11.034666,43.928359],[11.035017,43.928209],[11.035187,43.928101],[11.035198,43.928068],[11.035936,43.927529],[11.036758,43.927082],[11.036854,43.927016],[11.036914,43.927002],[11.036958,43.926965],[11.037147,43.926885],[11.037855,43.926662],[11.03827,43.926503],[11.038272,43.92644],[11.038421,43.926394],[11.038485,43.926394],[11.038931,43.92625],[11.039283,43.926213],[11.039772,43.926057],[11.040008,43.925902],[11.040213,43.925741],[11.040612,43.925016],[11.040721,43.924903],[11.040702,43.924884],[11.040527,43.924853],[11.040354,43.924762],[11.039957,43.924376],[11.040194,43.924197],[11.040699,43.924024],[11.040768,43.923856],[11.040784,43.923698],[11.041067,43.923648],[11.041086,43.923632],[11.041075,43.923606],[11.041401,43.923478],[11.041462,43.923556],[11.041491,43.923566],[11.043608,43.923152],[11.044151,43.923068],[11.044333,43.923301],[11.044454,43.923752],[11.044506,43.923883],[11.044554,43.923914],[11.044694,43.923877],[11.044702,43.923832],[11.045074,43.923718],[11.045377,43.923652],[11.046363,43.923865],[11.046756,43.923807],[11.046859,43.923824],[11.0477,43.923844],[11.048629,43.923811],[11.048739,43.923796],[11.049322,43.923602],[11.049514,43.923561],[11.050778,43.923389],[11.050957,43.923336],[11.051558,43.923235],[11.051698,43.92327],[11.052162,43.923322],[11.052668,43.923576],[11.053506,43.924166],[11.053861,43.924489],[11.054073,43.924629],[11.054317,43.924734],[11.054547,43.924872],[11.053541,43.925267],[11.054531,43.926878],[11.053333,43.927236],[11.053295,43.927283],[11.053313,43.927507],[11.053294,43.927592],[11.053392,43.92771],[11.054119,43.927555],[11.054428,43.928214],[11.054339,43.928285],[11.054123,43.928265],[11.054103,43.92827],[11.054102,43.928298],[11.054461,43.928331],[11.054929,43.928264],[11.055257,43.92825],[11.05548,43.928341],[11.055755,43.928504],[11.055994,43.928574],[11.056295,43.928533],[11.056419,43.928496],[11.056737,43.929432],[11.056804,43.929447],[11.056855,43.929603],[11.058163,43.929346],[11.05841,43.929326],[11.05851,43.929262],[11.058706,43.929223],[11.058772,43.929366],[11.05911,43.929913],[11.060111,43.929873],[11.060689,43.929816],[11.060601,43.930455],[11.06103,43.930506],[11.061819,43.930645],[11.061851,43.930638],[11.061963,43.930714],[11.061984,43.931041],[11.062213,43.931665],[11.060913,43.932791],[11.060764,43.933106],[11.060428,43.933071],[11.060178,43.933159],[11.060389,43.933507],[11.060313,43.933591],[11.059988,43.933702],[11.059581,43.93375],[11.059535,43.93372],[11.059424,43.933484],[11.059355,43.933397],[11.059221,43.933286],[11.05892,43.933493],[11.058827,43.933617],[11.058837,43.933642],[11.059323,43.93384],[11.059367,43.933912],[11.059279,43.933964],[11.059279,43.933992],[11.059523,43.93413],[11.059589,43.934195],[11.059622,43.934207],[11.059828,43.934209],[11.059845,43.934234],[11.059351,43.934936],[11.058989,43.93505],[11.058952,43.935116],[11.058947,43.935203],[11.058874,43.935342],[11.058339,43.935346],[11.055161,43.935462],[11.05506,43.935433],[11.054985,43.935324],[11.054698,43.934118],[11.054607,43.93399],[11.054525,43.933938],[11.054382,43.933911],[11.052653,43.933993],[11.052532,43.933943],[11.052354,43.933828],[11.052156,43.933741],[11.051914,43.93358],[11.051306,43.93347],[11.049194,43.932869],[11.049024,43.932791],[11.048362,43.932617],[11.047444,43.932439],[11.04743,43.932459],[11.047469,43.932621],[11.047472,43.932802],[11.047498,43.932963],[11.047602,43.933301],[11.047887,43.933693],[11.048059,43.934663],[11.047981,43.934886],[11.047924,43.935222],[11.04787,43.935263],[11.047746,43.935279],[11.047378,43.935202],[11.047003,43.935168],[11.046754,43.935112],[11.046313,43.935077],[11.0456,43.935059],[11.044086,43.935786],[11.043921,43.935959],[11.043868,43.936193],[11.043751,43.936308],[11.043668,43.936346],[11.043117,43.936471],[11.04307,43.936512],[11.042798,43.93699],[11.042652,43.937087],[11.042378,43.93718],[11.042138,43.937217],[11.041785,43.937172],[11.041229,43.937042],[11.041099,43.937046],[11.040987,43.937081],[11.040855,43.937175],[11.040823,43.937272],[11.040876,43.937427],[11.040797,43.937476],[11.040649,43.937474],[11.040535,43.937451],[11.04013,43.937296],[11.039919,43.937134],[11.039505,43.936991],[11.03924,43.936745],[11.038721,43.936488],[11.038511,43.936279],[11.038437,43.93623],[11.038291,43.936189],[11.038119,43.93619],[11.037962,43.936215],[11.037809,43.936274],[11.037631,43.936379],[11.037477,43.936435],[11.036711,43.93651],[11.03637,43.936612],[11.035596,43.936803],[11.035466,43.936883],[11.035376,43.937003],[11.035361,43.93706],[11.035464,43.93744],[11.035458,43.937539],[11.035389,43.937665],[11.035341,43.937914],[11.035261,43.938034],[11.035211,43.938174],[11.035037,43.938343],[11.034983,43.938417],[11.034937,43.938593],[11.034807,43.938817],[11.034387,43.938902],[11.034371,43.938924],[11.03438,43.93904],[11.03425,43.938909],[11.034146,43.938842],[11.033705,43.938719],[11.033498,43.93871],[11.033378,43.9386],[11.033321,43.93851],[11.033343,43.938276],[11.033318,43.9382],[11.03322,43.93805],[11.033217,43.937901],[11.03316,43.937805],[11.033055,43.9377],[11.033094,43.937555],[11.033051,43.937466],[11.03261,43.937136],[11.032541,43.937102],[11.032347,43.937084],[11.032319,43.937066],[11.032293,43.937043],[11.03223,43.936844],[11.031528,43.936874],[11.031531,43.93679],[11.031357,43.936336],[11.031283,43.936219],[11.031208,43.936162],[11.031167,43.936169],[11.031017,43.936504],[11.03109,43.937424],[11.030865,43.937528],[11.030751,43.937327],[11.030661,43.936723]]]},"properties":{"prov":"PO","comune_amm":"F572","comune_descr":"MONTEMURLO","fascia":"B","zona":"B2","zona_descr":"CENTRO ABITATO PEDECOLLINARE: MONTEMURLO - FORNACELLE","microzona":2,"semestre":"2025/1"}},{"type":"Feature","geometry":{"type":"MultiPolygon","coordinates":[[[[11.05175,43.926271],[11.051765,43.926297],[11.051791,43.926868],[11.051768,43.926873],[11.05175,43.926271]]],[[[11.051629,43.924438],[11.051727,43.924415],[11.051747,43.924825],[11.051629,43.924438]]],[[[11.047341,43.917256],[11.046861,43.916801],[11.049434,43.916444],[11.049468,43.916416],[11.049467,43.916378],[11.049288,43.916214],[11.049343,43.916203],[11.049545,43.916371],[11.049583,43.916378],[11.049674,43.91636],[11.0497,43.916387],[11.050131,43.91623],[11.050312,43.916198],[11.050351,43.916156],[11.050553,43.916307],[11.051758,43.916153],[11.053322,43.915976],[11.05382,43.915992],[11.054365,43.915949],[11.05508,43.91586],[11.055104,43.915871],[11.055137,43.91585],[11.055959,43.91569],[11.056439,43.915464],[11.056429,43.915195],[11.056539,43.915173],[11.056648,43.915202],[11.056733,43.915269],[11.056893,43.915215],[11.057244,43.91517],[11.057563,43.915104],[11.057742,43.915031],[11.057874,43.915],[11.057882,43.914919],[11.057903,43.914918],[11.057911,43.914963],[11.057932,43.914979],[11.058021,43.914947],[11.058035,43.914883],[11.05813,43.91482],[11.058147,43.914879],[11.058179,43.914882],[11.058529,43.914723],[11.059099,43.914401],[11.059304,43.914575],[11.05934,43.914577],[11.05938,43.914546],[11.059359,43.914512],[11.059929,43.914168],[11.060753,43.913388],[11.060972,43.913163],[11.061153,43.912943],[11.061914,43.911792],[11.06262,43.910824],[11.063316,43.90976],[11.063347,43.909738],[11.06372,43.9092],[11.064582,43.910092],[11.064637,43.910087],[11.064713,43.910153],[11.064673,43.910185],[11.064676,43.910198],[11.065845,43.911414],[11.065929,43.911414],[11.065971,43.911512],[11.066005,43.911505],[11.066596,43.910739],[11.066732,43.91053],[11.066966,43.910039],[11.06979,43.913],[11.070128,43.913266],[11.07047,43.913613],[11.070617,43.913735],[11.071086,43.914235],[11.071456,43.914565],[11.072159,43.914989],[11.072612,43.915306],[11.07273,43.915359],[11.074612,43.9179],[11.075052,43.918462],[11.07561,43.919243],[11.076485,43.920404],[11.076577,43.920504],[11.075928,43.920942],[11.073488,43.92218],[11.070136,43.922509],[11.069654,43.922505],[11.068988,43.922575],[11.065922,43.923177],[11.064011,43.923651],[11.064019,43.923676],[11.06442,43.923864],[11.06447,43.923906],[11.064523,43.924004],[11.064536,43.92409],[11.064381,43.924436],[11.064323,43.92462],[11.064346,43.924696],[11.064331,43.924765],[11.064403,43.924986],[11.064534,43.925218],[11.064793,43.925434],[11.06586,43.925684],[11.065544,43.925906],[11.065853,43.926465],[11.0654,43.926606],[11.065642,43.927086],[11.064642,43.927319],[11.064642,43.927341],[11.064748,43.927452],[11.064962,43.927842],[11.064945,43.927897],[11.06484,43.927984],[11.064686,43.928159],[11.064655,43.928255],[11.065027,43.928545],[11.065736,43.928975],[11.065816,43.929069],[11.066075,43.929162],[11.066342,43.929168],[11.066485,43.929235],[11.066599,43.929266],[11.066499,43.929585],[11.066697,43.929722],[11.066683,43.929739],[11.066453,43.929599],[11.066408,43.929607],[11.066066,43.92949],[11.065921,43.929479],[11.065554,43.929555],[11.065164,43.929531],[11.064694,43.929363],[11.064092,43.929251],[11.063843,43.929131],[11.063671,43.928982],[11.063615,43.928894],[11.063516,43.928895],[11.063482,43.928983],[11.063507,43.929084],[11.063522,43.929408],[11.06347,43.929401],[11.063452,43.929417],[11.063427,43.929729],[11.063437,43.929832],[11.06347,43.929932],[11.063709,43.93041],[11.063788,43.930645],[11.063654,43.93067],[11.063586,43.930719],[11.063445,43.930866],[11.063224,43.93101],[11.063204,43.931058],[11.063253,43.931241],[11.062215,43.931647],[11.061984,43.931044],[11.061946,43.930692],[11.061868,43.930652],[11.061029,43.930505],[11.060595,43.930459],[11.060686,43.929838],[11.060672,43.92982],[11.060111,43.929873],[11.05911,43.929916],[11.058772,43.929365],[11.058717,43.92924],[11.058687,43.929228],[11.058512,43.929261],[11.058414,43.929326],[11.058163,43.929346],[11.05685,43.929608],[11.056807,43.92946],[11.05674,43.929444],[11.056414,43.928503],[11.056291,43.928534],[11.055997,43.928575],[11.05575,43.928502],[11.055482,43.928342],[11.055253,43.92825],[11.054929,43.928264],[11.054458,43.928331],[11.054101,43.928302],[11.054099,43.928263],[11.054339,43.928283],[11.054425,43.928213],[11.054126,43.927568],[11.054096,43.927557],[11.053387,43.927713],[11.05329,43.927583],[11.053313,43.927505],[11.053292,43.92729],[11.053323,43.927241],[11.05451,43.926888],[11.054523,43.926864],[11.053164,43.92466],[11.05355,43.925252],[11.054527,43.924883],[11.054537,43.924859],[11.054318,43.924735],[11.054076,43.924631],[11.053859,43.924487],[11.053541,43.924192],[11.052665,43.923575],[11.052178,43.923328],[11.051701,43.923271],[11.051568,43.923236],[11.051163,43.9233],[11.051152,43.923244],[11.050967,43.923279],[11.050898,43.923221],[11.05036,43.923091],[11.050319,43.923058],[11.049883,43.92238],[11.04946,43.922059],[11.049356,43.921949],[11.049298,43.921772],[11.049256,43.921778],[11.049208,43.921864],[11.049198,43.921972],[11.049226,43.922079],[11.04934,43.922261],[11.049412,43.922335],[11.049277,43.922232],[11.049182,43.922081],[11.049148,43.921971],[11.049161,43.921863],[11.049279,43.921663],[11.049285,43.921414],[11.049116,43.921178],[11.048919,43.920807],[11.048737,43.920544],[11.04869,43.920344],[11.048585,43.920218],[11.048481,43.92002],[11.048546,43.919858],[11.048628,43.919741],[11.048948,43.919475],[11.049009,43.919352],[11.049011,43.919276],[11.048477,43.918675],[11.047928,43.917989],[11.047313,43.917287],[11.047341,43.917256]]],[[[11.042586,43.910869],[11.042583,43.910834],[11.04341,43.910488],[11.043458,43.910539],[11.042848,43.910803],[11.042799,43.910789],[11.042586,43.910869]]]]},"properties":{"prov":"PO","comune_amm":"F572","comune_descr":"MONTEMURLO","fascia":"C","zona":"C2","zona_descr":"BAGNOLO - BAGNOLO DI SOPRA - VILLAGGIO DI  GALCETI","microzona":2,"semestre":"2025/1"}},{"type":"Feature","geometry":{"type":"Polygon","coordinates":[[[11.018388,43.9108],[11.018418,43.91069],[11.018569,43.910512],[11.018868,43.910245],[11.019031,43.91007],[11.019582,43.909302],[11.020438,43.907937],[11.02189,43.905517],[11.022194,43.90514],[11.022731,43.904162],[11.023032,43.903844],[11.023355,43.903431],[11.023479,43.903349],[11.024108,43.903042],[11.024765,43.90269],[11.025203,43.902486],[11.025423,43.902359],[11.025464,43.902314],[11.025462,43.902168],[11.025191,43.90155],[11.025183,43.901466],[11.025365,43.901055],[11.025431,43.900733],[11.025584,43.900541],[11.025656,43.900394],[11.025787,43.899852],[11.02572,43.899561],[11.0256,43.899176],[11.025588,43.898685],[11.025408,43.898157],[11.025294,43.897893],[11.025093,43.897659],[11.025033,43.897408],[11.024939,43.897238],[11.024766,43.897031],[11.024676,43.896868],[11.024643,43.896766],[11.024903,43.896441],[11.025022,43.896637],[11.025192,43.896863],[11.025474,43.897118],[11.025574,43.8973],[11.026194,43.897858],[11.026715,43.898387],[11.02858,43.900442],[11.029207,43.901082],[11.03007,43.901828],[11.030253,43.901808],[11.032462,43.90137],[11.032631,43.90132],[11.033974,43.901071],[11.034543,43.900946],[11.034808,43.900912],[11.034974,43.900841],[11.03501,43.900869],[11.035073,43.900883],[11.035212,43.901037],[11.037339,43.902516],[11.037504,43.902628],[11.037563,43.902618],[11.038937,43.903649],[11.038972,43.903649],[11.040333,43.902653],[11.042158,43.904061],[11.043277,43.90337],[11.043332,43.903364],[11.044084,43.902903],[11.044996,43.903573],[11.045033,43.903572],[11.045223,43.903417],[11.044998,43.903232],[11.046431,43.902322],[11.046889,43.902622],[11.047855,43.903435],[11.048031,43.90353],[11.048242,43.903548],[11.049043,43.903689],[11.049125,43.903695],[11.049186,43.903677],[11.049567,43.90371],[11.049942,43.903831],[11.050271,43.90389],[11.051839,43.904051],[11.052596,43.904166],[11.053137,43.90427],[11.053481,43.904352],[11.053717,43.90428],[11.053895,43.904441],[11.054049,43.904376],[11.054261,43.904429],[11.054709,43.904472],[11.055141,43.904571],[11.0552,43.904597],[11.05565,43.90463],[11.055991,43.90469],[11.056183,43.9048],[11.056478,43.904919],[11.056663,43.904986],[11.057006,43.905059],[11.057294,43.905263],[11.057582,43.905515],[11.057841,43.905792],[11.058011,43.90591],[11.058159,43.90612],[11.058538,43.906555],[11.058582,43.906568],[11.058656,43.906558],[11.059052,43.906398],[11.059104,43.906413],[11.059356,43.906734],[11.059511,43.906886],[11.059563,43.906985],[11.059606,43.906989],[11.059756,43.906932],[11.059992,43.9068],[11.060033,43.906798],[11.060111,43.906847],[11.061129,43.907984],[11.061219,43.908054],[11.061279,43.908051],[11.061375,43.907946],[11.061997,43.907528],[11.062288,43.907525],[11.062554,43.907426],[11.062957,43.907231],[11.06352,43.907039],[11.06438,43.906906],[11.064529,43.906924],[11.064926,43.907237],[11.066475,43.90818],[11.066561,43.908248],[11.066608,43.908348],[11.066712,43.908421],[11.067167,43.908662],[11.06738,43.90875],[11.067738,43.908937],[11.067618,43.909056],[11.067436,43.909301],[11.067083,43.909843],[11.066903,43.910138],[11.066732,43.910531],[11.066596,43.91074],[11.065975,43.911547],[11.065936,43.91143],[11.065906,43.911417],[11.065853,43.911423],[11.065224,43.910752],[11.064665,43.910187],[11.064702,43.910154],[11.064693,43.91014],[11.06463,43.910097],[11.064594,43.910103],[11.063744,43.909222],[11.063713,43.909215],[11.063346,43.90974],[11.063314,43.909761],[11.06262,43.910825],[11.061914,43.911792],[11.061221,43.912848],[11.060973,43.913163],[11.059926,43.91417],[11.059374,43.914504],[11.059384,43.914549],[11.059325,43.914587],[11.059119,43.914411],[11.059084,43.914408],[11.058529,43.914723],[11.058147,43.914896],[11.058131,43.914843],[11.058097,43.914842],[11.058039,43.914881],[11.058031,43.914944],[11.057876,43.915004],[11.057738,43.915032],[11.057562,43.915104],[11.057242,43.91517],[11.056895,43.915215],[11.056731,43.915273],[11.056639,43.915199],[11.056527,43.915173],[11.056444,43.915192],[11.056426,43.91521],[11.056449,43.91546],[11.055964,43.915688],[11.05514,43.915854],[11.055211,43.916089],[11.055168,43.916094],[11.05509,43.915876],[11.055062,43.915863],[11.054365,43.915949],[11.053819,43.915992],[11.053321,43.915976],[11.051758,43.916153],[11.050543,43.916309],[11.050362,43.91617],[11.050313,43.91621],[11.050271,43.916197],[11.050214,43.916203],[11.049689,43.916399],[11.049669,43.916366],[11.049579,43.916379],[11.049541,43.916371],[11.049357,43.916211],[11.049332,43.916205],[11.049312,43.916212],[11.049311,43.916234],[11.049466,43.916375],[11.049471,43.916413],[11.049439,43.916443],[11.045678,43.916951],[11.045159,43.917066],[11.04379,43.917435],[11.042033,43.918002],[11.04191,43.917828],[11.041881,43.917818],[11.041845,43.917861],[11.041957,43.918025],[11.040942,43.91838],[11.03984,43.918737],[11.038787,43.919056],[11.038375,43.919164],[11.037723,43.919384],[11.037712,43.919408],[11.037847,43.919606],[11.037803,43.919617],[11.037643,43.919415],[11.036998,43.919625],[11.036953,43.919578],[11.036921,43.919571],[11.035071,43.920248],[11.035059,43.920259],[11.035078,43.920302],[11.034177,43.920627],[11.034043,43.920728],[11.033969,43.920654],[11.033897,43.920536],[11.033656,43.920288],[11.033231,43.919967],[11.033004,43.919834],[11.032844,43.91967],[11.032807,43.919666],[11.032776,43.919685],[11.032773,43.91971],[11.032941,43.919872],[11.032922,43.919907],[11.033004,43.919996],[11.032894,43.920214],[11.032384,43.921053],[11.032352,43.921009],[11.032319,43.921001],[11.03085,43.921521],[11.030844,43.921555],[11.030806,43.921587],[11.02831,43.922457],[11.028013,43.922589],[11.027459,43.922941],[11.027277,43.923102],[11.026166,43.924244],[11.02613,43.924213],[11.026102,43.924218],[11.025875,43.924419],[11.025126,43.925155],[11.024795,43.925411],[11.023867,43.925935],[11.023577,43.926027],[11.023467,43.926029],[11.023279,43.925946],[11.023174,43.925963],[11.023128,43.925989],[11.022966,43.925832],[11.022937,43.92584],[11.022909,43.925875],[11.022286,43.925262],[11.022053,43.924984],[11.021867,43.924695],[11.021224,43.924004],[11.020968,43.923676],[11.020823,43.923447],[11.020642,43.922992],[11.020585,43.92273],[11.020587,43.922491],[11.020639,43.922244],[11.020741,43.921972],[11.020897,43.921286],[11.020883,43.920967],[11.020751,43.920443],[11.020705,43.920133],[11.020505,43.918045],[11.020523,43.91786],[11.020517,43.917019],[11.0206,43.916029],[11.020603,43.915619],[11.020488,43.915301],[11.019907,43.914329],[11.019738,43.91381],[11.019427,43.913456],[11.019029,43.913059],[11.018958,43.912927],[11.018917,43.912789],[11.018839,43.911938],[11.018666,43.911587],[11.018486,43.911292],[11.018428,43.911123],[11.018388,43.9108]]]},"properties":{"prov":"PO","comune_amm":"F572","comune_descr":"MONTEMURLO","fascia":"D","zona":"D3","zona_descr":"OSTE E ZONA PRODUTTIVA A VALLE DELLA S.P. NUOVA MONTALESE (OSTE - SANTOREZZO - POPOLESCO)","microzona":3,"semestre":"2025/1"}},{"type":"Feature","geometry":{"type":"Polygon","coordinates":[[[11.095519,43.954474],[11.094639,43.95482],[11.09218,43.954973],[11.092159,43.954986],[11.091446,43.956909],[11.089745,43.957967],[11.08819,43.960785],[11.088419,43.96144],[11.087516,43.961932],[11.08744,43.964421],[11.087279,43.964838],[11.08704,43.96524],[11.086498,43.96586],[11.086508,43.965895],[11.086196,43.966199],[11.085881,43.966571],[11.085239,43.96669],[11.084602,43.967111],[11.084568,43.967167],[11.084513,43.967171],[11.081491,43.969137],[11.081602,43.969621],[11.081859,43.970301],[11.081908,43.970355],[11.081892,43.970553],[11.081903,43.970805],[11.081743,43.971152],[11.081611,43.97131],[11.081528,43.971466],[11.081226,43.97343],[11.079808,43.974309],[11.078915,43.974827],[11.078702,43.974918],[11.078479,43.975054],[11.078333,43.975168],[11.077856,43.975445],[11.077952,43.975898],[11.07778,43.976375],[11.077133,43.97718],[11.077077,43.977324],[11.076917,43.977998],[11.076288,43.978534],[11.074821,43.979406],[11.074012,43.980007],[11.073079,43.981379],[11.07276,43.981553],[11.072045,43.982036],[11.071904,43.982159],[11.071788,43.982289],[11.071747,43.982375],[11.071765,43.982407],[11.071675,43.982509],[11.071527,43.982794],[11.071502,43.982922],[11.070876,43.982553],[11.070872,43.982249],[11.070815,43.981988],[11.070852,43.981911],[11.070824,43.981787],[11.070736,43.981651],[11.070568,43.981516],[11.070514,43.981379],[11.070186,43.981171],[11.070174,43.981078],[11.069876,43.980847],[11.069871,43.980764],[11.069724,43.98047],[11.069686,43.980439],[11.069499,43.980368],[11.069412,43.980284],[11.069357,43.980119],[11.069305,43.979837],[11.069166,43.979768],[11.069148,43.979591],[11.069194,43.979566],[11.0692,43.979543],[11.069049,43.979343],[11.06894,43.979225],[11.068762,43.979154],[11.068583,43.978902],[11.068536,43.978889],[11.068434,43.978763],[11.068313,43.978685],[11.068252,43.978527],[11.068044,43.978471],[11.067898,43.978312],[11.067923,43.978109],[11.067838,43.977826],[11.067894,43.977628],[11.067812,43.977519],[11.067709,43.977445],[11.067618,43.977228],[11.067454,43.977013],[11.067217,43.976876],[11.067082,43.976645],[11.066957,43.976514],[11.066912,43.976274],[11.06681,43.976229],[11.066781,43.976085],[11.066794,43.97598],[11.066657,43.975885],[11.066625,43.975782],[11.066476,43.975726],[11.066438,43.975593],[11.066375,43.975569],[11.066199,43.975629],[11.066016,43.97556],[11.065696,43.975344],[11.065384,43.975176],[11.065272,43.974987],[11.065079,43.974872],[11.064978,43.974653],[11.064757,43.974524],[11.064618,43.974381],[11.064649,43.974231],[11.064607,43.974145],[11.064512,43.974083],[11.064405,43.974078],[11.064153,43.973969],[11.064039,43.973854],[11.06394,43.973685],[11.063824,43.973587],[11.063674,43.973397],[11.063627,43.973286],[11.063653,43.973124],[11.0637,43.973066],[11.063769,43.972854],[11.063806,43.972823],[11.063929,43.972822],[11.063994,43.97279],[11.064068,43.972654],[11.064063,43.972487],[11.064154,43.972407],[11.064283,43.972392],[11.064604,43.972246],[11.064716,43.972211],[11.064825,43.972221],[11.065111,43.972184],[11.065372,43.972098],[11.065551,43.972082],[11.065655,43.972108],[11.065748,43.972035],[11.065815,43.972008],[11.065841,43.971929],[11.065753,43.971871],[11.065634,43.971854],[11.065501,43.971767],[11.065489,43.971633],[11.065414,43.971516],[11.065426,43.97145],[11.065304,43.97129],[11.06522,43.971247],[11.065148,43.971091],[11.065012,43.970955],[11.065025,43.970874],[11.064911,43.970633],[11.0649,43.970558],[11.064926,43.970361],[11.064892,43.970217],[11.06449,43.969843],[11.064224,43.969733],[11.063999,43.969561],[11.06401,43.969302],[11.063889,43.969037],[11.063828,43.96898],[11.063797,43.968893],[11.063619,43.968777],[11.063409,43.96867],[11.06335,43.968599],[11.063333,43.968496],[11.063278,43.96844],[11.063098,43.968401],[11.062948,43.968424],[11.062816,43.968395],[11.062618,43.968392],[11.06246,43.968336],[11.062429,43.968295],[11.062169,43.968147],[11.062027,43.968017],[11.061779,43.967845],[11.061712,43.967774],[11.061462,43.967629],[11.061409,43.967513],[11.061423,43.967379],[11.061633,43.967228],[11.061676,43.967097],[11.061794,43.966932],[11.061784,43.966702],[11.061806,43.966568],[11.061755,43.966412],[11.061642,43.966321],[11.061605,43.966312],[11.061308,43.966459],[11.060934,43.966444],[11.060483,43.966193],[11.060095,43.966049],[11.059873,43.965946],[11.059363,43.965774],[11.059257,43.965709],[11.059206,43.965702],[11.059062,43.965718],[11.058897,43.965652],[11.058585,43.965439],[11.058228,43.96541],[11.058134,43.965303],[11.058009,43.965293],[11.057895,43.965202],[11.057627,43.965033],[11.05753,43.964888],[11.05742,43.96478],[11.057389,43.964654],[11.057267,43.964489],[11.057042,43.964429],[11.056989,43.964365],[11.056886,43.964343],[11.056857,43.964316],[11.05679,43.964339],[11.056512,43.964587],[11.056403,43.964579],[11.056284,43.964536],[11.056213,43.964444],[11.056084,43.964398],[11.055875,43.964361],[11.055729,43.964299],[11.055655,43.964248],[11.055605,43.964179],[11.055426,43.964098],[11.05527,43.963994],[11.054931,43.963903],[11.054563,43.963992],[11.05445,43.963956],[11.054252,43.963842],[11.054157,43.963741],[11.053913,43.963723],[11.053777,43.963734],[11.053399,43.963847],[11.052996,43.963804],[11.052841,43.963755],[11.052515,43.963545],[11.052424,43.963388],[11.052299,43.963379],[11.052189,43.963404],[11.051652,43.963281],[11.051473,43.963175],[11.051262,43.96301],[11.051223,43.96285],[11.05106,43.962616],[11.051061,43.962552],[11.050826,43.962455],[11.050441,43.962148],[11.050078,43.961983],[11.049664,43.961852],[11.049424,43.961729],[11.049306,43.96163],[11.049056,43.961273],[11.048981,43.961216],[11.048877,43.961185],[11.048833,43.961135],[11.048695,43.961074],[11.048672,43.960959],[11.048607,43.960882],[11.048506,43.96083],[11.048288,43.960803],[11.047764,43.960843],[11.047418,43.96078],[11.047273,43.960688],[11.047062,43.960445],[11.046941,43.960234],[11.046827,43.959958],[11.046687,43.959772],[11.046517,43.959607],[11.046285,43.959436],[11.04593,43.959215],[11.045722,43.959057],[11.045691,43.958969],[11.045318,43.958908],[11.045163,43.958805],[11.045022,43.958654],[11.044888,43.958445],[11.044764,43.958172],[11.044608,43.957631],[11.04416,43.957319],[11.043807,43.957015],[11.043619,43.956935],[11.043557,43.956679],[11.043483,43.956554],[11.04296,43.956123],[11.042746,43.955869],[11.042576,43.955791],[11.041966,43.955241],[11.041631,43.954822],[11.041334,43.954545],[11.040804,43.954095],[11.040542,43.953787],[11.040272,43.953251],[11.039689,43.952266],[11.039515,43.95189],[11.039431,43.951811],[11.039137,43.951657],[11.038928,43.951479],[11.038529,43.951083],[11.038387,43.950855],[11.038015,43.950507],[11.037495,43.950235],[11.037055,43.950056],[11.036234,43.949445],[11.035481,43.948785],[11.035275,43.94864],[11.035141,43.948394],[11.034832,43.948166],[11.034469,43.947754],[11.033909,43.946974],[11.033829,43.946756],[11.033388,43.946299],[11.032851,43.945665],[11.031054,43.943961],[11.030396,43.943264],[11.030281,43.943086],[11.030198,43.942872],[11.030168,43.942738],[11.029876,43.942287],[11.02963,43.941953],[11.029544,43.941749],[11.029316,43.940785],[11.032413,43.940841],[11.032486,43.940824],[11.032503,43.940806],[11.03249,43.9407],[11.032379,43.940547],[11.032191,43.940454],[11.03159,43.939995],[11.03147,43.939832],[11.031394,43.939691],[11.031416,43.939069],[11.031446,43.938797],[11.031388,43.938491],[11.031324,43.938337],[11.030869,43.937534],[11.031091,43.937415],[11.031017,43.936498],[11.031177,43.936144],[11.03128,43.936214],[11.031357,43.936337],[11.031533,43.936791],[11.031536,43.936867],[11.032234,43.936841],[11.032293,43.93704],[11.032335,43.937078],[11.032483,43.93709],[11.032562,43.93711],[11.033047,43.937462],[11.033096,43.937552],[11.033061,43.93771],[11.033158,43.937802],[11.033218,43.937903],[11.033221,43.938052],[11.033319,43.938202],[11.033343,43.938278],[11.033322,43.938512],[11.033378,43.938599],[11.033494,43.938706],[11.033711,43.93872],[11.034141,43.938839],[11.034254,43.938912],[11.034348,43.938997],[11.034376,43.938978],[11.034371,43.938921],[11.034397,43.938897],[11.034803,43.938817],[11.034935,43.938594],[11.034983,43.938418],[11.035037,43.938342],[11.035211,43.938173],[11.035261,43.938035],[11.03534,43.937918],[11.035388,43.937668],[11.035458,43.937534],[11.035464,43.937443],[11.035361,43.937059],[11.035375,43.937005],[11.035468,43.936882],[11.035541,43.936826],[11.036715,43.936509],[11.03748,43.936434],[11.037635,43.936378],[11.037805,43.936276],[11.03796,43.936215],[11.038115,43.93619],[11.038297,43.936189],[11.038435,43.936228],[11.038509,43.936277],[11.038723,43.936489],[11.039236,43.936742],[11.039513,43.936995],[11.03992,43.937135],[11.040132,43.937297],[11.040536,43.937451],[11.04065,43.937474],[11.040792,43.937476],[11.040867,43.937433],[11.040875,43.937415],[11.040822,43.93727],[11.040855,43.937172],[11.040989,43.93708],[11.041102,43.937045],[11.041226,43.937041],[11.041786,43.937172],[11.042136,43.937217],[11.042373,43.937181],[11.042649,43.937089],[11.042796,43.936991],[11.043073,43.936507],[11.043119,43.936469],[11.043667,43.936347],[11.043752,43.936308],[11.04387,43.936188],[11.043917,43.935964],[11.044085,43.935787],[11.045604,43.935057],[11.046311,43.935077],[11.046758,43.935112],[11.047006,43.935169],[11.047378,43.935202],[11.047746,43.935279],[11.047829,43.935277],[11.047921,43.935224],[11.047982,43.934884],[11.048059,43.934661],[11.047887,43.933695],[11.047601,43.933297],[11.047498,43.932964],[11.047472,43.932802],[11.047469,43.932622],[11.047424,43.932432],[11.048615,43.932678],[11.049025,43.932792],[11.049195,43.932869],[11.049753,43.933035],[11.051306,43.93347],[11.051917,43.933581],[11.052157,43.933742],[11.052358,43.933829],[11.052533,43.933944],[11.052642,43.93399],[11.054384,43.933911],[11.054533,43.933941],[11.05461,43.933994],[11.054698,43.934117],[11.054985,43.935323],[11.055058,43.935431],[11.055159,43.935462],[11.058339,43.935346],[11.058875,43.935338],[11.058946,43.935204],[11.058951,43.935118],[11.058992,43.935047],[11.059353,43.934933],[11.059843,43.934245],[11.059815,43.934209],[11.059618,43.934207],[11.059587,43.934194],[11.059522,43.934129],[11.059256,43.933978],[11.059362,43.933911],[11.059313,43.933835],[11.058817,43.933632],[11.058918,43.933494],[11.059221,43.933278],[11.059354,43.933395],[11.059422,43.933483],[11.059533,43.933718],[11.059584,43.93375],[11.059992,43.933701],[11.060304,43.933595],[11.060384,43.933498],[11.06017,43.933157],[11.060423,43.93307],[11.060759,43.933105],[11.060912,43.932792],[11.062208,43.931671],[11.062215,43.931649],[11.06324,43.931246],[11.063253,43.931226],[11.063204,43.931057],[11.063221,43.931012],[11.063447,43.930865],[11.063583,43.930721],[11.063657,43.930669],[11.06378,43.930641],[11.06371,43.930411],[11.06347,43.929933],[11.063437,43.929833],[11.063427,43.929729],[11.063452,43.929418],[11.063498,43.929412],[11.063521,43.929394],[11.063507,43.929083],[11.063482,43.928981],[11.063514,43.928891],[11.063617,43.928891],[11.063672,43.928983],[11.063841,43.92913],[11.064091,43.929251],[11.064695,43.929363],[11.065162,43.92953],[11.065548,43.929555],[11.065928,43.929478],[11.066063,43.92949],[11.066393,43.929602],[11.066433,43.929588],[11.066471,43.929605],[11.066495,43.929588],[11.066592,43.929268],[11.066346,43.92917],[11.066077,43.929163],[11.065812,43.929067],[11.065735,43.928974],[11.065028,43.928546],[11.064652,43.928256],[11.064685,43.928161],[11.06484,43.927983],[11.064943,43.927899],[11.064961,43.92785],[11.064748,43.927453],[11.064625,43.927321],[11.065634,43.927083],[11.065392,43.926604],[11.065845,43.926463],[11.06554,43.925908],[11.065839,43.925694],[11.065821,43.925674],[11.064789,43.925434],[11.064536,43.92522],[11.064403,43.924988],[11.064331,43.924763],[11.064344,43.924694],[11.064323,43.924626],[11.064381,43.924436],[11.064534,43.924095],[11.064522,43.924],[11.064469,43.923906],[11.064423,43.923866],[11.06398,43.923654],[11.065922,43.923177],[11.068985,43.922575],[11.069654,43.922505],[11.070137,43.922509],[11.073481,43.922182],[11.075929,43.920941],[11.076578,43.920507],[11.078579,43.922902],[11.080099,43.924063],[11.080086,43.924589],[11.079609,43.926238],[11.081546,43.930564],[11.081515,43.931483],[11.08132,43.932124],[11.081684,43.934431],[11.081726,43.934605],[11.080893,43.934947],[11.080577,43.936204],[11.081514,43.937496],[11.083049,43.938881],[11.084424,43.940771],[11.084886,43.941516],[11.086943,43.94307],[11.08845,43.943629],[11.089017,43.943776],[11.089767,43.944309],[11.091466,43.946066],[11.091556,43.946191],[11.091956,43.946905],[11.092009,43.946938],[11.093031,43.948578],[11.095362,43.950555],[11.095519,43.954474]]]},"properties":{"prov":"PO","comune_amm":"F572","comune_descr":"MONTEMURLO","fascia":"R","zona":"R1","zona_descr":"JAVELLO - MONTEFERRATO E ZONA COLLINARE NORD","microzona":5,"semestre":"2025/1"}},{"type":"Feature","geometry":{"type":"Polygon","coordinates":[[[11.06343,43.809296],[11.063422,43.809545],[11.063349,43.809884],[11.063221,43.810133],[11.062941,43.810525],[11.061623,43.812916],[11.06142,43.813327],[11.061319,43.813676],[11.06132,43.813759],[11.061493,43.814402],[11.062095,43.815308],[11.062144,43.815572],[11.062124,43.815721],[11.060712,43.817641],[11.060396,43.818225],[11.060238,43.818417],[11.060031,43.818497],[11.059051,43.81875],[11.058298,43.819067],[11.056006,43.820179],[11.054774,43.820867],[11.051649,43.822831],[11.050198,43.823835],[11.049388,43.824362],[11.049141,43.824501],[11.048604,43.824684],[11.047906,43.824799],[11.046023,43.824913],[11.045467,43.825075],[11.045342,43.825181],[11.045285,43.825259],[11.043975,43.827146],[11.043057,43.828839],[11.042634,43.829349],[11.041693,43.830125],[11.041055,43.830513],[11.040826,43.830608],[11.040444,43.8307],[11.040293,43.830754],[11.040107,43.830566],[11.039847,43.830437],[11.039238,43.83023],[11.038963,43.830162],[11.038795,43.830137],[11.037665,43.830123],[11.037058,43.830078],[11.03674,43.830041],[11.0365,43.829996],[11.035436,43.829758],[11.035445,43.829729],[11.035678,43.829776],[11.035714,43.829739],[11.035937,43.829297],[11.03607,43.828834],[11.036246,43.828712],[11.036006,43.828517],[11.036013,43.828464],[11.035906,43.828398],[11.035884,43.828258],[11.035867,43.828243],[11.034882,43.828017],[11.034786,43.827663],[11.035171,43.827513],[11.035184,43.827492],[11.035148,43.827477],[11.034941,43.827542],[11.034608,43.827061],[11.035014,43.82674],[11.034969,43.826703],[11.034155,43.826445],[11.034486,43.825989],[11.034537,43.825979],[11.034919,43.825303],[11.035139,43.825365],[11.035372,43.825409],[11.035952,43.825408],[11.036192,43.82536],[11.036311,43.825315],[11.036662,43.825112],[11.036665,43.825086],[11.036541,43.824986],[11.036281,43.824712],[11.036106,43.82457],[11.036132,43.824512],[11.036329,43.824658],[11.036499,43.824596],[11.036777,43.824641],[11.037068,43.824606],[11.037879,43.824318],[11.038017,43.824252],[11.038022,43.824225],[11.037906,43.824122],[11.038079,43.823993],[11.038163,43.823953],[11.038208,43.823895],[11.038083,43.823797],[11.0383,43.823639],[11.038461,43.823547],[11.038812,43.823223],[11.038982,43.823305],[11.039249,43.82312],[11.039351,43.822924],[11.039472,43.82253],[11.039435,43.822429],[11.039245,43.822324],[11.039847,43.821787],[11.039974,43.821834],[11.040045,43.821773],[11.040126,43.821758],[11.040322,43.821772],[11.040638,43.821763],[11.041185,43.821786],[11.041214,43.821841],[11.041125,43.822673],[11.041073,43.822895],[11.041144,43.823018],[11.041124,43.823109],[11.041136,43.823128],[11.041695,43.823099],[11.041722,43.823053],[11.041676,43.822905],[11.041744,43.822901],[11.041769,43.822991],[11.041973,43.823256],[11.04233,43.82346],[11.042762,43.823656],[11.043807,43.823571],[11.044741,43.823373],[11.04652,43.822786],[11.047007,43.822823],[11.047177,43.82271],[11.047046,43.822587],[11.047586,43.822233],[11.047822,43.822118],[11.047942,43.822201],[11.047976,43.822202],[11.048324,43.821974],[11.048626,43.82183],[11.048636,43.821808],[11.048935,43.821619],[11.049123,43.821473],[11.049227,43.821347],[11.049617,43.820742],[11.049604,43.820718],[11.048884,43.820515],[11.048337,43.820585],[11.048317,43.820614],[11.048072,43.820704],[11.048041,43.82067],[11.048009,43.820661],[11.047649,43.820784],[11.047138,43.820888],[11.046877,43.821093],[11.046515,43.821313],[11.046199,43.820851],[11.045973,43.820623],[11.045908,43.820454],[11.045872,43.820443],[11.044331,43.821029],[11.043559,43.820915],[11.043464,43.820965],[11.043312,43.820908],[11.042547,43.820849],[11.042145,43.820943],[11.041993,43.821016],[11.041972,43.821052],[11.041974,43.821226],[11.041915,43.821237],[11.041921,43.821095],[11.041904,43.821036],[11.041826,43.820843],[11.041734,43.820681],[11.041769,43.820479],[11.041719,43.82021],[11.041691,43.820162],[11.041621,43.820115],[11.041356,43.820074],[11.041094,43.819998],[11.041005,43.819945],[11.040967,43.819885],[11.040986,43.819801],[11.041032,43.819756],[11.041312,43.819694],[11.041411,43.819633],[11.041488,43.819549],[11.04158,43.819322],[11.041934,43.819184],[11.042021,43.819045],[11.041619,43.818555],[11.041042,43.816299],[11.041023,43.815888],[11.04085,43.81572],[11.040481,43.815076],[11.040208,43.814701],[11.040164,43.814664],[11.04009,43.81465],[11.040021,43.81448],[11.039984,43.813891],[11.03999,43.813697],[11.040029,43.813538],[11.040056,43.813504],[11.040139,43.813481],[11.040153,43.813455],[11.039802,43.813017],[11.039794,43.812874],[11.040074,43.81274],[11.040066,43.812719],[11.039926,43.812646],[11.039967,43.812609],[11.04017,43.812704],[11.040377,43.81264],[11.040937,43.812563],[11.042009,43.812496],[11.042374,43.812446],[11.042597,43.812265],[11.04266,43.812192],[11.042951,43.811493],[11.042988,43.811445],[11.042974,43.811417],[11.042933,43.811411],[11.044353,43.808505],[11.044569,43.808534],[11.044599,43.808509],[11.04458,43.808489],[11.043157,43.808271],[11.043123,43.808005],[11.044173,43.808117],[11.044185,43.808097],[11.044079,43.807529],[11.044713,43.807441],[11.04508,43.80735],[11.044979,43.80711],[11.045013,43.806987],[11.045185,43.806615],[11.045226,43.806629],[11.045041,43.807067],[11.04503,43.807135],[11.045154,43.807333],[11.045443,43.807269],[11.045675,43.807339],[11.045697,43.807383],[11.045987,43.807365],[11.046436,43.807397],[11.046678,43.807474],[11.046696,43.807454],[11.046683,43.807436],[11.047195,43.806893],[11.047937,43.807368],[11.047967,43.80737],[11.048107,43.807303],[11.048917,43.806692],[11.04902,43.80635],[11.049015,43.806303],[11.048967,43.806235],[11.048889,43.806211],[11.048821,43.806165],[11.048654,43.806266],[11.048443,43.805507],[11.048412,43.80548],[11.048612,43.805326],[11.048729,43.805402],[11.048783,43.805351],[11.048898,43.80531],[11.04904,43.805306],[11.049116,43.805272],[11.04918,43.805262],[11.04921,43.805264],[11.049304,43.805462],[11.0495,43.805704],[11.049852,43.805595],[11.049929,43.805872],[11.050032,43.805869],[11.050226,43.805903],[11.050374,43.805883],[11.050662,43.806093],[11.050697,43.806151],[11.050702,43.806237],[11.050836,43.806341],[11.051312,43.806536],[11.05153,43.806677],[11.051657,43.806737],[11.051462,43.806952],[11.051887,43.807242],[11.051918,43.807243],[11.052141,43.806835],[11.052327,43.806425],[11.052776,43.805681],[11.053004,43.805405],[11.05314,43.805208],[11.053411,43.804658],[11.053583,43.804677],[11.05412,43.804555],[11.054255,43.804551],[11.054624,43.804577],[11.05524,43.804523],[11.056439,43.80437],[11.0573,43.804284],[11.057603,43.804233],[11.057781,43.804227],[11.05798,43.804258],[11.05838,43.804384],[11.059079,43.804535],[11.05923,43.804538],[11.059411,43.804496],[11.059523,43.804491],[11.059815,43.804501],[11.059887,43.804524],[11.060122,43.804678],[11.060222,43.804724],[11.060418,43.804754],[11.060887,43.804775],[11.061234,43.804852],[11.061366,43.804919],[11.061558,43.805087],[11.061962,43.805165],[11.062054,43.805204],[11.062233,43.805318],[11.062316,43.805305],[11.062585,43.805163],[11.062667,43.805151],[11.062781,43.805156],[11.062806,43.805176],[11.06312,43.805222],[11.062387,43.807249],[11.062357,43.807408],[11.062428,43.807728],[11.062494,43.807855],[11.062696,43.808144],[11.063314,43.808945],[11.06337,43.809053],[11.06343,43.809296]]]},"properties":{"prov":"PO","comune_amm":"G754","comune_descr":"POGGIO A CAIANO","fascia":"B","zona":"B2","zona_descr":"POGGIO A CAIANO - POGGETTO","microzona":0,"semestre":"2025/1"}},{"type":"Feature","geometry":{"type":"Polygon","coordinates":[[[11.031434,43.804687],[11.031926,43.804738],[11.032289,43.804754],[11.032514,43.804735],[11.032693,43.804701],[11.036644,43.803675],[11.036937,43.803614],[11.037067,43.8036],[11.037307,43.803623],[11.03865,43.803857],[11.039125,43.804077],[11.039152,43.804035],[11.039108,43.802877],[11.038221,43.801757],[11.038229,43.80174],[11.038747,43.801699],[11.039195,43.801751],[11.03936,43.801748],[11.03943,43.801716],[11.0395,43.801635],[11.039587,43.801579],[11.039928,43.8015],[11.040088,43.801523],[11.040158,43.801512],[11.040572,43.801353],[11.04074,43.801365],[11.040872,43.801356],[11.041068,43.801397],[11.041131,43.801387],[11.041249,43.801297],[11.041382,43.801275],[11.041441,43.801242],[11.041609,43.801095],[11.041712,43.80098],[11.041875,43.800896],[11.042005,43.800898],[11.04226,43.800974],[11.042386,43.800951],[11.042566,43.800957],[11.042706,43.800865],[11.042957,43.800845],[11.043234,43.800784],[11.043509,43.800771],[11.043619,43.800739],[11.043825,43.800771],[11.044017,43.80076],[11.04428,43.800686],[11.044454,43.800602],[11.044617,43.800595],[11.044901,43.800615],[11.045024,43.800591],[11.04509,43.80057],[11.045381,43.800413],[11.04559,43.800362],[11.045654,43.800355],[11.045894,43.800433],[11.046036,43.800423],[11.046122,43.800398],[11.046558,43.800176],[11.046829,43.800132],[11.046995,43.80015],[11.047192,43.800131],[11.047507,43.80028],[11.047559,43.80029],[11.047942,43.800288],[11.048088,43.800326],[11.048418,43.800344],[11.048725,43.800244],[11.048754,43.80027],[11.048758,43.800325],[11.048692,43.800679],[11.048874,43.800796],[11.049031,43.800863],[11.049127,43.800986],[11.049297,43.801102],[11.049332,43.801239],[11.049537,43.801511],[11.049561,43.801703],[11.049756,43.801879],[11.049787,43.801941],[11.049819,43.802013],[11.049863,43.802265],[11.049916,43.802416],[11.050064,43.8026],[11.050148,43.802788],[11.050183,43.802828],[11.050228,43.803084],[11.050316,43.803164],[11.050674,43.803383],[11.050724,43.803538],[11.051329,43.803719],[11.051514,43.803758],[11.051856,43.803898],[11.051996,43.803985],[11.052142,43.804038],[11.052353,43.804167],[11.052468,43.8042],[11.052668,43.804313],[11.05288,43.80433],[11.053489,43.804475],[11.053449,43.804658],[11.053404,43.804671],[11.053142,43.805207],[11.053004,43.805405],[11.052775,43.805682],[11.052327,43.806425],[11.052141,43.806835],[11.051958,43.807154],[11.051923,43.807264],[11.051454,43.806953],[11.051646,43.806755],[11.051639,43.806729],[11.051527,43.806676],[11.051311,43.806536],[11.05084,43.806344],[11.050699,43.806235],[11.050697,43.806153],[11.050661,43.806092],[11.050381,43.805889],[11.050229,43.805904],[11.050038,43.80587],[11.049925,43.805876],[11.049851,43.805607],[11.049823,43.805603],[11.049495,43.805707],[11.049302,43.80546],[11.049216,43.805275],[11.049185,43.805262],[11.049119,43.805271],[11.049044,43.805306],[11.048896,43.805311],[11.048787,43.805349],[11.048761,43.805386],[11.048842,43.805479],[11.048823,43.80549],[11.048688,43.805372],[11.048612,43.805332],[11.048427,43.805468],[11.048646,43.806236],[11.048687,43.806246],[11.048813,43.806158],[11.048881,43.806206],[11.048964,43.806232],[11.049015,43.806302],[11.04902,43.806347],[11.048981,43.80653],[11.048921,43.806691],[11.048103,43.807306],[11.047954,43.807375],[11.047196,43.806901],[11.046693,43.807425],[11.046698,43.807449],[11.046783,43.807498],[11.046789,43.807517],[11.046433,43.807397],[11.045989,43.807365],[11.045697,43.807388],[11.045663,43.807335],[11.045447,43.807271],[11.04515,43.807337],[11.045093,43.807246],[11.045062,43.807237],[11.045047,43.807259],[11.045085,43.807355],[11.044716,43.807441],[11.044085,43.807533],[11.044183,43.808085],[11.044203,43.8081],[11.044314,43.808117],[11.044309,43.808135],[11.043139,43.808009],[11.043125,43.808027],[11.043152,43.808257],[11.043172,43.808273],[11.044602,43.808495],[11.04459,43.808538],[11.044375,43.808505],[11.044347,43.808516],[11.042944,43.811388],[11.042996,43.811434],[11.042951,43.811494],[11.042662,43.812191],[11.042596,43.812266],[11.042373,43.812448],[11.042322,43.812445],[11.042012,43.812496],[11.040936,43.812563],[11.04038,43.812639],[11.040173,43.812706],[11.039971,43.812612],[11.039942,43.812628],[11.039945,43.812655],[11.040094,43.812735],[11.039797,43.812873],[11.0398,43.813013],[11.039736,43.812947],[11.039612,43.812932],[11.03911,43.812713],[11.038911,43.812567],[11.038766,43.812386],[11.038596,43.812324],[11.038141,43.812247],[11.03802,43.812256],[11.037962,43.812236],[11.037888,43.812196],[11.037709,43.811989],[11.037765,43.81165],[11.037729,43.811619],[11.037638,43.811443],[11.03757,43.81126],[11.037559,43.811151],[11.037396,43.811048],[11.03722,43.810987],[11.037314,43.810585],[11.037315,43.810556],[11.037276,43.810514],[11.037641,43.810153],[11.03777,43.810057],[11.038003,43.809919],[11.037766,43.809652],[11.037674,43.809587],[11.037558,43.809534],[11.037218,43.809471],[11.037115,43.809423],[11.036892,43.80927],[11.036889,43.80918],[11.036848,43.80907],[11.036812,43.809021],[11.036701,43.808961],[11.03667,43.808959],[11.036638,43.808984],[11.036608,43.809101],[11.036585,43.809121],[11.03646,43.809176],[11.036391,43.809177],[11.036339,43.809121],[11.036288,43.808963],[11.03624,43.808948],[11.036155,43.808979],[11.036059,43.808971],[11.035789,43.80877],[11.035704,43.808695],[11.035675,43.808645],[11.035688,43.808556],[11.035244,43.808307],[11.034819,43.808158],[11.034472,43.807991],[11.034198,43.807745],[11.034119,43.807604],[11.033769,43.807345],[11.033557,43.807238],[11.033813,43.806957],[11.034039,43.806551],[11.0342,43.806432],[11.034198,43.806405],[11.033952,43.806256],[11.033789,43.806178],[11.033362,43.806074],[11.033279,43.806033],[11.033029,43.805789],[11.032892,43.805618],[11.032885,43.805568],[11.03296,43.805466],[11.032939,43.805388],[11.032901,43.80537],[11.032726,43.805357],[11.032599,43.805299],[11.031992,43.804841],[11.03182,43.804777],[11.031434,43.804687]]]},"properties":{"prov":"PO","comune_amm":"G754","comune_descr":"POGGIO A CAIANO","fascia":"R","zona":"R1","zona_descr":"ZONA COLLINARE DI SANTA CRISTINA IN PILLI","microzona":1,"semestre":"2025/1"}},{"type":"Feature","geometry":{"type":"Polygon","coordinates":[[[11.049627,43.820726],[11.049264,43.821293],[11.049124,43.821472],[11.048935,43.821619],[11.048648,43.821801],[11.048639,43.821825],[11.048327,43.821972],[11.047962,43.822211],[11.047824,43.822121],[11.047584,43.822234],[11.047061,43.822579],[11.047059,43.822604],[11.047184,43.82271],[11.047002,43.822826],[11.046517,43.822786],[11.044739,43.823374],[11.043808,43.823571],[11.042766,43.823658],[11.04233,43.82346],[11.04197,43.823255],[11.041768,43.822989],[11.041752,43.822917],[11.041727,43.822901],[11.041687,43.822907],[11.041681,43.822922],[11.041723,43.823056],[11.041696,43.823101],[11.04113,43.82313],[11.041145,43.823025],[11.041073,43.822898],[11.041125,43.822672],[11.041213,43.821844],[11.041189,43.821794],[11.041168,43.821783],[11.040638,43.821763],[11.040322,43.821772],[11.040132,43.821758],[11.040036,43.82178],[11.039976,43.821839],[11.039868,43.821793],[11.039836,43.821797],[11.039259,43.82231],[11.039264,43.822336],[11.03944,43.822431],[11.039473,43.822537],[11.039351,43.822923],[11.039245,43.823125],[11.038982,43.82331],[11.038832,43.823232],[11.038798,43.823235],[11.038465,43.823545],[11.038299,43.82364],[11.038098,43.823786],[11.038097,43.823813],[11.038217,43.823896],[11.038178,43.823943],[11.038066,43.824002],[11.037911,43.824125],[11.038037,43.824243],[11.037876,43.824319],[11.03707,43.824605],[11.036779,43.824642],[11.036504,43.824597],[11.036329,43.824662],[11.036161,43.824533],[11.036128,43.82453],[11.036114,43.824576],[11.03628,43.824711],[11.036543,43.824987],[11.036681,43.825101],[11.03631,43.825316],[11.036188,43.82536],[11.035957,43.825408],[11.035367,43.825409],[11.034923,43.825308],[11.034565,43.825919],[11.034539,43.825971],[11.03455,43.825993],[11.034478,43.825999],[11.034166,43.82643],[11.034178,43.826455],[11.034972,43.826703],[11.035022,43.826739],[11.034613,43.827061],[11.034932,43.827531],[11.034964,43.827539],[11.035169,43.82747],[11.035189,43.827503],[11.034789,43.827664],[11.034884,43.828016],[11.035882,43.828247],[11.035911,43.8284],[11.036026,43.828473],[11.036014,43.828523],[11.036254,43.828709],[11.036069,43.828838],[11.035937,43.829299],[11.035831,43.829529],[11.035679,43.82978],[11.035469,43.829734],[11.03543,43.829758],[11.034447,43.82955],[11.033714,43.829479],[11.033381,43.829392],[11.032834,43.829218],[11.032466,43.829156],[11.032149,43.829122],[11.031777,43.829139],[11.031618,43.829151],[11.0312,43.829224],[11.030964,43.829236],[11.030556,43.829218],[11.03032,43.82918],[11.029951,43.829081],[11.029819,43.829083],[11.02931,43.829151],[11.029169,43.82915],[11.028878,43.829076],[11.02854,43.828934],[11.028415,43.828904],[11.027558,43.828839],[11.027458,43.828721],[11.027287,43.828636],[11.026932,43.828334],[11.026793,43.828164],[11.026604,43.828115],[11.026385,43.828038],[11.025496,43.827525],[11.025372,43.82737],[11.024928,43.826331],[11.024876,43.826133],[11.024875,43.825914],[11.024914,43.825683],[11.025046,43.825378],[11.025114,43.825315],[11.026132,43.824765],[11.026856,43.824434],[11.02702,43.824315],[11.027391,43.823818],[11.027526,43.823213],[11.027598,43.823011],[11.027635,43.822968],[11.027838,43.822813],[11.028303,43.822504],[11.029269,43.821763],[11.02953,43.821541],[11.030171,43.821324],[11.030301,43.821296],[11.030309,43.821261],[11.030537,43.821153],[11.030643,43.820999],[11.030967,43.820237],[11.031061,43.82006],[11.031329,43.819742],[11.03147,43.81942],[11.031629,43.819311],[11.031779,43.819116],[11.032076,43.818935],[11.032057,43.818872],[11.031592,43.818427],[11.031321,43.818178],[11.031246,43.818155],[11.030396,43.817333],[11.030631,43.817204],[11.030743,43.817153],[11.030997,43.817078],[11.031383,43.816887],[11.031411,43.816779],[11.031519,43.816683],[11.031727,43.816371],[11.03193,43.81613],[11.031993,43.815845],[11.032088,43.815643],[11.032193,43.815614],[11.032262,43.815613],[11.03263,43.815728],[11.032791,43.815796],[11.032868,43.815815],[11.032944,43.815815],[11.033113,43.81587],[11.033434,43.815861],[11.033775,43.815694],[11.033926,43.815492],[11.034021,43.815413],[11.034253,43.815284],[11.034556,43.815211],[11.034692,43.815156],[11.035265,43.814797],[11.035507,43.814623],[11.035667,43.814561],[11.036012,43.814375],[11.036065,43.814395],[11.036096,43.814448],[11.036135,43.814456],[11.036208,43.814408],[11.03634,43.814383],[11.036524,43.814295],[11.036602,43.814275],[11.036902,43.814026],[11.037073,43.813963],[11.037312,43.813844],[11.037407,43.813824],[11.037553,43.81382],[11.037739,43.813751],[11.03946,43.813523],[11.03991,43.813449],[11.040033,43.813451],[11.03999,43.813697],[11.039984,43.813892],[11.040023,43.814483],[11.040085,43.81464],[11.040191,43.814681],[11.040296,43.814807],[11.040547,43.815178],[11.040852,43.815723],[11.041022,43.815885],[11.041042,43.816291],[11.041619,43.818554],[11.042025,43.819047],[11.041933,43.819184],[11.041579,43.819326],[11.041487,43.819551],[11.04141,43.819634],[11.041314,43.819693],[11.04103,43.819759],[11.040983,43.819808],[11.040967,43.819877],[11.041011,43.819949],[11.041099,43.82],[11.041357,43.820074],[11.041625,43.820116],[11.04169,43.82016],[11.041719,43.820209],[11.041769,43.82048],[11.041735,43.820683],[11.04187,43.820939],[11.041921,43.821096],[11.041913,43.821226],[11.04195,43.821231],[11.041973,43.821212],[11.041972,43.821048],[11.04199,43.821018],[11.042146,43.820942],[11.042554,43.820847],[11.043315,43.820908],[11.043468,43.820962],[11.043551,43.820914],[11.044336,43.821027],[11.045899,43.820434],[11.045976,43.820627],[11.046198,43.820848],[11.046501,43.821293],[11.046525,43.821303],[11.046876,43.821093],[11.047134,43.820889],[11.04765,43.820784],[11.048027,43.820655],[11.048056,43.82069],[11.048089,43.820698],[11.0483,43.820621],[11.048309,43.820588],[11.048881,43.820513],[11.049627,43.820726]]]},"properties":{"prov":"PO","comune_amm":"G754","comune_descr":"POGGIO A CAIANO","fascia":"R","zona":"R2","zona_descr":"ZONA COLLINARE: BONISTALLO - PETRAIA - CERRETINO - PALAGINA","microzona":0,"semestre":"2025/1"}},{"type":"Feature","geometry":{"type":"Polygon","coordinates":[[[11.10431,43.879535],[11.103679,43.879977],[11.103606,43.879938],[11.103603,43.8799],[11.103549,43.879894],[11.100527,43.88234],[11.100583,43.882531],[11.100588,43.88263],[11.09969,43.884157],[11.099594,43.884168],[11.099398,43.884115],[11.099379,43.884131],[11.099369,43.884222],[11.098965,43.884277],[11.098177,43.884422],[11.097122,43.884671],[11.097042,43.884874],[11.096925,43.884897],[11.096886,43.884878],[11.09602,43.885051],[11.095988,43.885045],[11.095142,43.885236],[11.094902,43.885303],[11.094737,43.885358],[11.094831,43.885535],[11.094373,43.885722],[11.094222,43.885547],[11.094002,43.885623],[11.093854,43.885464],[11.094287,43.885275],[11.094295,43.885249],[11.092921,43.883868],[11.092245,43.883141],[11.09183,43.882765],[11.091312,43.882225],[11.089687,43.880412],[11.088995,43.87961],[11.089692,43.879104],[11.089687,43.879069],[11.089749,43.879026],[11.089798,43.879031],[11.093479,43.876435],[11.093532,43.876375],[11.093973,43.8762],[11.093967,43.876179],[11.093755,43.876028],[11.094062,43.875677],[11.094644,43.875767],[11.094669,43.875925],[11.094691,43.875942],[11.098608,43.876226],[11.099786,43.876334],[11.099813,43.876321],[11.099881,43.876152],[11.1003,43.876078],[11.100499,43.876361],[11.100331,43.876465],[11.100328,43.876491],[11.100898,43.876963],[11.100932,43.876965],[11.101247,43.876797],[11.101324,43.876873],[11.101321,43.87692],[11.101425,43.877025],[11.101465,43.877031],[11.101747,43.877311],[11.101778,43.877317],[11.101903,43.877274],[11.10218,43.877552],[11.102236,43.877838],[11.102002,43.877993],[11.102,43.878017],[11.103505,43.879373],[11.103539,43.879376],[11.103794,43.879235],[11.104091,43.879465],[11.104198,43.879516],[11.10431,43.879535]]]},"properties":{"prov":"PO","comune_amm":"G999","comune_descr":"PRATO","fascia":"B","zona":"B1","zona_descr":"CENTRO STORICO DELIMITATO DALLA CINTA MURARIA MAGISTRALE","microzona":1,"semestre":"2025/1"}},{"type":"Feature","geometry":{"type":"Polygon","coordinates":[[[11.099903,43.883789],[11.100586,43.882632],[11.100583,43.882534],[11.10052,43.882345],[11.103559,43.879885],[11.103617,43.879906],[11.103618,43.879945],[11.103658,43.879969],[11.103691,43.879968],[11.104475,43.879411],[11.10452,43.879414],[11.104712,43.879276],[11.105191,43.87887],[11.10559,43.878423],[11.106067,43.877737],[11.10628,43.877306],[11.106313,43.877299],[11.1068,43.877443],[11.106832,43.877434],[11.10766,43.87592],[11.108993,43.874659],[11.109829,43.873927],[11.110121,43.873718],[11.111232,43.873498],[11.111549,43.873457],[11.112182,43.873434],[11.112561,43.873456],[11.113043,43.873512],[11.113718,43.87342],[11.11506,43.873121],[11.11572,43.872911],[11.116044,43.872773],[11.116083,43.872782],[11.116295,43.872715],[11.116496,43.872702],[11.116699,43.872728],[11.117312,43.87291],[11.117412,43.872884],[11.117632,43.87273],[11.117664,43.872725],[11.11842,43.872185],[11.118419,43.872153],[11.118554,43.872047],[11.118601,43.872051],[11.119692,43.871401],[11.119697,43.871378],[11.119659,43.871322],[11.12111,43.870459],[11.121146,43.870335],[11.121059,43.870246],[11.121073,43.870227],[11.121102,43.870215],[11.121192,43.870303],[11.121302,43.870358],[11.12133,43.870358],[11.123193,43.869357],[11.125355,43.868171],[11.125534,43.86826],[11.125635,43.86818],[11.126474,43.868816],[11.12696,43.869057],[11.127208,43.869292],[11.127562,43.869511],[11.127579,43.869541],[11.127646,43.869521],[11.127995,43.869696],[11.1283,43.86972],[11.128382,43.86974],[11.128525,43.869835],[11.128536,43.869915],[11.128633,43.870103],[11.128917,43.87031],[11.129193,43.870628],[11.129612,43.870919],[11.1281,43.871869],[11.127359,43.872484],[11.127356,43.872504],[11.127413,43.872533],[11.127022,43.872941],[11.12687,43.873136],[11.126875,43.873159],[11.127546,43.873587],[11.128109,43.873888],[11.128625,43.874121],[11.12884,43.874257],[11.129055,43.874414],[11.129135,43.874536],[11.129209,43.874606],[11.129354,43.874859],[11.12947,43.874967],[11.128657,43.875026],[11.128133,43.874972],[11.128094,43.875165],[11.127679,43.875339],[11.127178,43.87549],[11.126881,43.875607],[11.126872,43.875632],[11.126887,43.87564],[11.127536,43.875766],[11.127534,43.876084],[11.127732,43.876492],[11.127434,43.876462],[11.126808,43.876346],[11.126668,43.8763],[11.12642,43.876294],[11.12595,43.876215],[11.125194,43.875951],[11.124994,43.875899],[11.124668,43.875839],[11.12464,43.875846],[11.12426,43.876279],[11.123495,43.876012],[11.123185,43.876415],[11.122949,43.87632],[11.122643,43.876242],[11.122286,43.876432],[11.12198,43.876725],[11.121974,43.876746],[11.122062,43.876782],[11.122031,43.876976],[11.122036,43.877155],[11.121959,43.877523],[11.121055,43.87763],[11.120982,43.877514],[11.120941,43.877508],[11.119681,43.878449],[11.119635,43.878419],[11.1196,43.878418],[11.11953,43.878912],[11.119331,43.879435],[11.119277,43.879477],[11.119131,43.879488],[11.118982,43.879679],[11.119122,43.879738],[11.11916,43.879809],[11.119142,43.879947],[11.119306,43.880198],[11.11961,43.880582],[11.119865,43.880781],[11.120063,43.881059],[11.120193,43.881102],[11.120459,43.881157],[11.120748,43.88116],[11.121341,43.881251],[11.121564,43.881316],[11.121707,43.881417],[11.12144,43.881452],[11.121195,43.881613],[11.121042,43.881612],[11.120045,43.881941],[11.119765,43.8823],[11.119687,43.882643],[11.11966,43.882848],[11.119674,43.882906],[11.119636,43.882955],[11.119505,43.882978],[11.119429,43.883012],[11.119369,43.883119],[11.119281,43.883009],[11.119241,43.883008],[11.119208,43.883038],[11.119163,43.883038],[11.119069,43.882989],[11.11897,43.88297],[11.118868,43.882993],[11.118874,43.883018],[11.118964,43.883018],[11.11915,43.883087],[11.118945,43.883211],[11.118795,43.883266],[11.118822,43.883305],[11.118751,43.883401],[11.118594,43.883464],[11.11828,43.883754],[11.118185,43.883941],[11.117785,43.883956],[11.117541,43.884212],[11.117551,43.884238],[11.117768,43.884316],[11.117728,43.884611],[11.117651,43.884805],[11.117507,43.884779],[11.117481,43.884786],[11.116656,43.88555],[11.115817,43.886],[11.115304,43.886232],[11.115298,43.886329],[11.115184,43.886538],[11.115447,43.886587],[11.11582,43.886685],[11.11566,43.887019],[11.115672,43.887041],[11.115775,43.887077],[11.115779,43.88728],[11.115706,43.887342],[11.115633,43.88763],[11.115449,43.887968],[11.115364,43.887769],[11.115375,43.887704],[11.115315,43.887622],[11.115194,43.88762],[11.11515,43.887647],[11.115127,43.887701],[11.115137,43.887835],[11.115063,43.888014],[11.114872,43.888351],[11.114598,43.88856],[11.114532,43.888635],[11.114291,43.889033],[11.114203,43.88912],[11.113934,43.889054],[11.113682,43.889014],[11.113566,43.88903],[11.113336,43.888999],[11.113182,43.889156],[11.113265,43.88951],[11.113065,43.889497],[11.112508,43.889534],[11.11246,43.889466],[11.112435,43.889456],[11.11142,43.889507],[11.111095,43.889577],[11.110992,43.889639],[11.110972,43.890008],[11.110603,43.890313],[11.110794,43.890432],[11.110999,43.890612],[11.111163,43.890687],[11.111378,43.890822],[11.111907,43.891068],[11.112134,43.891144],[11.112069,43.891327],[11.112064,43.891384],[11.112097,43.891431],[11.112,43.891542],[11.111746,43.891707],[11.111693,43.891728],[11.111112,43.891837],[11.111037,43.891888],[11.110836,43.892101],[11.110785,43.892105],[11.110636,43.892055],[11.110511,43.892192],[11.110439,43.892218],[11.10956,43.891994],[11.109543,43.891965],[11.10937,43.891923],[11.109305,43.891925],[11.109298,43.89189],[11.109279,43.891886],[11.109043,43.891898],[11.109033,43.891962],[11.109221,43.891964],[11.109272,43.891978],[11.109432,43.892283],[11.109552,43.892721],[11.109582,43.892736],[11.109609,43.892824],[11.109954,43.893165],[11.110011,43.893174],[11.110241,43.893425],[11.110363,43.893519],[11.110002,43.893629],[11.109608,43.893995],[11.10948,43.893968],[11.109467,43.89399],[11.109539,43.894024],[11.109019,43.894226],[11.108463,43.894354],[11.107757,43.894462],[11.107718,43.894389],[11.107719,43.89434],[11.107737,43.894301],[11.107802,43.894245],[11.107751,43.894191],[11.107641,43.894154],[11.107622,43.894174],[11.107633,43.894257],[11.107546,43.894308],[11.107612,43.894398],[11.107534,43.894383],[11.107423,43.894418],[11.107335,43.894531],[11.10731,43.894536],[11.107172,43.894379],[11.107129,43.89438],[11.107084,43.894443],[11.107064,43.894556],[11.107101,43.894672],[11.106948,43.894504],[11.106621,43.893992],[11.106587,43.893911],[11.106582,43.893819],[11.106309,43.893383],[11.10544,43.892148],[11.105395,43.892051],[11.103931,43.892299],[11.103191,43.891058],[11.103202,43.890924],[11.103073,43.890721],[11.10293,43.890611],[11.10261,43.890069],[11.102508,43.889989],[11.102541,43.88997],[11.102539,43.889957],[11.102428,43.889797],[11.102437,43.889771],[11.101736,43.888566],[11.101714,43.888555],[11.101623,43.888404],[11.101628,43.888381],[11.101244,43.887695],[11.103081,43.887274],[11.103243,43.887582],[11.103523,43.88752],[11.103335,43.88696],[11.103269,43.886634],[11.103337,43.88664],[11.103366,43.88662],[11.10333,43.886266],[11.103327,43.885566],[11.1034,43.884995],[11.103378,43.884972],[11.10358,43.884374],[11.103765,43.883947],[11.103717,43.883907],[11.103736,43.883878],[11.103808,43.883872],[11.10412,43.883411],[11.104252,43.883247],[11.104255,43.883208],[11.10431,43.88314],[11.104375,43.883117],[11.104764,43.882666],[11.104745,43.882629],[11.104776,43.8826],[11.104774,43.882576],[11.104553,43.882428],[11.104435,43.882507],[11.104367,43.882488],[11.104234,43.882537],[11.103632,43.882896],[11.103296,43.883067],[11.10244,43.88344],[11.1018,43.883646],[11.101518,43.883778],[11.101462,43.883768],[11.101316,43.883811],[11.100921,43.883881],[11.100621,43.88391],[11.100663,43.883828],[11.100641,43.883803],[11.099903,43.883789]]]},"properties":{"prov":"PO","comune_amm":"G999","comune_descr":"PRATO","fascia":"C","zona":"C1","zona_descr":"ZONA SEMICENTRALE EST: PIETA' - GIOLICA - CASTELLINA - FILETTOLE - SACRA FAMIGLIA","microzona":0,"semestre":"2025/1"}},{"type":"Feature","geometry":{"type":"Polygon","coordinates":[[[11.126209,43.858515],[11.125703,43.859336],[11.124249,43.861061],[11.123705,43.861568],[11.122213,43.862789],[11.120192,43.864076],[11.119435,43.864615],[11.118608,43.865319],[11.118358,43.865775],[11.118327,43.865904],[11.118052,43.867765],[11.117803,43.86891],[11.117768,43.869189],[11.117625,43.869765],[11.11744,43.870388],[11.117253,43.870883],[11.117137,43.871293],[11.117121,43.871455],[11.116884,43.872054],[11.116694,43.872142],[11.116276,43.872552],[11.116114,43.87274],[11.11572,43.872912],[11.1152,43.873083],[11.113717,43.87342],[11.113041,43.873512],[11.11256,43.873456],[11.112183,43.873434],[11.111552,43.873457],[11.111231,43.873498],[11.11022,43.873688],[11.110086,43.87374],[11.109829,43.873927],[11.108992,43.87466],[11.107661,43.875919],[11.106825,43.877447],[11.106331,43.877305],[11.106283,43.877311],[11.106067,43.877737],[11.105482,43.878556],[11.105078,43.878974],[11.104555,43.87939],[11.104506,43.879422],[11.104461,43.879421],[11.104315,43.879534],[11.104205,43.879519],[11.104094,43.879468],[11.103794,43.87924],[11.103517,43.879384],[11.101987,43.878005],[11.102233,43.877837],[11.102179,43.87755],[11.101915,43.877287],[11.101884,43.877282],[11.101757,43.877321],[11.101477,43.877042],[11.101437,43.877037],[11.101317,43.876916],[11.10132,43.876869],[11.101245,43.876803],[11.100909,43.876973],[11.100313,43.876479],[11.100494,43.87636],[11.100298,43.876081],[11.099882,43.876154],[11.099802,43.876335],[11.098608,43.876226],[11.094677,43.87594],[11.094641,43.875769],[11.094079,43.875679],[11.094053,43.875686],[11.09376,43.876031],[11.093991,43.876196],[11.09354,43.876371],[11.09347,43.87643],[11.093241,43.876147],[11.092192,43.875022],[11.090563,43.873206],[11.091684,43.872841],[11.092729,43.87245],[11.094673,43.871759],[11.095418,43.871471],[11.097107,43.870915],[11.097229,43.87084],[11.097719,43.870694],[11.100377,43.869749],[11.100479,43.869673],[11.100627,43.86961],[11.100526,43.869429],[11.100266,43.869181],[11.099907,43.868726],[11.099775,43.868578],[11.099714,43.868538],[11.09963,43.868419],[11.099596,43.868411],[11.099543,43.868429],[11.099014,43.867757],[11.0988,43.867533],[11.098475,43.867105],[11.098229,43.866905],[11.098038,43.86672],[11.097995,43.866698],[11.097951,43.866704],[11.097864,43.866554],[11.097923,43.86653],[11.097924,43.866498],[11.097813,43.866376],[11.097681,43.866315],[11.09733,43.865956],[11.097176,43.865819],[11.097029,43.865769],[11.096847,43.865566],[11.100634,43.863664],[11.100743,43.863774],[11.100778,43.863779],[11.101994,43.86317],[11.102119,43.86309],[11.104412,43.861916],[11.10446,43.861866],[11.107684,43.860276],[11.113349,43.857409],[11.113357,43.857389],[11.113306,43.857265],[11.114701,43.856542],[11.114874,43.856423],[11.114853,43.856345],[11.114782,43.856279],[11.114836,43.856288],[11.1149,43.856339],[11.114935,43.856342],[11.115479,43.856026],[11.11578,43.855805],[11.115915,43.855629],[11.115999,43.85548],[11.116053,43.855211],[11.116051,43.855126],[11.116129,43.854883],[11.116291,43.854651],[11.116294,43.854636],[11.116262,43.854624],[11.115696,43.854755],[11.114876,43.854921],[11.114293,43.855012],[11.11425,43.854961],[11.114223,43.854952],[11.113948,43.854996],[11.11389,43.854668],[11.115003,43.854502],[11.11603,43.854266],[11.117034,43.853973],[11.117471,43.853822],[11.117596,43.853795],[11.117716,43.853798],[11.117989,43.853699],[11.118514,43.853451],[11.118902,43.8532],[11.119095,43.853043],[11.11919,43.852943],[11.119431,43.852609],[11.119788,43.851947],[11.120037,43.851679],[11.120193,43.851625],[11.120341,43.851604],[11.120717,43.85163],[11.120895,43.8517],[11.120969,43.851747],[11.121237,43.851991],[11.121322,43.852021],[11.121381,43.851994],[11.121476,43.851896],[11.121548,43.851886],[11.122467,43.851306],[11.122694,43.851194],[11.122708,43.851291],[11.122789,43.851405],[11.122952,43.851404],[11.123391,43.851441],[11.124433,43.852836],[11.124561,43.853094],[11.124759,43.853951],[11.124926,43.854457],[11.125151,43.854967],[11.125175,43.855111],[11.125151,43.855231],[11.125043,43.855383],[11.124522,43.855692],[11.124309,43.855846],[11.123705,43.856171],[11.123379,43.856415],[11.123295,43.856611],[11.123263,43.856754],[11.123278,43.856994],[11.12335,43.857131],[11.123585,43.857359],[11.123926,43.857545],[11.124362,43.857693],[11.124468,43.857745],[11.12498,43.858084],[11.125008,43.858086],[11.125522,43.857892],[11.125932,43.85815],[11.126209,43.858515]]]},"properties":{"prov":"PO","comune_amm":"G999","comune_descr":"PRATO","fascia":"C","zona":"C3","zona_descr":"ZONA SEMICENTRALE SUD-EST: MONTEGRAPPA - REPUBBLICA - MEZZANA","microzona":0,"semestre":"2025/1"}},{"type":"Feature","geometry":{"type":"Polygon","coordinates":[[[11.104788,43.882588],[11.10475,43.882629],[11.10477,43.882658],[11.104372,43.88312],[11.104307,43.883143],[11.104256,43.883207],[11.104254,43.883244],[11.10412,43.883412],[11.103802,43.883882],[11.103738,43.883881],[11.103723,43.883896],[11.103769,43.883937],[11.10358,43.884374],[11.103387,43.884926],[11.103381,43.88496],[11.103402,43.884983],[11.103327,43.885567],[11.10333,43.886266],[11.103368,43.886639],[11.103286,43.886637],[11.103273,43.886655],[11.103335,43.886959],[11.103529,43.887523],[11.10324,43.887586],[11.103095,43.88729],[11.103064,43.887279],[11.101242,43.88769],[11.101091,43.887391],[11.100998,43.887324],[11.100159,43.885721],[11.100012,43.885674],[11.10004,43.885615],[11.099883,43.885191],[11.10024,43.88512],[11.100258,43.885097],[11.100168,43.884846],[11.100213,43.884725],[11.10007,43.884586],[11.099843,43.884455],[11.099868,43.884389],[11.099871,43.884254],[11.099795,43.884088],[11.099807,43.883964],[11.099901,43.883792],[11.100676,43.883804],[11.100632,43.883882],[11.100659,43.883907],[11.100919,43.883882],[11.101316,43.883811],[11.101467,43.883766],[11.101529,43.883774],[11.101802,43.883645],[11.10244,43.88344],[11.103296,43.883067],[11.103632,43.882896],[11.104238,43.882536],[11.104383,43.882486],[11.104446,43.882498],[11.104553,43.882423],[11.104788,43.882588]]]},"properties":{"prov":"PO","comune_amm":"G999","comune_descr":"PRATO","fascia":"C","zona":"C4","zona_descr":"IL CANTIERE","microzona":2,"semestre":"2025/1"}},{"type":"Feature","geometry":{"type":"Polygon","coordinates":[[[11.116979,43.905529],[11.116849,43.905526],[11.116438,43.90585],[11.116184,43.906015],[11.116029,43.906081],[11.115987,43.906074],[11.115925,43.906102],[11.115847,43.906179],[11.114932,43.906658],[11.114526,43.906469],[11.113105,43.906055],[11.110876,43.905654],[11.110522,43.905565],[11.110112,43.905432],[11.109268,43.905089],[11.109118,43.905068],[11.108782,43.904964],[11.10833,43.904761],[11.108077,43.904554],[11.10774,43.904247],[11.107343,43.903837],[11.106917,43.903434],[11.106498,43.902978],[11.106462,43.902973],[11.106394,43.903009],[11.10636,43.902976],[11.106421,43.902936],[11.106426,43.902912],[11.105767,43.902224],[11.105773,43.902195],[11.105444,43.901855],[11.105416,43.901846],[11.105273,43.901682],[11.105267,43.901649],[11.10513,43.901483],[11.104947,43.901187],[11.10417,43.900318],[11.103983,43.900199],[11.103802,43.900052],[11.103405,43.900222],[11.103369,43.90022],[11.103238,43.900278],[11.10323,43.900313],[11.103104,43.900346],[11.102907,43.900424],[11.102656,43.900557],[11.102543,43.900593],[11.101226,43.901163],[11.100553,43.901472],[11.100002,43.901526],[11.09998,43.901595],[11.099901,43.901722],[11.099802,43.901808],[11.098928,43.90223],[11.098994,43.902173],[11.099013,43.902106],[11.098991,43.902032],[11.098927,43.901992],[11.09695,43.901861],[11.095903,43.901847],[11.095019,43.9019],[11.094983,43.901891],[11.094964,43.901905],[11.094277,43.901989],[11.093625,43.902092],[11.092491,43.900932],[11.092842,43.900671],[11.0932,43.900486],[11.093551,43.900252],[11.093558,43.900233],[11.093459,43.900022],[11.093199,43.899718],[11.092895,43.899453],[11.092493,43.899033],[11.092154,43.898832],[11.091951,43.898561],[11.091814,43.898307],[11.091527,43.897903],[11.091399,43.89775],[11.090899,43.897293],[11.090695,43.897006],[11.090457,43.896785],[11.090368,43.896625],[11.090158,43.896331],[11.089681,43.895903],[11.089503,43.895681],[11.089328,43.895525],[11.089287,43.895461],[11.089318,43.89542],[11.089296,43.895396],[11.089315,43.89533],[11.089158,43.89514],[11.08909,43.8951],[11.089036,43.895115],[11.088887,43.894982],[11.088423,43.894461],[11.088346,43.894467],[11.08805,43.894143],[11.088083,43.894102],[11.088062,43.894056],[11.087724,43.893669],[11.090547,43.892373],[11.090553,43.892348],[11.090478,43.892258],[11.090609,43.892212],[11.090684,43.89229],[11.090717,43.892295],[11.091149,43.892098],[11.091156,43.892073],[11.091083,43.891981],[11.091234,43.891912],[11.091317,43.891999],[11.091351,43.892004],[11.095316,43.890196],[11.095665,43.890068],[11.095873,43.890012],[11.096859,43.889852],[11.096626,43.888743],[11.096461,43.888514],[11.096504,43.888494],[11.096515,43.888468],[11.094295,43.886065],[11.094261,43.88606],[11.094195,43.886089],[11.094144,43.886043],[11.094024,43.886011],[11.094385,43.885842],[11.094287,43.885736],[11.094145,43.885795],[11.094006,43.885622],[11.094184,43.885555],[11.0942,43.885511],[11.094356,43.885708],[11.09439,43.885715],[11.094825,43.885534],[11.094732,43.885354],[11.095141,43.885236],[11.096003,43.885042],[11.096034,43.885049],[11.096905,43.884875],[11.096944,43.884894],[11.097031,43.884877],[11.097112,43.884674],[11.098177,43.884422],[11.098966,43.884277],[11.09935,43.884224],[11.09937,43.884208],[11.099382,43.884106],[11.099584,43.884166],[11.099676,43.884159],[11.099806,43.883968],[11.099796,43.884093],[11.09987,43.88425],[11.099868,43.884388],[11.099847,43.884454],[11.100072,43.884587],[11.100215,43.884725],[11.100168,43.884848],[11.100262,43.885114],[11.099892,43.885191],[11.100041,43.885618],[11.10002,43.885672],[11.100158,43.885716],[11.100996,43.887323],[11.10109,43.887389],[11.101635,43.888395],[11.10163,43.888417],[11.101704,43.88854],[11.101729,43.888554],[11.102445,43.889784],[11.102437,43.88981],[11.102549,43.889969],[11.102522,43.889997],[11.10261,43.890068],[11.102929,43.890609],[11.103072,43.890719],[11.103203,43.890927],[11.103192,43.891061],[11.104262,43.892874],[11.104411,43.892972],[11.105491,43.894781],[11.105593,43.894928],[11.105629,43.894935],[11.105695,43.894904],[11.105992,43.894845],[11.106099,43.894848],[11.106201,43.8949],[11.10668,43.895316],[11.106744,43.895403],[11.106766,43.895507],[11.106738,43.89562],[11.106661,43.89571],[11.106557,43.895783],[11.106558,43.89581],[11.109869,43.897871],[11.110157,43.898081],[11.110707,43.898524],[11.110741,43.898578],[11.11201,43.899648],[11.113315,43.900824],[11.114964,43.902454],[11.114923,43.902511],[11.114927,43.902534],[11.115195,43.902698],[11.115271,43.902803],[11.115322,43.902804],[11.115395,43.902912],[11.115443,43.902923],[11.115551,43.903142],[11.115766,43.90327],[11.115766,43.903296],[11.115982,43.903514],[11.116023,43.903603],[11.11611,43.903668],[11.116324,43.903968],[11.116301,43.90405],[11.116517,43.90431],[11.116535,43.904319],[11.116578,43.904307],[11.116679,43.90443],[11.116899,43.905092],[11.116967,43.905229],[11.116979,43.905529]]]},"properties":{"prov":"PO","comune_amm":"G999","comune_descr":"PRATO","fascia":"C","zona":"C7","zona_descr":"ZONA SEMICENTRALE NORD: PIAZZA CIARDI - PIAZZA MERCATO NUOVO - VIALE GALILEI - COIANO - SANTA LUCIA (ABATONI) - CILIANI","microzona":0,"semestre":"2025/1"}},{"type":"Feature","geometry":{"type":"Polygon","coordinates":[[[11.062479,43.879045],[11.062871,43.879028],[11.063244,43.878965],[11.063336,43.87893],[11.064499,43.878662],[11.06905,43.877679],[11.074336,43.876515],[11.075112,43.876301],[11.075782,43.876079],[11.076353,43.875863],[11.076619,43.87574],[11.076714,43.875859],[11.076749,43.875866],[11.077209,43.875669],[11.077921,43.875314],[11.078118,43.8753],[11.078194,43.875262],[11.078288,43.875175],[11.078313,43.875101],[11.078405,43.875144],[11.078525,43.875152],[11.07863,43.875217],[11.078792,43.875388],[11.078825,43.875393],[11.078833,43.875368],[11.078513,43.874976],[11.083749,43.872368],[11.084435,43.872078],[11.084442,43.872052],[11.084189,43.871798],[11.084178,43.871752],[11.084206,43.871639],[11.084236,43.871605],[11.084412,43.871742],[11.084446,43.871745],[11.085059,43.871433],[11.085244,43.871409],[11.085836,43.871114],[11.086119,43.871237],[11.086145,43.871236],[11.08691,43.870862],[11.086918,43.870838],[11.086793,43.870717],[11.087825,43.870194],[11.087864,43.870138],[11.087711,43.869973],[11.087868,43.869935],[11.089747,43.869039],[11.089796,43.869084],[11.089831,43.869088],[11.091246,43.8684],[11.094133,43.866932],[11.094141,43.866908],[11.094079,43.86683],[11.095013,43.866363],[11.095633,43.866137],[11.09627,43.865821],[11.096465,43.865747],[11.096848,43.86557],[11.097028,43.865767],[11.097084,43.865797],[11.097173,43.865817],[11.09733,43.865956],[11.097678,43.866313],[11.097812,43.866374],[11.097928,43.866501],[11.097925,43.866531],[11.097885,43.866544],[11.097872,43.866567],[11.097944,43.86669],[11.097995,43.866696],[11.098039,43.866721],[11.098229,43.866905],[11.098473,43.867102],[11.0988,43.867534],[11.099016,43.867758],[11.099533,43.868416],[11.099567,43.868423],[11.099621,43.868406],[11.099713,43.868537],[11.099779,43.868581],[11.099907,43.868726],[11.100265,43.869179],[11.100524,43.869426],[11.100633,43.86961],[11.100484,43.869671],[11.100383,43.869746],[11.100198,43.869821],[11.097721,43.870694],[11.09723,43.87084],[11.097109,43.870915],[11.095418,43.871471],[11.094671,43.871759],[11.092729,43.87245],[11.091684,43.872841],[11.090576,43.873205],[11.090574,43.873226],[11.092192,43.875022],[11.09324,43.876146],[11.093477,43.876435],[11.089784,43.879041],[11.089753,43.87903],[11.089701,43.87906],[11.089704,43.879095],[11.089001,43.879611],[11.089681,43.880404],[11.091312,43.882225],[11.091836,43.88277],[11.092245,43.883141],[11.092921,43.883867],[11.094308,43.885262],[11.093863,43.885465],[11.094134,43.885782],[11.094169,43.885788],[11.094289,43.88573],[11.094393,43.885843],[11.094051,43.885995],[11.094043,43.88602],[11.094149,43.886044],[11.094197,43.886083],[11.094284,43.886053],[11.096527,43.888481],[11.096482,43.888503],[11.09647,43.888527],[11.096626,43.888742],[11.096866,43.889853],[11.095874,43.890012],[11.095668,43.890068],[11.095317,43.890195],[11.091334,43.892012],[11.091235,43.891917],[11.091099,43.891973],[11.091092,43.891998],[11.091165,43.89209],[11.090701,43.892302],[11.090608,43.892217],[11.090498,43.892251],[11.090489,43.892277],[11.090563,43.892365],[11.087738,43.893667],[11.088063,43.894058],[11.088085,43.894102],[11.088057,43.894151],[11.088336,43.894456],[11.08835,43.894464],[11.088414,43.894451],[11.088887,43.894982],[11.089025,43.895106],[11.08909,43.895097],[11.089154,43.895137],[11.089318,43.895333],[11.089298,43.895395],[11.089321,43.895423],[11.08929,43.895459],[11.089331,43.895527],[11.089505,43.895682],[11.08968,43.895902],[11.090174,43.896349],[11.090368,43.896624],[11.090455,43.896782],[11.090694,43.897003],[11.090898,43.897292],[11.091398,43.897749],[11.091529,43.897904],[11.091814,43.898307],[11.091951,43.89856],[11.092153,43.89883],[11.092496,43.899036],[11.092896,43.899454],[11.093198,43.899718],[11.093461,43.900024],[11.093562,43.900244],[11.093362,43.900389],[11.09284,43.900672],[11.092497,43.900932],[11.093618,43.902089],[11.092931,43.902218],[11.092908,43.902243],[11.091497,43.902526],[11.091201,43.902564],[11.091001,43.90257],[11.090637,43.902539],[11.090287,43.902464],[11.090017,43.902365],[11.089787,43.902255],[11.089557,43.902365],[11.08954,43.90233],[11.089605,43.902274],[11.089606,43.902251],[11.089274,43.901947],[11.086071,43.900017],[11.08604,43.900017],[11.085834,43.900117],[11.08583,43.90009],[11.086,43.900001],[11.086,43.899972],[11.084634,43.89915],[11.084461,43.899024],[11.084418,43.899027],[11.083922,43.898711],[11.083923,43.898659],[11.083268,43.89838],[11.083094,43.898237],[11.083027,43.898222],[11.082869,43.898228],[11.082818,43.898126],[11.082626,43.898016],[11.079558,43.896355],[11.079483,43.896345],[11.079391,43.896259],[11.079178,43.896363],[11.079155,43.896328],[11.079158,43.896213],[11.079136,43.896195],[11.078817,43.896361],[11.078747,43.896294],[11.078839,43.896115],[11.078852,43.896042],[11.078807,43.895968],[11.078753,43.89592],[11.075684,43.894269],[11.075186,43.89399],[11.074903,43.893812],[11.074522,43.893512],[11.074227,43.893248],[11.073442,43.892466],[11.073524,43.892419],[11.073529,43.892394],[11.07308,43.891941],[11.073056,43.891933],[11.072475,43.891995],[11.072407,43.892017],[11.072352,43.892063],[11.072249,43.892109],[11.072202,43.892008],[11.072291,43.891979],[11.072421,43.89188],[11.072399,43.891804],[11.072451,43.891685],[11.072593,43.891654],[11.072606,43.891625],[11.071579,43.89066],[11.071553,43.890652],[11.070121,43.889275],[11.070261,43.889297],[11.070276,43.889258],[11.07018,43.889202],[11.069065,43.888111],[11.068229,43.887149],[11.067883,43.886646],[11.067862,43.886548],[11.067757,43.886449],[11.067043,43.885225],[11.065721,43.883069],[11.065695,43.882965],[11.065714,43.882881],[11.065683,43.882872],[11.065521,43.882918],[11.065395,43.882647],[11.064836,43.881685],[11.063887,43.879959],[11.063497,43.879655],[11.063295,43.879546],[11.06324,43.879547],[11.063109,43.879489],[11.063031,43.879471],[11.062669,43.879207],[11.062479,43.879045]]]},"properties":{"prov":"PO","comune_amm":"G999","comune_descr":"PRATO","fascia":"C","zona":"C8","zona_descr":"ZONA SEMICENTRALE OVEST: PIAZZA MACELLI - SOCCORSO - IL PINO - PORTA PISTOIESE - CHIESANUOVA - BORGONUOVO - SAN PAOLO","microzona":0,"semestre":"2025/1"}},{"type":"Feature","geometry":{"type":"MultiPolygon","coordinates":[[[[11.094069,43.921581],[11.094041,43.921622],[11.094004,43.921608],[11.09403,43.921564],[11.094069,43.921581]]],[[[11.102603,43.918093],[11.10259,43.918128],[11.102295,43.917984],[11.102185,43.917688],[11.102318,43.917707],[11.1024,43.91792],[11.102544,43.917989],[11.102576,43.917991],[11.102603,43.918093]]],[[[11.120682,43.912964],[11.120509,43.913074],[11.120444,43.912979],[11.120682,43.912964]]],[[[11.127744,43.915365],[11.127629,43.9159],[11.127721,43.916579],[11.127717,43.916873],[11.127682,43.916959],[11.127687,43.917273],[11.127206,43.917313],[11.127184,43.917337],[11.127244,43.91746],[11.127315,43.918189],[11.127284,43.918221],[11.12722,43.918676],[11.127185,43.919651],[11.127124,43.920221],[11.127123,43.920582],[11.127092,43.920626],[11.127063,43.921025],[11.126662,43.921015],[11.126481,43.921043],[11.125894,43.920996],[11.125532,43.921109],[11.125158,43.921074],[11.125261,43.919677],[11.125329,43.919],[11.126023,43.918927],[11.126028,43.918906],[11.125989,43.918846],[11.12607,43.918689],[11.125819,43.918097],[11.125445,43.917314],[11.125351,43.917246],[11.125305,43.91717],[11.125151,43.917039],[11.12492,43.916633],[11.12489,43.916502],[11.124833,43.916376],[11.124907,43.91586],[11.12483,43.915436],[11.124805,43.915421],[11.124023,43.91542],[11.124053,43.915381],[11.124082,43.915148],[11.124264,43.914338],[11.124215,43.914172],[11.123978,43.913856],[11.12388,43.913784],[11.123421,43.91366],[11.123187,43.913524],[11.123021,43.913682],[11.12294,43.91364],[11.122841,43.913719],[11.122843,43.913743],[11.122951,43.913825],[11.122676,43.914055],[11.122624,43.914001],[11.122103,43.913853],[11.121283,43.914293],[11.121151,43.914278],[11.121091,43.914228],[11.120897,43.914192],[11.120715,43.914209],[11.120575,43.91415],[11.120756,43.91398],[11.120971,43.913898],[11.121004,43.913872],[11.121591,43.912886],[11.121236,43.912761],[11.121092,43.912736],[11.120906,43.912673],[11.120817,43.912619],[11.12073,43.912433],[11.120732,43.91232],[11.120505,43.912285],[11.120262,43.912184],[11.120264,43.912119],[11.120184,43.912055],[11.120233,43.912041],[11.120234,43.91202],[11.119889,43.911635],[11.119659,43.91164],[11.119526,43.91168],[11.119288,43.911482],[11.119247,43.911505],[11.119267,43.911541],[11.119181,43.911535],[11.118404,43.911957],[11.118646,43.912256],[11.119097,43.912595],[11.11918,43.912737],[11.119123,43.91279],[11.118967,43.912626],[11.118554,43.912333],[11.118527,43.912329],[11.118317,43.912404],[11.118199,43.912537],[11.116762,43.911958],[11.116475,43.912243],[11.116296,43.912135],[11.116256,43.912144],[11.115918,43.912896],[11.115575,43.912882],[11.115548,43.912898],[11.115467,43.913443],[11.115429,43.91348],[11.115442,43.913489],[11.115515,43.913473],[11.115678,43.913481],[11.116073,43.913631],[11.116172,43.913691],[11.116297,43.913797],[11.116577,43.914084],[11.11664,43.914114],[11.116689,43.914162],[11.116745,43.914246],[11.116857,43.914566],[11.117042,43.914973],[11.117022,43.915006],[11.117231,43.91526],[11.117429,43.915602],[11.117568,43.915758],[11.117551,43.915781],[11.117377,43.9156],[11.115781,43.915594],[11.114783,43.915458],[11.114583,43.915521],[11.114191,43.915211],[11.114137,43.915201],[11.114127,43.915167],[11.114016,43.915081],[11.113842,43.915015],[11.113808,43.914923],[11.114046,43.914614],[11.11401,43.914563],[11.113503,43.9146],[11.113223,43.914659],[11.113065,43.914639],[11.113005,43.914592],[11.112869,43.914542],[11.112941,43.914467],[11.113051,43.914466],[11.113074,43.914433],[11.113251,43.91439],[11.113994,43.914303],[11.114212,43.914299],[11.114237,43.914281],[11.114238,43.914166],[11.114128,43.913788],[11.113464,43.913027],[11.113556,43.912647],[11.113634,43.912544],[11.113733,43.912203],[11.113817,43.912117],[11.11383,43.911997],[11.113885,43.911938],[11.113922,43.911796],[11.113973,43.911721],[11.113936,43.911457],[11.114082,43.911332],[11.114151,43.911295],[11.114205,43.911098],[11.114418,43.910833],[11.114524,43.910735],[11.114516,43.910708],[11.113893,43.910479],[11.113901,43.910415],[11.113106,43.90998],[11.112799,43.909767],[11.112765,43.909772],[11.1126,43.909922],[11.112315,43.910064],[11.112048,43.910138],[11.11164,43.91028],[11.11159,43.910285],[11.111329,43.910192],[11.111163,43.910076],[11.110999,43.909999],[11.110936,43.909934],[11.110755,43.909845],[11.110323,43.909676],[11.110248,43.909665],[11.110135,43.909697],[11.109988,43.909821],[11.109715,43.910004],[11.10966,43.910116],[11.109437,43.910357],[11.109319,43.910521],[11.109169,43.910645],[11.108469,43.91101],[11.108299,43.911076],[11.108201,43.911074],[11.108129,43.91105],[11.107676,43.910657],[11.107249,43.910386],[11.107221,43.910296],[11.107078,43.910139],[11.107017,43.910044],[11.106679,43.90933],[11.106466,43.909066],[11.10625,43.908951],[11.105952,43.908883],[11.105643,43.908736],[11.105089,43.908383],[11.105029,43.90832],[11.104342,43.907314],[11.104307,43.907306],[11.104204,43.907348],[11.104121,43.907356],[11.104082,43.907382],[11.103335,43.906611],[11.103026,43.906324],[11.102957,43.906295],[11.102875,43.906226],[11.102798,43.906104],[11.102748,43.906095],[11.102724,43.906116],[11.102713,43.906179],[11.102744,43.906226],[11.102675,43.906252],[11.102642,43.906213],[11.102632,43.906082],[11.102569,43.905982],[11.10236,43.905865],[11.101694,43.9056],[11.101588,43.905623],[11.101496,43.905585],[11.10145,43.905601],[11.101382,43.90559],[11.101249,43.9054],[11.101221,43.90539],[11.101156,43.905437],[11.10117,43.905481],[11.101091,43.905531],[11.100857,43.905591],[11.100788,43.905554],[11.100512,43.905608],[11.100342,43.905665],[11.100832,43.906192],[11.100098,43.906552],[11.099568,43.906789],[11.099571,43.906835],[11.099523,43.906857],[11.09951,43.906896],[11.099771,43.907072],[11.099033,43.907403],[11.099172,43.907579],[11.099133,43.907599],[11.099125,43.907624],[11.09986,43.908435],[11.099049,43.908761],[11.098646,43.90877],[11.098262,43.908724],[11.098236,43.908736],[11.098306,43.908917],[11.098333,43.909069],[11.098325,43.9091],[11.09821,43.909233],[11.098164,43.909437],[11.098066,43.909654],[11.098144,43.909997],[11.098126,43.910165],[11.096948,43.910363],[11.097028,43.911733],[11.096872,43.911761],[11.096493,43.912078],[11.096381,43.912238],[11.096309,43.912233],[11.095328,43.912348],[11.095338,43.912474],[11.09547,43.912744],[11.095535,43.913088],[11.095627,43.91335],[11.094636,43.913264],[11.09457,43.913594],[11.09459,43.914099],[11.095105,43.91527],[11.095199,43.915608],[11.095216,43.916081],[11.095333,43.916102],[11.09541,43.916164],[11.095726,43.91627],[11.095807,43.916289],[11.095896,43.916279],[11.095971,43.916245],[11.096003,43.916201],[11.096044,43.916193],[11.096172,43.916118],[11.096738,43.915767],[11.097001,43.91563],[11.097162,43.915557],[11.097662,43.915384],[11.098017,43.915328],[11.098506,43.91539],[11.098831,43.915451],[11.098965,43.915448],[11.099142,43.915416],[11.099164,43.915372],[11.099226,43.915332],[11.099522,43.915347],[11.09958,43.915364],[11.099766,43.915358],[11.100346,43.915077],[11.100379,43.915047],[11.100582,43.915168],[11.100862,43.915437],[11.100963,43.915575],[11.101388,43.915889],[11.101707,43.915972],[11.101781,43.916025],[11.101519,43.916049],[11.100865,43.9163],[11.100846,43.916328],[11.10121,43.916472],[11.101507,43.916515],[11.101691,43.916617],[11.101923,43.916802],[11.101935,43.916838],[11.101255,43.916548],[11.101118,43.916541],[11.099822,43.917024],[11.099044,43.917038],[11.099068,43.917539],[11.09905,43.917526],[11.09902,43.917532],[11.098796,43.917765],[11.098725,43.917733],[11.098689,43.91774],[11.098438,43.918122],[11.098064,43.918434],[11.0982,43.918543],[11.098362,43.918605],[11.097973,43.918893],[11.097058,43.919415],[11.096295,43.91976],[11.096439,43.919914],[11.096539,43.919986],[11.096553,43.920111],[11.097006,43.920528],[11.096876,43.920644],[11.096875,43.920667],[11.096921,43.920703],[11.097016,43.920651],[11.09714,43.920747],[11.097053,43.920823],[11.097311,43.920921],[11.097284,43.920947],[11.097014,43.920848],[11.09692,43.920788],[11.096796,43.920652],[11.09677,43.920645],[11.096554,43.920812],[11.096488,43.920938],[11.096223,43.921143],[11.096213,43.921196],[11.096234,43.921298],[11.096294,43.921312],[11.096705,43.921743],[11.096914,43.92209],[11.096888,43.922151],[11.096636,43.922373],[11.096308,43.922456],[11.096218,43.922519],[11.096151,43.922534],[11.096113,43.922522],[11.096076,43.922468],[11.096038,43.922471],[11.096012,43.922419],[11.095971,43.922406],[11.095926,43.922304],[11.095837,43.922313],[11.095735,43.922234],[11.095215,43.922105],[11.094944,43.92207],[11.094807,43.922067],[11.094468,43.922006],[11.094339,43.921647],[11.094001,43.921218],[11.093941,43.921073],[11.093909,43.921061],[11.093736,43.921076],[11.093734,43.921116],[11.093691,43.921124],[11.093672,43.921144],[11.093725,43.921434],[11.093626,43.921932],[11.093299,43.92216],[11.093186,43.922282],[11.092653,43.922541],[11.092629,43.922612],[11.092779,43.923601],[11.09278,43.923778],[11.092848,43.924032],[11.092962,43.924289],[11.093001,43.924525],[11.092942,43.924758],[11.092834,43.924774],[11.09276,43.924858],[11.09268,43.924918],[11.092187,43.92517],[11.09189,43.925283],[11.091378,43.925321],[11.091352,43.925133],[11.090804,43.924559],[11.090827,43.924514],[11.090795,43.924443],[11.090819,43.924414],[11.09075,43.924292],[11.090704,43.924283],[11.090581,43.924125],[11.090516,43.924117],[11.09049,43.924098],[11.090583,43.924086],[11.090744,43.92409],[11.090795,43.924067],[11.090682,43.923925],[11.090651,43.923914],[11.090518,43.92369],[11.090486,43.92368],[11.09032,43.923726],[11.090232,43.923596],[11.09016,43.923593],[11.09012,43.923574],[11.090083,43.923593],[11.090096,43.92363],[11.090013,43.923662],[11.090069,43.923777],[11.089926,43.923797],[11.089772,43.923481],[11.089739,43.923469],[11.089663,43.92349],[11.089594,43.923376],[11.089692,43.923339],[11.089701,43.9233],[11.08983,43.923253],[11.08984,43.923179],[11.08977,43.923012],[11.090058,43.922989],[11.090101,43.922954],[11.090055,43.922873],[11.090069,43.922852],[11.09006,43.922762],[11.090052,43.922749],[11.089991,43.922744],[11.089991,43.922656],[11.090028,43.922492],[11.090075,43.922466],[11.090027,43.922234],[11.090058,43.92215],[11.089961,43.921751],[11.089928,43.921526],[11.089995,43.921358],[11.090098,43.921257],[11.089989,43.921099],[11.089941,43.920894],[11.090124,43.920898],[11.090189,43.920861],[11.090307,43.920736],[11.090401,43.920665],[11.090445,43.920655],[11.090588,43.920657],[11.090676,43.92068],[11.09075,43.920741],[11.090821,43.920772],[11.090925,43.920731],[11.091298,43.919934],[11.091359,43.919586],[11.091515,43.919324],[11.091501,43.9193],[11.090583,43.919065],[11.090679,43.91885],[11.090617,43.918784],[11.090646,43.918414],[11.090706,43.918218],[11.090825,43.918001],[11.09083,43.917886],[11.090784,43.917722],[11.090698,43.917586],[11.090689,43.917501],[11.090717,43.917343],[11.090813,43.917114],[11.090872,43.916711],[11.090845,43.916281],[11.090876,43.916127],[11.090893,43.915636],[11.091125,43.914905],[11.091432,43.914243],[11.091458,43.914114],[11.091402,43.913649],[11.091432,43.913112],[11.091474,43.913054],[11.091514,43.912888],[11.091587,43.912723],[11.091751,43.912568],[11.09178,43.912489],[11.091779,43.912321],[11.09169,43.912014],[11.091701,43.911972],[11.091652,43.911941],[11.091689,43.911898],[11.091858,43.911787],[11.091941,43.911625],[11.092025,43.911365],[11.092024,43.911188],[11.091944,43.911015],[11.091881,43.910786],[11.091799,43.910651],[11.090975,43.91009],[11.090738,43.909868],[11.090699,43.909866],[11.090423,43.910094],[11.089512,43.911571],[11.089314,43.911751],[11.089246,43.91195],[11.088783,43.912418],[11.087238,43.913678],[11.086461,43.913908],[11.086168,43.914019],[11.085135,43.914416],[11.084332,43.914763],[11.084254,43.914813],[11.083644,43.912337],[11.083841,43.911461],[11.083888,43.91138],[11.084399,43.910891],[11.083758,43.910623],[11.083823,43.910417],[11.08381,43.910397],[11.083132,43.910506],[11.083056,43.910171],[11.080308,43.910694],[11.077659,43.911223],[11.076888,43.911311],[11.076057,43.911522],[11.075548,43.912057],[11.075183,43.912248],[11.074845,43.912192],[11.074803,43.912363],[11.074588,43.912493],[11.07396,43.912681],[11.073798,43.91265],[11.073072,43.912862],[11.07269,43.912542],[11.072661,43.912538],[11.072526,43.912575],[11.070883,43.911155],[11.070852,43.91115],[11.070645,43.911235],[11.070631,43.911191],[11.071198,43.910962],[11.071925,43.910697],[11.073157,43.91044],[11.073567,43.910398],[11.074367,43.910347],[11.075384,43.910201],[11.075672,43.910198],[11.075971,43.910167],[11.076542,43.910065],[11.078946,43.909015],[11.08042,43.90829],[11.08051,43.908262],[11.081788,43.908113],[11.081956,43.90804],[11.082067,43.907955],[11.082925,43.906651],[11.082909,43.906476],[11.083271,43.905968],[11.083367,43.905878],[11.083475,43.905821],[11.084549,43.90501],[11.084727,43.904911],[11.084779,43.904926],[11.084809,43.904919],[11.084968,43.904809],[11.084956,43.904771],[11.085013,43.904742],[11.085283,43.904498],[11.085833,43.904204],[11.086167,43.903992],[11.08632,43.90393],[11.086535,43.903873],[11.086707,43.903853],[11.087101,43.903745],[11.087438,43.903628],[11.089168,43.902627],[11.089308,43.902488],[11.089539,43.902331],[11.089554,43.902352],[11.089583,43.902352],[11.089774,43.902254],[11.090132,43.902413],[11.090337,43.902476],[11.090768,43.902555],[11.09114,43.902567],[11.091498,43.902526],[11.092883,43.902247],[11.092906,43.902224],[11.093619,43.902088],[11.094278,43.901989],[11.094931,43.901909],[11.094948,43.901882],[11.094769,43.901673],[11.09481,43.901668],[11.09503,43.901899],[11.095904,43.901847],[11.096949,43.901861],[11.09893,43.901992],[11.099006,43.90206],[11.098996,43.902164],[11.099016,43.902186],[11.099738,43.901847],[11.099897,43.901725],[11.100007,43.901522],[11.100554,43.901472],[11.101226,43.901163],[11.102558,43.900586],[11.102659,43.900556],[11.102909,43.900423],[11.10321,43.900318],[11.103223,43.900284],[11.103385,43.900213],[11.103421,43.900216],[11.103626,43.900134],[11.103803,43.900047],[11.10398,43.900197],[11.104106,43.900265],[11.104248,43.900395],[11.104946,43.901186],[11.105029,43.901336],[11.105355,43.901777],[11.105785,43.902206],[11.105778,43.902236],[11.106436,43.902923],[11.106365,43.902973],[11.106379,43.902996],[11.106414,43.903],[11.106485,43.902965],[11.106917,43.903433],[11.107343,43.903837],[11.107741,43.904248],[11.108281,43.904723],[11.108334,43.904763],[11.108779,43.904963],[11.109113,43.905067],[11.109267,43.905089],[11.109571,43.905203],[11.110052,43.905409],[11.110522,43.905565],[11.110876,43.905654],[11.113108,43.906055],[11.114526,43.906468],[11.114932,43.906654],[11.115845,43.90618],[11.115924,43.906103],[11.115998,43.906068],[11.116043,43.906076],[11.116183,43.906016],[11.116438,43.905849],[11.116783,43.905589],[11.116845,43.905525],[11.116979,43.905533],[11.117027,43.907111],[11.11696,43.907143],[11.116986,43.907211],[11.116947,43.907223],[11.116852,43.907209],[11.116564,43.907365],[11.116157,43.907645],[11.116138,43.907689],[11.116319,43.908188],[11.116567,43.908769],[11.116549,43.908802],[11.117073,43.909392],[11.117119,43.909396],[11.117124,43.909442],[11.117457,43.909805],[11.117502,43.90982],[11.117713,43.909989],[11.118228,43.910241],[11.119019,43.910492],[11.119753,43.910673],[11.120881,43.910984],[11.122936,43.911496],[11.123867,43.911784],[11.124657,43.912108],[11.126055,43.912797],[11.126407,43.913028],[11.12712,43.913651],[11.127229,43.913767],[11.127359,43.913982],[11.127531,43.914085],[11.127623,43.914119],[11.127678,43.914304],[11.127556,43.914346],[11.127511,43.914409],[11.127601,43.914826],[11.127646,43.914882],[11.127744,43.915365]]]]},"properties":{"prov":"PO","comune_amm":"G999","comune_descr":"PRATO","fascia":"D","zona":"D2","zona_descr":"ZONA PERIFERICA NORD: GALCETI - VILLA FIORITA - FIGLINE DI PRATO - LE SACCA - SANTA LUCIA (ZONA COLLINARE)","microzona":0,"semestre":"2025/1"}},{"type":"Feature","geometry":{"type":"Polygon","coordinates":[[[11.149243,43.866895],[11.148771,43.867117],[11.148322,43.867447],[11.147674,43.867738],[11.146594,43.868314],[11.14629,43.868451],[11.146285,43.868478],[11.147114,43.869232],[11.147605,43.869578],[11.1478,43.869671],[11.144814,43.871594],[11.143815,43.870398],[11.143671,43.870331],[11.143532,43.870162],[11.143164,43.869582],[11.142882,43.869379],[11.142767,43.869195],[11.142687,43.868999],[11.142642,43.868704],[11.142604,43.868628],[11.142159,43.868459],[11.142016,43.868438],[11.141651,43.868295],[11.141466,43.868163],[11.14154,43.868103],[11.141541,43.868079],[11.141241,43.867798],[11.141003,43.867667],[11.140407,43.867523],[11.14006,43.867189],[11.140033,43.867183],[11.139333,43.867821],[11.138606,43.868444],[11.138036,43.867358],[11.137938,43.866813],[11.137772,43.86672],[11.137321,43.866956],[11.135753,43.865599],[11.13542,43.864659],[11.135397,43.864645],[11.134804,43.864955],[11.134811,43.864996],[11.134759,43.865044],[11.1344,43.865219],[11.134223,43.865344],[11.133873,43.86548],[11.133475,43.865685],[11.13404,43.866137],[11.13464,43.866569],[11.134495,43.866756],[11.134233,43.866832],[11.13382,43.866481],[11.13379,43.866478],[11.133676,43.866632],[11.133088,43.867188],[11.132523,43.867529],[11.131725,43.866934],[11.131482,43.866678],[11.131174,43.866782],[11.130873,43.866987],[11.130759,43.867083],[11.130588,43.867166],[11.130582,43.867192],[11.131125,43.867645],[11.130521,43.868465],[11.130535,43.86849],[11.130881,43.868587],[11.130655,43.868964],[11.129763,43.869898],[11.129197,43.870627],[11.128917,43.870311],[11.128632,43.870102],[11.128538,43.869919],[11.128521,43.869832],[11.128385,43.869741],[11.128297,43.86972],[11.127991,43.869696],[11.127646,43.869524],[11.127548,43.86956],[11.127479,43.869609],[11.127397,43.869705],[11.127382,43.86969],[11.127439,43.869616],[11.127548,43.869527],[11.127546,43.869501],[11.127209,43.869293],[11.126961,43.869058],[11.126475,43.868817],[11.125652,43.868192],[11.125613,43.868194],[11.125534,43.868265],[11.125355,43.868175],[11.121319,43.870364],[11.121195,43.870305],[11.121115,43.870229],[11.121078,43.870228],[11.12107,43.870256],[11.121148,43.870331],[11.121113,43.870457],[11.119672,43.871315],[11.119665,43.871337],[11.119704,43.871393],[11.118588,43.872058],[11.118541,43.872056],[11.11843,43.872145],[11.118431,43.872177],[11.117642,43.87274],[11.117615,43.872744],[11.117419,43.872882],[11.117317,43.872912],[11.116749,43.872738],[11.116498,43.872702],[11.11629,43.872716],[11.116068,43.872788],[11.11605,43.872774],[11.116119,43.872736],[11.116276,43.872553],[11.116695,43.872142],[11.116891,43.872046],[11.117122,43.871452],[11.117137,43.871293],[11.117253,43.870883],[11.11744,43.870387],[11.117625,43.869766],[11.117768,43.869189],[11.117803,43.86891],[11.118052,43.867765],[11.118305,43.865993],[11.118357,43.865778],[11.118609,43.865317],[11.119436,43.864614],[11.120185,43.86408],[11.122212,43.86279],[11.12362,43.861644],[11.124248,43.861062],[11.124809,43.860421],[11.125703,43.859336],[11.126205,43.858523],[11.125935,43.858154],[11.125521,43.85789],[11.126408,43.857558],[11.126453,43.857333],[11.126639,43.857128],[11.127401,43.856866],[11.127551,43.85684],[11.127678,43.85685],[11.12806,43.856938],[11.130607,43.856077],[11.130707,43.856013],[11.130711,43.855989],[11.130422,43.855678],[11.130439,43.855639],[11.131158,43.854967],[11.13183,43.854566],[11.133151,43.853849],[11.133755,43.853387],[11.134548,43.853011],[11.134838,43.852838],[11.13524,43.852647],[11.135472,43.852909],[11.13591,43.853491],[11.136089,43.853674],[11.136234,43.853792],[11.136441,43.854025],[11.136491,43.854135],[11.136525,43.854389],[11.136515,43.854474],[11.136585,43.854691],[11.136954,43.855154],[11.137298,43.855703],[11.137517,43.856018],[11.137529,43.856239],[11.13759,43.85635],[11.137942,43.856829],[11.138012,43.856849],[11.138077,43.856827],[11.138744,43.856554],[11.138886,43.856518],[11.138982,43.856554],[11.139653,43.857262],[11.140622,43.858575],[11.140974,43.859025],[11.141005,43.859032],[11.141343,43.858923],[11.142786,43.85856],[11.143502,43.858434],[11.143881,43.858348],[11.144093,43.858484],[11.144207,43.85859],[11.144528,43.858915],[11.144675,43.85904],[11.14518,43.859585],[11.145756,43.860086],[11.146485,43.860945],[11.146406,43.861129],[11.145722,43.861746],[11.145611,43.861793],[11.145361,43.861842],[11.145205,43.861916],[11.145212,43.862164],[11.145459,43.862322],[11.14565,43.862386],[11.145835,43.862493],[11.146123,43.862692],[11.146405,43.862971],[11.146966,43.863251],[11.147256,43.86351],[11.147463,43.863999],[11.147776,43.864505],[11.147889,43.86473],[11.148254,43.865181],[11.148827,43.86598],[11.149022,43.866342],[11.149232,43.866798],[11.149243,43.866895]]]},"properties":{"prov":"PO","comune_amm":"G999","comune_descr":"PRATO","fascia":"D","zona":"D3","zona_descr":"ZONA PERIFERICA EST: LA MACINE - LA QUERCE - PIZZIDIMONTE - GONFIENTI - INTERPORTO - I LECCI","microzona":0,"semestre":"2025/1"}},{"type":"Feature","geometry":{"type":"MultiPolygon","coordinates":[[[[11.073471,43.865503],[11.073486,43.865488],[11.073496,43.865479],[11.073596,43.865388],[11.073721,43.865307],[11.073723,43.865306],[11.073733,43.865299],[11.073988,43.865143],[11.074129,43.86508],[11.074169,43.865067],[11.074267,43.865037],[11.074449,43.86496],[11.074524,43.864928],[11.07454,43.86492],[11.074756,43.864802],[11.074826,43.86476],[11.07505,43.864622],[11.075217,43.864518],[11.075414,43.864395],[11.075618,43.864275],[11.075916,43.864132],[11.076013,43.864086],[11.076186,43.864005],[11.07622,43.863988],[11.076356,43.863907],[11.076365,43.8639],[11.076381,43.863889],[11.076431,43.863864],[11.076491,43.863834],[11.076504,43.863828],[11.076645,43.863758],[11.07682,43.863671],[11.076807,43.863658],[11.076757,43.863607],[11.076499,43.863333],[11.076491,43.863325],[11.076387,43.863215],[11.076345,43.863171],[11.076284,43.863106],[11.076223,43.863042],[11.076222,43.863041],[11.075953,43.862766],[11.07588,43.862688],[11.075709,43.862498],[11.075699,43.862488],[11.075693,43.862481],[11.075686,43.862475],[11.075654,43.862446],[11.075614,43.862408],[11.075584,43.86239],[11.075573,43.862384],[11.075542,43.862379],[11.075531,43.862377],[11.075529,43.862377],[11.075465,43.862392],[11.075454,43.862397],[11.075416,43.862337],[11.075634,43.862231],[11.075641,43.862238],[11.07577,43.862164],[11.076092,43.861953],[11.0763,43.861838],[11.076441,43.861783],[11.076499,43.861755],[11.076627,43.861665],[11.076652,43.861634],[11.076646,43.861605],[11.076318,43.861194],[11.07625,43.861136],[11.075868,43.860683],[11.075786,43.860586],[11.075597,43.860379],[11.0755,43.860265],[11.075515,43.860251],[11.075518,43.860249],[11.075596,43.860179],[11.075636,43.860142],[11.075632,43.860139],[11.075624,43.860133],[11.075674,43.860092],[11.075681,43.860086],[11.075723,43.860051],[11.075803,43.859995],[11.075818,43.859984],[11.075895,43.859941],[11.076024,43.859868],[11.076061,43.859847],[11.076062,43.859847],[11.076041,43.859733],[11.076027,43.859715],[11.075937,43.859766],[11.075836,43.859823],[11.075814,43.859837],[11.075771,43.859839],[11.075745,43.859846],[11.07571,43.859839],[11.075685,43.859833],[11.075653,43.859825],[11.075634,43.859813],[11.0756,43.859776],[11.075554,43.859717],[11.075515,43.859657],[11.075491,43.859627],[11.075482,43.859617],[11.075482,43.859599],[11.075485,43.859585],[11.075494,43.859572],[11.075545,43.85955],[11.075768,43.859452],[11.07588,43.859403],[11.075962,43.859369],[11.076189,43.859272],[11.076517,43.859129],[11.076552,43.859112],[11.076721,43.859034],[11.076765,43.859093],[11.076846,43.859069],[11.077063,43.859006],[11.077356,43.858915],[11.077665,43.858796],[11.077677,43.85879],[11.07743,43.858509],[11.07773,43.858372],[11.077798,43.858341],[11.077873,43.858307],[11.077816,43.858246],[11.077766,43.85819],[11.077732,43.858157],[11.077708,43.858131],[11.077594,43.857981],[11.077462,43.857807],[11.077311,43.857609],[11.077168,43.857424],[11.077027,43.857243],[11.076625,43.856756],[11.076553,43.85667],[11.076821,43.856601],[11.076888,43.856584],[11.076922,43.856576],[11.077402,43.856461],[11.077569,43.856417],[11.077684,43.856386],[11.077802,43.856355],[11.077809,43.856353],[11.077891,43.856335],[11.078105,43.856291],[11.078188,43.856272],[11.078251,43.85626],[11.078317,43.856247],[11.078484,43.856215],[11.078637,43.856186],[11.078748,43.856164],[11.078866,43.856141],[11.078977,43.856119],[11.079338,43.85605],[11.079554,43.856007],[11.079604,43.855996],[11.079971,43.855924],[11.07994,43.855901],[11.079939,43.855892],[11.079971,43.855783],[11.079987,43.855765],[11.080062,43.855823],[11.080088,43.85582],[11.080188,43.855906],[11.080666,43.855839],[11.081218,43.855763],[11.081354,43.855743],[11.081457,43.85573],[11.081855,43.855685],[11.081992,43.855668],[11.082144,43.855655],[11.082407,43.855628],[11.083059,43.855566],[11.083137,43.855558],[11.083181,43.855553],[11.083921,43.855495],[11.084126,43.855479],[11.084165,43.855442],[11.084172,43.855385],[11.084279,43.855381],[11.084284,43.855406],[11.084297,43.855465],[11.084448,43.855458],[11.084507,43.855477],[11.085097,43.855439],[11.085225,43.855434],[11.08552,43.855424],[11.086162,43.8554],[11.086458,43.855409],[11.086465,43.855409],[11.08649,43.855409],[11.086495,43.855341],[11.086498,43.855308],[11.086535,43.855307],[11.086558,43.855306],[11.086573,43.855404],[11.086748,43.855403],[11.086996,43.855397],[11.087387,43.855384],[11.08771,43.855375],[11.088172,43.855356],[11.088999,43.855342],[11.089191,43.855341],[11.089746,43.855336],[11.089952,43.855336],[11.09022,43.855335],[11.090512,43.855331],[11.090698,43.855329],[11.090813,43.855328],[11.091105,43.855325],[11.091349,43.855322],[11.091439,43.855322],[11.091597,43.855321],[11.092112,43.85532],[11.092394,43.855319],[11.092414,43.85533],[11.092629,43.855331],[11.092653,43.855329],[11.092759,43.855313],[11.092767,43.855312],[11.093071,43.855311],[11.093079,43.85531],[11.093234,43.85531],[11.093404,43.855313],[11.093769,43.855313],[11.094062,43.855313],[11.09471,43.855312],[11.095212,43.855311],[11.095383,43.85531],[11.095631,43.855308],[11.095842,43.855306],[11.095894,43.855304],[11.096087,43.8553],[11.096173,43.8553],[11.096552,43.855299],[11.097137,43.855301],[11.097138,43.855276],[11.097166,43.855278],[11.097168,43.855301],[11.09721,43.855299],[11.097557,43.8553],[11.097879,43.855299],[11.097888,43.855269],[11.097951,43.85527],[11.09796,43.8553],[11.098313,43.855299],[11.098729,43.855299],[11.098889,43.855294],[11.098992,43.855294],[11.099565,43.855287],[11.101308,43.855275],[11.101322,43.855275],[11.101351,43.855275],[11.101432,43.855268],[11.101456,43.855265],[11.101648,43.855265],[11.101677,43.855265],[11.10173,43.855269],[11.101801,43.855278],[11.10182,43.855278],[11.101894,43.855277],[11.101954,43.855274],[11.102099,43.855266],[11.102741,43.855267],[11.102928,43.855268],[11.103334,43.855268],[11.103411,43.855267],[11.104504,43.855267],[11.106439,43.855265],[11.106535,43.855264],[11.106565,43.855265],[11.106642,43.855322],[11.106656,43.855341],[11.106666,43.855354],[11.106657,43.855387],[11.106638,43.855407],[11.106609,43.855364],[11.106527,43.855311],[11.105842,43.855309],[11.105627,43.855308],[11.105584,43.855308],[11.104891,43.855326],[11.104895,43.855364],[11.105206,43.855364],[11.105206,43.855367],[11.105204,43.855755],[11.105208,43.855803],[11.105318,43.855926],[11.105328,43.856064],[11.105313,43.856115],[11.105308,43.856128],[11.105309,43.856136],[11.105305,43.856145],[11.105303,43.856146],[11.105296,43.85617],[11.105249,43.856189],[11.105249,43.856202],[11.105249,43.856204],[11.105249,43.856205],[11.105249,43.856232],[11.105309,43.856537],[11.105356,43.856783],[11.105379,43.856969],[11.105323,43.857069],[11.105173,43.857147],[11.105466,43.857542],[11.105243,43.857642],[11.105249,43.857644],[11.105316,43.857665],[11.105339,43.857683],[11.105358,43.857698],[11.105431,43.857744],[11.105519,43.857843],[11.105614,43.858171],[11.105665,43.858316],[11.105767,43.858524],[11.105813,43.858573],[11.105862,43.858663],[11.10588,43.858691],[11.105943,43.858785],[11.105978,43.858836],[11.106069,43.858899],[11.106452,43.859408],[11.106627,43.859616],[11.106668,43.859665],[11.106837,43.859866],[11.106855,43.859887],[11.106866,43.859914],[11.106871,43.859938],[11.106872,43.859977],[11.106865,43.860014],[11.106853,43.860031],[11.106895,43.860074],[11.107176,43.859939],[11.107235,43.860013],[11.107279,43.860054],[11.107323,43.860094],[11.10726,43.860126],[11.107151,43.860152],[11.107124,43.860146],[11.107107,43.860207],[11.107004,43.860299],[11.107117,43.860245],[11.107251,43.860369],[11.107338,43.860421],[11.107377,43.860426],[11.107063,43.860579],[11.1061,43.861066],[11.105675,43.861272],[11.10562,43.861301],[11.10541,43.861404],[11.105338,43.861441],[11.105068,43.861565],[11.105047,43.861574],[11.105043,43.861576],[11.104945,43.861621],[11.104791,43.861698],[11.104789,43.8617],[11.104458,43.861867],[11.104456,43.86187],[11.104415,43.861914],[11.104049,43.8621],[11.103902,43.862175],[11.10387,43.862191],[11.103676,43.86229],[11.103595,43.862331],[11.103469,43.862398],[11.103445,43.86241],[11.103375,43.862449],[11.103193,43.862548],[11.103179,43.862555],[11.103071,43.862612],[11.102787,43.862753],[11.102356,43.862968],[11.102191,43.863053],[11.102187,43.863055],[11.102118,43.86309],[11.101995,43.863169],[11.10152,43.863407],[11.100757,43.86379],[11.100639,43.863662],[11.099991,43.863987],[11.099973,43.863996],[11.099628,43.864169],[11.09959,43.864189],[11.099066,43.864447],[11.098717,43.864621],[11.098576,43.864693],[11.098574,43.864692],[11.09844,43.864761],[11.098113,43.864928],[11.097934,43.86502],[11.097685,43.865148],[11.097389,43.865304],[11.096949,43.865515],[11.096886,43.865546],[11.096845,43.865566],[11.096464,43.865748],[11.09627,43.86582],[11.095881,43.86601],[11.095631,43.866138],[11.095013,43.866363],[11.094971,43.866385],[11.094814,43.866465],[11.094757,43.866494],[11.09469,43.866528],[11.094627,43.866561],[11.094606,43.866571],[11.094584,43.866582],[11.094529,43.86661],[11.094478,43.866636],[11.094406,43.866672],[11.094333,43.866709],[11.094184,43.866784],[11.094075,43.866831],[11.094107,43.866868],[11.09413,43.866895],[11.094153,43.866922],[11.093943,43.867029],[11.093286,43.867365],[11.09261,43.867705],[11.092482,43.867769],[11.092154,43.867932],[11.091672,43.868181],[11.091643,43.868196],[11.091296,43.868372],[11.091274,43.868383],[11.09127,43.868386],[11.090955,43.868542],[11.090306,43.868866],[11.08981,43.869099],[11.089751,43.869037],[11.08972,43.869052],[11.088914,43.869438],[11.088724,43.86953],[11.088197,43.869783],[11.088171,43.869796],[11.088149,43.869806],[11.087973,43.869887],[11.087905,43.869918],[11.087865,43.869936],[11.08771,43.869973],[11.087843,43.87011],[11.087877,43.870146],[11.087822,43.870196],[11.087539,43.870338],[11.087501,43.870357],[11.087419,43.870399],[11.086893,43.870666],[11.08679,43.870718],[11.086828,43.870739],[11.086926,43.870832],[11.086931,43.870853],[11.08671,43.870959],[11.086132,43.871242],[11.085836,43.871113],[11.08563,43.871216],[11.085292,43.871385],[11.08524,43.871411],[11.085062,43.871431],[11.084428,43.871754],[11.084343,43.871688],[11.084328,43.871676],[11.084236,43.871604],[11.084207,43.871637],[11.084178,43.871754],[11.084189,43.8718],[11.084229,43.87184],[11.084252,43.871862],[11.08442,43.872029],[11.084423,43.872032],[11.084458,43.872067],[11.084204,43.872175],[11.083927,43.872292],[11.083869,43.872316],[11.083833,43.872332],[11.083829,43.872334],[11.083772,43.872358],[11.083751,43.872367],[11.083747,43.872369],[11.083722,43.87238],[11.083711,43.872386],[11.083537,43.872471],[11.083317,43.872579],[11.08288,43.872796],[11.08285,43.87281],[11.082841,43.872815],[11.082541,43.872966],[11.082423,43.873025],[11.082443,43.872955],[11.082427,43.872867],[11.082413,43.872844],[11.082193,43.872955],[11.081446,43.872104],[11.081456,43.872099],[11.081441,43.872088],[11.081269,43.871875],[11.081261,43.871861],[11.081219,43.87179],[11.081215,43.871784],[11.081209,43.871773],[11.08111,43.871606],[11.081103,43.871606],[11.081099,43.87158],[11.081071,43.871421],[11.080865,43.8715],[11.080832,43.871509],[11.080824,43.871464],[11.080825,43.871463],[11.080845,43.871457],[11.081006,43.871393],[11.081061,43.871367],[11.081056,43.871361],[11.081062,43.871358],[11.081054,43.871349],[11.080966,43.871259],[11.080945,43.871238],[11.080882,43.871171],[11.080557,43.870832],[11.08038,43.870647],[11.080269,43.870531],[11.080153,43.870409],[11.080007,43.870256],[11.079641,43.869872],[11.079598,43.869828],[11.079395,43.869614],[11.079366,43.869584],[11.079095,43.869298],[11.078914,43.869106],[11.078818,43.869003],[11.078808,43.868992],[11.078791,43.868973],[11.078641,43.868818],[11.078322,43.868487],[11.078193,43.868353],[11.078192,43.868354],[11.077949,43.868461],[11.077755,43.868538],[11.077692,43.868564],[11.077672,43.868572],[11.077589,43.868609],[11.077496,43.86865],[11.077462,43.86866],[11.077254,43.868451],[11.077205,43.868467],[11.077126,43.868513],[11.076986,43.868583],[11.07681,43.868667],[11.076528,43.868321],[11.076435,43.868205],[11.076228,43.867945],[11.076125,43.867816],[11.076124,43.867814],[11.076111,43.867789],[11.076113,43.867786],[11.076115,43.867783],[11.07613,43.867761],[11.076144,43.867739],[11.076147,43.867735],[11.076142,43.867721],[11.076136,43.867714],[11.076131,43.867708],[11.076113,43.867687],[11.075941,43.86749],[11.07578,43.867308],[11.075712,43.867231],[11.075701,43.867227],[11.075695,43.867225],[11.075692,43.867223],[11.075688,43.867224],[11.075657,43.867234],[11.075379,43.867347],[11.075302,43.867377],[11.07525,43.867398],[11.075227,43.867408],[11.075194,43.867366],[11.075113,43.867308],[11.075099,43.867295],[11.075068,43.867265],[11.075032,43.867213],[11.074984,43.867153],[11.074977,43.867144],[11.074928,43.867097],[11.074869,43.867039],[11.074863,43.866987],[11.074858,43.866943],[11.074841,43.866876],[11.074773,43.866806],[11.074729,43.866767],[11.074642,43.866717],[11.074622,43.866712],[11.074572,43.866699],[11.074553,43.866682],[11.07455,43.866679],[11.074545,43.86667],[11.074529,43.866644],[11.074489,43.866588],[11.074468,43.866567],[11.074441,43.866542],[11.074312,43.866476],[11.074276,43.866454],[11.074259,43.866443],[11.074206,43.866318],[11.074199,43.866302],[11.074143,43.866245],[11.074079,43.866187],[11.074037,43.866132],[11.074032,43.866123],[11.074018,43.866095],[11.073989,43.866063],[11.073984,43.866059],[11.073933,43.866021],[11.073927,43.866015],[11.073884,43.865971],[11.073829,43.865872],[11.073811,43.865848],[11.073764,43.865788],[11.073657,43.865664],[11.073627,43.865634],[11.07354,43.865546],[11.073523,43.865536],[11.073471,43.865503]]],[[[11.107116,43.859519],[11.10716,43.859497],[11.107217,43.859556],[11.107173,43.859578],[11.107116,43.859519]]],[[[11.107148,43.859902],[11.107128,43.859877],[11.107229,43.859862],[11.107148,43.859902]]]]},"properties":{"prov":"PO","comune_amm":"G999","comune_descr":"PRATO","fascia":"D","zona":"D4","zona_descr":"ZONA PERIFERICA SUD-EST:  GRIGNANO - LE BADIE","microzona":0,"semestre":"2025/1"}},{"type":"Feature","geometry":{"type":"Polygon","coordinates":[[[11.082442,43.872956],[11.082419,43.873027],[11.078529,43.874968],[11.078521,43.874992],[11.079256,43.875878],[11.079156,43.875924],[11.079146,43.875791],[11.079095,43.875708],[11.078631,43.875218],[11.078529,43.875154],[11.078401,43.875144],[11.078328,43.875113],[11.078305,43.875127],[11.078291,43.875173],[11.078192,43.875262],[11.078115,43.875301],[11.078026,43.875298],[11.07792,43.875316],[11.077209,43.875669],[11.076733,43.875873],[11.076636,43.875755],[11.076602,43.875748],[11.076385,43.875839],[11.07637,43.875857],[11.075784,43.876079],[11.075112,43.876301],[11.074336,43.876515],[11.073129,43.876779],[11.073094,43.876817],[11.07305,43.876796],[11.069099,43.877664],[11.069061,43.8777],[11.06902,43.87768],[11.064508,43.87866],[11.063334,43.87893],[11.063179,43.878979],[11.062871,43.879028],[11.062665,43.878998],[11.062637,43.878977],[11.062787,43.878822],[11.062876,43.878649],[11.062934,43.878489],[11.062945,43.878305],[11.06287,43.878096],[11.06267,43.877728],[11.0626,43.877667],[11.062481,43.877616],[11.062306,43.877591],[11.062067,43.877669],[11.062062,43.877628],[11.062479,43.877494],[11.062495,43.877469],[11.06218,43.876886],[11.061961,43.876394],[11.061429,43.874404],[11.061485,43.874372],[11.061491,43.874347],[11.061178,43.874026],[11.061299,43.873892],[11.061033,43.872841],[11.061251,43.872733],[11.061262,43.872715],[11.061253,43.8727],[11.061223,43.872698],[11.061022,43.872789],[11.060757,43.871688],[11.060656,43.871621],[11.060717,43.871552],[11.059905,43.868352],[11.059956,43.868311],[11.059789,43.867551],[11.059997,43.867472],[11.060009,43.867449],[11.059978,43.867388],[11.060227,43.867262],[11.060233,43.867237],[11.060084,43.867076],[11.059993,43.867033],[11.05993,43.866979],[11.059715,43.866465],[11.059605,43.866256],[11.059438,43.866035],[11.059457,43.866005],[11.059317,43.865649],[11.05921,43.865463],[11.059054,43.86525],[11.058902,43.864903],[11.058806,43.864618],[11.058721,43.86446],[11.058398,43.864029],[11.058373,43.863966],[11.059162,43.86367],[11.062437,43.862236],[11.062513,43.862243],[11.062712,43.862166],[11.062766,43.862288],[11.06296,43.86245],[11.062994,43.862504],[11.063265,43.862783],[11.063316,43.862785],[11.063965,43.863567],[11.064165,43.863751],[11.064725,43.864376],[11.064756,43.864382],[11.065046,43.864279],[11.06509,43.864286],[11.066171,43.863813],[11.066326,43.863821],[11.066973,43.863546],[11.067018,43.863595],[11.06705,43.863601],[11.067921,43.863297],[11.067933,43.863272],[11.067691,43.862956],[11.067957,43.862852],[11.068201,43.8632],[11.06842,43.863439],[11.068644,43.863469],[11.069388,43.863078],[11.070048,43.862797],[11.070764,43.862423],[11.071516,43.862181],[11.071767,43.862109],[11.071843,43.862101],[11.071916,43.862015],[11.072202,43.861853],[11.07224,43.861857],[11.072914,43.861585],[11.073394,43.861363],[11.074407,43.860784],[11.075503,43.860268],[11.076249,43.861135],[11.076319,43.861194],[11.076652,43.861631],[11.076626,43.861666],[11.0765,43.861754],[11.076299,43.861839],[11.076093,43.861952],[11.075644,43.862236],[11.075434,43.862328],[11.075425,43.86235],[11.075459,43.862394],[11.075536,43.862378],[11.075612,43.862408],[11.075687,43.862475],[11.076815,43.863672],[11.076382,43.863889],[11.076219,43.863988],[11.075619,43.864274],[11.074756,43.864803],[11.074524,43.864928],[11.073986,43.865144],[11.073594,43.86539],[11.073481,43.865503],[11.073764,43.865787],[11.073883,43.865968],[11.07399,43.866064],[11.074077,43.866186],[11.0742,43.866303],[11.074265,43.866447],[11.074443,43.866544],[11.074567,43.866693],[11.074728,43.866766],[11.074838,43.866874],[11.074873,43.867043],[11.074977,43.867144],[11.07507,43.867266],[11.075211,43.867393],[11.075246,43.867401],[11.075657,43.867234],[11.075692,43.867224],[11.075714,43.867234],[11.076139,43.867717],[11.076114,43.867783],[11.076124,43.867815],[11.076797,43.868651],[11.076832,43.868656],[11.077252,43.868453],[11.077449,43.868647],[11.077482,43.868653],[11.078194,43.868357],[11.081065,43.871361],[11.08083,43.871465],[11.080834,43.871493],[11.080864,43.871497],[11.081071,43.871422],[11.081103,43.871603],[11.081268,43.871874],[11.081457,43.872117],[11.082179,43.872939],[11.082215,43.872945],[11.082412,43.872845],[11.082442,43.872956]]]},"properties":{"prov":"PO","comune_amm":"G999","comune_descr":"PRATO","fascia":"D","zona":"D5","zona_descr":"ZONA PERIFERICA OVEST: SAN GIUSTO - REGGIANA","microzona":0,"semestre":"2025/1"}},{"type":"Feature","geometry":{"type":"MultiPolygon","coordinates":[[[[11.037233,43.848665],[11.03715,43.848701],[11.037116,43.84866],[11.037198,43.848624],[11.037233,43.848665]]],[[[11.028315,43.882201],[11.028995,43.8821],[11.029666,43.881936],[11.030098,43.881889],[11.030565,43.881772],[11.031223,43.881639],[11.03155,43.881537],[11.032264,43.881397],[11.033211,43.881123],[11.033583,43.881031],[11.033967,43.880873],[11.034479,43.880551],[11.034589,43.880513],[11.035382,43.880336],[11.03523,43.879918],[11.034997,43.879496],[11.034321,43.878801],[11.034132,43.878672],[11.033614,43.878209],[11.033584,43.878155],[11.033583,43.878078],[11.033552,43.877996],[11.03336,43.877831],[11.03303,43.877474],[11.032997,43.877468],[11.032458,43.8777],[11.032387,43.877705],[11.032299,43.877605],[11.032069,43.877692],[11.031969,43.877155],[11.031972,43.877082],[11.032011,43.876685],[11.032133,43.876633],[11.032143,43.876608],[11.031846,43.876267],[11.031512,43.875822],[11.03089,43.875252],[11.030764,43.875043],[11.030702,43.874812],[11.030447,43.874541],[11.030478,43.874486],[11.031546,43.873959],[11.032606,43.873372],[11.032866,43.87326],[11.032879,43.873301],[11.034371,43.874902],[11.034405,43.874907],[11.034699,43.874771],[11.034714,43.874749],[11.034669,43.874692],[11.034703,43.874657],[11.03485,43.874591],[11.034903,43.874474],[11.036024,43.874108],[11.036069,43.874172],[11.0361,43.874182],[11.036697,43.874023],[11.037148,43.873924],[11.037162,43.8739],[11.036813,43.873263],[11.036693,43.873221],[11.036539,43.872935],[11.036539,43.872899],[11.037495,43.87293],[11.037522,43.872916],[11.037108,43.872327],[11.037482,43.872218],[11.037585,43.872164],[11.037216,43.871726],[11.037184,43.871719],[11.036886,43.871833],[11.03674,43.871864],[11.035887,43.870932],[11.035517,43.871108],[11.03543,43.871135],[11.035348,43.871134],[11.03525,43.871175],[11.034555,43.871509],[11.034229,43.87112],[11.033996,43.870896],[11.033079,43.8698],[11.033535,43.869564],[11.033826,43.869453],[11.033838,43.86943],[11.033466,43.868822],[11.033436,43.868812],[11.03327,43.86884],[11.03301,43.868395],[11.032905,43.868382],[11.032677,43.867818],[11.032891,43.867857],[11.033552,43.867862],[11.033658,43.867802],[11.033664,43.867782],[11.033599,43.867658],[11.033588,43.867583],[11.033412,43.867247],[11.033004,43.866724],[11.032964,43.866699],[11.032822,43.86672],[11.032704,43.866507],[11.032408,43.866177],[11.032377,43.866171],[11.032321,43.866186],[11.032099,43.865926],[11.033187,43.865431],[11.033205,43.865401],[11.032715,43.864818],[11.032739,43.864741],[11.032332,43.864233],[11.032376,43.864204],[11.032547,43.864155],[11.03279,43.864136],[11.033348,43.863951],[11.033126,43.863571],[11.033143,43.86351],[11.03309,43.863407],[11.032762,43.862929],[11.034216,43.862213],[11.034318,43.862131],[11.034753,43.861946],[11.035319,43.861658],[11.034418,43.860357],[11.034333,43.860211],[11.034799,43.860008],[11.034935,43.860148],[11.034925,43.860241],[11.035205,43.860536],[11.035905,43.860316],[11.035729,43.859996],[11.035703,43.859985],[11.035587,43.859993],[11.03542,43.859767],[11.035179,43.859366],[11.036836,43.858698],[11.036841,43.858623],[11.037497,43.858304],[11.037505,43.858279],[11.037081,43.857827],[11.036822,43.857587],[11.036747,43.857575],[11.036677,43.857508],[11.036931,43.857536],[11.037252,43.857342],[11.037301,43.857376],[11.0373,43.857405],[11.037446,43.857536],[11.037481,43.857539],[11.037519,43.857516],[11.037524,43.857491],[11.037342,43.857331],[11.03837,43.856714],[11.037905,43.856314],[11.038723,43.85608],[11.038737,43.856057],[11.038629,43.855852],[11.038668,43.855782],[11.038917,43.855735],[11.039179,43.855653],[11.039,43.855032],[11.038961,43.854815],[11.038729,43.854151],[11.038788,43.854001],[11.038801,43.853833],[11.039254,43.853733],[11.039317,43.853738],[11.040358,43.853487],[11.04042,43.853456],[11.04046,43.853375],[11.04046,43.853303],[11.040417,43.853176],[11.040439,43.853133],[11.040946,43.852965],[11.040961,43.852948],[11.040172,43.851956],[11.040135,43.851951],[11.040078,43.85198],[11.038231,43.849689],[11.038173,43.849681],[11.038151,43.849655],[11.038159,43.849628],[11.037223,43.848468],[11.037263,43.848429],[11.037253,43.848403],[11.03916,43.847198],[11.039165,43.847175],[11.037636,43.845456],[11.037749,43.845182],[11.034917,43.842522],[11.035806,43.8414],[11.037402,43.839678],[11.038501,43.838418],[11.039568,43.837],[11.040098,43.83625],[11.040856,43.835293],[11.040904,43.8353],[11.041586,43.83566],[11.041854,43.835765],[11.042069,43.836014],[11.042123,43.836027],[11.04294,43.835762],[11.042964,43.835657],[11.043355,43.835516],[11.043713,43.835358],[11.044908,43.834772],[11.045589,43.835672],[11.045717,43.835872],[11.045242,43.83627],[11.045243,43.836293],[11.045876,43.836776],[11.045944,43.836767],[11.045984,43.836837],[11.04969,43.839587],[11.050642,43.840391],[11.05133,43.840945],[11.054602,43.843526],[11.055616,43.844683],[11.05565,43.844747],[11.055596,43.845017],[11.055666,43.845088],[11.057046,43.844414],[11.058799,43.843525],[11.05885,43.843556],[11.058867,43.843552],[11.060581,43.842693],[11.060614,43.842654],[11.06077,43.842593],[11.06079,43.84223],[11.060821,43.842168],[11.060919,43.842051],[11.061106,43.841934],[11.061291,43.841855],[11.061399,43.841787],[11.061636,43.841582],[11.061686,43.841563],[11.061817,43.841559],[11.061936,43.841602],[11.062128,43.841788],[11.062162,43.841792],[11.062438,43.841654],[11.062445,43.841631],[11.062419,43.841591],[11.063266,43.841118],[11.063301,43.841116],[11.063366,43.841079],[11.063375,43.841055],[11.066007,43.839574],[11.067515,43.838706],[11.06785,43.839097],[11.068286,43.839541],[11.068547,43.839639],[11.068647,43.839702],[11.068813,43.839842],[11.068913,43.839831],[11.068984,43.839793],[11.06882,43.839599],[11.069281,43.839387],[11.069134,43.83919],[11.069155,43.839177],[11.069616,43.839748],[11.070576,43.839439],[11.070956,43.840209],[11.070989,43.84022],[11.07129,43.840133],[11.071332,43.840152],[11.073515,43.839504],[11.073561,43.839474],[11.075358,43.838803],[11.075368,43.838778],[11.075101,43.838366],[11.07553,43.838202],[11.075353,43.837928],[11.075361,43.8379],[11.075739,43.837717],[11.07557,43.837564],[11.075578,43.83753],[11.076116,43.837299],[11.076171,43.837306],[11.076434,43.837576],[11.07662,43.83753],[11.077107,43.83745],[11.077447,43.837886],[11.077482,43.837892],[11.077663,43.837807],[11.07844,43.837647],[11.078722,43.837617],[11.078814,43.837568],[11.078882,43.837579],[11.081727,43.836825],[11.082342,43.83672],[11.082581,43.836631],[11.083016,43.83644],[11.08305,43.83641],[11.083044,43.836381],[11.082516,43.835915],[11.082637,43.835793],[11.082622,43.835759],[11.08265,43.835715],[11.082697,43.835705],[11.082683,43.835671],[11.082742,43.835567],[11.082712,43.835525],[11.08278,43.835472],[11.082759,43.835407],[11.082796,43.835383],[11.082853,43.835145],[11.083233,43.834924],[11.083643,43.834486],[11.083694,43.834321],[11.083631,43.834213],[11.083595,43.834086],[11.083454,43.83387],[11.083305,43.833467],[11.083705,43.833339],[11.084481,43.833182],[11.085146,43.833026],[11.085467,43.833868],[11.0855,43.833879],[11.085553,43.833863],[11.085614,43.833981],[11.086403,43.83372],[11.086459,43.833754],[11.08749,43.833428],[11.087582,43.833527],[11.087642,43.833635],[11.089464,43.835994],[11.089559,43.83601],[11.089925,43.835953],[11.09026,43.835843],[11.090376,43.835784],[11.090471,43.835762],[11.090575,43.835759],[11.090701,43.8358],[11.090965,43.835667],[11.091133,43.83555],[11.0915,43.835217],[11.091495,43.835192],[11.091421,43.83515],[11.091419,43.835123],[11.091513,43.835033],[11.092079,43.834337],[11.092943,43.833211],[11.093115,43.833028],[11.093165,43.833054],[11.09319,43.833051],[11.093303,43.833134],[11.09354,43.833265],[11.09373,43.833426],[11.09385,43.833457],[11.094221,43.833633],[11.094359,43.833669],[11.094882,43.83396],[11.095173,43.834067],[11.095297,43.834077],[11.09553,43.834067],[11.096084,43.834017],[11.096512,43.833961],[11.096711,43.833881],[11.09712,43.833871],[11.097187,43.833857],[11.097451,43.833752],[11.097613,43.833705],[11.097949,43.833728],[11.098056,43.833741],[11.098248,43.833814],[11.098316,43.833855],[11.098416,43.833881],[11.099271,43.834062],[11.09963,43.834205],[11.100147,43.834457],[11.10024,43.834402],[11.100237,43.834361],[11.100933,43.833928],[11.101315,43.833658],[11.101632,43.833517],[11.101868,43.833379],[11.102118,43.833204],[11.102329,43.833166],[11.102758,43.833172],[11.102869,43.833047],[11.103257,43.832818],[11.104668,43.832142],[11.104837,43.832038],[11.104935,43.83193],[11.104969,43.83184],[11.10497,43.831763],[11.104907,43.831653],[11.103959,43.830937],[11.10341,43.830567],[11.103393,43.830535],[11.103401,43.830505],[11.10411,43.83009],[11.104652,43.829829],[11.105289,43.830536],[11.105479,43.830726],[11.105957,43.83114],[11.107005,43.832363],[11.107671,43.833039],[11.108303,43.833714],[11.108495,43.834159],[11.108522,43.8343],[11.108557,43.83436],[11.109237,43.834983],[11.109741,43.835549],[11.109851,43.835727],[11.109955,43.835956],[11.110384,43.836414],[11.110425,43.836484],[11.110422,43.836539],[11.110848,43.836969],[11.111865,43.838162],[11.111872,43.838216],[11.111661,43.838279],[11.111299,43.838463],[11.110829,43.838743],[11.110448,43.839015],[11.110339,43.839074],[11.110228,43.83909],[11.110109,43.839184],[11.109635,43.83948],[11.109435,43.839574],[11.109468,43.839799],[11.110142,43.840457],[11.110132,43.840688],[11.110365,43.841096],[11.110264,43.84114],[11.110378,43.841288],[11.110395,43.841341],[11.110327,43.841377],[11.110287,43.841419],[11.109833,43.841638],[11.109426,43.841812],[11.10911,43.84192],[11.108587,43.842048],[11.108092,43.842116],[11.10757,43.842139],[11.107465,43.842124],[11.107363,43.842089],[11.107149,43.841944],[11.10705,43.841901],[11.106911,43.841873],[11.106786,43.841872],[11.106612,43.841912],[11.106506,43.841967],[11.106384,43.842064],[11.106267,43.842118],[11.106109,43.842148],[11.106193,43.842089],[11.106197,43.842063],[11.105998,43.8419],[11.105962,43.841905],[11.10596,43.84193],[11.106123,43.842077],[11.10603,43.84215],[11.104632,43.842155],[11.10451,43.841976],[11.104527,43.841937],[11.103777,43.841111],[11.103995,43.840996],[11.104499,43.840785],[11.105514,43.840421],[11.105617,43.840356],[11.10496,43.839782],[11.105069,43.839705],[11.105073,43.839682],[11.104129,43.838659],[11.104734,43.838378],[11.10502,43.838103],[11.105129,43.838063],[11.105357,43.838018],[11.105374,43.838002],[11.105038,43.837658],[11.105298,43.837515],[11.105303,43.83749],[11.1048,43.836999],[11.104839,43.836972],[11.104852,43.836924],[11.104807,43.836762],[11.104643,43.836479],[11.104395,43.836237],[11.104338,43.836215],[11.103445,43.836872],[11.10272,43.837034],[11.102118,43.837139],[11.100731,43.837575],[11.100783,43.837691],[11.101152,43.838034],[11.101628,43.838563],[11.101454,43.838653],[11.101006,43.838835],[11.10093,43.838902],[11.100356,43.839148],[11.099961,43.839357],[11.099667,43.839489],[11.099656,43.839506],[11.100381,43.840192],[11.10109,43.840904],[11.100604,43.841123],[11.100033,43.841418],[11.100532,43.841787],[11.100169,43.841965],[11.100405,43.842283],[11.099944,43.842509],[11.099929,43.84255],[11.099548,43.842115],[11.098898,43.842417],[11.098853,43.84238],[11.098813,43.842399],[11.098969,43.842575],[11.099464,43.843231],[11.099073,43.843431],[11.099064,43.84346],[11.098638,43.843669],[11.098529,43.843796],[11.097898,43.844675],[11.097736,43.844799],[11.097324,43.845001],[11.097272,43.844986],[11.097146,43.845038],[11.097131,43.845092],[11.09671,43.845277],[11.096422,43.845455],[11.096068,43.845616],[11.09542,43.845846],[11.095325,43.845911],[11.095189,43.846044],[11.095121,43.846079],[11.093647,43.846653],[11.092827,43.847192],[11.092478,43.847352],[11.092013,43.847598],[11.09104,43.848196],[11.090053,43.848753],[11.088813,43.849306],[11.088632,43.849362],[11.088517,43.849427],[11.088023,43.848784],[11.087908,43.848671],[11.087876,43.848667],[11.085331,43.849689],[11.082879,43.850607],[11.082619,43.850714],[11.082274,43.850884],[11.081664,43.851087],[11.080794,43.851443],[11.079789,43.851967],[11.07878,43.852413],[11.078388,43.852546],[11.077759,43.852864],[11.077747,43.852889],[11.076676,43.853346],[11.076321,43.853535],[11.076013,43.853674],[11.075334,43.853902],[11.075156,43.853979],[11.073348,43.854568],[11.072265,43.854969],[11.072109,43.855008],[11.072006,43.85499],[11.07197,43.854964],[11.071824,43.854701],[11.071718,43.854566],[11.071597,43.854486],[11.071435,43.85431],[11.07111,43.853871],[11.070884,43.853604],[11.070718,43.85346],[11.070408,43.853101],[11.070406,43.853064],[11.070491,43.852959],[11.070552,43.852976],[11.071378,43.852648],[11.071206,43.852418],[11.071714,43.852221],[11.071509,43.851907],[11.071522,43.851868],[11.071569,43.85185],[11.07158,43.851825],[11.071254,43.851383],[11.070693,43.851565],[11.070667,43.851559],[11.070202,43.850887],[11.070189,43.850842],[11.069963,43.850551],[11.069979,43.850516],[11.071488,43.850015],[11.071595,43.85002],[11.071701,43.85],[11.071957,43.849885],[11.072753,43.851273],[11.074021,43.850882],[11.074035,43.850852],[11.074436,43.850726],[11.074964,43.851589],[11.074999,43.851597],[11.07524,43.851508],[11.075252,43.851485],[11.074757,43.850674],[11.075994,43.850287],[11.07601,43.850267],[11.075875,43.849824],[11.075752,43.849632],[11.075718,43.849622],[11.075288,43.849766],[11.0748,43.849013],[11.074766,43.849004],[11.074263,43.849176],[11.07406,43.848783],[11.074063,43.848714],[11.074006,43.848637],[11.073939,43.848648],[11.073439,43.847874],[11.073472,43.847839],[11.07296,43.847006],[11.073049,43.846962],[11.073058,43.846939],[11.072923,43.846709],[11.073896,43.846375],[11.073423,43.84553],[11.073388,43.845521],[11.073332,43.845542],[11.073204,43.845379],[11.073445,43.845298],[11.073457,43.845273],[11.073429,43.845225],[11.073949,43.845059],[11.073808,43.844846],[11.073278,43.844291],[11.073303,43.844255],[11.072987,43.843926],[11.072672,43.844125],[11.072028,43.844478],[11.070085,43.845146],[11.069813,43.845258],[11.06874,43.845612],[11.068443,43.845697],[11.06817,43.845804],[11.066121,43.846454],[11.065999,43.846462],[11.065248,43.846725],[11.064098,43.847172],[11.06345,43.847442],[11.063234,43.847496],[11.060173,43.848568],[11.059997,43.848532],[11.059911,43.848528],[11.059756,43.848568],[11.058131,43.849341],[11.05772,43.84952],[11.056868,43.8498],[11.056776,43.849849],[11.056359,43.849992],[11.056346,43.850015],[11.056396,43.850103],[11.056507,43.850191],[11.056671,43.850364],[11.056812,43.850544],[11.05681,43.850584],[11.056839,43.850624],[11.056073,43.85098],[11.055908,43.850802],[11.055334,43.851053],[11.055308,43.851109],[11.055502,43.851316],[11.054826,43.851648],[11.054456,43.851208],[11.054127,43.851327],[11.053909,43.851437],[11.053552,43.851573],[11.053472,43.851522],[11.053392,43.851385],[11.053226,43.851197],[11.053238,43.851138],[11.053435,43.851065],[11.053393,43.850999],[11.053222,43.851025],[11.052648,43.851238],[11.052409,43.851352],[11.052413,43.85145],[11.052449,43.85146],[11.052647,43.851378],[11.052885,43.851639],[11.052275,43.851924],[11.052041,43.851666],[11.052006,43.851661],[11.051924,43.851699],[11.051917,43.851724],[11.052144,43.851979],[11.051709,43.852186],[11.052467,43.853106],[11.051281,43.853624],[11.051154,43.853453],[11.051127,43.853444],[11.051088,43.853469],[11.05045,43.8527],[11.050414,43.85269],[11.050212,43.852467],[11.050116,43.852404],[11.048179,43.853262],[11.047918,43.853356],[11.047726,43.853466],[11.047722,43.853497],[11.047451,43.853637],[11.046429,43.854069],[11.0463,43.854122],[11.045792,43.85424],[11.045103,43.854497],[11.04556,43.855021],[11.045828,43.855469],[11.045815,43.855516],[11.045737,43.855573],[11.045462,43.85572],[11.045465,43.855762],[11.045555,43.855898],[11.045552,43.855949],[11.045431,43.856051],[11.045172,43.856217],[11.044919,43.856535],[11.044922,43.856597],[11.045299,43.857036],[11.045288,43.857107],[11.044141,43.857666],[11.043121,43.858186],[11.042698,43.85837],[11.042869,43.858644],[11.043333,43.85925],[11.043735,43.859674],[11.044101,43.860111],[11.0442,43.860187],[11.044535,43.860638],[11.044414,43.860692],[11.044347,43.860683],[11.044299,43.860693],[11.043981,43.860848],[11.043152,43.86119],[11.043598,43.861738],[11.043561,43.861766],[11.043553,43.861834],[11.043865,43.862198],[11.043846,43.862232],[11.043129,43.862511],[11.043118,43.862536],[11.043429,43.86295],[11.043661,43.862885],[11.04371,43.862891],[11.044404,43.863688],[11.045519,43.863353],[11.045912,43.863201],[11.046055,43.863096],[11.046096,43.863027],[11.046106,43.862938],[11.046273,43.862964],[11.047086,43.863816],[11.047113,43.863823],[11.047167,43.863813],[11.047465,43.863672],[11.047865,43.863415],[11.04791,43.863338],[11.048023,43.863255],[11.048684,43.862982],[11.049111,43.863551],[11.049282,43.863678],[11.049756,43.864274],[11.049894,43.864412],[11.049957,43.864452],[11.050088,43.864487],[11.050237,43.864598],[11.050636,43.865053],[11.050663,43.865061],[11.050754,43.865046],[11.051451,43.864811],[11.051499,43.864842],[11.051935,43.865366],[11.051965,43.865375],[11.052337,43.865251],[11.052348,43.865225],[11.050596,43.863184],[11.050695,43.863089],[11.051016,43.862902],[11.051051,43.862919],[11.05169,43.863669],[11.053003,43.863062],[11.053166,43.862954],[11.053438,43.862828],[11.054146,43.863676],[11.054272,43.86385],[11.054307,43.863861],[11.05486,43.863661],[11.054969,43.863592],[11.054976,43.863571],[11.054884,43.86343],[11.055047,43.863334],[11.056048,43.862891],[11.056089,43.862887],[11.056114,43.862905],[11.056385,43.863178],[11.057289,43.86274],[11.057291,43.862698],[11.057058,43.862314],[11.056996,43.862311],[11.056722,43.861922],[11.056909,43.861816],[11.056861,43.861701],[11.056872,43.861637],[11.056905,43.861585],[11.057225,43.861437],[11.057221,43.861327],[11.057134,43.86121],[11.057253,43.861192],[11.057376,43.861238],[11.057458,43.861342],[11.057312,43.861417],[11.057304,43.861523],[11.05735,43.861642],[11.057666,43.86195],[11.057699,43.861954],[11.058176,43.861719],[11.058575,43.862119],[11.058874,43.861975],[11.058987,43.862078],[11.059183,43.861988],[11.059652,43.862509],[11.060067,43.862847],[11.059893,43.862924],[11.059882,43.862937],[11.059897,43.862966],[11.059494,43.863132],[11.059507,43.863189],[11.059477,43.863206],[11.059393,43.863169],[11.05912,43.863277],[11.059049,43.863331],[11.058407,43.863629],[11.058193,43.863744],[11.058373,43.863969],[11.058398,43.864028],[11.058721,43.86446],[11.058806,43.864617],[11.058902,43.864903],[11.059055,43.865252],[11.059208,43.865462],[11.059317,43.865649],[11.059461,43.866014],[11.059448,43.866046],[11.059605,43.866254],[11.059715,43.866466],[11.059929,43.866977],[11.059991,43.867032],[11.060083,43.867075],[11.060244,43.867251],[11.059991,43.86738],[11.059982,43.867402],[11.060013,43.867466],[11.059794,43.867553],[11.059959,43.86832],[11.059907,43.868361],[11.0607,43.871525],[11.060734,43.871542],[11.060666,43.871617],[11.060755,43.871677],[11.061016,43.872765],[11.061055,43.872777],[11.061255,43.872686],[11.061262,43.872729],[11.061045,43.872834],[11.061035,43.872852],[11.061299,43.873894],[11.061187,43.87403],[11.061501,43.874359],[11.061431,43.874414],[11.061961,43.876394],[11.062179,43.876885],[11.062502,43.877484],[11.062075,43.877623],[11.062063,43.877648],[11.062098,43.877662],[11.062302,43.877591],[11.06248,43.877615],[11.062595,43.877664],[11.062669,43.877727],[11.06287,43.878097],[11.062945,43.878306],[11.062944,43.878438],[11.062876,43.87865],[11.062786,43.878823],[11.062643,43.878979],[11.062674,43.879001],[11.062865,43.879028],[11.062493,43.879041],[11.062422,43.879113],[11.062352,43.87914],[11.061798,43.879266],[11.057692,43.880119],[11.057301,43.880219],[11.057098,43.880242],[11.057017,43.880353],[11.057015,43.880484],[11.057062,43.880571],[11.056492,43.8807],[11.056253,43.880805],[11.056133,43.880675],[11.056005,43.880467],[11.055974,43.880457],[11.049061,43.88199],[11.046813,43.882522],[11.041536,43.883675],[11.040883,43.883725],[11.04015,43.883959],[11.040131,43.883982],[11.039403,43.884139],[11.039376,43.884165],[11.039344,43.884153],[11.033043,43.885491],[11.031669,43.885798],[11.03152,43.885834],[11.03146,43.885862],[11.028575,43.882591],[11.028315,43.882201]]]]},"properties":{"prov":"PO","comune_amm":"G999","comune_descr":"PRATO","fascia":"D","zona":"D6","zona_descr":"ZONA PERIFERICA - FRAZIONI A SUD: SAN GIORGIO E SANTA","microzona":0,"semestre":"2025/1"}},{"type":"Feature","geometry":{"type":"MultiPolygon","coordinates":[[[[11.100176,43.842303],[11.100089,43.842335],[11.100026,43.842255],[11.10011,43.84222],[11.100176,43.842303]]],[[[11.057947,43.863676],[11.05799,43.863598],[11.058144,43.863753],[11.05803,43.863784],[11.057947,43.863676]]],[[[11.042692,43.85837],[11.043123,43.858185],[11.044141,43.857666],[11.045249,43.85713],[11.045296,43.857088],[11.045298,43.857035],[11.044919,43.856596],[11.044918,43.856537],[11.045168,43.85622],[11.045429,43.856051],[11.045549,43.855952],[11.045554,43.855896],[11.045464,43.85576],[11.045461,43.855718],[11.045737,43.855574],[11.045816,43.855514],[11.045827,43.855478],[11.045561,43.855023],[11.045093,43.854491],[11.045794,43.854239],[11.046299,43.854122],[11.046429,43.854069],[11.047451,43.853637],[11.047707,43.853505],[11.047712,43.853474],[11.04792,43.853355],[11.048179,43.853261],[11.050113,43.852397],[11.050213,43.852468],[11.050404,43.852679],[11.05044,43.852687],[11.050707,43.852992],[11.051071,43.853448],[11.051098,43.853456],[11.051137,43.85343],[11.051265,43.853609],[11.0513,43.853616],[11.05246,43.853105],[11.051701,43.852184],[11.052136,43.851978],[11.051905,43.851711],[11.052023,43.851653],[11.052272,43.851919],[11.052866,43.851648],[11.052873,43.851623],[11.052645,43.851384],[11.052421,43.851467],[11.052403,43.851429],[11.052409,43.851349],[11.05265,43.851237],[11.053223,43.851025],[11.053395,43.850994],[11.053442,43.851067],[11.053309,43.851118],[11.05329,43.85114],[11.053246,43.851135],[11.053224,43.851188],[11.053391,43.851385],[11.053471,43.85152],[11.053542,43.851567],[11.053571,43.851569],[11.053907,43.851437],[11.054124,43.851328],[11.054457,43.851202],[11.054807,43.851633],[11.054843,43.851639],[11.055493,43.851315],[11.055294,43.851094],[11.055324,43.851057],[11.055909,43.850796],[11.056056,43.850966],[11.056091,43.850972],[11.056831,43.850622],[11.056807,43.850581],[11.056809,43.850541],[11.056732,43.850441],[11.056507,43.85019],[11.056398,43.850105],[11.056344,43.850003],[11.056776,43.849849],[11.056866,43.849801],[11.057722,43.849519],[11.058131,43.849341],[11.059758,43.848567],[11.059909,43.848528],[11.060189,43.848562],[11.061581,43.848078],[11.062089,43.847884],[11.063233,43.847496],[11.06345,43.847442],[11.064075,43.84718],[11.065248,43.846725],[11.065997,43.846464],[11.066123,43.846454],[11.06817,43.845804],[11.068507,43.845673],[11.068739,43.845613],[11.069813,43.845258],[11.070086,43.845146],[11.072025,43.84448],[11.072671,43.844125],[11.072986,43.843921],[11.073317,43.844269],[11.073291,43.844305],[11.073787,43.844816],[11.073948,43.845062],[11.073449,43.845219],[11.073436,43.845244],[11.073464,43.845291],[11.073214,43.845381],[11.07332,43.845528],[11.073353,43.845535],[11.073414,43.845515],[11.073904,43.846377],[11.072941,43.846703],[11.072928,43.846726],[11.073065,43.84695],[11.072977,43.846995],[11.072968,43.847017],[11.07348,43.847852],[11.07345,43.847891],[11.073931,43.848636],[11.073963,43.848645],[11.074009,43.848633],[11.074065,43.848717],[11.074062,43.848784],[11.074256,43.84916],[11.074291,43.849171],[11.074791,43.849],[11.075291,43.84976],[11.075745,43.849618],[11.075876,43.849825],[11.076013,43.850281],[11.074765,43.850676],[11.07526,43.851498],[11.07498,43.851605],[11.074433,43.850732],[11.074052,43.850847],[11.074038,43.850877],[11.072749,43.851279],[11.071953,43.849893],[11.071699,43.850001],[11.071589,43.850021],[11.071547,43.850009],[11.071486,43.850016],[11.069976,43.850519],[11.069967,43.850555],[11.070192,43.850846],[11.070202,43.850888],[11.070665,43.851556],[11.070697,43.851564],[11.071261,43.851383],[11.07159,43.851838],[11.071527,43.851866],[11.07151,43.85191],[11.071716,43.852203],[11.071714,43.852229],[11.071215,43.85242],[11.071387,43.85265],[11.070542,43.852979],[11.070493,43.852966],[11.070407,43.853062],[11.070407,43.853099],[11.070718,43.853459],[11.070872,43.853589],[11.071109,43.85387],[11.071435,43.85431],[11.071601,43.854489],[11.071718,43.854565],[11.071825,43.854702],[11.071967,43.854959],[11.072016,43.854993],[11.072119,43.855007],[11.072264,43.85497],[11.073348,43.854568],[11.075155,43.853979],[11.075335,43.853902],[11.07601,43.853675],[11.076321,43.853535],[11.076677,43.853345],[11.077729,43.852896],[11.077744,43.852872],[11.078384,43.852547],[11.07878,43.852412],[11.07979,43.851967],[11.080793,43.851444],[11.081665,43.851086],[11.082277,43.850883],[11.08262,43.850713],[11.082881,43.850607],[11.085201,43.849738],[11.087892,43.848662],[11.088022,43.848782],[11.088503,43.849411],[11.08854,43.849416],[11.088635,43.849361],[11.088813,43.849306],[11.090054,43.848752],[11.09104,43.848196],[11.092013,43.847598],[11.092478,43.847352],[11.092825,43.847193],[11.093649,43.846651],[11.095122,43.846079],[11.095189,43.846044],[11.095314,43.845923],[11.095478,43.845818],[11.096068,43.845616],[11.096424,43.845455],[11.096713,43.845276],[11.09712,43.845096],[11.097131,43.845042],[11.097291,43.844976],[11.09734,43.844994],[11.097573,43.844884],[11.097735,43.8448],[11.097895,43.844677],[11.0986,43.843698],[11.098642,43.843664],[11.099049,43.843468],[11.099058,43.843439],[11.099458,43.84323],[11.099111,43.84275],[11.098809,43.842393],[11.098854,43.842375],[11.098881,43.842404],[11.098916,43.842409],[11.09955,43.842108],[11.099903,43.842526],[11.100395,43.842297],[11.100403,43.842273],[11.100161,43.841963],[11.100515,43.841789],[11.100023,43.841414],[11.101082,43.840902],[11.100381,43.840192],[11.09966,43.83952],[11.099655,43.839497],[11.099962,43.839356],[11.100356,43.839148],[11.100925,43.838905],[11.101011,43.838833],[11.101453,43.838654],[11.101621,43.838561],[11.101151,43.838033],[11.100779,43.837687],[11.100726,43.837571],[11.10212,43.837138],[11.102721,43.837034],[11.103441,43.836873],[11.104333,43.836214],[11.104393,43.836236],[11.104642,43.836476],[11.104771,43.836679],[11.104852,43.836919],[11.104813,43.837013],[11.105315,43.8375],[11.105046,43.837658],[11.10539,43.838012],[11.10513,43.838062],[11.105022,43.838102],[11.104737,43.838377],[11.104149,43.838649],[11.104142,43.838674],[11.105083,43.839692],[11.104974,43.839768],[11.104972,43.839793],[11.105632,43.840362],[11.1054,43.840467],[11.104498,43.840785],[11.103997,43.840995],[11.103787,43.841115],[11.104534,43.841946],[11.104515,43.841984],[11.104636,43.842155],[11.106024,43.84215],[11.106117,43.842077],[11.105929,43.841901],[11.106013,43.841903],[11.106263,43.842114],[11.106385,43.842063],[11.106502,43.841968],[11.106614,43.841911],[11.10678,43.841872],[11.106916,43.841873],[11.107049,43.841901],[11.107148,43.841943],[11.107362,43.842088],[11.107469,43.842124],[11.107572,43.842139],[11.108092,43.842116],[11.108587,43.842048],[11.10911,43.84192],[11.109426,43.841811],[11.109833,43.841638],[11.110286,43.84142],[11.110393,43.841332],[11.110377,43.841286],[11.110254,43.84114],[11.11034,43.841109],[11.110353,43.841085],[11.110143,43.840713],[11.110138,43.840454],[11.109465,43.839797],[11.109432,43.839573],[11.109635,43.83948],[11.110107,43.839185],[11.110231,43.839087],[11.110347,43.839071],[11.110451,43.839014],[11.110829,43.838743],[11.111299,43.838463],[11.111659,43.83828],[11.111838,43.838218],[11.111872,43.838219],[11.112518,43.838869],[11.113141,43.83964],[11.114852,43.841493],[11.116049,43.842866],[11.11659,43.843391],[11.116667,43.843448],[11.117048,43.843866],[11.117258,43.844055],[11.117326,43.844097],[11.117462,43.844135],[11.117526,43.844139],[11.117577,43.844178],[11.117813,43.8445],[11.118045,43.844738],[11.118061,43.844771],[11.118051,43.84484],[11.117956,43.844938],[11.117975,43.845001],[11.118633,43.845818],[11.118846,43.846011],[11.118922,43.846004],[11.119507,43.846649],[11.119497,43.846678],[11.120175,43.847524],[11.120551,43.847938],[11.120908,43.848246],[11.121179,43.848516],[11.121224,43.84861],[11.12122,43.848695],[11.121169,43.848866],[11.121159,43.849132],[11.121185,43.849287],[11.121246,43.849425],[11.121541,43.849794],[11.121699,43.849954],[11.121837,43.850083],[11.122053,43.850218],[11.122696,43.850993],[11.122693,43.851194],[11.122465,43.851306],[11.12154,43.851891],[11.121479,43.851895],[11.121337,43.85202],[11.12128,43.852017],[11.121239,43.851993],[11.120969,43.851746],[11.120899,43.851701],[11.120719,43.851631],[11.120346,43.851604],[11.120198,43.851624],[11.120041,43.851679],[11.119786,43.851949],[11.119431,43.852609],[11.119191,43.852942],[11.119094,43.853044],[11.118903,43.8532],[11.118514,43.853451],[11.117988,43.853699],[11.117707,43.853801],[11.117598,43.853795],[11.117467,43.853823],[11.117034,43.853973],[11.116028,43.854266],[11.115005,43.854501],[11.113895,43.854673],[11.113923,43.854779],[11.113905,43.854802],[11.113956,43.854993],[11.11424,43.85495],[11.114278,43.855001],[11.114305,43.855011],[11.114876,43.854921],[11.115696,43.854755],[11.116324,43.85461],[11.116231,43.854721],[11.116127,43.854885],[11.11605,43.855129],[11.116053,43.855211],[11.115999,43.855481],[11.115914,43.85563],[11.115779,43.855806],[11.115479,43.856025],[11.11492,43.85635],[11.11487,43.856336],[11.114859,43.856357],[11.114883,43.856417],[11.114698,43.856543],[11.113318,43.857259],[11.113309,43.857279],[11.113362,43.857401],[11.113311,43.857431],[11.107381,43.860424],[11.107341,43.860422],[11.10725,43.860368],[11.107116,43.860251],[11.107006,43.860298],[11.107103,43.86021],[11.107125,43.860147],[11.107256,43.860127],[11.107303,43.860104],[11.107309,43.860079],[11.107174,43.859946],[11.1069,43.860073],[11.106857,43.860034],[11.106871,43.859973],[11.106852,43.859884],[11.106452,43.859408],[11.106071,43.858901],[11.105978,43.858835],[11.105767,43.858524],[11.105664,43.858316],[11.105516,43.85784],[11.105429,43.857743],[11.105319,43.857667],[11.105245,43.857642],[11.105457,43.85754],[11.105175,43.85715],[11.105326,43.857064],[11.105378,43.856964],[11.105249,43.856231],[11.105249,43.85619],[11.105298,43.856162],[11.105327,43.856066],[11.105318,43.85593],[11.105208,43.8558],[11.105199,43.855369],[11.1049,43.855363],[11.104893,43.855326],[11.105585,43.855308],[11.106522,43.855311],[11.106626,43.855379],[11.106658,43.855368],[11.106661,43.855348],[11.106556,43.855265],[11.102098,43.855267],[11.101895,43.855277],[11.101456,43.855265],[11.097964,43.8553],[11.097947,43.855273],[11.097908,43.85527],[11.097874,43.855299],[11.092765,43.855313],[11.092631,43.855331],[11.092418,43.85533],[11.092386,43.855319],[11.091597,43.85532],[11.088998,43.855342],[11.086577,43.855404],[11.086567,43.855324],[11.086522,43.855307],[11.086496,43.855324],[11.086485,43.855409],[11.086162,43.8554],[11.085096,43.855439],[11.08451,43.855476],[11.084441,43.855459],[11.084298,43.855464],[11.084273,43.855386],[11.084194,43.855385],[11.08417,43.855401],[11.084163,43.855444],[11.084121,43.85548],[11.083182,43.855553],[11.081457,43.855729],[11.080192,43.855905],[11.080097,43.855827],[11.079986,43.855787],[11.079944,43.855891],[11.079966,43.855924],[11.077803,43.856354],[11.076581,43.856662],[11.076569,43.856688],[11.077027,43.857243],[11.077707,43.85813],[11.07787,43.858307],[11.07744,43.85851],[11.077672,43.858792],[11.077357,43.858915],[11.076769,43.859092],[11.076734,43.859051],[11.076699,43.859044],[11.075504,43.859568],[11.075487,43.859623],[11.075662,43.859827],[11.07574,43.859845],[11.075808,43.859837],[11.076027,43.859716],[11.076062,43.859846],[11.075722,43.860052],[11.075484,43.860279],[11.074409,43.860783],[11.073427,43.861347],[11.072914,43.861585],[11.072224,43.861864],[11.072184,43.861862],[11.071912,43.862019],[11.071845,43.862103],[11.071762,43.86211],[11.071515,43.862181],[11.070701,43.862451],[11.070049,43.862797],[11.069388,43.863078],[11.06864,43.86347],[11.068423,43.863442],[11.0682,43.863198],[11.06797,43.862868],[11.067935,43.86286],[11.0677,43.862958],[11.067941,43.86329],[11.067034,43.863608],[11.06699,43.863559],[11.066955,43.863553],[11.066323,43.863822],[11.066167,43.863815],[11.065079,43.86429],[11.065035,43.864283],[11.064737,43.864388],[11.064165,43.863751],[11.063966,43.863568],[11.063322,43.862798],[11.063276,43.862794],[11.063008,43.862525],[11.062959,43.862449],[11.062765,43.862286],[11.06271,43.862175],[11.062508,43.862246],[11.062432,43.862238],[11.059162,43.86367],[11.058371,43.863966],[11.058189,43.863743],[11.059045,43.863332],[11.059118,43.863278],[11.059409,43.863162],[11.059453,43.863193],[11.059486,43.863195],[11.059491,43.863131],[11.059875,43.862974],[11.059887,43.862962],[11.059869,43.862935],[11.060043,43.862861],[11.06005,43.862834],[11.059651,43.862507],[11.059181,43.861995],[11.058985,43.862084],[11.058888,43.861989],[11.058854,43.861984],[11.058574,43.862126],[11.058175,43.861725],[11.057679,43.861962],[11.05735,43.861644],[11.057304,43.861527],[11.05731,43.861419],[11.05744,43.861352],[11.057448,43.861328],[11.057373,43.861237],[11.057248,43.861192],[11.057165,43.861205],[11.057146,43.86122],[11.057223,43.861329],[11.057226,43.86144],[11.056904,43.861588],[11.056861,43.861698],[11.056914,43.861817],[11.056728,43.861924],[11.056987,43.862299],[11.057049,43.8623],[11.057292,43.8627],[11.057291,43.862743],[11.056387,43.863183],[11.056113,43.862903],[11.056091,43.862888],[11.056044,43.862892],[11.055046,43.863335],[11.054889,43.863431],[11.054981,43.863585],[11.054856,43.863662],[11.054286,43.863869],[11.054146,43.863676],[11.053433,43.862833],[11.053164,43.862956],[11.053,43.863063],[11.051692,43.863676],[11.051047,43.862915],[11.051004,43.862908],[11.05077,43.863038],[11.050607,43.863174],[11.050604,43.863195],[11.052359,43.865239],[11.051974,43.865375],[11.051937,43.86537],[11.0515,43.864843],[11.051451,43.864814],[11.05075,43.865046],[11.050645,43.865063],[11.050238,43.864599],[11.050091,43.864489],[11.049963,43.864455],[11.049894,43.864412],[11.049757,43.864276],[11.049285,43.863681],[11.049114,43.863553],[11.048681,43.862987],[11.048023,43.863256],[11.047906,43.863343],[11.047867,43.863413],[11.047463,43.863673],[11.047166,43.863814],[11.0471,43.863825],[11.046276,43.862968],[11.046129,43.862941],[11.046099,43.862958],[11.046096,43.863029],[11.046054,43.863097],[11.045915,43.8632],[11.045519,43.863353],[11.044404,43.863691],[11.043714,43.862894],[11.043659,43.862886],[11.043428,43.862956],[11.043108,43.862523],[11.043842,43.862234],[11.043863,43.862201],[11.04355,43.861831],[11.043587,43.861726],[11.043143,43.861189],[11.043983,43.860847],[11.044301,43.860692],[11.044351,43.860682],[11.044419,43.86069],[11.044513,43.860651],[11.044523,43.860627],[11.0442,43.860188],[11.044099,43.860109],[11.043735,43.859674],[11.043334,43.859252],[11.043078,43.858927],[11.042692,43.85837]]]]},"properties":{"prov":"PO","comune_amm":"G999","comune_descr":"PRATO","fascia":"D","zona":"D7","zona_descr":"I MACROLOTTI PRODUTTIVI (PRIMO E SECONDO MACROLOTTO - MACROLOTTO DI IOLO)","microzona":0,"semestre":"2025/1"}},{"type":"Feature","geometry":{"type":"Polygon","coordinates":[[[11.089617,43.902262],[11.089308,43.902488],[11.089145,43.902642],[11.087438,43.903629],[11.087104,43.903745],[11.086704,43.903853],[11.086536,43.903873],[11.086323,43.903929],[11.086165,43.903994],[11.085833,43.904204],[11.085286,43.904497],[11.085029,43.904716],[11.085025,43.904738],[11.084977,43.904761],[11.084982,43.9048],[11.084807,43.90492],[11.084716,43.904917],[11.084553,43.905008],[11.083475,43.905822],[11.083366,43.90588],[11.083271,43.905969],[11.082911,43.906475],[11.082926,43.906648],[11.082065,43.907957],[11.081988,43.908026],[11.08179,43.908113],[11.080514,43.908261],[11.080419,43.90829],[11.078946,43.909015],[11.076537,43.910067],[11.07597,43.910167],[11.075672,43.910198],[11.075385,43.910201],[11.074371,43.910347],[11.073567,43.910398],[11.073159,43.91044],[11.071922,43.910698],[11.071198,43.910962],[11.070381,43.911288],[11.068829,43.911971],[11.066971,43.910044],[11.067273,43.909561],[11.067688,43.908961],[11.067677,43.908887],[11.067542,43.908837],[11.067418,43.908742],[11.066736,43.90842],[11.066578,43.908302],[11.066506,43.90819],[11.066105,43.907953],[11.065671,43.907739],[11.064837,43.907162],[11.064589,43.906951],[11.064439,43.906906],[11.064318,43.906909],[11.063503,43.907046],[11.062922,43.907248],[11.062681,43.907376],[11.062295,43.907524],[11.062006,43.907527],[11.061381,43.907947],[11.061294,43.908046],[11.061232,43.908048],[11.061138,43.907981],[11.060291,43.907034],[11.060107,43.906851],[11.060031,43.906801],[11.059973,43.906803],[11.059775,43.906912],[11.059609,43.906981],[11.059561,43.906977],[11.059154,43.906465],[11.059073,43.906409],[11.059043,43.906407],[11.058658,43.906561],[11.058545,43.906564],[11.058221,43.906195],[11.058015,43.90592],[11.057779,43.905727],[11.057491,43.905422],[11.057273,43.905241],[11.056998,43.90506],[11.056734,43.905002],[11.056186,43.90479],[11.056048,43.904712],[11.055972,43.904687],[11.055711,43.904637],[11.055189,43.904594],[11.054783,43.904495],[11.054433,43.904459],[11.054057,43.904382],[11.053891,43.904457],[11.053713,43.904285],[11.053487,43.904362],[11.05261,43.904184],[11.051808,43.904069],[11.050248,43.903897],[11.049916,43.903822],[11.049579,43.903706],[11.049233,43.903668],[11.049149,43.90369],[11.049046,43.903681],[11.04822,43.903538],[11.04809,43.903525],[11.048053,43.903542],[11.04796,43.903494],[11.04767,43.903278],[11.047389,43.903021],[11.046862,43.902602],[11.046435,43.902332],[11.045016,43.903229],[11.045014,43.903255],[11.045232,43.903426],[11.045016,43.903585],[11.044078,43.902906],[11.043335,43.90337],[11.043276,43.90337],[11.042745,43.903714],[11.042156,43.904068],[11.040303,43.902635],[11.038938,43.903642],[11.037574,43.902631],[11.037516,43.902639],[11.035205,43.901037],[11.035048,43.900875],[11.034936,43.900822],[11.034833,43.90083],[11.033905,43.901034],[11.030022,43.901807],[11.029427,43.901262],[11.029159,43.90104],[11.028427,43.900262],[11.028445,43.900256],[11.028597,43.900422],[11.028626,43.900428],[11.02932,43.900238],[11.029892,43.900104],[11.032011,43.899642],[11.03201,43.89962],[11.031408,43.899075],[11.030939,43.898735],[11.031435,43.898449],[11.031437,43.898422],[11.031357,43.898369],[11.031482,43.898231],[11.032159,43.897963],[11.033106,43.897553],[11.033111,43.897525],[11.032836,43.897299],[11.032919,43.897267],[11.03296,43.897274],[11.03333,43.897128],[11.033337,43.897101],[11.033224,43.897002],[11.034485,43.896324],[11.034685,43.896473],[11.034722,43.896471],[11.034722,43.896447],[11.034542,43.896298],[11.034576,43.896275],[11.034753,43.896414],[11.03478,43.896404],[11.034798,43.896367],[11.033811,43.895504],[11.03298,43.894854],[11.032625,43.894488],[11.03208,43.89385],[11.031343,43.893105],[11.031082,43.892805],[11.03148,43.892632],[11.031783,43.892481],[11.032405,43.89231],[11.03282,43.892113],[11.032855,43.892114],[11.032994,43.892224],[11.033279,43.892508],[11.033325,43.892534],[11.033362,43.892534],[11.034007,43.89232],[11.034674,43.892192],[11.035174,43.89201],[11.034888,43.891686],[11.033759,43.890726],[11.032627,43.889504],[11.031966,43.888961],[11.031943,43.888871],[11.033351,43.888232],[11.033403,43.888198],[11.033412,43.888142],[11.032855,43.887457],[11.031451,43.885868],[11.031519,43.885835],[11.031669,43.885798],[11.033936,43.885299],[11.040097,43.88399],[11.040117,43.88397],[11.040889,43.883724],[11.041534,43.883675],[11.046813,43.882522],[11.049062,43.88199],[11.055991,43.880453],[11.056133,43.880675],[11.05624,43.880792],[11.056273,43.880797],[11.05649,43.8807],[11.057053,43.880568],[11.057014,43.880478],[11.057017,43.880351],[11.057088,43.880244],[11.057297,43.88022],[11.057692,43.880119],[11.061798,43.879266],[11.062352,43.87914],[11.062418,43.879115],[11.062475,43.879044],[11.06303,43.87947],[11.063235,43.879545],[11.063288,43.879541],[11.063495,43.879653],[11.06388,43.879946],[11.064836,43.881685],[11.065395,43.882648],[11.065514,43.882903],[11.065548,43.882914],[11.065726,43.88286],[11.065695,43.882959],[11.065722,43.883073],[11.067043,43.885225],[11.067757,43.886448],[11.067865,43.886549],[11.067884,43.886647],[11.06823,43.887149],[11.069065,43.88811],[11.070179,43.889201],[11.070276,43.889255],[11.070282,43.889286],[11.070325,43.889305],[11.070188,43.889286],[11.070156,43.8893],[11.070161,43.889314],[11.071543,43.890642],[11.071568,43.89065],[11.072628,43.891646],[11.072446,43.891694],[11.072401,43.891801],[11.072422,43.891881],[11.072297,43.891977],[11.072209,43.892013],[11.072249,43.892098],[11.072278,43.892098],[11.072405,43.892018],[11.072474,43.891995],[11.073071,43.891933],[11.07354,43.892406],[11.07346,43.892454],[11.073455,43.892479],[11.074227,43.893248],[11.074522,43.893512],[11.074903,43.893812],[11.075187,43.89399],[11.075689,43.894271],[11.078754,43.895921],[11.07881,43.895971],[11.078855,43.896072],[11.078751,43.896285],[11.078802,43.896348],[11.078837,43.896351],[11.079156,43.89618],[11.079156,43.89633],[11.079182,43.896354],[11.079393,43.896252],[11.07948,43.896341],[11.079554,43.896354],[11.08282,43.898128],[11.082866,43.898225],[11.083044,43.898223],[11.083097,43.898238],[11.083271,43.89838],[11.083938,43.898665],[11.083932,43.898717],[11.084392,43.899011],[11.084435,43.899005],[11.084632,43.899149],[11.08598,43.899961],[11.086012,43.89996],[11.086216,43.899846],[11.086208,43.899867],[11.086039,43.899975],[11.086036,43.900003],[11.089275,43.901948],[11.089617,43.902262]]]},"properties":{"prov":"PO","comune_amm":"G999","comune_descr":"PRATO","fascia":"D","zona":"D8","zona_descr":"ZONA PERIFERICA - FRAZIONI AD OVEST: GALCIANA - SAN IPPOLITO - NARNALI - VIACCIA - MALISETI","microzona":0,"semestre":"2025/1"}},{"type":"Feature","geometry":{"type":"MultiPolygon","coordinates":[[[[11.078051,43.834941],[11.076738,43.835631],[11.076533,43.835431],[11.076499,43.835426],[11.074692,43.836351],[11.074685,43.836376],[11.075142,43.836843],[11.074332,43.837258],[11.074233,43.837066],[11.074205,43.837054],[11.074159,43.837084],[11.074046,43.836917],[11.073367,43.836294],[11.07303,43.835868],[11.072714,43.835578],[11.071464,43.83629],[11.068406,43.831896],[11.070156,43.831023],[11.070688,43.830795],[11.0707,43.830776],[11.070406,43.830369],[11.069679,43.829529],[11.06935,43.829031],[11.068796,43.828501],[11.068333,43.827995],[11.068315,43.82795],[11.068215,43.827954],[11.06746,43.828208],[11.067201,43.827875],[11.066993,43.827554],[11.066949,43.827534],[11.066103,43.827745],[11.065866,43.827764],[11.065712,43.827794],[11.065023,43.827638],[11.064931,43.828065],[11.064773,43.828494],[11.064085,43.829695],[11.063673,43.829899],[11.063777,43.829684],[11.063092,43.828757],[11.063577,43.828477],[11.063324,43.828006],[11.063368,43.827979],[11.063373,43.827954],[11.063046,43.827646],[11.062835,43.827774],[11.062064,43.826971],[11.062842,43.826387],[11.063389,43.826962],[11.063426,43.826965],[11.06348,43.826927],[11.063519,43.826984],[11.063564,43.826991],[11.06362,43.827037],[11.063584,43.82708],[11.063666,43.827203],[11.063757,43.827296],[11.063804,43.827297],[11.064348,43.826344],[11.063956,43.825587],[11.064179,43.825441],[11.06405,43.825246],[11.064136,43.825216],[11.064263,43.825245],[11.064537,43.825654],[11.064684,43.825979],[11.064808,43.826173],[11.064814,43.826248],[11.064882,43.82626],[11.064909,43.826317],[11.065036,43.826438],[11.065752,43.826452],[11.067082,43.825984],[11.069184,43.825204],[11.069253,43.825195],[11.069273,43.825176],[11.069273,43.825082],[11.069311,43.825051],[11.069135,43.82488],[11.069149,43.824867],[11.069468,43.825138],[11.069994,43.824855],[11.070288,43.824763],[11.071072,43.824649],[11.071087,43.824681],[11.071106,43.824685],[11.071318,43.824656],[11.07174,43.825296],[11.072556,43.825223],[11.071781,43.825311],[11.071762,43.825343],[11.071608,43.825366],[11.071702,43.826111],[11.070096,43.826881],[11.070047,43.826835],[11.070012,43.82683],[11.069898,43.826887],[11.069892,43.82691],[11.070002,43.827042],[11.070036,43.827047],[11.070847,43.826662],[11.071123,43.826954],[11.071157,43.82696],[11.071297,43.826908],[11.071548,43.827181],[11.071419,43.827236],[11.071411,43.827269],[11.070519,43.827652],[11.070672,43.827815],[11.070683,43.827862],[11.070719,43.827869],[11.070783,43.827841],[11.071223,43.828323],[11.071258,43.828328],[11.07168,43.828116],[11.071807,43.828251],[11.071916,43.828215],[11.07203,43.828354],[11.071939,43.828405],[11.072026,43.828518],[11.071837,43.828606],[11.071904,43.828681],[11.071612,43.828794],[11.071365,43.828917],[11.071362,43.828946],[11.071423,43.828985],[11.071886,43.829453],[11.071938,43.829471],[11.072047,43.829466],[11.072131,43.829494],[11.073166,43.830648],[11.073464,43.831036],[11.073499,43.831042],[11.074251,43.83069],[11.074594,43.83112],[11.075335,43.831934],[11.075921,43.832612],[11.075792,43.832683],[11.075787,43.832709],[11.076537,43.833482],[11.076053,43.833808],[11.07605,43.833832],[11.076709,43.834513],[11.076744,43.834518],[11.076812,43.834486],[11.077008,43.834673],[11.07752,43.834411],[11.078051,43.834941]]],[[[11.082515,43.835918],[11.082318,43.835998],[11.082092,43.835679],[11.082277,43.835613],[11.082515,43.835918]]]]},"properties":{"prov":"PO","comune_amm":"G999","comune_descr":"PRATO","fascia":"E","zona":"E5","zona_descr":"CASTELNUOVO","microzona":0,"semestre":"2025/1"}},{"type":"Feature","geometry":{"type":"MultiPolygon","coordinates":[[[[11.113079,43.914462],[11.112946,43.914466],[11.113068,43.914434],[11.113079,43.914462]]],[[[11.169615,43.9186],[11.16721,43.921819],[11.16298,43.927832],[11.16248,43.927584],[11.16198,43.927364],[11.161754,43.927309],[11.161461,43.926986],[11.161375,43.926928],[11.161217,43.926857],[11.161098,43.926839],[11.160678,43.926835],[11.160355,43.926815],[11.160189,43.926848],[11.159977,43.926867],[11.15979,43.92684],[11.159716,43.926861],[11.159547,43.926848],[11.159467,43.926856],[11.159403,43.926783],[11.159127,43.926599],[11.15877,43.926404],[11.157965,43.92581],[11.157826,43.925776],[11.157498,43.925768],[11.157286,43.925707],[11.156781,43.925627],[11.156451,43.925477],[11.15607,43.925473],[11.155851,43.925409],[11.155542,43.925373],[11.155288,43.925265],[11.155041,43.925067],[11.154641,43.924839],[11.154499,43.924682],[11.154368,43.924615],[11.154124,43.924647],[11.153999,43.924641],[11.153661,43.924452],[11.15349,43.924336],[11.153338,43.924286],[11.153128,43.924163],[11.152772,43.924012],[11.152528,43.923884],[11.151309,43.92385],[11.15087,43.923756],[11.150847,43.923729],[11.150241,43.923624],[11.149779,43.923387],[11.14937,43.923353],[11.148985,43.923194],[11.148262,43.922715],[11.147949,43.922254],[11.147771,43.922034],[11.147652,43.921741],[11.14726,43.921442],[11.147111,43.921184],[11.147067,43.92098],[11.146362,43.920478],[11.146153,43.920413],[11.145179,43.919822],[11.145107,43.91982],[11.144431,43.919432],[11.143891,43.919081],[11.143349,43.918479],[11.142985,43.918347],[11.142534,43.918222],[11.141749,43.91775],[11.141001,43.917364],[11.140712,43.917252],[11.1405,43.917102],[11.140102,43.916967],[11.139946,43.916836],[11.139531,43.916695],[11.139462,43.916615],[11.138957,43.916441],[11.138205,43.916149],[11.137479,43.915788],[11.136914,43.91563],[11.136284,43.915377],[11.136169,43.915344],[11.135917,43.915176],[11.133828,43.914754],[11.133645,43.914655],[11.133304,43.914602],[11.13317,43.914622],[11.132902,43.914508],[11.132623,43.914462],[11.132236,43.914468],[11.131641,43.914534],[11.131396,43.91451],[11.130992,43.914276],[11.130692,43.91427],[11.130408,43.914222],[11.129425,43.914261],[11.129279,43.914281],[11.128896,43.914238],[11.128268,43.914087],[11.127844,43.914154],[11.12768,43.914112],[11.12763,43.914138],[11.127611,43.914112],[11.12753,43.914085],[11.127357,43.913981],[11.12723,43.91377],[11.127121,43.913652],[11.126406,43.913027],[11.126055,43.912797],[11.124657,43.912108],[11.123866,43.911783],[11.122934,43.911496],[11.120881,43.910984],[11.119753,43.910673],[11.119019,43.910492],[11.118228,43.910241],[11.117712,43.909988],[11.117504,43.909822],[11.117461,43.909808],[11.116538,43.90879],[11.116562,43.908759],[11.116319,43.908188],[11.116138,43.907695],[11.116153,43.907647],[11.116563,43.907365],[11.116859,43.907205],[11.11697,43.907217],[11.116981,43.907195],[11.116954,43.907142],[11.117028,43.907102],[11.116966,43.905228],[11.116899,43.905091],[11.116676,43.904427],[11.116592,43.904323],[11.116529,43.904326],[11.116295,43.904043],[11.116324,43.904001],[11.116323,43.903967],[11.116111,43.90367],[11.116025,43.903605],[11.115981,43.903513],[11.11576,43.90329],[11.115753,43.903263],[11.115548,43.903141],[11.115449,43.902934],[11.1154,43.90292],[11.115328,43.902813],[11.115268,43.902807],[11.115189,43.902694],[11.114915,43.902526],[11.114957,43.902446],[11.113315,43.900824],[11.111686,43.899363],[11.110737,43.898575],[11.110706,43.898524],[11.110157,43.898081],[11.10987,43.897871],[11.106538,43.895802],[11.106661,43.895709],[11.10674,43.895618],[11.106766,43.895503],[11.106745,43.895404],[11.106682,43.895318],[11.106204,43.894903],[11.106109,43.894852],[11.105986,43.894846],[11.10569,43.894905],[11.105599,43.894944],[11.105249,43.894397],[11.104412,43.892974],[11.104263,43.892876],[11.103934,43.892302],[11.1054,43.892046],[11.10544,43.892149],[11.106309,43.893382],[11.106582,43.893821],[11.106587,43.893908],[11.106621,43.89399],[11.106947,43.894502],[11.107036,43.894594],[11.107066,43.894585],[11.107084,43.894441],[11.107147,43.894357],[11.107314,43.894532],[11.107344,43.894523],[11.107411,43.894424],[11.107568,43.894381],[11.107578,43.894356],[11.10754,43.894307],[11.107629,43.894256],[11.107622,43.894143],[11.107748,43.89419],[11.107807,43.894242],[11.107736,43.894304],[11.107719,43.894344],[11.107719,43.894394],[11.107746,43.894448],[11.107774,43.89446],[11.108463,43.894354],[11.109022,43.894225],[11.109511,43.894029],[11.109499,43.894008],[11.109405,43.893974],[11.109313,43.893891],[11.109343,43.89388],[11.109433,43.893951],[11.109607,43.893992],[11.110004,43.893626],[11.110343,43.893522],[11.11034,43.8935],[11.110242,43.893427],[11.110018,43.893182],[11.109957,43.893169],[11.109607,43.892822],[11.109588,43.892753],[11.109557,43.892736],[11.109432,43.892284],[11.109274,43.891983],[11.109218,43.891964],[11.109024,43.891965],[11.109039,43.891896],[11.109302,43.891884],[11.109312,43.891919],[11.109562,43.89197],[11.109579,43.892],[11.110444,43.892216],[11.110514,43.89219],[11.110614,43.892067],[11.110649,43.892049],[11.110781,43.892103],[11.110847,43.892094],[11.111039,43.891887],[11.11111,43.891837],[11.111691,43.891729],[11.111745,43.891707],[11.112004,43.89154],[11.112092,43.891446],[11.112063,43.891388],[11.112069,43.891328],[11.112129,43.891145],[11.11191,43.891069],[11.111381,43.890823],[11.111166,43.890688],[11.110998,43.890611],[11.110791,43.89043],[11.110594,43.890312],[11.110966,43.890016],[11.110989,43.889642],[11.111093,43.889577],[11.111419,43.889507],[11.112449,43.889455],[11.112524,43.889533],[11.113066,43.889497],[11.113251,43.889505],[11.113263,43.889487],[11.113182,43.889152],[11.113336,43.888996],[11.113564,43.889029],[11.113678,43.889013],[11.113937,43.889054],[11.114183,43.889118],[11.114212,43.889111],[11.114292,43.889032],[11.114515,43.88866],[11.114595,43.888562],[11.114873,43.888349],[11.115061,43.888015],[11.115138,43.887826],[11.115127,43.887696],[11.115145,43.887653],[11.115188,43.88762],[11.115309,43.887613],[11.115377,43.887708],[11.115365,43.887772],[11.115426,43.887924],[11.11546,43.887936],[11.115632,43.887631],[11.115706,43.887339],[11.115778,43.887277],[11.115772,43.887079],[11.115653,43.887031],[11.115813,43.886687],[11.115447,43.886587],[11.115174,43.886542],[11.115297,43.88633],[11.115302,43.886231],[11.115817,43.886],[11.116655,43.885551],[11.117489,43.884778],[11.117625,43.884803],[11.117656,43.884792],[11.117728,43.884612],[11.117766,43.884325],[11.117753,43.884307],[11.117529,43.884226],[11.117784,43.883955],[11.118183,43.883939],[11.118276,43.883758],[11.118597,43.883462],[11.118752,43.883399],[11.118817,43.883303],[11.118774,43.88327],[11.118942,43.883213],[11.119124,43.883103],[11.119119,43.883074],[11.118967,43.883019],[11.118787,43.883027],[11.11875,43.883014],[11.118968,43.882969],[11.119063,43.882986],[11.119168,43.883038],[11.119209,43.883036],[11.11924,43.883006],[11.119279,43.883006],[11.119342,43.883086],[11.119375,43.883094],[11.119425,43.883014],[11.119508,43.882977],[11.11964,43.882952],[11.119673,43.882902],[11.11966,43.882849],[11.119687,43.882643],[11.119765,43.882298],[11.120047,43.881938],[11.121045,43.881611],[11.121198,43.881609],[11.121436,43.881452],[11.121676,43.881417],[11.121673,43.881393],[11.12157,43.88132],[11.121338,43.88125],[11.12091,43.881177],[11.120747,43.88116],[11.120458,43.881157],[11.120189,43.881102],[11.120058,43.881057],[11.119866,43.880783],[11.119608,43.880579],[11.119306,43.880198],[11.11914,43.879943],[11.11916,43.879815],[11.119125,43.87974],[11.119016,43.879701],[11.118882,43.879846],[11.118842,43.879861],[11.118817,43.879837],[11.119012,43.879643],[11.119127,43.879488],[11.119272,43.879477],[11.119328,43.879437],[11.11953,43.87891],[11.119591,43.878441],[11.119377,43.878327],[11.119388,43.878294],[11.11966,43.878438],[11.119697,43.878438],[11.120966,43.87749],[11.121047,43.877618],[11.121074,43.877628],[11.121957,43.87752],[11.122036,43.877156],[11.122031,43.876974],[11.122061,43.876793],[11.122046,43.876774],[11.121947,43.876738],[11.121986,43.87672],[11.122286,43.876431],[11.122643,43.87624],[11.12295,43.87632],[11.123183,43.876409],[11.123493,43.876007],[11.124259,43.876275],[11.124654,43.875837],[11.124993,43.875899],[11.125195,43.875951],[11.125949,43.876214],[11.126418,43.876294],[11.126666,43.8763],[11.12681,43.876346],[11.127434,43.876462],[11.12771,43.876487],[11.12772,43.876465],[11.127534,43.876085],[11.127533,43.875769],[11.12683,43.875628],[11.127177,43.87549],[11.127682,43.875338],[11.128085,43.875169],[11.128127,43.874967],[11.128659,43.875026],[11.129425,43.874978],[11.129447,43.874961],[11.129357,43.874862],[11.129211,43.87461],[11.129136,43.874537],[11.129051,43.874412],[11.128839,43.874257],[11.128622,43.87412],[11.128108,43.873887],[11.127545,43.873586],[11.126859,43.873151],[11.127022,43.87294],[11.127399,43.872546],[11.12739,43.87252],[11.12734,43.8725],[11.128101,43.871868],[11.129605,43.870921],[11.129196,43.870629],[11.129763,43.869897],[11.130656,43.868961],[11.130873,43.868587],[11.13051,43.86848],[11.13112,43.867646],[11.130566,43.867177],[11.130763,43.86708],[11.130874,43.866986],[11.131176,43.866781],[11.131432,43.866703],[11.131483,43.866671],[11.131727,43.866936],[11.132523,43.867524],[11.133089,43.867187],[11.133674,43.866633],[11.133801,43.866454],[11.134234,43.866829],[11.134491,43.866757],[11.134631,43.86658],[11.134627,43.866559],[11.13404,43.866138],[11.133467,43.865681],[11.133871,43.865481],[11.134227,43.865341],[11.134403,43.865217],[11.134755,43.865045],[11.134807,43.864993],[11.134787,43.864963],[11.135411,43.864633],[11.135754,43.865601],[11.137309,43.866945],[11.137343,43.866948],[11.137768,43.866713],[11.137941,43.866816],[11.138037,43.867362],[11.138603,43.868426],[11.138634,43.868422],[11.139333,43.867821],[11.140041,43.867171],[11.140404,43.86752],[11.140998,43.867664],[11.141238,43.867795],[11.141552,43.868089],[11.141473,43.868161],[11.141648,43.868293],[11.142015,43.868437],[11.142157,43.868459],[11.142517,43.868603],[11.142599,43.868619],[11.142642,43.868703],[11.142685,43.868997],[11.142767,43.869194],[11.14288,43.869378],[11.143162,43.86958],[11.143534,43.870162],[11.143669,43.870329],[11.143814,43.870396],[11.144812,43.871596],[11.14248,43.87305],[11.141552,43.873664],[11.145334,43.875826],[11.139436,43.879032],[11.137598,43.881647],[11.136299,43.882676],[11.135356,43.883125],[11.134412,43.884201],[11.136084,43.889813],[11.139005,43.891726],[11.139749,43.892247],[11.139877,43.89229],[11.1401,43.892423],[11.140257,43.892467],[11.141228,43.892982],[11.14167,43.893146],[11.145922,43.899954],[11.147458,43.902329],[11.14221,43.907416],[11.14601,43.90951],[11.151973,43.912699],[11.157036,43.915684],[11.157754,43.915675],[11.160887,43.915517],[11.167085,43.915244],[11.167925,43.917281],[11.169615,43.9186]]]]},"properties":{"prov":"PO","comune_amm":"G999","comune_descr":"PRATO","fascia":"R","zona":"R3","zona_descr":"ZONA COLLINARE: RETAIA - CALVANA - CANNETO - CARTEANO","microzona":0,"semestre":"2025/1"}},{"type":"Feature","geometry":{"type":"Polygon","coordinates":[[[11.068832,43.911974],[11.070627,43.91119],[11.070643,43.91122],[11.070673,43.911223],[11.07087,43.911144],[11.072518,43.912568],[11.072546,43.912573],[11.072678,43.912533],[11.073061,43.912853],[11.073089,43.912858],[11.073803,43.912649],[11.073965,43.912679],[11.074586,43.912493],[11.074794,43.912371],[11.074839,43.912186],[11.075188,43.912246],[11.075552,43.912053],[11.076054,43.911523],[11.076886,43.911311],[11.077659,43.911223],[11.080278,43.910706],[11.080295,43.910683],[11.080212,43.910468],[11.080241,43.910458],[11.080332,43.910677],[11.080363,43.910689],[11.083059,43.910171],[11.083138,43.9105],[11.083831,43.91039],[11.083762,43.910621],[11.08441,43.910889],[11.08389,43.91138],[11.083841,43.911462],[11.083644,43.912336],[11.084246,43.914778],[11.084272,43.914793],[11.085132,43.914418],[11.086461,43.913908],[11.08724,43.913676],[11.088784,43.912417],[11.089245,43.911952],[11.089314,43.911749],[11.089406,43.911682],[11.089512,43.91157],[11.090423,43.910093],[11.090727,43.90985],[11.090974,43.910091],[11.091804,43.910656],[11.091881,43.910785],[11.091944,43.911014],[11.092024,43.911183],[11.092025,43.911364],[11.091941,43.911625],[11.091864,43.911782],[11.091691,43.911897],[11.091661,43.91194],[11.091701,43.911965],[11.091691,43.91202],[11.091779,43.912319],[11.09178,43.912487],[11.091753,43.912566],[11.091584,43.912727],[11.091512,43.91289],[11.091472,43.913054],[11.091432,43.913114],[11.091402,43.913649],[11.091458,43.914115],[11.091432,43.914243],[11.091124,43.914905],[11.090894,43.915633],[11.090876,43.916126],[11.090845,43.91628],[11.090872,43.91671],[11.090811,43.917117],[11.090716,43.917346],[11.090689,43.9175],[11.090698,43.917584],[11.090782,43.917718],[11.09083,43.917885],[11.090825,43.918003],[11.090705,43.91822],[11.090646,43.918413],[11.090617,43.918779],[11.090631,43.918808],[11.090683,43.91884],[11.090588,43.919052],[11.090604,43.919074],[11.091523,43.91931],[11.091361,43.919582],[11.091299,43.919933],[11.090922,43.920735],[11.090821,43.920774],[11.090751,43.920742],[11.090673,43.920679],[11.090586,43.920657],[11.09041,43.920661],[11.090307,43.920737],[11.090188,43.920863],[11.090119,43.920901],[11.089973,43.920894],[11.089948,43.920903],[11.089987,43.921097],[11.090102,43.921254],[11.089992,43.921363],[11.08993,43.921528],[11.089961,43.921752],[11.09006,43.922153],[11.090027,43.922236],[11.090078,43.922482],[11.090026,43.922503],[11.089991,43.922728],[11.09,43.922741],[11.090059,43.922746],[11.090065,43.922889],[11.090103,43.922954],[11.090064,43.922989],[11.08978,43.923017],[11.089841,43.92318],[11.089827,43.923264],[11.089712,43.923296],[11.089693,43.923342],[11.089601,43.923375],[11.089667,43.923484],[11.089764,43.923466],[11.089929,43.923792],[11.090057,43.923774],[11.090006,43.923659],[11.090074,43.923637],[11.090076,43.923591],[11.09014,43.923568],[11.090162,43.923591],[11.090236,43.923595],[11.090322,43.923722],[11.090511,43.923677],[11.090643,43.923901],[11.090672,43.923914],[11.090805,43.924069],[11.090748,43.92409],[11.090572,43.924087],[11.090558,43.924117],[11.090583,43.924124],[11.090695,43.924271],[11.090741,43.924278],[11.090825,43.924426],[11.0908,43.924444],[11.090828,43.924518],[11.090811,43.924568],[11.091353,43.925134],[11.091371,43.925303],[11.091398,43.925319],[11.091893,43.925282],[11.092187,43.92517],[11.092515,43.92501],[11.092741,43.924874],[11.092834,43.924769],[11.092926,43.924763],[11.092945,43.924749],[11.093001,43.924523],[11.092962,43.924292],[11.092847,43.924033],[11.09278,43.923777],[11.092779,43.923601],[11.092629,43.922613],[11.092648,43.922544],[11.093191,43.922279],[11.093296,43.922163],[11.093619,43.921939],[11.093724,43.921436],[11.093671,43.921131],[11.093728,43.921113],[11.093727,43.921072],[11.093935,43.921058],[11.094001,43.921219],[11.09434,43.921648],[11.094468,43.922003],[11.094811,43.922067],[11.094944,43.92207],[11.095214,43.922105],[11.095737,43.922235],[11.095838,43.922311],[11.096006,43.92227],[11.096005,43.922299],[11.095939,43.922323],[11.095964,43.922393],[11.096005,43.922405],[11.096041,43.922466],[11.096083,43.922465],[11.096104,43.922513],[11.096148,43.922533],[11.09622,43.922517],[11.096306,43.922456],[11.096627,43.922376],[11.096887,43.922153],[11.096913,43.922087],[11.096706,43.921746],[11.096297,43.921315],[11.09623,43.921301],[11.096213,43.921193],[11.096227,43.921136],[11.096487,43.920939],[11.096552,43.920813],[11.096778,43.920634],[11.096924,43.92079],[11.09696,43.920813],[11.096993,43.920812],[11.096996,43.920789],[11.096865,43.920655],[11.097001,43.920531],[11.096539,43.920098],[11.096555,43.920075],[11.096536,43.919984],[11.096451,43.919926],[11.096287,43.919758],[11.097057,43.919416],[11.09797,43.918893],[11.098341,43.91862],[11.098333,43.918592],[11.098201,43.918544],[11.098057,43.918434],[11.098436,43.918123],[11.098699,43.917725],[11.098772,43.917757],[11.098807,43.917753],[11.099061,43.917499],[11.099038,43.917034],[11.099824,43.917024],[11.101081,43.916565],[11.101101,43.91654],[11.101253,43.916547],[11.101868,43.916811],[11.101905,43.916795],[11.101693,43.916618],[11.10151,43.916516],[11.101213,43.916472],[11.100838,43.91633],[11.100862,43.916301],[11.101526,43.916047],[11.101731,43.91603],[11.101754,43.916011],[11.101705,43.915971],[11.101391,43.91589],[11.100965,43.915576],[11.100861,43.915435],[11.100581,43.915168],[11.10038,43.915054],[11.09977,43.915358],[11.099578,43.915364],[11.09952,43.915347],[11.099236,43.915331],[11.099159,43.915382],[11.099184,43.915409],[11.09897,43.915448],[11.098717,43.915437],[11.098508,43.91539],[11.098176,43.91534],[11.097982,43.915326],[11.097658,43.915385],[11.097161,43.915557],[11.097001,43.91563],[11.096737,43.915768],[11.096172,43.916118],[11.096004,43.916203],[11.095975,43.916243],[11.095894,43.916279],[11.095811,43.916289],[11.095729,43.916272],[11.095406,43.916163],[11.095328,43.916101],[11.095209,43.916082],[11.095199,43.915607],[11.095105,43.91527],[11.09459,43.914103],[11.09457,43.913595],[11.094631,43.913261],[11.095592,43.913347],[11.095618,43.913337],[11.095535,43.913088],[11.09547,43.912745],[11.095337,43.912473],[11.095322,43.912344],[11.09631,43.912233],[11.096379,43.912235],[11.096493,43.912077],[11.096851,43.911789],[11.096851,43.911763],[11.097024,43.911731],[11.096943,43.910361],[11.098122,43.910162],[11.098144,43.909998],[11.098065,43.90966],[11.098164,43.909438],[11.098212,43.909227],[11.098333,43.90907],[11.098306,43.908918],[11.098225,43.90872],[11.098647,43.90877],[11.09904,43.908763],[11.099852,43.908433],[11.099114,43.907612],[11.099155,43.907589],[11.099161,43.907565],[11.099025,43.907402],[11.099756,43.907075],[11.099749,43.907054],[11.099509,43.906898],[11.099524,43.906853],[11.099562,43.906832],[11.099554,43.906796],[11.100099,43.906552],[11.100826,43.906188],[11.100332,43.905661],[11.100511,43.905608],[11.100799,43.905553],[11.10087,43.905587],[11.101089,43.905531],[11.101156,43.90549],[11.101145,43.905446],[11.101232,43.905378],[11.101383,43.90559],[11.101445,43.9056],[11.101499,43.905582],[11.101593,43.905622],[11.101629,43.905621],[11.101682,43.905595],[11.102362,43.905866],[11.102571,43.905984],[11.102633,43.906083],[11.102642,43.90621],[11.102678,43.906247],[11.102736,43.906224],[11.102713,43.906183],[11.102722,43.906119],[11.102746,43.906094],[11.102796,43.906101],[11.102876,43.906228],[11.102953,43.906292],[11.103023,43.906322],[11.103335,43.90661],[11.104063,43.907364],[11.104092,43.90737],[11.104207,43.907347],[11.104333,43.9073],[11.105028,43.908318],[11.105088,43.908382],[11.105641,43.908735],[11.105952,43.908882],[11.106249,43.90895],[11.106407,43.909028],[11.106512,43.90911],[11.106678,43.909327],[11.107015,43.910041],[11.107214,43.910287],[11.107238,43.910374],[11.107674,43.910656],[11.108132,43.911051],[11.108204,43.911074],[11.108347,43.911064],[11.109168,43.910646],[11.109317,43.910524],[11.109437,43.910357],[11.109659,43.910117],[11.109713,43.910005],[11.10999,43.90982],[11.110135,43.909697],[11.11025,43.909666],[11.11044,43.909712],[11.110578,43.909782],[11.110754,43.909844],[11.110931,43.909931],[11.111004,43.910002],[11.11116,43.910074],[11.111328,43.910191],[11.111595,43.910285],[11.11233,43.910058],[11.1126,43.909922],[11.112781,43.90976],[11.113103,43.909979],[11.113912,43.910421],[11.113896,43.910462],[11.113908,43.910484],[11.114536,43.910715],[11.114419,43.910832],[11.114202,43.911102],[11.11415,43.911299],[11.114081,43.911334],[11.113939,43.911454],[11.113974,43.911719],[11.113923,43.911792],[11.113882,43.911944],[11.11383,43.912],[11.11382,43.912115],[11.113731,43.912205],[11.113634,43.912546],[11.113555,43.912648],[11.113464,43.913024],[11.114129,43.91379],[11.114238,43.914165],[11.114237,43.914295],[11.113994,43.914303],[11.113251,43.91439],[11.112943,43.914459],[11.112877,43.91454],[11.113006,43.914593],[11.11307,43.91464],[11.113219,43.914659],[11.113499,43.9146],[11.114014,43.914562],[11.114052,43.914604],[11.113811,43.91492],[11.11384,43.915012],[11.114015,43.91508],[11.114131,43.91517],[11.114142,43.915197],[11.114189,43.915208],[11.114584,43.915518],[11.114779,43.915458],[11.115782,43.915594],[11.117405,43.915597],[11.117414,43.915575],[11.117232,43.915261],[11.117011,43.914992],[11.117037,43.914961],[11.116857,43.914566],[11.116744,43.914243],[11.116688,43.914161],[11.116645,43.914118],[11.116582,43.914088],[11.116298,43.913798],[11.116173,43.913692],[11.116074,43.913632],[11.11567,43.91348],[11.115512,43.913474],[11.115126,43.913586],[11.115463,43.913444],[11.115552,43.912881],[11.1159,43.912896],[11.115925,43.912883],[11.116266,43.912121],[11.11647,43.912237],[11.11676,43.911953],[11.118182,43.912531],[11.118215,43.912524],[11.118324,43.912399],[11.118542,43.912325],[11.118965,43.912624],[11.119102,43.912772],[11.119142,43.912773],[11.119175,43.912728],[11.119094,43.912591],[11.118644,43.912253],[11.118397,43.911957],[11.119186,43.911532],[11.119231,43.911531],[11.119239,43.911504],[11.119289,43.911477],[11.119527,43.911677],[11.119657,43.91164],[11.119892,43.911635],[11.12025,43.912038],[11.120204,43.912065],[11.120269,43.912122],[11.120265,43.912183],[11.120504,43.912284],[11.120737,43.912317],[11.120731,43.912439],[11.120819,43.912621],[11.120907,43.912674],[11.121088,43.912735],[11.12124,43.912762],[11.121599,43.912884],[11.121003,43.913872],[11.120972,43.913897],[11.120755,43.913981],[11.120588,43.914132],[11.120595,43.914158],[11.120704,43.914206],[11.120895,43.914191],[11.121096,43.914229],[11.121156,43.914279],[11.121295,43.91429],[11.122102,43.91385],[11.122627,43.914003],[11.122685,43.914043],[11.12294,43.913835],[11.122938,43.913811],[11.122829,43.91373],[11.122939,43.913633],[11.122996,43.913671],[11.123033,43.913668],[11.123186,43.913517],[11.12342,43.913659],[11.123874,43.913781],[11.123977,43.913854],[11.124217,43.914173],[11.124246,43.914298],[11.124268,43.914316],[11.124082,43.915148],[11.124043,43.915405],[11.124068,43.91542],[11.124829,43.915423],[11.124907,43.915862],[11.124833,43.916371],[11.12489,43.916501],[11.124922,43.916637],[11.125155,43.917043],[11.125306,43.917171],[11.125356,43.917251],[11.125445,43.917313],[11.125819,43.918097],[11.126072,43.918693],[11.125992,43.918837],[11.12604,43.918928],[11.12535,43.918995],[11.125329,43.919012],[11.125156,43.921073],[11.125062,43.921068],[11.124936,43.921093],[11.124874,43.921168],[11.124601,43.921202],[11.124441,43.921097],[11.124102,43.92112],[11.123978,43.921173],[11.123548,43.921121],[11.122891,43.920915],[11.122788,43.921056],[11.123083,43.921454],[11.122905,43.921643],[11.12308,43.921792],[11.12339,43.922261],[11.12342,43.922288],[11.123737,43.922435],[11.123881,43.922614],[11.123905,43.922623],[11.123942,43.922615],[11.124039,43.922522],[11.123939,43.922235],[11.123999,43.922227],[11.124168,43.922361],[11.124291,43.922607],[11.124373,43.923138],[11.124381,43.923379],[11.124624,43.92393],[11.124651,43.923958],[11.124652,43.923992],[11.123239,43.9241],[11.121752,43.924373],[11.1216,43.924337],[11.121193,43.924131],[11.120982,43.923983],[11.120847,43.923854],[11.120812,43.923845],[11.120725,43.923866],[11.120237,43.92358],[11.120217,43.923602],[11.120444,43.924216],[11.119715,43.924417],[11.119229,43.924722],[11.117856,43.925685],[11.117845,43.925731],[11.118119,43.926236],[11.118338,43.926837],[11.118712,43.927638],[11.11768,43.92791],[11.116063,43.928657],[11.116069,43.928677],[11.116206,43.928769],[11.116298,43.928905],[11.116507,43.929074],[11.116575,43.929161],[11.116664,43.929435],[11.116841,43.929677],[11.117018,43.929846],[11.117403,43.930099],[11.11721,43.930483],[11.11719,43.930655],[11.117035,43.930943],[11.116916,43.931099],[11.116777,43.931345],[11.116523,43.931448],[11.116311,43.931489],[11.116146,43.93157],[11.115931,43.931867],[11.115821,43.932142],[11.115566,43.932488],[11.115081,43.932932],[11.114893,43.933351],[11.114519,43.933871],[11.115098,43.934534],[11.114374,43.935372],[11.112967,43.935885],[11.112686,43.935883],[11.112661,43.935899],[11.112716,43.935964],[11.112797,43.936019],[11.112859,43.936202],[11.112862,43.936261],[11.112726,43.936429],[11.112659,43.936675],[11.112461,43.93692],[11.112425,43.937015],[11.112423,43.937128],[11.112488,43.937305],[11.112472,43.937589],[11.112408,43.937954],[11.112457,43.938188],[11.112522,43.938322],[11.112733,43.938593],[11.112747,43.939062],[11.112698,43.939249],[11.112627,43.93935],[11.112628,43.939579],[11.112737,43.940085],[11.112763,43.940299],[11.112728,43.94042],[11.112746,43.940657],[11.112789,43.940684],[11.112759,43.940933],[11.112732,43.941003],[11.112221,43.941346],[11.112054,43.941504],[11.111991,43.941663],[11.111981,43.941791],[11.111919,43.942046],[11.111817,43.942245],[11.111721,43.942367],[11.111353,43.942751],[11.110908,43.942904],[11.110753,43.94299],[11.110651,43.94307],[11.11043,43.943538],[11.109956,43.944133],[11.109806,43.944407],[11.1096,43.94463],[11.109284,43.94508],[11.108957,43.945456],[11.108798,43.945516],[11.108596,43.945528],[11.108398,43.945488],[11.108121,43.945378],[11.108007,43.945382],[11.107762,43.945613],[11.107695,43.945767],[11.107488,43.945954],[11.10723,43.94613],[11.106741,43.946341],[11.106459,43.946409],[11.106177,43.946445],[11.105814,43.946531],[11.105668,43.946556],[11.105516,43.946559],[11.105236,43.946653],[11.105108,43.946663],[11.104816,43.946629],[11.104684,43.946635],[11.104611,43.94666],[11.104353,43.946833],[11.104198,43.946896],[11.104098,43.946918],[11.103745,43.947387],[11.103572,43.947727],[11.103283,43.947897],[11.102963,43.948038],[11.102367,43.948208],[11.102004,43.948401],[11.101466,43.948533],[11.101414,43.948457],[11.101319,43.948458],[11.100258,43.948892],[11.098523,43.949566],[11.098415,43.949453],[11.097846,43.949166],[11.097687,43.949109],[11.097561,43.949013],[11.096769,43.948733],[11.096586,43.948682],[11.096302,43.948639],[11.095713,43.948615],[11.095313,43.948531],[11.095046,43.948434],[11.094862,43.948401],[11.094506,43.948376],[11.094386,43.948316],[11.094044,43.947959],[11.09394,43.947917],[11.093705,43.947931],[11.093504,43.947913],[11.092762,43.947751],[11.092557,43.94781],[11.092012,43.946938],[11.091968,43.946927],[11.091863,43.946719],[11.091703,43.946471],[11.091548,43.946161],[11.091498,43.946097],[11.091364,43.945932],[11.089729,43.944261],[11.089031,43.943773],[11.08843,43.943615],[11.086948,43.943061],[11.084895,43.941513],[11.084322,43.940616],[11.083675,43.93975],[11.083048,43.938871],[11.082618,43.938509],[11.081509,43.937504],[11.080568,43.936209],[11.080893,43.934949],[11.081693,43.934617],[11.081705,43.9346],[11.081318,43.932143],[11.081523,43.931484],[11.081559,43.930581],[11.079594,43.926237],[11.080086,43.924588],[11.080099,43.924063],[11.078571,43.922887],[11.076574,43.920497],[11.075758,43.919431],[11.075155,43.918589],[11.072724,43.915361],[11.072596,43.915295],[11.072112,43.914955],[11.071905,43.914842],[11.071437,43.914545],[11.071288,43.914416],[11.071065,43.914208],[11.070571,43.913685],[11.070085,43.913219],[11.069791,43.912989],[11.068832,43.911974]]]},"properties":{"prov":"PO","comune_amm":"G999","comune_descr":"PRATO","fascia":"R","zona":"R4","zona_descr":"ZONA COLLINARE: MONTEFERRATO - CERRETO - SPAZZAVENTO","microzona":0,"semestre":"2025/1"}},{"type":"Feature","geometry":{"type":"Polygon","coordinates":[[[11.013258,43.870774],[11.013161,43.869949],[11.013203,43.869631],[11.013341,43.869507],[11.013737,43.869217],[11.013993,43.869076],[11.014422,43.86894],[11.015187,43.868839],[11.015397,43.868791],[11.015592,43.868604],[11.015627,43.868025],[11.015759,43.867826],[11.015991,43.86768],[11.016768,43.867457],[11.016968,43.867412],[11.017301,43.867191],[11.017475,43.867004],[11.017585,43.866654],[11.017433,43.865963],[11.017375,43.865586],[11.0174,43.865333],[11.017509,43.864901],[11.017816,43.863876],[11.017974,43.863641],[11.018769,43.862964],[11.019199,43.862651],[11.020262,43.861609],[11.020532,43.86139],[11.020831,43.861187],[11.021057,43.861165],[11.021648,43.861199],[11.022481,43.861018],[11.022689,43.860899],[11.023006,43.86062],[11.023167,43.859842],[11.023745,43.858797],[11.024032,43.857995],[11.024108,43.857914],[11.024303,43.857812],[11.025133,43.857581],[11.02523,43.857531],[11.025334,43.857369],[11.025358,43.85729],[11.025278,43.856981],[11.025294,43.856618],[11.025413,43.856465],[11.025786,43.856262],[11.025974,43.856095],[11.026016,43.856036],[11.02605,43.855816],[11.026016,43.855767],[11.025552,43.855376],[11.025458,43.855151],[11.025401,43.854334],[11.025089,43.853247],[11.025028,43.852481],[11.024898,43.851691],[11.024804,43.85133],[11.024481,43.850601],[11.024342,43.850194],[11.024133,43.849469],[11.024076,43.849059],[11.024034,43.847745],[11.024076,43.847423],[11.024425,43.84652],[11.024514,43.846234],[11.02456,43.845945],[11.024445,43.844733],[11.024631,43.844471],[11.025927,43.843786],[11.026144,43.843625],[11.026368,43.843369],[11.026689,43.842731],[11.0269,43.842457],[11.027059,43.842321],[11.027226,43.842224],[11.027494,43.842128],[11.0283,43.841968],[11.028985,43.841779],[11.029761,43.8415],[11.031266,43.840875],[11.031412,43.840737],[11.031433,43.840591],[11.031423,43.840486],[11.030794,43.83992],[11.030524,43.83953],[11.030491,43.839274],[11.030509,43.839153],[11.030559,43.839048],[11.030657,43.838946],[11.030783,43.838914],[11.031993,43.838852],[11.032214,43.838783],[11.032353,43.838682],[11.032456,43.838586],[11.032749,43.838179],[11.033206,43.837692],[11.033568,43.837356],[11.033809,43.837239],[11.03418,43.836971],[11.034883,43.836311],[11.035168,43.835986],[11.035277,43.835831],[11.035386,43.835315],[11.035447,43.835175],[11.03553,43.835049],[11.035621,43.834961],[11.035995,43.834738],[11.036115,43.834689],[11.03667,43.834519],[11.036861,43.834424],[11.037211,43.834204],[11.037502,43.834098],[11.037698,43.834061],[11.038419,43.834048],[11.038712,43.834],[11.038827,43.833934],[11.038878,43.83383],[11.03891,43.833701],[11.038905,43.833645],[11.03879,43.83334],[11.038622,43.83309],[11.038587,43.832942],[11.038601,43.832789],[11.038653,43.832572],[11.038771,43.832303],[11.039013,43.831873],[11.03937,43.831305],[11.039675,43.83105],[11.040094,43.830829],[11.040575,43.830662],[11.040863,43.830593],[11.041122,43.830481],[11.041726,43.830095],[11.042649,43.829353],[11.042898,43.829076],[11.043187,43.828649],[11.043786,43.827512],[11.044018,43.827116],[11.045113,43.825515],[11.045391,43.82515],[11.045569,43.825042],[11.045931,43.824942],[11.046254,43.824904],[11.047451,43.824839],[11.048128,43.824784],[11.04863,43.824687],[11.049003,43.824558],[11.049441,43.824336],[11.052706,43.822127],[11.05351,43.821665],[11.054342,43.821141],[11.055138,43.820679],[11.05638,43.820016],[11.058109,43.819169],[11.059037,43.818751],[11.059837,43.818562],[11.060032,43.818493],[11.060261,43.818384],[11.06039,43.818214],[11.060661,43.817723],[11.060857,43.817413],[11.062119,43.815709],[11.06215,43.815797],[11.062132,43.816124],[11.061969,43.81653],[11.06196,43.816647],[11.062068,43.816895],[11.064279,43.819398],[11.064575,43.819766],[11.064893,43.820074],[11.066973,43.8224],[11.06795,43.823465],[11.068228,43.823842],[11.068453,43.824196],[11.068609,43.824388],[11.06885,43.824561],[11.069146,43.824862],[11.069146,43.82489],[11.069319,43.825051],[11.069271,43.825093],[11.069269,43.825193],[11.069183,43.825205],[11.067082,43.825984],[11.065822,43.826434],[11.065757,43.826452],[11.06566,43.826456],[11.06504,43.826442],[11.064905,43.826314],[11.064888,43.826267],[11.064831,43.826261],[11.064808,43.82624],[11.064807,43.826171],[11.064684,43.82598],[11.064536,43.825652],[11.064265,43.825249],[11.064149,43.825217],[11.064059,43.825246],[11.064184,43.825441],[11.063969,43.825576],[11.063961,43.825596],[11.064349,43.82634],[11.06379,43.827308],[11.063764,43.827305],[11.063674,43.827215],[11.063578,43.827068],[11.063612,43.82704],[11.063606,43.827025],[11.06356,43.826995],[11.063533,43.827002],[11.063485,43.826941],[11.063402,43.826978],[11.062841,43.826396],[11.062069,43.826974],[11.062822,43.82776],[11.062859,43.827763],[11.063048,43.827638],[11.063386,43.827964],[11.063329,43.828016],[11.063582,43.828478],[11.063098,43.828758],[11.06378,43.829688],[11.063702,43.829861],[11.063738,43.829867],[11.064085,43.829696],[11.064773,43.828493],[11.064931,43.828065],[11.065016,43.82763],[11.065715,43.827794],[11.065864,43.827764],[11.066105,43.827744],[11.066943,43.827532],[11.06699,43.827551],[11.067203,43.827876],[11.06746,43.828202],[11.068219,43.827953],[11.068305,43.82794],[11.068796,43.828502],[11.069348,43.829029],[11.069681,43.82953],[11.070406,43.830369],[11.070665,43.830701],[11.0707,43.830787],[11.070157,43.831023],[11.068534,43.831843],[11.068426,43.831885],[11.068416,43.831909],[11.071453,43.836273],[11.07149,43.836279],[11.072719,43.835569],[11.073031,43.835869],[11.073366,43.836294],[11.074044,43.836915],[11.074158,43.837065],[11.07422,43.837038],[11.074317,43.837237],[11.074341,43.837249],[11.075135,43.836842],[11.074676,43.83636],[11.076515,43.835418],[11.076718,43.835618],[11.076753,43.835622],[11.078032,43.834951],[11.078037,43.834926],[11.077519,43.834417],[11.07701,43.834679],[11.076823,43.834498],[11.076788,43.834494],[11.07672,43.834525],[11.076041,43.833822],[11.076523,43.833493],[11.076526,43.833469],[11.075774,43.832695],[11.075905,43.832624],[11.075911,43.832601],[11.075336,43.831934],[11.074594,43.83112],[11.07426,43.830704],[11.074226,43.830698],[11.073478,43.831051],[11.073166,43.830648],[11.072134,43.829497],[11.072056,43.829468],[11.071934,43.829471],[11.071883,43.829452],[11.071423,43.828986],[11.071342,43.828931],[11.07161,43.828795],[11.071883,43.828689],[11.071889,43.828662],[11.071827,43.828606],[11.072017,43.828517],[11.071932,43.828406],[11.072011,43.828366],[11.072019,43.828342],[11.071926,43.828228],[11.071891,43.828221],[11.071805,43.828256],[11.071679,43.828122],[11.071236,43.828336],[11.070794,43.827853],[11.070759,43.827848],[11.070669,43.827894],[11.070654,43.827886],[11.070679,43.82785],[11.070672,43.827816],[11.070511,43.827653],[11.071395,43.827276],[11.071401,43.827243],[11.071529,43.827189],[11.071537,43.827163],[11.071307,43.826919],[11.071275,43.826913],[11.071137,43.826967],[11.070846,43.826669],[11.07002,43.827056],[11.069881,43.826897],[11.070032,43.826821],[11.070078,43.826868],[11.070112,43.826873],[11.071699,43.82611],[11.071611,43.825403],[11.071582,43.825388],[11.071361,43.825409],[11.071367,43.825388],[11.071733,43.825346],[11.071753,43.825331],[11.071747,43.82531],[11.071329,43.824669],[11.071303,43.824659],[11.071079,43.824688],[11.071078,43.824649],[11.073598,43.824321],[11.074203,43.82417],[11.07448,43.82406],[11.075639,43.823692],[11.076291,43.823502],[11.076335,43.823516],[11.076683,43.823803],[11.076838,43.823802],[11.078046,43.823065],[11.078435,43.82286],[11.079208,43.822377],[11.079589,43.822159],[11.080052,43.821967],[11.080155,43.821909],[11.080144,43.821784],[11.079888,43.8214],[11.078666,43.819906],[11.080631,43.819061],[11.081539,43.818708],[11.082388,43.818334],[11.08373,43.817772],[11.084173,43.817563],[11.0847,43.817967],[11.084807,43.818024],[11.085061,43.818125],[11.085612,43.81831],[11.085722,43.818375],[11.085875,43.818543],[11.087184,43.820186],[11.087249,43.820201],[11.088429,43.819878],[11.089592,43.819581],[11.08988,43.819533],[11.091384,43.818782],[11.093661,43.817682],[11.093794,43.817838],[11.093886,43.818018],[11.094526,43.818972],[11.094859,43.81956],[11.095017,43.820008],[11.095284,43.820359],[11.095825,43.82098],[11.09648,43.821565],[11.096864,43.821839],[11.097452,43.822348],[11.097649,43.82254],[11.09808,43.823053],[11.098298,43.823399],[11.098568,43.82367],[11.098651,43.823712],[11.098748,43.823705],[11.099801,43.823407],[11.099887,43.823401],[11.100256,43.823701],[11.100789,43.824085],[11.10093,43.824167],[11.101093,43.824217],[11.101307,43.824259],[11.101546,43.824283],[11.101618,43.824316],[11.101717,43.824453],[11.102113,43.824839],[11.102618,43.825122],[11.102874,43.825227],[11.103065,43.825331],[11.10374,43.825731],[11.104283,43.826157],[11.10392,43.826551],[11.104137,43.826874],[11.104231,43.827076],[11.104323,43.827361],[11.104272,43.827492],[11.104133,43.827673],[11.103289,43.828266],[11.103359,43.82842],[11.103506,43.828571],[11.103608,43.828654],[11.103762,43.828721],[11.103996,43.82893],[11.104179,43.829205],[11.104648,43.829826],[11.10411,43.83009],[11.103406,43.830502],[11.103393,43.830534],[11.103411,43.830568],[11.103959,43.830937],[11.104912,43.831657],[11.104971,43.831769],[11.104969,43.831841],[11.104938,43.831926],[11.104891,43.831988],[11.104731,43.832106],[11.103257,43.832818],[11.10287,43.833046],[11.10276,43.833175],[11.102333,43.833166],[11.102115,43.833206],[11.101868,43.833379],[11.101629,43.833518],[11.101314,43.833659],[11.100933,43.833928],[11.100245,43.834356],[11.100243,43.834405],[11.100159,43.834457],[11.099631,43.834205],[11.099268,43.834061],[11.098415,43.83388],[11.098309,43.833852],[11.098244,43.833812],[11.098059,43.833742],[11.097951,43.833728],[11.097616,43.833705],[11.097125,43.83387],[11.096714,43.833881],[11.096514,43.833961],[11.096083,43.834017],[11.09553,43.834067],[11.09519,43.834069],[11.094881,43.83396],[11.094362,43.83367],[11.094222,43.833633],[11.093851,43.833458],[11.093731,43.833428],[11.093537,43.833263],[11.093207,43.833063],[11.093111,43.833034],[11.092781,43.833416],[11.092079,43.834337],[11.091514,43.835033],[11.091422,43.83512],[11.091426,43.835153],[11.091511,43.835205],[11.091326,43.835389],[11.090965,43.835667],[11.090685,43.835808],[11.090581,43.835761],[11.090476,43.835761],[11.090381,43.835783],[11.090263,43.835842],[11.089929,43.835952],[11.089561,43.83601],[11.089471,43.836002],[11.087641,43.833634],[11.087583,43.833528],[11.087485,43.83343],[11.086441,43.83376],[11.086404,43.833725],[11.086386,43.833726],[11.085609,43.833987],[11.085549,43.83387],[11.085473,43.833884],[11.085141,43.833032],[11.083704,43.833339],[11.083323,43.83346],[11.083308,43.833481],[11.083456,43.833871],[11.083594,43.834084],[11.083632,43.834216],[11.083696,43.834324],[11.083643,43.834489],[11.083237,43.834921],[11.082848,43.835154],[11.082794,43.835387],[11.082764,43.835408],[11.082784,43.835473],[11.082717,43.835525],[11.082744,43.835568],[11.082687,43.835664],[11.082702,43.835702],[11.082686,43.835722],[11.082642,43.835728],[11.082627,43.835759],[11.082648,43.835783],[11.082521,43.835916],[11.082985,43.836316],[11.083048,43.836384],[11.08305,43.836414],[11.082582,43.836631],[11.082338,43.836721],[11.081729,43.836825],[11.079618,43.837386],[11.078877,43.837574],[11.078808,43.837572],[11.078725,43.837616],[11.078442,43.837647],[11.077658,43.837809],[11.07746,43.837901],[11.077104,43.837453],[11.076624,43.837529],[11.076433,43.83758],[11.076172,43.837307],[11.076125,43.837298],[11.075577,43.837535],[11.075576,43.837569],[11.075749,43.837718],[11.075366,43.837898],[11.075353,43.837921],[11.075539,43.838204],[11.075108,43.838368],[11.075376,43.838795],[11.073563,43.839473],[11.073517,43.839503],[11.071314,43.840158],[11.071271,43.840139],[11.070971,43.840227],[11.070573,43.839445],[11.069615,43.839754],[11.069328,43.839394],[11.069292,43.839388],[11.068838,43.839591],[11.06883,43.839617],[11.068992,43.839795],[11.06892,43.839829],[11.068819,43.839843],[11.068542,43.839638],[11.068287,43.839543],[11.067849,43.839096],[11.067544,43.838724],[11.067502,43.838714],[11.065592,43.839811],[11.063385,43.841049],[11.063376,43.841073],[11.063284,43.841125],[11.063249,43.841127],[11.062432,43.841583],[11.062427,43.841606],[11.062454,43.841646],[11.062145,43.8418],[11.061933,43.841601],[11.061825,43.84156],[11.061749,43.841553],[11.061634,43.841584],[11.061401,43.841786],[11.061289,43.841856],[11.061106,43.841934],[11.060917,43.842052],[11.060792,43.842226],[11.06078,43.842589],[11.060618,43.842653],[11.060584,43.842692],[11.058854,43.843559],[11.058818,43.843535],[11.058784,43.843532],[11.057046,43.844414],[11.055668,43.845094],[11.055596,43.845021],[11.05565,43.844749],[11.055618,43.844685],[11.0546,43.843524],[11.051019,43.8407],[11.04969,43.839587],[11.046498,43.837218],[11.045997,43.836837],[11.045953,43.83678],[11.045938,43.836772],[11.045886,43.836784],[11.045231,43.836284],[11.045714,43.835871],[11.045589,43.835673],[11.044919,43.834787],[11.044883,43.83478],[11.043712,43.835358],[11.043354,43.835516],[11.042974,43.835654],[11.042949,43.835759],[11.042121,43.836027],[11.042061,43.836008],[11.041907,43.835809],[11.041853,43.835764],[11.041584,43.835659],[11.040907,43.835302],[11.040846,43.835304],[11.040098,43.836249],[11.039568,43.837],[11.038581,43.838327],[11.037401,43.839678],[11.035802,43.841404],[11.034921,43.842522],[11.037758,43.845189],[11.037719,43.845238],[11.037639,43.84546],[11.039172,43.847185],[11.037266,43.848395],[11.037266,43.848429],[11.037229,43.848476],[11.038169,43.849639],[11.038164,43.849672],[11.038225,43.84968],[11.040066,43.851965],[11.040103,43.85197],[11.04016,43.85194],[11.040953,43.852929],[11.040958,43.852958],[11.040438,43.853137],[11.040419,43.853179],[11.04046,43.8533],[11.04046,43.853376],[11.040419,43.85346],[11.040356,43.853488],[11.039313,43.853739],[11.03925,43.853734],[11.038817,43.853827],[11.038799,43.853843],[11.038788,43.854],[11.038731,43.854154],[11.038961,43.854816],[11.039,43.855032],[11.039184,43.855656],[11.038916,43.855735],[11.038666,43.855787],[11.038631,43.855856],[11.038741,43.856075],[11.037925,43.856312],[11.037927,43.856333],[11.038379,43.856714],[11.037358,43.857322],[11.037355,43.857347],[11.037536,43.857507],[11.037458,43.857547],[11.037289,43.857395],[11.037287,43.857366],[11.037252,43.857348],[11.036926,43.857539],[11.036739,43.857516],[11.03671,43.857531],[11.036745,43.857571],[11.036818,43.857585],[11.03708,43.857826],[11.037516,43.858292],[11.036845,43.858621],[11.036829,43.858641],[11.037076,43.858928],[11.037289,43.85885],[11.037312,43.858872],[11.037073,43.858965],[11.036847,43.858712],[11.036813,43.858706],[11.035185,43.859368],[11.03542,43.859767],[11.035581,43.859984],[11.035723,43.859986],[11.03591,43.860319],[11.035204,43.86054],[11.034921,43.860238],[11.034932,43.860146],[11.034798,43.860015],[11.034334,43.860215],[11.035194,43.861497],[11.035322,43.861661],[11.034753,43.861946],[11.034321,43.86213],[11.034218,43.862211],[11.032768,43.86293],[11.03309,43.863407],[11.033146,43.863512],[11.033129,43.863576],[11.033355,43.863952],[11.032789,43.864136],[11.032542,43.864156],[11.032381,43.864202],[11.032338,43.864231],[11.032746,43.86475],[11.032716,43.864785],[11.032718,43.86482],[11.033206,43.865397],[11.033192,43.86543],[11.032106,43.865928],[11.032313,43.866175],[11.032326,43.866183],[11.032399,43.866167],[11.032702,43.866504],[11.032815,43.866708],[11.032844,43.866719],[11.032965,43.866696],[11.033006,43.866725],[11.033413,43.867249],[11.033587,43.86758],[11.0336,43.867661],[11.03367,43.867794],[11.033565,43.86786],[11.0335,43.867868],[11.032887,43.867857],[11.032715,43.86782],[11.032685,43.867829],[11.032899,43.86837],[11.032924,43.868383],[11.033005,43.868386],[11.033263,43.868829],[11.033293,43.868839],[11.033459,43.868811],[11.033845,43.869442],[11.033533,43.869565],[11.033095,43.869787],[11.033089,43.869812],[11.033997,43.870897],[11.034229,43.87112],[11.03456,43.871503],[11.03525,43.871175],[11.035351,43.871133],[11.035432,43.871134],[11.035516,43.871109],[11.035889,43.870926],[11.036731,43.871855],[11.03676,43.871862],[11.036888,43.871833],[11.037204,43.871712],[11.037592,43.872164],[11.037483,43.872218],[11.037118,43.872327],[11.037538,43.872931],[11.036565,43.872897],[11.036539,43.872915],[11.036691,43.873218],[11.036811,43.873259],[11.037175,43.873917],[11.037005,43.873964],[11.036696,43.874022],[11.036082,43.874187],[11.036039,43.874123],[11.036006,43.874114],[11.034909,43.874472],[11.03486,43.874584],[11.034706,43.874656],[11.034675,43.874684],[11.034718,43.874749],[11.034698,43.874772],[11.034389,43.874915],[11.032851,43.87327],[11.032604,43.873373],[11.031546,43.873959],[11.030475,43.874488],[11.03045,43.874541],[11.030699,43.874806],[11.030765,43.875046],[11.030887,43.875249],[11.031514,43.875824],[11.031846,43.876267],[11.032154,43.87662],[11.03201,43.876693],[11.031972,43.877082],[11.031969,43.877153],[11.03207,43.877677],[11.0321,43.87768],[11.032302,43.877599],[11.032379,43.877696],[11.03246,43.877699],[11.03296,43.877485],[11.032965,43.877457],[11.032805,43.877338],[11.032822,43.877323],[11.033017,43.877461],[11.033359,43.87783],[11.033554,43.877997],[11.033583,43.878079],[11.033585,43.87816],[11.033613,43.878208],[11.034151,43.878689],[11.034324,43.878803],[11.035,43.879499],[11.035228,43.879917],[11.035391,43.880348],[11.035311,43.880349],[11.034586,43.880514],[11.034475,43.880554],[11.033964,43.880875],[11.033586,43.88103],[11.033211,43.881123],[11.032265,43.881397],[11.031552,43.881537],[11.031222,43.881639],[11.030564,43.881772],[11.030096,43.881889],[11.02967,43.881936],[11.028994,43.8821],[11.028376,43.882184],[11.028325,43.882203],[11.028575,43.882591],[11.032855,43.887457],[11.03341,43.888135],[11.03341,43.888189],[11.033351,43.888233],[11.031954,43.888865],[11.031943,43.888884],[11.031969,43.888963],[11.032627,43.889504],[11.033759,43.890726],[11.034889,43.891688],[11.035181,43.892007],[11.034884,43.892128],[11.034677,43.892191],[11.034005,43.89232],[11.033365,43.892534],[11.03332,43.892534],[11.033279,43.892508],[11.032994,43.892224],[11.032859,43.892118],[11.032823,43.892113],[11.032409,43.892309],[11.03178,43.892483],[11.031481,43.892631],[11.031088,43.892802],[11.031342,43.893105],[11.03208,43.89385],[11.032625,43.894488],[11.03298,43.894853],[11.03381,43.895503],[11.034805,43.896363],[11.034698,43.896491],[11.034504,43.896334],[11.03447,43.896332],[11.033242,43.896992],[11.033238,43.897018],[11.033356,43.897117],[11.03287,43.897318],[11.033127,43.897543],[11.032159,43.897963],[11.031485,43.89823],[11.031363,43.898368],[11.031454,43.898438],[11.030959,43.898722],[11.030957,43.898748],[11.031408,43.899075],[11.032032,43.899641],[11.02989,43.900104],[11.029319,43.900238],[11.028608,43.900433],[11.028458,43.90027],[11.028421,43.900262],[11.026792,43.898468],[11.026187,43.897851],[11.025718,43.897433],[11.025582,43.89729],[11.025456,43.897092],[11.025199,43.896854],[11.024816,43.89631],[11.024307,43.895882],[11.024132,43.895677],[11.023861,43.895114],[11.023751,43.894953],[11.023284,43.89453],[11.023215,43.894449],[11.022811,43.893803],[11.022451,43.893419],[11.022257,43.893149],[11.022045,43.892638],[11.021315,43.891415],[11.021227,43.891183],[11.021225,43.89078],[11.02119,43.890628],[11.020877,43.890091],[11.020741,43.889633],[11.020643,43.889452],[11.020506,43.889261],[11.020114,43.888884],[11.020032,43.888757],[11.019931,43.888415],[11.019617,43.887671],[11.019413,43.887101],[11.019121,43.886684],[11.018792,43.88631],[11.018322,43.885349],[11.01821,43.885212],[11.017808,43.884985],[11.017333,43.884233],[11.016806,43.883465],[11.016265,43.882737],[11.016098,43.882401],[11.015895,43.881672],[11.0158,43.88148],[11.015321,43.880807],[11.01525,43.88066],[11.015181,43.880171],[11.015357,43.879766],[11.015322,43.879619],[11.014952,43.879074],[11.014889,43.878873],[11.014892,43.878707],[11.01496,43.878164],[11.014853,43.877264],[11.01479,43.877088],[11.014456,43.876667],[11.014432,43.876587],[11.014444,43.87638],[11.014547,43.876169],[11.014585,43.87602],[11.014569,43.875896],[11.014474,43.875684],[11.0144,43.875352],[11.014381,43.874876],[11.014346,43.87461],[11.014119,43.87382],[11.014165,43.873465],[11.014119,43.873218],[11.01406,43.873049],[11.013779,43.872428],[11.013712,43.872119],[11.013844,43.871731],[11.013748,43.871575],[11.013559,43.871382],[11.013369,43.871059],[11.013258,43.870774]]]},"properties":{"prov":"PO","comune_amm":"G999","comune_descr":"PRATO","fascia":"R","zona":"R5","zona_descr":"ZONA PIANEGGIANTE: IL CALICE - LE CASCINE DI TAVOLA","microzona":0,"semestre":"2025/1"}},{"type":"Feature","geometry":{"type":"MultiPolygon","coordinates":[[[[11.124048,43.946388],[11.124027,43.94639],[11.124017,43.946336],[11.124035,43.946337],[11.124048,43.946388]]],[[[11.130541,43.935766],[11.130487,43.935744],[11.130475,43.935715],[11.130541,43.935766]]],[[[11.131074,43.94955],[11.131049,43.949554],[11.131047,43.949532],[11.13107,43.949532],[11.131074,43.94955]]],[[[11.143559,43.947185],[11.143342,43.947209],[11.143207,43.947188],[11.143185,43.947162],[11.143221,43.947152],[11.143255,43.947164],[11.143514,43.947093],[11.143559,43.947185]]],[[[11.144427,43.961204],[11.144378,43.96128],[11.144383,43.961238],[11.144343,43.961195],[11.144427,43.961204]]],[[[11.115134,43.961099],[11.115267,43.961046],[11.115427,43.961023],[11.116729,43.960281],[11.116873,43.960052],[11.116715,43.95988],[11.116632,43.959842],[11.11574,43.959626],[11.115677,43.95959],[11.115676,43.959566],[11.115722,43.959509],[11.115832,43.959476],[11.115983,43.959457],[11.116076,43.959376],[11.116127,43.959363],[11.116162,43.959318],[11.11616,43.95923],[11.116114,43.959165],[11.116233,43.959127],[11.116329,43.959076],[11.116488,43.958894],[11.116629,43.958776],[11.116781,43.958702],[11.117805,43.958413],[11.117916,43.958327],[11.11797,43.958512],[11.117998,43.958527],[11.118016,43.958519],[11.11798,43.958297],[11.11778,43.958],[11.118444,43.958203],[11.118719,43.958159],[11.118748,43.958181],[11.118806,43.958141],[11.119259,43.958164],[11.119709,43.958255],[11.120044,43.958264],[11.120263,43.958293],[11.120776,43.958289],[11.121064,43.958354],[11.121316,43.958345],[11.121627,43.958204],[11.121737,43.958198],[11.121809,43.958226],[11.121868,43.958285],[11.122421,43.959069],[11.122502,43.959121],[11.122588,43.95911],[11.12259,43.959087],[11.122526,43.959028],[11.122479,43.959023],[11.122269,43.958759],[11.122348,43.958724],[11.122501,43.958867],[11.122532,43.958872],[11.123428,43.958546],[11.123608,43.958251],[11.123956,43.95834],[11.124035,43.958182],[11.124021,43.958161],[11.123949,43.958134],[11.124481,43.957302],[11.124468,43.956813],[11.12445,43.956796],[11.124134,43.956727],[11.124168,43.956693],[11.124167,43.956662],[11.12419,43.956664],[11.124207,43.956647],[11.1242,43.955802],[11.124406,43.955789],[11.124779,43.955736],[11.126235,43.955641],[11.126539,43.954465],[11.126653,43.954137],[11.126623,43.954113],[11.126741,43.95388],[11.126962,43.953244],[11.126945,43.953222],[11.126734,43.953177],[11.126389,43.953029],[11.12625,43.952859],[11.126249,43.952814],[11.126562,43.952788],[11.12683,43.952648],[11.127131,43.952682],[11.127471,43.951687],[11.127478,43.951586],[11.12743,43.951412],[11.126601,43.949889],[11.126543,43.949863],[11.126431,43.949653],[11.126295,43.949453],[11.126046,43.949302],[11.125484,43.949004],[11.125451,43.949004],[11.125447,43.949027],[11.125819,43.949477],[11.125794,43.949513],[11.125641,43.94934],[11.125611,43.949332],[11.124753,43.949559],[11.124493,43.94918],[11.124325,43.949137],[11.124272,43.949083],[11.123786,43.949084],[11.123761,43.949101],[11.123748,43.949338],[11.12371,43.949393],[11.123594,43.949456],[11.123258,43.949596],[11.12319,43.949607],[11.123172,43.949623],[11.123179,43.949639],[11.123106,43.949656],[11.122649,43.949647],[11.122322,43.949797],[11.121997,43.950018],[11.121994,43.950041],[11.122165,43.9502],[11.122141,43.95022],[11.12195,43.950045],[11.12157,43.949834],[11.120874,43.949786],[11.120874,43.949813],[11.120983,43.94988],[11.121035,43.950012],[11.121,43.950013],[11.120957,43.949904],[11.120878,43.949838],[11.120786,43.949796],[11.120625,43.949773],[11.120609,43.949793],[11.120616,43.949839],[11.120498,43.949832],[11.119855,43.950007],[11.119805,43.949896],[11.119184,43.94949],[11.119322,43.949313],[11.119581,43.949223],[11.11971,43.949142],[11.11975,43.949074],[11.119719,43.949062],[11.119413,43.949124],[11.119212,43.949075],[11.11906,43.94908],[11.118836,43.949133],[11.118765,43.949104],[11.118885,43.948865],[11.119263,43.94866],[11.119364,43.94858],[11.119523,43.948527],[11.119619,43.948468],[11.119732,43.948462],[11.120066,43.948543],[11.120469,43.948473],[11.121037,43.948242],[11.121233,43.948205],[11.121526,43.94819],[11.121734,43.948158],[11.121884,43.948083],[11.122024,43.947949],[11.122074,43.947754],[11.122106,43.9477],[11.122498,43.947404],[11.122656,43.947395],[11.122683,43.947342],[11.123147,43.947399],[11.123451,43.947466],[11.123536,43.947442],[11.123684,43.947318],[11.123872,43.947255],[11.124093,43.947223],[11.124086,43.947198],[11.123965,43.947139],[11.124143,43.946858],[11.124137,43.946427],[11.124027,43.946087],[11.124071,43.946071],[11.12407,43.946007],[11.124092,43.945981],[11.124062,43.945901],[11.124125,43.94588],[11.124138,43.945856],[11.123939,43.945515],[11.12391,43.945514],[11.123814,43.94544],[11.123618,43.945356],[11.123597,43.945329],[11.123459,43.945306],[11.123166,43.945201],[11.123172,43.945036],[11.12314,43.945015],[11.123235,43.94463],[11.123302,43.944588],[11.123396,43.944474],[11.123489,43.944496],[11.12352,43.944484],[11.123491,43.944426],[11.123554,43.944292],[11.123748,43.94423],[11.123912,43.944251],[11.124314,43.944442],[11.124338,43.94443],[11.124368,43.944437],[11.124412,43.944406],[11.124507,43.944381],[11.124595,43.94441],[11.124629,43.944404],[11.124793,43.944211],[11.125252,43.943563],[11.12521,43.943556],[11.124628,43.944063],[11.124551,43.944111],[11.124637,43.943998],[11.125479,43.943269],[11.125757,43.942509],[11.125746,43.942486],[11.125765,43.942411],[11.125843,43.942229],[11.125926,43.942135],[11.126,43.942095],[11.126287,43.941867],[11.126739,43.941557],[11.126774,43.941553],[11.12742,43.941094],[11.127577,43.94096],[11.127836,43.940629],[11.12783,43.940606],[11.12747,43.940402],[11.127477,43.940359],[11.126873,43.939969],[11.126218,43.939573],[11.126099,43.939517],[11.125122,43.939235],[11.124647,43.939048],[11.124036,43.938765],[11.123996,43.93877],[11.123323,43.939487],[11.12289,43.939462],[11.12271,43.939403],[11.122419,43.939254],[11.122146,43.939002],[11.122148,43.93897],[11.121986,43.938834],[11.121945,43.938832],[11.121398,43.938572],[11.121431,43.938531],[11.121375,43.938487],[11.121421,43.938406],[11.121384,43.938315],[11.121473,43.938253],[11.121571,43.938254],[11.12205,43.938174],[11.122141,43.938134],[11.122523,43.938127],[11.122634,43.938067],[11.12302,43.937964],[11.123275,43.937988],[11.123387,43.937823],[11.123544,43.937679],[11.123665,43.937641],[11.123976,43.937634],[11.123964,43.937408],[11.124044,43.937391],[11.12435,43.937414],[11.124418,43.937272],[11.124448,43.937118],[11.124724,43.937065],[11.125046,43.937028],[11.125132,43.936843],[11.125253,43.936702],[11.125385,43.936621],[11.125308,43.936352],[11.125212,43.936357],[11.125127,43.936384],[11.125103,43.936037],[11.125132,43.936021],[11.125131,43.935991],[11.125195,43.935949],[11.125175,43.935873],[11.125125,43.935871],[11.125124,43.935858],[11.12517,43.935837],[11.125235,43.93572],[11.124979,43.93539],[11.124895,43.935388],[11.124857,43.935306],[11.124896,43.935289],[11.124896,43.935274],[11.124781,43.93507],[11.124768,43.934999],[11.124789,43.93495],[11.124877,43.934872],[11.124859,43.934852],[11.124803,43.934841],[11.124826,43.934817],[11.124794,43.934758],[11.1248,43.934716],[11.124722,43.934695],[11.124712,43.934652],[11.124794,43.934483],[11.124796,43.934199],[11.124737,43.934137],[11.12441,43.933963],[11.12445,43.933917],[11.124506,43.933936],[11.124541,43.933924],[11.12447,43.933833],[11.124534,43.93353],[11.124848,43.933543],[11.124875,43.933525],[11.124887,43.93336],[11.125166,43.933369],[11.125192,43.933349],[11.125093,43.932825],[11.125316,43.932631],[11.125189,43.932489],[11.125073,43.931822],[11.125163,43.931807],[11.125154,43.931658],[11.125269,43.931433],[11.124826,43.931167],[11.124757,43.931082],[11.124503,43.930583],[11.124476,43.930451],[11.124482,43.930326],[11.124588,43.930058],[11.12476,43.929791],[11.12479,43.929706],[11.124808,43.929588],[11.124754,43.929201],[11.124806,43.928822],[11.125075,43.927823],[11.125123,43.927425],[11.125354,43.927027],[11.125342,43.926949],[11.125825,43.926404],[11.125935,43.926341],[11.1258,43.926458],[11.125548,43.92675],[11.125553,43.926773],[11.125585,43.926773],[11.126162,43.926412],[11.126383,43.926232],[11.126536,43.926083],[11.126672,43.925992],[11.127056,43.925804],[11.127212,43.925681],[11.127258,43.925616],[11.127261,43.92554],[11.127221,43.925404],[11.127049,43.925065],[11.127018,43.925054],[11.126783,43.925107],[11.126762,43.925],[11.126659,43.924825],[11.126655,43.924753],[11.126765,43.924631],[11.126627,43.924293],[11.12652,43.923573],[11.12645,43.923386],[11.12618,43.922894],[11.126109,43.922721],[11.126104,43.922564],[11.126135,43.922552],[11.126136,43.922536],[11.126037,43.922379],[11.126056,43.922356],[11.126025,43.92227],[11.125995,43.922258],[11.125072,43.922441],[11.124912,43.921714],[11.125464,43.921629],[11.125415,43.921383],[11.125225,43.92109],[11.125555,43.921124],[11.125871,43.921021],[11.125988,43.921014],[11.126462,43.921051],[11.126535,43.921049],[11.126665,43.921019],[11.12685,43.921034],[11.126882,43.921],[11.127051,43.920997],[11.127106,43.920635],[11.127134,43.920607],[11.127177,43.92004],[11.127272,43.919631],[11.127317,43.919535],[11.12739,43.919471],[11.127506,43.919437],[11.127531,43.919444],[11.12754,43.920027],[11.127748,43.920133],[11.127755,43.921147],[11.127872,43.921546],[11.127766,43.921974],[11.127735,43.922377],[11.127833,43.922567],[11.127897,43.922778],[11.127944,43.9228],[11.128089,43.922811],[11.128275,43.922802],[11.128399,43.922762],[11.128405,43.922726],[11.128303,43.922382],[11.128364,43.922294],[11.128188,43.921517],[11.128202,43.921445],[11.128253,43.921432],[11.128237,43.92151],[11.128276,43.921669],[11.128502,43.921798],[11.12884,43.922214],[11.128949,43.922376],[11.129524,43.923028],[11.129744,43.923308],[11.130025,43.923601],[11.130213,43.92385],[11.130469,43.924268],[11.130849,43.92462],[11.13104,43.924724],[11.131213,43.924862],[11.131255,43.924855],[11.131222,43.924794],[11.131097,43.92469],[11.131426,43.924657],[11.132383,43.924399],[11.13276,43.925217],[11.133014,43.92552],[11.133493,43.925737],[11.133538,43.925807],[11.133592,43.925828],[11.133644,43.925879],[11.133657,43.925977],[11.133676,43.925993],[11.133954,43.925982],[11.134223,43.925748],[11.134215,43.925708],[11.134299,43.925673],[11.134478,43.925815],[11.134526,43.925813],[11.134901,43.92606],[11.135133,43.926113],[11.13532,43.926128],[11.135383,43.926154],[11.135495,43.926245],[11.13556,43.92634],[11.135575,43.926617],[11.135612,43.926792],[11.135714,43.926962],[11.135897,43.927065],[11.136147,43.927126],[11.136387,43.927131],[11.136547,43.927197],[11.136629,43.92713],[11.136251,43.926885],[11.13608,43.92646],[11.136113,43.926443],[11.136211,43.926662],[11.13647,43.926614],[11.136554,43.926839],[11.136659,43.926916],[11.136905,43.92703],[11.137142,43.927037],[11.13723,43.927005],[11.137291,43.927008],[11.137841,43.926884],[11.138429,43.927085],[11.138477,43.927068],[11.138695,43.926923],[11.138875,43.927222],[11.138901,43.927232],[11.138957,43.927223],[11.139321,43.926952],[11.139359,43.926967],[11.139152,43.927139],[11.139391,43.92726],[11.139593,43.927242],[11.139654,43.927411],[11.139454,43.927459],[11.1394,43.927495],[11.139379,43.927548],[11.139392,43.927569],[11.139626,43.927658],[11.139886,43.927833],[11.140241,43.927854],[11.140518,43.927889],[11.141124,43.92826],[11.141306,43.928448],[11.1414,43.928498],[11.141755,43.928851],[11.141895,43.92892],[11.141965,43.928889],[11.141984,43.929147],[11.141965,43.929221],[11.141943,43.929213],[11.141919,43.929228],[11.141861,43.929541],[11.14186,43.929718],[11.141883,43.929888],[11.14202,43.930125],[11.14129,43.930345],[11.14107,43.929975],[11.14115,43.929885],[11.141139,43.929859],[11.140493,43.930068],[11.140492,43.929975],[11.140433,43.92975],[11.140221,43.929341],[11.139,43.929639],[11.138854,43.929569],[11.138645,43.929377],[11.138618,43.929371],[11.138525,43.929461],[11.138387,43.929531],[11.138325,43.929757],[11.137722,43.929383],[11.137689,43.929385],[11.137637,43.929419],[11.137075,43.929021],[11.13744,43.928922],[11.137996,43.928735],[11.138133,43.928652],[11.138129,43.928508],[11.138056,43.928383],[11.137417,43.928011],[11.137336,43.927945],[11.137194,43.927691],[11.136964,43.927608],[11.136781,43.927628],[11.136693,43.927705],[11.136168,43.927873],[11.135717,43.927982],[11.135353,43.928042],[11.135271,43.928039],[11.134565,43.927881],[11.134545,43.927887],[11.134542,43.927921],[11.134631,43.927982],[11.134617,43.928],[11.134127,43.92794],[11.13366,43.928002],[11.133445,43.927978],[11.133233,43.927932],[11.133147,43.927935],[11.132974,43.928009],[11.13289,43.928154],[11.132768,43.928216],[11.132326,43.928378],[11.132284,43.928529],[11.132139,43.928598],[11.131826,43.928597],[11.131382,43.928446],[11.131261,43.928478],[11.130931,43.928457],[11.13081,43.928374],[11.130277,43.928279],[11.130117,43.928217],[11.129872,43.928051],[11.129759,43.928083],[11.129395,43.928131],[11.129305,43.928483],[11.12916,43.928512],[11.129098,43.928409],[11.129085,43.92833],[11.129047,43.928312],[11.129036,43.928251],[11.129001,43.928205],[11.128984,43.928086],[11.128471,43.928078],[11.12843,43.927987],[11.128475,43.927876],[11.128289,43.927846],[11.128253,43.927858],[11.128202,43.927845],[11.1282,43.927811],[11.127983,43.927644],[11.128052,43.927579],[11.127966,43.92736],[11.127996,43.927329],[11.127961,43.927217],[11.12785,43.927084],[11.127808,43.927077],[11.127684,43.926876],[11.127424,43.926927],[11.126524,43.928266],[11.126182,43.928723],[11.126116,43.929048],[11.126167,43.929333],[11.12626,43.929457],[11.126473,43.929556],[11.126439,43.929622],[11.126322,43.929697],[11.126226,43.929719],[11.12614,43.92972],[11.126031,43.929693],[11.125464,43.929411],[11.125387,43.929352],[11.12524,43.92918],[11.12517,43.929007],[11.125129,43.929017],[11.125082,43.92918],[11.125183,43.929321],[11.125511,43.929491],[11.127392,43.930381],[11.127712,43.930671],[11.127876,43.931012],[11.127854,43.931427],[11.127915,43.931585],[11.127879,43.931675],[11.127848,43.931692],[11.12756,43.931689],[11.127557,43.931713],[11.127588,43.931746],[11.127568,43.931857],[11.127431,43.931894],[11.127147,43.932105],[11.127037,43.932458],[11.126889,43.932461],[11.126863,43.932475],[11.126704,43.932894],[11.126572,43.933136],[11.126554,43.933352],[11.126569,43.93369],[11.126692,43.933746],[11.127071,43.933769],[11.12772,43.934283],[11.128765,43.935074],[11.129317,43.935423],[11.12945,43.935423],[11.129603,43.935521],[11.129622,43.935604],[11.129934,43.935827],[11.129962,43.935883],[11.130065,43.935974],[11.130191,43.93621],[11.130223,43.936206],[11.130234,43.936131],[11.130296,43.936035],[11.130359,43.935999],[11.130469,43.936215],[11.130748,43.936267],[11.130784,43.936255],[11.131029,43.936387],[11.131357,43.936459],[11.131485,43.93705],[11.131458,43.937113],[11.131483,43.937168],[11.131497,43.937886],[11.131453,43.938373],[11.131259,43.939104],[11.13121,43.939434],[11.131131,43.939697],[11.131222,43.939789],[11.131164,43.940018],[11.131039,43.940054],[11.131019,43.940074],[11.131053,43.940097],[11.131152,43.94007],[11.131138,43.940188],[11.131074,43.940397],[11.131105,43.940405],[11.131265,43.940359],[11.131282,43.940401],[11.131061,43.940475],[11.131018,43.940567],[11.130963,43.940581],[11.130842,43.940889],[11.130858,43.940912],[11.130897,43.940922],[11.13086,43.941015],[11.131074,43.941123],[11.131041,43.941175],[11.130925,43.941137],[11.130821,43.941132],[11.130796,43.941144],[11.130437,43.941865],[11.130413,43.941861],[11.13039,43.941876],[11.13032,43.942152],[11.13002,43.941989],[11.129929,43.942024],[11.129891,43.942006],[11.129662,43.942092],[11.129555,43.942106],[11.129493,43.942149],[11.129452,43.942152],[11.129232,43.942333],[11.129027,43.942564],[11.128929,43.942613],[11.128709,43.942876],[11.128559,43.942963],[11.128312,43.94323],[11.127988,43.943509],[11.127978,43.943556],[11.127676,43.943787],[11.127619,43.94387],[11.127461,43.943991],[11.127271,43.944055],[11.127144,43.944149],[11.12711,43.944159],[11.127002,43.944305],[11.127012,43.944365],[11.126863,43.944524],[11.126733,43.944768],[11.126727,43.944962],[11.126687,43.944977],[11.126601,43.945066],[11.126668,43.94533],[11.126454,43.945884],[11.126531,43.946299],[11.126632,43.946332],[11.126642,43.946471],[11.126722,43.946706],[11.126882,43.946931],[11.127021,43.947049],[11.127038,43.947173],[11.127127,43.947216],[11.127141,43.94729],[11.127235,43.947451],[11.127321,43.947524],[11.12741,43.947501],[11.127441,43.947514],[11.127423,43.9476],[11.127615,43.947764],[11.127739,43.947972],[11.12812,43.948505],[11.128294,43.948658],[11.12863,43.948878],[11.129055,43.949114],[11.129109,43.949175],[11.129103,43.94922],[11.129145,43.949281],[11.129331,43.949336],[11.1295,43.949456],[11.12962,43.949581],[11.129902,43.94975],[11.129999,43.949837],[11.12992,43.949876],[11.129925,43.949896],[11.130239,43.950288],[11.130395,43.950422],[11.130628,43.950549],[11.130621,43.95105],[11.13088,43.951394],[11.130947,43.951601],[11.131035,43.951788],[11.131646,43.952973],[11.131784,43.953438],[11.131845,43.953564],[11.132387,43.954267],[11.13239,43.954317],[11.132426,43.954318],[11.132644,43.954157],[11.132737,43.954187],[11.132843,43.954339],[11.13293,43.954373],[11.133139,43.954359],[11.133509,43.954422],[11.133677,43.954706],[11.133632,43.954776],[11.133876,43.955071],[11.134163,43.955237],[11.13421,43.955308],[11.134449,43.955551],[11.134609,43.955633],[11.134995,43.955719],[11.13518,43.955807],[11.135592,43.955939],[11.135687,43.955985],[11.135724,43.95603],[11.135816,43.956063],[11.135957,43.956155],[11.13648,43.956422],[11.136574,43.956493],[11.136606,43.956495],[11.136767,43.95641],[11.136796,43.956442],[11.136636,43.95652],[11.136625,43.956541],[11.136653,43.956597],[11.136956,43.956867],[11.137267,43.956915],[11.137278,43.95689],[11.137248,43.956849],[11.137247,43.956811],[11.137285,43.956761],[11.137364,43.956751],[11.137392,43.956775],[11.137304,43.956789],[11.137285,43.95681],[11.137289,43.956851],[11.137392,43.956997],[11.137386,43.957058],[11.137281,43.957149],[11.137284,43.957163],[11.137451,43.957345],[11.137604,43.957383],[11.137856,43.957628],[11.138006,43.957915],[11.13827,43.958081],[11.13824,43.958121],[11.138057,43.958005],[11.138021,43.958007],[11.137649,43.958341],[11.137668,43.958384],[11.137616,43.958425],[11.138042,43.958762],[11.137662,43.958783],[11.137574,43.958758],[11.137557,43.958799],[11.137598,43.958819],[11.13756,43.958868],[11.137413,43.958949],[11.137393,43.958982],[11.137415,43.959021],[11.13764,43.959112],[11.137793,43.959142],[11.137896,43.959189],[11.137755,43.95919],[11.13773,43.959205],[11.137547,43.960056],[11.137573,43.960065],[11.137929,43.96002],[11.138387,43.960069],[11.139949,43.96052],[11.141618,43.961184],[11.141677,43.961406],[11.1416,43.961612],[11.141556,43.961663],[11.141365,43.961721],[11.141313,43.961754],[11.141296,43.961783],[11.141184,43.961774],[11.141175,43.961793],[11.141193,43.961811],[11.142668,43.962065],[11.143586,43.962205],[11.14364,43.962163],[11.143627,43.962134],[11.144073,43.961603],[11.144062,43.961577],[11.14401,43.96156],[11.14405,43.961513],[11.144128,43.961532],[11.144226,43.961439],[11.144319,43.961441],[11.14444,43.961316],[11.144532,43.961271],[11.145187,43.961154],[11.145273,43.961181],[11.145326,43.961165],[11.145474,43.961248],[11.14558,43.961289],[11.145689,43.961402],[11.145715,43.961614],[11.145703,43.961908],[11.145609,43.962215],[11.145414,43.962539],[11.145808,43.963284],[11.145979,43.963693],[11.146026,43.963721],[11.146352,43.963758],[11.146511,43.963812],[11.146638,43.963901],[11.146732,43.964008],[11.146855,43.96408],[11.146987,43.964061],[11.147244,43.963953],[11.147296,43.96395],[11.147331,43.963981],[11.14735,43.964059],[11.14739,43.96407],[11.147431,43.963925],[11.14768,43.963569],[11.147446,43.963221],[11.147651,43.96277],[11.147836,43.962536],[11.147828,43.962506],[11.147846,43.96248],[11.147893,43.962466],[11.147962,43.962501],[11.148218,43.962569],[11.148485,43.962594],[11.148496,43.962569],[11.148343,43.962357],[11.14841,43.962364],[11.148527,43.962505],[11.14856,43.962485],[11.148543,43.962395],[11.14859,43.962415],[11.148635,43.962587],[11.148628,43.962638],[11.148697,43.9627],[11.149235,43.962589],[11.149407,43.962583],[11.149667,43.962894],[11.150346,43.963173],[11.150559,43.963521],[11.150704,43.963663],[11.151136,43.963754],[11.151403,43.963859],[11.151491,43.963862],[11.152123,43.963699],[11.152136,43.963672],[11.152049,43.96359],[11.151421,43.963545],[11.151432,43.963228],[11.15141,43.963209],[11.151345,43.963201],[11.151419,43.962609],[11.151455,43.962478],[11.151633,43.962505],[11.151862,43.96261],[11.152,43.962715],[11.152165,43.962764],[11.152184,43.962746],[11.152179,43.962523],[11.152309,43.962318],[11.152311,43.962237],[11.152353,43.96224],[11.152357,43.962309],[11.152263,43.962459],[11.152269,43.962479],[11.152966,43.962537],[11.152645,43.963086],[11.152653,43.963107],[11.153059,43.963135],[11.153203,43.963395],[11.153306,43.963371],[11.15345,43.963419],[11.153687,43.963389],[11.154175,43.963459],[11.154408,43.96342],[11.154409,43.963441],[11.154177,43.963483],[11.154152,43.963576],[11.153918,43.963523],[11.153702,43.963582],[11.15369,43.963608],[11.153724,43.963654],[11.15311,43.963988],[11.153181,43.96409],[11.153239,43.96412],[11.153428,43.964096],[11.153338,43.964144],[11.153239,43.964151],[11.153164,43.964121],[11.15305,43.96398],[11.153014,43.963971],[11.152933,43.964371],[11.152979,43.964384],[11.153358,43.964284],[11.153373,43.964316],[11.153143,43.964386],[11.15314,43.96445],[11.152983,43.964569],[11.152895,43.964838],[11.152909,43.964858],[11.152979,43.964848],[11.154125,43.964931],[11.154142,43.964951],[11.154218,43.96494],[11.154552,43.964997],[11.154698,43.964969],[11.154698,43.96512],[11.154666,43.965201],[11.154158,43.965316],[11.153958,43.965426],[11.153902,43.965563],[11.15442,43.966165],[11.154474,43.96633],[11.154583,43.966482],[11.154553,43.966509],[11.15441,43.966299],[11.153633,43.9662],[11.153604,43.966214],[11.153356,43.967149],[11.15322,43.967746],[11.153167,43.967795],[11.153021,43.967804],[11.15299,43.967842],[11.153006,43.967865],[11.153166,43.96792],[11.153338,43.968038],[11.153517,43.96805],[11.153504,43.968085],[11.153311,43.968082],[11.153248,43.968054],[11.152822,43.968049],[11.152635,43.968002],[11.152239,43.967835],[11.151994,43.96786],[11.150927,43.967698],[11.15061,43.967632],[11.150352,43.967649],[11.150064,43.967607],[11.149734,43.967512],[11.149617,43.96744],[11.149489,43.967325],[11.149324,43.967253],[11.149206,43.96729],[11.149044,43.967458],[11.148894,43.967524],[11.148658,43.9676],[11.148073,43.967702],[11.147753,43.96787],[11.147491,43.968046],[11.14725,43.968067],[11.147047,43.967973],[11.146842,43.967941],[11.146156,43.967763],[11.14594,43.96773],[11.145655,43.967771],[11.145577,43.967821],[11.14547,43.967814],[11.145459,43.967835],[11.145492,43.967858],[11.145279,43.968346],[11.14529,43.968578],[11.145353,43.969089],[11.145424,43.969125],[11.145397,43.969163],[11.145193,43.969141],[11.144869,43.969146],[11.144841,43.969164],[11.144724,43.969188],[11.144624,43.969244],[11.144306,43.969689],[11.144027,43.969931],[11.143963,43.970159],[11.143702,43.97046],[11.143643,43.970633],[11.143721,43.970694],[11.14382,43.970716],[11.143809,43.970751],[11.143703,43.970726],[11.143608,43.97066],[11.142879,43.970387],[11.142235,43.970243],[11.142059,43.970152],[11.142264,43.969987],[11.142501,43.969684],[11.142511,43.969625],[11.142487,43.969605],[11.141963,43.969583],[11.141416,43.969471],[11.141289,43.969518],[11.141055,43.969518],[11.140839,43.969548],[11.140624,43.969545],[11.140478,43.969513],[11.140318,43.969505],[11.1402,43.969471],[11.140412,43.969403],[11.140915,43.96929],[11.140909,43.969266],[11.14044,43.968829],[11.14026,43.968781],[11.140024,43.968626],[11.140274,43.968347],[11.140454,43.968062],[11.140438,43.968036],[11.140407,43.968041],[11.140296,43.968002],[11.140254,43.967972],[11.140214,43.967823],[11.140279,43.967761],[11.14042,43.967739],[11.140632,43.967778],[11.140449,43.967996],[11.140457,43.96802],[11.140492,43.968014],[11.140762,43.967725],[11.140932,43.967492],[11.140957,43.967332],[11.140908,43.967192],[11.14093,43.967146],[11.140973,43.967133],[11.141529,43.967231],[11.141827,43.967389],[11.14231,43.967179],[11.142714,43.967085],[11.14367,43.967095],[11.143695,43.967078],[11.1437,43.966789],[11.143663,43.966714],[11.143539,43.966623],[11.143444,43.966613],[11.14327,43.966559],[11.142856,43.966223],[11.142601,43.966101],[11.142648,43.966041],[11.142671,43.965947],[11.142653,43.9654],[11.142284,43.963883],[11.141311,43.963282],[11.140574,43.963255],[11.1405,43.963282],[11.140319,43.963208],[11.140129,43.963104],[11.140026,43.963098],[11.139615,43.962988],[11.139581,43.962871],[11.138967,43.962937],[11.138947,43.962959],[11.138974,43.963052],[11.138954,43.963094],[11.138472,43.962988],[11.138003,43.963037],[11.137654,43.962809],[11.137182,43.962706],[11.137066,43.962532],[11.136635,43.962355],[11.136596,43.962368],[11.136575,43.962581],[11.136317,43.962581],[11.136191,43.962421],[11.136056,43.962433],[11.135848,43.962053],[11.135574,43.961897],[11.135497,43.961805],[11.135183,43.961788],[11.134967,43.96176],[11.134483,43.961544],[11.134449,43.961549],[11.133858,43.962168],[11.13328,43.961887],[11.133041,43.962007],[11.132579,43.962054],[11.132558,43.962069],[11.132553,43.962156],[11.132655,43.962158],[11.132907,43.962574],[11.132402,43.962979],[11.132196,43.962947],[11.132161,43.962969],[11.132022,43.962979],[11.131703,43.962906],[11.131593,43.96286],[11.131555,43.962828],[11.131463,43.962808],[11.131449,43.96283],[11.131524,43.962866],[11.131562,43.962916],[11.131487,43.963262],[11.131185,43.963748],[11.131041,43.963712],[11.131007,43.96373],[11.131021,43.96409],[11.13106,43.964164],[11.131013,43.96433],[11.131064,43.96472],[11.130998,43.964831],[11.130854,43.964986],[11.13077,43.965457],[11.130794,43.965477],[11.13093,43.965484],[11.130891,43.965825],[11.130763,43.965822],[11.130737,43.965838],[11.130664,43.966292],[11.130503,43.96646],[11.13046,43.966672],[11.130429,43.967171],[11.13036,43.967393],[11.130449,43.967583],[11.130654,43.96776],[11.130792,43.968096],[11.130917,43.96831],[11.130804,43.968543],[11.131449,43.969121],[11.131504,43.969132],[11.131966,43.969099],[11.13242,43.968817],[11.132537,43.968869],[11.132683,43.968971],[11.132902,43.969002],[11.133093,43.969053],[11.133136,43.96935],[11.133638,43.969458],[11.132928,43.969867],[11.132924,43.969893],[11.133061,43.969904],[11.133219,43.969984],[11.133188,43.970005],[11.133024,43.969925],[11.132788,43.969926],[11.132374,43.96988],[11.131926,43.969651],[11.131847,43.96963],[11.131482,43.9696],[11.131361,43.969638],[11.131277,43.969724],[11.131158,43.969798],[11.131079,43.969877],[11.130957,43.969961],[11.130766,43.969977],[11.130311,43.969902],[11.130257,43.969916],[11.1302,43.970161],[11.130137,43.970182],[11.130166,43.969945],[11.130151,43.969909],[11.130109,43.969901],[11.130031,43.96996],[11.129835,43.969927],[11.129817,43.969943],[11.129754,43.970376],[11.129685,43.970343],[11.129629,43.970149],[11.129455,43.97003],[11.129382,43.969924],[11.129408,43.969723],[11.129487,43.969608],[11.129495,43.96953],[11.129696,43.969178],[11.129676,43.969153],[11.129655,43.969157],[11.129585,43.969203],[11.129289,43.96969],[11.129125,43.970077],[11.128824,43.970481],[11.128629,43.970852],[11.128443,43.9711],[11.128289,43.971402],[11.127977,43.971925],[11.127981,43.971993],[11.127875,43.972428],[11.12811,43.972498],[11.128092,43.972534],[11.127586,43.972423],[11.12733,43.972386],[11.127301,43.972401],[11.127179,43.972804],[11.127138,43.973052],[11.127138,43.973245],[11.127173,43.97346],[11.12709,43.973606],[11.127123,43.973635],[11.127241,43.973622],[11.127222,43.973945],[11.127189,43.973966],[11.127175,43.974289],[11.127012,43.97425],[11.126655,43.974265],[11.126537,43.974199],[11.126412,43.974158],[11.126379,43.974167],[11.126382,43.974207],[11.126563,43.974269],[11.126541,43.974332],[11.126591,43.974397],[11.126802,43.974404],[11.126861,43.974424],[11.126909,43.97447],[11.126898,43.974537],[11.126875,43.97456],[11.126575,43.974695],[11.12646,43.974829],[11.126331,43.975046],[11.126264,43.975268],[11.126357,43.97544],[11.126418,43.975676],[11.126074,43.975985],[11.125868,43.975932],[11.125839,43.975938],[11.125847,43.97608],[11.125366,43.975953],[11.123853,43.975667],[11.123409,43.975551],[11.123133,43.975454],[11.12297,43.975338],[11.122894,43.974854],[11.122916,43.97476],[11.122902,43.974723],[11.122599,43.974498],[11.122515,43.974406],[11.12186,43.97383],[11.12158,43.973817],[11.121216,43.97388],[11.121099,43.97379],[11.121017,43.973685],[11.120552,43.973506],[11.12056,43.97347],[11.120715,43.97353],[11.120762,43.973526],[11.120922,43.973559],[11.12116,43.97364],[11.121262,43.973641],[11.121422,43.973474],[11.121474,43.973309],[11.121459,43.973261],[11.121265,43.973014],[11.121174,43.972928],[11.121085,43.972881],[11.120766,43.972773],[11.120691,43.972711],[11.120647,43.97245],[11.120512,43.972264],[11.120357,43.972332],[11.12023,43.972486],[11.120043,43.972536],[11.119826,43.972357],[11.119829,43.972293],[11.119866,43.972237],[11.11973,43.972025],[11.119783,43.971937],[11.119827,43.971905],[11.119685,43.971601],[11.119695,43.971519],[11.119673,43.97144],[11.119688,43.971242],[11.119722,43.971145],[11.120041,43.970894],[11.120145,43.970721],[11.120133,43.970648],[11.119928,43.970391],[11.119919,43.970333],[11.120011,43.97017],[11.120145,43.970088],[11.120359,43.969907],[11.12027,43.969615],[11.120286,43.969531],[11.120378,43.969384],[11.120361,43.969248],[11.120412,43.969089],[11.120391,43.969067],[11.119608,43.968986],[11.119558,43.968866],[11.11948,43.968794],[11.119395,43.968571],[11.11947,43.968394],[11.119998,43.968527],[11.120083,43.968477],[11.120163,43.968292],[11.120201,43.968276],[11.120168,43.968234],[11.120089,43.968268],[11.119993,43.968135],[11.120068,43.968041],[11.120106,43.967773],[11.120055,43.967652],[11.120073,43.967457],[11.120577,43.967339],[11.120713,43.96734],[11.121281,43.967236],[11.121561,43.967139],[11.12208,43.966778],[11.122086,43.966758],[11.121683,43.9666],[11.121376,43.966529],[11.12124,43.966533],[11.120967,43.966496],[11.120652,43.966473],[11.120611,43.966417],[11.120615,43.966362],[11.120725,43.966092],[11.12079,43.965872],[11.120719,43.965589],[11.120696,43.965557],[11.120498,43.965468],[11.120078,43.96533],[11.119302,43.964838],[11.119242,43.964761],[11.118922,43.964604],[11.118896,43.964603],[11.118556,43.964738],[11.118569,43.964761],[11.118598,43.964761],[11.118606,43.964786],[11.118548,43.9648],[11.118553,43.964895],[11.118412,43.964908],[11.1184,43.964873],[11.118371,43.964857],[11.11811,43.964891],[11.118085,43.964916],[11.117932,43.964932],[11.117903,43.964822],[11.117795,43.96482],[11.117666,43.964845],[11.117672,43.964813],[11.117905,43.964776],[11.117919,43.964608],[11.117965,43.964593],[11.117987,43.964546],[11.117929,43.964438],[11.117945,43.964425],[11.117939,43.9644],[11.117841,43.964375],[11.117718,43.964147],[11.11795,43.964223],[11.118137,43.964179],[11.118436,43.964229],[11.118463,43.964221],[11.118522,43.964136],[11.118517,43.964006],[11.118469,43.963921],[11.118421,43.963877],[11.118153,43.963695],[11.117878,43.9636],[11.117764,43.963534],[11.117662,43.963434],[11.117461,43.963358],[11.117469,43.963327],[11.1176,43.963359],[11.117667,43.963329],[11.117711,43.96316],[11.117699,43.963024],[11.117755,43.962893],[11.117743,43.962659],[11.11778,43.962608],[11.117776,43.962586],[11.117637,43.962573],[11.117189,43.961967],[11.11716,43.961971],[11.116864,43.962191],[11.116364,43.962306],[11.11608,43.961649],[11.11613,43.96133],[11.116094,43.961327],[11.115708,43.961564],[11.115285,43.961174],[11.115134,43.961099]]]]},"properties":{"prov":"PO","comune_amm":"L537","comune_descr":"VAIANO","fascia":"B","zona":"B1","zona_descr":"VAIANO (CAPOLUOGO COMUNALE) SOFIGNANO - LE FORNACI - LA BRIGLIA - LA TIGNAMICA","microzona":1,"semestre":"2025/1"}},{"type":"Feature","geometry":{"type":"Polygon","coordinates":[[[11.095524,43.957162],[11.095896,43.956666],[11.09641,43.956235],[11.096382,43.956218],[11.096296,43.956222],[11.095887,43.955866],[11.096075,43.955703],[11.096056,43.955667],[11.096173,43.955405],[11.096208,43.955365],[11.096268,43.955406],[11.096295,43.955394],[11.09639,43.955202],[11.09652,43.955019],[11.096682,43.954861],[11.097011,43.954723],[11.09729,43.954451],[11.097146,43.954043],[11.097346,43.954053],[11.097459,43.953795],[11.097495,43.953633],[11.097547,43.953576],[11.097793,43.953454],[11.097759,43.95327],[11.09762,43.953178],[11.097579,43.953061],[11.097869,43.953055],[11.097895,43.952966],[11.098423,43.952809],[11.098442,43.952869],[11.098469,43.952885],[11.098563,43.952818],[11.098731,43.952869],[11.098765,43.952765],[11.098886,43.952636],[11.098945,43.952348],[11.098937,43.952135],[11.098715,43.951741],[11.098592,43.951395],[11.098528,43.951057],[11.098433,43.950871],[11.098433,43.950825],[11.098772,43.950839],[11.099137,43.950681],[11.099472,43.950681],[11.099575,43.950638],[11.09977,43.950467],[11.100414,43.950291],[11.100463,43.95053],[11.100484,43.950545],[11.100549,43.950527],[11.100611,43.951057],[11.100599,43.951204],[11.100498,43.951585],[11.100836,43.951634],[11.101272,43.951809],[11.102007,43.951873],[11.102291,43.951955],[11.102912,43.952016],[11.103111,43.952094],[11.102987,43.952158],[11.102664,43.952386],[11.102479,43.952649],[11.102347,43.952801],[11.102178,43.953231],[11.102053,43.953362],[11.101235,43.953531],[11.101218,43.953544],[11.101193,43.953629],[11.101212,43.95372],[11.101295,43.953769],[11.101849,43.953997],[11.102058,43.954164],[11.102073,43.954583],[11.102059,43.954674],[11.101908,43.95489],[11.101791,43.954946],[11.101552,43.954993],[11.101447,43.955048],[11.101232,43.955464],[11.101225,43.955629],[11.101295,43.955714],[11.10124,43.955793],[11.101144,43.955865],[11.100983,43.955934],[11.100709,43.955949],[11.100673,43.955989],[11.100683,43.956073],[11.10077,43.956224],[11.100785,43.956351],[11.100645,43.956702],[11.100657,43.956766],[11.10076,43.956923],[11.100847,43.957117],[11.100873,43.957232],[11.100853,43.957335],[11.100762,43.957563],[11.100857,43.957794],[11.100848,43.957853],[11.100503,43.958058],[11.100366,43.95825],[11.100155,43.958449],[11.100137,43.958525],[11.100213,43.958938],[11.100247,43.958993],[11.100279,43.958986],[11.100313,43.958945],[11.100331,43.958889],[11.100467,43.958821],[11.100562,43.958584],[11.100661,43.958575],[11.100764,43.958491],[11.100967,43.958785],[11.101098,43.959051],[11.101197,43.959316],[11.101929,43.959539],[11.102099,43.959509],[11.102167,43.95953],[11.102264,43.959634],[11.102329,43.959776],[11.102337,43.959912],[11.10229,43.959984],[11.102297,43.960104],[11.102492,43.960271],[11.102866,43.960027],[11.103011,43.960063],[11.103091,43.960138],[11.103111,43.960259],[11.10309,43.960319],[11.103125,43.960326],[11.103324,43.960242],[11.105114,43.959591],[11.105504,43.959336],[11.105608,43.959345],[11.105808,43.959326],[11.105936,43.959267],[11.106013,43.959167],[11.106319,43.959079],[11.106432,43.959272],[11.106473,43.959386],[11.106457,43.959472],[11.106016,43.959841],[11.105536,43.960452],[11.105537,43.960471],[11.105749,43.960692],[11.105427,43.96091],[11.105324,43.960928],[11.105025,43.961037],[11.104824,43.961065],[11.104803,43.961079],[11.10476,43.961231],[11.104945,43.961341],[11.104993,43.961426],[11.105145,43.961592],[11.105187,43.961617],[11.105264,43.961608],[11.105299,43.961705],[11.105193,43.961722],[11.104966,43.961703],[11.104814,43.961765],[11.104566,43.961773],[11.104443,43.961849],[11.104622,43.962104],[11.104702,43.962124],[11.104758,43.962182],[11.104774,43.962232],[11.104691,43.962412],[11.105121,43.962686],[11.105168,43.962859],[11.10531,43.962988],[11.105108,43.963207],[11.105056,43.963219],[11.105004,43.963299],[11.105222,43.963388],[11.105197,43.963431],[11.10527,43.963464],[11.105252,43.963487],[11.105265,43.963629],[11.105075,43.963838],[11.104877,43.96392],[11.104866,43.963945],[11.104894,43.963955],[11.105465,43.96387],[11.106215,43.963687],[11.106241,43.963766],[11.106131,43.963929],[11.106115,43.963989],[11.106138,43.96401],[11.10624,43.964016],[11.106266,43.963992],[11.106234,43.963914],[11.106676,43.963801],[11.106829,43.963792],[11.106874,43.96371],[11.107015,43.963625],[11.107106,43.963536],[11.107433,43.963663],[11.107636,43.96382],[11.107265,43.963908],[11.107261,43.964126],[11.107378,43.964181],[11.107413,43.964276],[11.107436,43.964382],[11.10737,43.964464],[11.107381,43.964524],[11.107609,43.964749],[11.107638,43.964841],[11.10767,43.965402],[11.107706,43.965416],[11.107765,43.965394],[11.108204,43.96531],[11.10828,43.965312],[11.108335,43.965338],[11.108372,43.965389],[11.108484,43.965679],[11.108476,43.965707],[11.108621,43.965951],[11.108723,43.966018],[11.108593,43.966115],[11.108547,43.966208],[11.108597,43.966242],[11.108338,43.966421],[11.108298,43.966476],[11.108132,43.966981],[11.10763,43.967533],[11.107337,43.967778],[11.107248,43.967824],[11.107085,43.967867],[11.106882,43.967855],[11.106739,43.967812],[11.106723,43.967887],[11.106917,43.968044],[11.106851,43.968091],[11.106464,43.968245],[11.10553,43.968535],[11.10576,43.968789],[11.105874,43.968883],[11.10589,43.968983],[11.105151,43.968807],[11.105119,43.968818],[11.105895,43.969808],[11.105771,43.969887],[11.104924,43.969767],[11.104814,43.969599],[11.104711,43.969544],[11.104694,43.969553],[11.104699,43.969585],[11.104335,43.969824],[11.104186,43.969745],[11.104122,43.969732],[11.103867,43.969754],[11.103683,43.969909],[11.103589,43.969881],[11.103467,43.969962],[11.103291,43.969829],[11.103376,43.969813],[11.103473,43.96976],[11.103629,43.969609],[11.103589,43.969285],[11.103571,43.968747],[11.103526,43.968583],[11.103475,43.968496],[11.103411,43.968218],[11.103419,43.967779],[11.103441,43.96766],[11.1034,43.967648],[11.103381,43.967664],[11.103354,43.96788],[11.102912,43.967883],[11.103059,43.967337],[11.102625,43.967293],[11.102357,43.967366],[11.102136,43.967541],[11.101817,43.967637],[11.101669,43.967637],[11.101532,43.967387],[11.101324,43.967139],[11.101187,43.967075],[11.101085,43.967069],[11.101091,43.967056],[11.101239,43.967053],[11.10143,43.966766],[11.101174,43.966678],[11.100912,43.966513],[11.100784,43.966325],[11.10072,43.966298],[11.100685,43.966219],[11.100728,43.96603],[11.101082,43.965787],[11.101192,43.965647],[11.101613,43.965452],[11.101797,43.965384],[11.101913,43.965286],[11.101913,43.965264],[11.101825,43.965185],[11.101691,43.964891],[11.101681,43.964833],[11.101598,43.964719],[11.101646,43.964618],[11.101613,43.964608],[11.10138,43.964682],[11.101341,43.964592],[11.101239,43.964441],[11.101043,43.964365],[11.100921,43.964334],[11.10072,43.964309],[11.10057,43.964244],[11.100419,43.964236],[11.10039,43.964223],[11.100342,43.964078],[11.100241,43.964089],[11.100311,43.964003],[11.100329,43.96395],[11.100306,43.963819],[11.100197,43.963705],[11.100043,43.963655],[11.099948,43.963576],[11.099916,43.963572],[11.099863,43.963595],[11.099486,43.96366],[11.099454,43.963694],[11.099011,43.963364],[11.098667,43.963078],[11.098638,43.963073],[11.098443,43.963135],[11.097986,43.963147],[11.097782,43.96295],[11.097936,43.962766],[11.098007,43.962638],[11.098157,43.962524],[11.098153,43.962498],[11.098112,43.962474],[11.098417,43.962396],[11.098375,43.962276],[11.09839,43.962023],[11.098333,43.961852],[11.098121,43.961552],[11.09803,43.96132],[11.097959,43.961241],[11.097722,43.961117],[11.097516,43.960642],[11.097548,43.960564],[11.097536,43.960297],[11.09745,43.960114],[11.097424,43.959956],[11.097313,43.959719],[11.097229,43.959605],[11.097234,43.959586],[11.097157,43.959531],[11.097015,43.959495],[11.096403,43.958808],[11.096274,43.958754],[11.096264,43.958706],[11.096212,43.958686],[11.096234,43.958642],[11.09627,43.958631],[11.096267,43.958586],[11.096652,43.958401],[11.097271,43.958203],[11.097285,43.958182],[11.097258,43.958169],[11.097147,43.958179],[11.097052,43.958152],[11.096924,43.958178],[11.096769,43.958174],[11.0966,43.958242],[11.096348,43.958302],[11.096157,43.958126],[11.095876,43.957921],[11.095659,43.957468],[11.095635,43.957284],[11.095524,43.957162]]]},"properties":{"prov":"PO","comune_amm":"L537","comune_descr":"VAIANO","fascia":"E","zona":"E1","zona_descr":"SCHIGNANO","microzona":1,"semestre":"2025/1"}},{"type":"Feature","geometry":{"type":"Polygon","coordinates":[[[11.12508,43.929177],[11.125164,43.92892],[11.125186,43.929074],[11.125239,43.929177],[11.125388,43.929352],[11.125463,43.929411],[11.12603,43.929692],[11.126138,43.929719],[11.126227,43.929719],[11.126315,43.929699],[11.126437,43.929623],[11.126469,43.92956],[11.126256,43.929456],[11.126167,43.929335],[11.126116,43.929048],[11.126183,43.928719],[11.126524,43.928265],[11.127428,43.926921],[11.127564,43.926908],[11.127687,43.92687],[11.127798,43.92706],[11.127839,43.92707],[11.127961,43.927215],[11.128,43.927339],[11.127971,43.927371],[11.128055,43.927578],[11.127996,43.927629],[11.127995,43.927654],[11.128207,43.927817],[11.128222,43.92785],[11.128272,43.927842],[11.128407,43.927873],[11.128492,43.927855],[11.128432,43.927984],[11.128474,43.928075],[11.128989,43.928083],[11.129003,43.928207],[11.129037,43.928251],[11.129044,43.928294],[11.129083,43.928309],[11.129099,43.928414],[11.129163,43.928507],[11.129289,43.928488],[11.129308,43.928474],[11.129391,43.928128],[11.129761,43.928083],[11.129832,43.928069],[11.129871,43.928044],[11.130119,43.928218],[11.130282,43.92828],[11.130814,43.928375],[11.130936,43.928458],[11.131252,43.928478],[11.131377,43.928444],[11.131824,43.928596],[11.132135,43.928598],[11.132291,43.928519],[11.132324,43.928377],[11.132768,43.928216],[11.132886,43.928156],[11.132982,43.928002],[11.13315,43.927934],[11.133227,43.927931],[11.133443,43.927978],[11.133659,43.928001],[11.134129,43.92794],[11.13458,43.927996],[11.134609,43.927978],[11.134547,43.92793],[11.134537,43.927884],[11.13457,43.927881],[11.135268,43.928039],[11.135355,43.928042],[11.135717,43.927982],[11.136166,43.927874],[11.136688,43.927706],[11.136744,43.927672],[11.136777,43.92762],[11.136822,43.927632],[11.136961,43.927605],[11.137205,43.927698],[11.137266,43.927842],[11.137337,43.927946],[11.137417,43.928011],[11.138058,43.928385],[11.138129,43.928506],[11.138135,43.928651],[11.137994,43.928736],[11.137441,43.928922],[11.137097,43.929018],[11.137101,43.929041],[11.137622,43.929409],[11.137658,43.929408],[11.137707,43.929375],[11.138309,43.929743],[11.138333,43.929727],[11.138393,43.929521],[11.13853,43.929457],[11.138626,43.92936],[11.138869,43.929577],[11.138998,43.929637],[11.140224,43.929336],[11.140433,43.929749],[11.140497,43.930053],[11.140528,43.930057],[11.141197,43.929834],[11.141072,43.929973],[11.141294,43.930339],[11.142012,43.930123],[11.141882,43.929885],[11.14186,43.929718],[11.141861,43.929541],[11.141935,43.929135],[11.141961,43.92914],[11.141983,43.929121],[11.141962,43.928908],[11.141895,43.928922],[11.141754,43.92885],[11.141401,43.9285],[11.141301,43.928444],[11.14122,43.928345],[11.141122,43.928258],[11.140521,43.927891],[11.140242,43.927854],[11.139875,43.92783],[11.139627,43.927659],[11.139326,43.927543],[11.139374,43.927545],[11.139407,43.927483],[11.139449,43.927461],[11.139633,43.92742],[11.139649,43.927398],[11.139589,43.927246],[11.139396,43.927262],[11.139144,43.927142],[11.139285,43.927029],[11.139284,43.927004],[11.139249,43.927004],[11.138954,43.927225],[11.138883,43.92723],[11.138709,43.926945],[11.138683,43.926934],[11.138473,43.927071],[11.138424,43.927086],[11.137836,43.926886],[11.137288,43.927009],[11.137218,43.927008],[11.137152,43.927036],[11.136902,43.92703],[11.136655,43.926915],[11.136541,43.926829],[11.136478,43.926632],[11.136447,43.926619],[11.136183,43.92667],[11.136173,43.926689],[11.136257,43.926891],[11.136636,43.927131],[11.136547,43.927201],[11.136384,43.927131],[11.136153,43.927127],[11.135896,43.927065],[11.135719,43.926967],[11.135611,43.92679],[11.135575,43.926617],[11.135559,43.926338],[11.135498,43.926248],[11.135387,43.926157],[11.135318,43.926127],[11.135131,43.926112],[11.134904,43.92606],[11.134539,43.92582],[11.134489,43.925824],[11.134299,43.925677],[11.134221,43.92571],[11.134231,43.925742],[11.133951,43.925985],[11.13366,43.926001],[11.133642,43.925877],[11.133599,43.925834],[11.133541,43.92581],[11.133491,43.925735],[11.133012,43.925519],[11.13276,43.925218],[11.132379,43.924404],[11.131422,43.924658],[11.131125,43.924691],[11.131126,43.924715],[11.13122,43.92479],[11.131338,43.924972],[11.131448,43.925296],[11.131449,43.925349],[11.131124,43.926187],[11.131236,43.925711],[11.13136,43.925423],[11.131335,43.925107],[11.131276,43.92495],[11.13122,43.924867],[11.131039,43.924723],[11.13085,43.924621],[11.130468,43.924267],[11.130213,43.92385],[11.130025,43.923601],[11.129745,43.923308],[11.129524,43.923028],[11.128949,43.922376],[11.128873,43.922284],[11.12884,43.922213],[11.128503,43.921799],[11.128277,43.921672],[11.128228,43.921503],[11.128193,43.921508],[11.12819,43.921521],[11.128365,43.922298],[11.128304,43.922385],[11.128406,43.922727],[11.128397,43.92277],[11.128274,43.922803],[11.128087,43.922811],[11.12794,43.9228],[11.127889,43.92277],[11.127833,43.922569],[11.127735,43.92238],[11.127766,43.921975],[11.12787,43.921544],[11.127755,43.921146],[11.127748,43.920143],[11.12754,43.920034],[11.127531,43.919455],[11.127511,43.919438],[11.127397,43.919468],[11.127314,43.91954],[11.127272,43.919631],[11.127177,43.920038],[11.127205,43.919668],[11.127225,43.918663],[11.127296,43.918224],[11.127326,43.918194],[11.127216,43.917295],[11.127681,43.917276],[11.127705,43.917257],[11.127693,43.916952],[11.127732,43.916868],[11.127739,43.91658],[11.127646,43.91604],[11.12764,43.915901],[11.127753,43.915363],[11.12766,43.914885],[11.127612,43.914827],[11.127526,43.914407],[11.127564,43.914346],[11.127681,43.914303],[11.127633,43.914087],[11.127845,43.914145],[11.128278,43.914084],[11.128946,43.914243],[11.129419,43.914264],[11.130315,43.914207],[11.130765,43.914278],[11.130975,43.914254],[11.131394,43.914509],[11.13164,43.914521],[11.132327,43.914447],[11.132633,43.914465],[11.132913,43.914503],[11.133171,43.914616],[11.133331,43.9146],[11.133641,43.914645],[11.133827,43.914747],[11.135967,43.915192],[11.136174,43.915344],[11.13631,43.915372],[11.136883,43.91562],[11.137449,43.915767],[11.138072,43.916084],[11.138371,43.916209],[11.139473,43.916616],[11.139552,43.916707],[11.139972,43.916846],[11.140143,43.916989],[11.140537,43.917123],[11.14073,43.917263],[11.14107,43.917399],[11.141697,43.917738],[11.141926,43.917845],[11.142508,43.918218],[11.142959,43.918337],[11.143353,43.918475],[11.143858,43.919056],[11.144378,43.9194],[11.146111,43.920436],[11.146357,43.920499],[11.147039,43.920998],[11.147077,43.921196],[11.147241,43.921456],[11.147302,43.921534],[11.147618,43.92176],[11.147752,43.922075],[11.147916,43.922241],[11.148219,43.922704],[11.148986,43.923229],[11.149353,43.923369],[11.149786,43.923408],[11.150222,43.923632],[11.151371,43.923848],[11.152361,43.92388],[11.152573,43.92391],[11.153148,43.924169],[11.153369,43.924294],[11.153508,43.924338],[11.153698,43.924468],[11.154001,43.924632],[11.154381,43.92461],[11.154746,43.924897],[11.155086,43.9251],[11.155356,43.925309],[11.15558,43.925383],[11.15587,43.925419],[11.156088,43.92548],[11.156468,43.925478],[11.156811,43.925637],[11.157265,43.925708],[11.157508,43.925769],[11.157836,43.925774],[11.15796,43.925804],[11.158808,43.926424],[11.158969,43.92652],[11.159157,43.926604],[11.159407,43.926788],[11.159473,43.926873],[11.159534,43.926865],[11.159817,43.926894],[11.16,43.92689],[11.160212,43.92687],[11.160366,43.926838],[11.160654,43.926861],[11.161098,43.926867],[11.161202,43.926882],[11.161337,43.92694],[11.161435,43.927006],[11.161738,43.927329],[11.16196,43.927387],[11.162357,43.927558],[11.162887,43.927835],[11.162967,43.927863],[11.16235,43.930273],[11.160618,43.935207],[11.162357,43.937344],[11.164025,43.939315],[11.171505,43.94163],[11.173142,43.946088],[11.174775,43.952192],[11.1702,43.96113],[11.169401,43.963171],[11.171191,43.966366],[11.172285,43.970847],[11.172804,43.971645],[11.171722,43.971968],[11.172014,43.972582],[11.172015,43.972968],[11.171668,43.973268],[11.171665,43.973288],[11.172036,43.973778],[11.172311,43.974053],[11.172749,43.9748],[11.172777,43.97481],[11.173107,43.974747],[11.173288,43.975095],[11.173954,43.975996],[11.174264,43.976483],[11.174265,43.976783],[11.174147,43.976875],[11.173932,43.977202],[11.173871,43.977535],[11.173699,43.977905],[11.173419,43.977896],[11.173392,43.977913],[11.173384,43.978443],[11.173238,43.978621],[11.17333,43.978706],[11.173285,43.979107],[11.172632,43.979279],[11.172188,43.979578],[11.172174,43.979656],[11.171964,43.979548],[11.171912,43.979617],[11.171931,43.979721],[11.173066,43.980742],[11.173052,43.980782],[11.172902,43.980837],[11.171335,43.980909],[11.171022,43.980779],[11.170182,43.98088],[11.169895,43.980839],[11.169551,43.98076],[11.170211,43.9797],[11.170226,43.979452],[11.170202,43.979433],[11.16961,43.979426],[11.169063,43.979314],[11.168425,43.979491],[11.168317,43.979238],[11.16808,43.979149],[11.165671,43.978688],[11.165595,43.978591],[11.16543,43.97854],[11.164738,43.978726],[11.164367,43.978654],[11.162937,43.978588],[11.162702,43.97855],[11.162496,43.978585],[11.16178,43.978407],[11.160805,43.978033],[11.160406,43.977945],[11.159886,43.977955],[11.159282,43.977828],[11.159117,43.977835],[11.158901,43.977774],[11.158614,43.977669],[11.158488,43.97755],[11.158173,43.977485],[11.157981,43.977467],[11.157833,43.977499],[11.15772,43.977494],[11.155652,43.977331],[11.155628,43.977343],[11.15555,43.977476],[11.155445,43.977604],[11.1551,43.977917],[11.155117,43.977893],[11.155085,43.977756],[11.154873,43.97758],[11.154591,43.977595],[11.154398,43.977471],[11.154266,43.97733],[11.154026,43.977155],[11.153675,43.976958],[11.153254,43.976872],[11.152683,43.976668],[11.150924,43.977149],[11.145013,43.97788],[11.14422,43.978372],[11.143393,43.978855],[11.143351,43.978897],[11.142502,43.979429],[11.142257,43.979554],[11.132543,43.980473],[11.131917,43.981076],[11.131561,43.981539],[11.130813,43.982235],[11.130766,43.982249],[11.130461,43.982219],[11.12973,43.982551],[11.12915,43.981958],[11.128556,43.98145],[11.128147,43.981182],[11.127436,43.980644],[11.127071,43.98043],[11.126206,43.97975],[11.125692,43.979264],[11.12548,43.978973],[11.1254,43.978822],[11.125439,43.978726],[11.125552,43.978616],[11.125695,43.978515],[11.125835,43.978443],[11.126087,43.978359],[11.126296,43.978245],[11.12693,43.977957],[11.127167,43.977816],[11.127296,43.977582],[11.127288,43.977253],[11.127148,43.976718],[11.12702,43.976546],[11.126858,43.976397],[11.126599,43.976239],[11.126383,43.976171],[11.126183,43.976133],[11.12598,43.976115],[11.125857,43.976083],[11.125835,43.976052],[11.125835,43.975924],[11.126073,43.975981],[11.126414,43.975679],[11.126357,43.975443],[11.126262,43.97526],[11.126331,43.975044],[11.126459,43.974831],[11.126577,43.974693],[11.126874,43.974561],[11.126898,43.974534],[11.126908,43.974474],[11.126862,43.974426],[11.126799,43.974404],[11.12659,43.974398],[11.126537,43.974327],[11.126558,43.974274],[11.126362,43.974196],[11.126394,43.974151],[11.12654,43.974201],[11.12666,43.974265],[11.127019,43.97425],[11.127141,43.974284],[11.12717,43.974278],[11.127191,43.973952],[11.127224,43.973932],[11.127239,43.973642],[11.127224,43.973625],[11.127127,43.973635],[11.127082,43.973621],[11.127173,43.973458],[11.127138,43.973245],[11.127138,43.973052],[11.127179,43.972802],[11.127305,43.972386],[11.127587,43.972424],[11.128068,43.972531],[11.1281,43.97252],[11.128088,43.97249],[11.12787,43.972429],[11.127981,43.971993],[11.127976,43.971928],[11.128289,43.971402],[11.128442,43.971102],[11.128628,43.970853],[11.128824,43.97048],[11.129124,43.97008],[11.12929,43.969689],[11.12958,43.969207],[11.129734,43.969109],[11.129495,43.969528],[11.129489,43.969606],[11.129411,43.969718],[11.129382,43.969922],[11.12946,43.970033],[11.129633,43.970151],[11.129684,43.970338],[11.129737,43.970365],[11.129758,43.970349],[11.129821,43.96992],[11.129958,43.969956],[11.130029,43.969958],[11.1301,43.969905],[11.130143,43.969894],[11.130166,43.969942],[11.130138,43.970153],[11.130172,43.970172],[11.130201,43.970154],[11.130247,43.969918],[11.130307,43.969901],[11.130772,43.969977],[11.130946,43.969963],[11.131273,43.969726],[11.131368,43.969632],[11.13148,43.9696],[11.131848,43.96963],[11.131928,43.969651],[11.132383,43.969882],[11.132856,43.969926],[11.132879,43.969895],[11.133612,43.969468],[11.133594,43.969448],[11.133134,43.969351],[11.133091,43.969054],[11.132902,43.969002],[11.132687,43.968973],[11.132534,43.968867],[11.132421,43.96882],[11.131952,43.96911],[11.131919,43.969096],[11.131501,43.969133],[11.131452,43.969123],[11.130797,43.968537],[11.130915,43.968306],[11.130791,43.968095],[11.130654,43.967761],[11.130452,43.967587],[11.130359,43.967386],[11.130429,43.96717],[11.13046,43.966671],[11.130503,43.966458],[11.130664,43.966289],[11.130738,43.965825],[11.130866,43.965827],[11.130894,43.96581],[11.130928,43.965499],[11.130905,43.96548],[11.130767,43.965473],[11.130854,43.964984],[11.131001,43.964828],[11.131065,43.964714],[11.131012,43.964328],[11.131059,43.964167],[11.131023,43.964095],[11.131006,43.963705],[11.131161,43.963745],[11.131192,43.963736],[11.131486,43.963264],[11.131562,43.962919],[11.131515,43.962861],[11.131235,43.962746],[11.131558,43.962829],[11.131598,43.962864],[11.131701,43.962905],[11.132019,43.962978],[11.132158,43.962963],[11.132172,43.962943],[11.132416,43.962971],[11.132904,43.962572],[11.13266,43.962167],[11.132544,43.962161],[11.13256,43.962057],[11.133037,43.962007],[11.13328,43.961884],[11.133857,43.962161],[11.134466,43.961537],[11.134966,43.961759],[11.135183,43.961788],[11.135498,43.961803],[11.135576,43.961898],[11.135846,43.96205],[11.13605,43.962422],[11.136078,43.962433],[11.136194,43.962418],[11.136319,43.962579],[11.13657,43.962577],[11.1366,43.962339],[11.13707,43.962534],[11.137187,43.962707],[11.137661,43.962812],[11.137854,43.96295],[11.13801,43.963036],[11.138479,43.962989],[11.13895,43.963089],[11.138974,43.963049],[11.138947,43.962939],[11.139583,43.962865],[11.139628,43.962992],[11.140023,43.963097],[11.140125,43.963102],[11.140318,43.963207],[11.140488,43.963277],[11.140571,43.963255],[11.141307,43.96328],[11.142288,43.963885],[11.142653,43.9654],[11.142671,43.965946],[11.14265,43.96604],[11.142609,43.966099],[11.142858,43.966224],[11.143269,43.966558],[11.143443,43.966613],[11.143535,43.96662],[11.143665,43.966715],[11.1437,43.966785],[11.143695,43.967092],[11.142717,43.967085],[11.142313,43.967179],[11.141842,43.967389],[11.141853,43.967589],[11.141831,43.967584],[11.141804,43.967379],[11.14153,43.967232],[11.140978,43.967134],[11.140935,43.967144],[11.140909,43.967194],[11.140957,43.967333],[11.140933,43.96749],[11.140762,43.967726],[11.140635,43.967844],[11.140462,43.968048],[11.140274,43.968347],[11.140031,43.968626],[11.140254,43.968779],[11.140438,43.968827],[11.140904,43.969261],[11.141143,43.969217],[11.141144,43.96924],[11.140415,43.969403],[11.140254,43.969454],[11.14024,43.969464],[11.140255,43.969487],[11.140627,43.969545],[11.140838,43.969548],[11.141055,43.969518],[11.141293,43.969517],[11.141411,43.96947],[11.141967,43.969583],[11.142511,43.969607],[11.142502,43.969682],[11.142261,43.969989],[11.142086,43.970129],[11.142089,43.970155],[11.142236,43.970243],[11.142882,43.970388],[11.143557,43.970651],[11.143618,43.970659],[11.143642,43.97064],[11.143704,43.970457],[11.143962,43.970161],[11.144029,43.969929],[11.144172,43.969819],[11.144308,43.969687],[11.144626,43.969242],[11.14474,43.969174],[11.144736,43.969161],[11.144684,43.969149],[11.145192,43.969141],[11.14538,43.969162],[11.145415,43.969139],[11.145403,43.969114],[11.145357,43.969116],[11.14529,43.968578],[11.145279,43.968342],[11.145488,43.967869],[11.145477,43.967848],[11.145366,43.967799],[11.145576,43.967819],[11.145651,43.967772],[11.145937,43.96773],[11.146158,43.967763],[11.146841,43.967941],[11.147048,43.967973],[11.147239,43.968064],[11.147486,43.968047],[11.147753,43.96787],[11.148076,43.967701],[11.148654,43.9676],[11.148891,43.967525],[11.149045,43.967456],[11.149201,43.967293],[11.149281,43.967256],[11.149329,43.967252],[11.149487,43.967324],[11.149615,43.967439],[11.149735,43.967513],[11.150068,43.967607],[11.150358,43.967649],[11.150607,43.967632],[11.150927,43.967698],[11.152002,43.96786],[11.152251,43.967835],[11.152632,43.968001],[11.15282,43.968048],[11.153253,43.968054],[11.153316,43.968082],[11.153504,43.968081],[11.153508,43.968055],[11.15349,43.968048],[11.153342,43.968041],[11.153161,43.967917],[11.152994,43.96786],[11.152989,43.967838],[11.15302,43.967802],[11.153171,43.967792],[11.153221,43.967745],[11.153356,43.96715],[11.153608,43.9662],[11.154428,43.966302],[11.154457,43.966292],[11.154419,43.966163],[11.1539,43.965566],[11.153951,43.965432],[11.154161,43.965315],[11.154663,43.9652],[11.154698,43.965117],[11.154699,43.964992],[11.154667,43.964975],[11.154555,43.964997],[11.154208,43.964941],[11.154052,43.964985],[11.153916,43.965163],[11.15388,43.965161],[11.154034,43.964953],[11.154018,43.964923],[11.152982,43.964848],[11.152886,43.964868],[11.152983,43.964566],[11.153136,43.964453],[11.153139,43.964384],[11.153353,43.964324],[11.15337,43.964304],[11.153336,43.96429],[11.152975,43.964384],[11.152928,43.964373],[11.153006,43.963972],[11.152979,43.963875],[11.152883,43.963726],[11.152895,43.9637],[11.153055,43.963988],[11.153085,43.963999],[11.153709,43.963662],[11.153716,43.963639],[11.15368,43.963588],[11.153906,43.963522],[11.154146,43.963568],[11.154174,43.963479],[11.154155,43.963456],[11.153688,43.963389],[11.153446,43.963419],[11.15329,43.963373],[11.153199,43.963401],[11.153056,43.963137],[11.152634,43.963109],[11.152955,43.962558],[11.152934,43.962533],[11.152215,43.962473],[11.152178,43.962526],[11.152181,43.962774],[11.151994,43.962712],[11.151866,43.962612],[11.151639,43.962507],[11.15146,43.962483],[11.151419,43.962608],[11.151346,43.963187],[11.15137,43.963207],[11.151432,43.963214],[11.151426,43.963541],[11.152055,43.96359],[11.152152,43.963691],[11.151494,43.963862],[11.151395,43.963858],[11.151135,43.963753],[11.150693,43.963658],[11.15056,43.963524],[11.150353,43.96318],[11.149663,43.962892],[11.149405,43.962585],[11.149236,43.962589],[11.148696,43.962703],[11.148622,43.962632],[11.148635,43.962585],[11.148606,43.962504],[11.148571,43.962509],[11.148578,43.962578],[11.148395,43.962361],[11.148369,43.962363],[11.148361,43.962386],[11.148523,43.962606],[11.148421,43.962585],[11.14822,43.96257],[11.147967,43.962503],[11.147895,43.962468],[11.147859,43.962475],[11.147834,43.962499],[11.147841,43.962528],[11.14765,43.962771],[11.147447,43.963218],[11.147682,43.963571],[11.147429,43.963928],[11.147374,43.964162],[11.147332,43.963984],[11.147297,43.963951],[11.147242,43.963954],[11.14699,43.96406],[11.146855,43.964082],[11.146729,43.964006],[11.146634,43.963899],[11.14651,43.963811],[11.146357,43.963759],[11.146022,43.963721],[11.14598,43.963696],[11.145808,43.963284],[11.145414,43.962536],[11.145609,43.962215],[11.145665,43.962068],[11.145713,43.961847],[11.145716,43.961615],[11.145689,43.961405],[11.145662,43.96137],[11.145603,43.961351],[11.14561,43.961333],[11.145582,43.961292],[11.145336,43.961171],[11.145273,43.961183],[11.145182,43.961154],[11.144533,43.961271],[11.144439,43.961318],[11.144322,43.961442],[11.144228,43.961441],[11.144129,43.961536],[11.144072,43.961518],[11.144041,43.961524],[11.144022,43.961557],[11.144086,43.961588],[11.143664,43.962091],[11.143667,43.962118],[11.143593,43.962205],[11.142668,43.962065],[11.141176,43.961808],[11.141177,43.961766],[11.141292,43.961779],[11.141368,43.96172],[11.141552,43.961664],[11.141599,43.961613],[11.141675,43.961409],[11.141611,43.961182],[11.139948,43.96052],[11.13839,43.96007],[11.137922,43.96002],[11.137539,43.960069],[11.137732,43.959193],[11.137811,43.95919],[11.137836,43.959169],[11.137788,43.959142],[11.137641,43.959112],[11.137411,43.959019],[11.13739,43.958985],[11.137409,43.95895],[11.137555,43.958872],[11.137587,43.958832],[11.137588,43.958818],[11.137554,43.9588],[11.137557,43.958749],[11.137666,43.958783],[11.138008,43.95876],[11.138008,43.958734],[11.137608,43.958425],[11.137661,43.958383],[11.13764,43.95835],[11.138034,43.957995],[11.138218,43.958107],[11.138248,43.958109],[11.138265,43.958081],[11.138,43.95791],[11.137858,43.957631],[11.137607,43.957385],[11.137454,43.957348],[11.13727,43.957148],[11.13726,43.95712],[11.137291,43.956985],[11.137248,43.956922],[11.136945,43.956864],[11.13665,43.956593],[11.136613,43.95651],[11.136482,43.956424],[11.135955,43.956154],[11.135812,43.956061],[11.135719,43.956028],[11.135685,43.955984],[11.135593,43.955939],[11.135178,43.955806],[11.134993,43.955718],[11.134611,43.955634],[11.134447,43.95555],[11.134157,43.955233],[11.133877,43.955073],[11.133625,43.954766],[11.133672,43.954699],[11.133508,43.954423],[11.13314,43.954359],[11.132933,43.954375],[11.132846,43.954341],[11.13274,43.954191],[11.132645,43.954161],[11.132348,43.954377],[11.132177,43.954435],[11.132167,43.954406],[11.132331,43.954344],[11.132377,43.954312],[11.132386,43.954265],[11.131846,43.953567],[11.131784,43.953437],[11.131647,43.952975],[11.131035,43.951787],[11.130947,43.951601],[11.130882,43.951397],[11.130617,43.951043],[11.130628,43.950552],[11.130396,43.950421],[11.13024,43.95029],[11.129905,43.949882],[11.129987,43.949837],[11.129903,43.94975],[11.129624,43.949584],[11.129497,43.949454],[11.129332,43.949338],[11.12914,43.949279],[11.129101,43.949218],[11.129105,43.949173],[11.129059,43.949117],[11.12863,43.948878],[11.128294,43.948658],[11.128118,43.948503],[11.127741,43.947973],[11.127618,43.947768],[11.127415,43.947591],[11.127445,43.947543],[11.12744,43.947515],[11.127401,43.947504],[11.12732,43.947527],[11.127237,43.947454],[11.127142,43.947294],[11.127125,43.947217],[11.127039,43.947182],[11.127019,43.947047],[11.12688,43.946928],[11.126724,43.946708],[11.126642,43.946472],[11.126629,43.946334],[11.126533,43.946308],[11.126453,43.94589],[11.126667,43.945332],[11.126597,43.945069],[11.126689,43.944975],[11.126724,43.94496],[11.126733,43.944823],[11.126719,43.944803],[11.126733,43.944766],[11.126864,43.944523],[11.12701,43.944369],[11.126999,43.944307],[11.12712,43.944145],[11.127156,43.94414],[11.127276,43.944052],[11.127455,43.943994],[11.127616,43.943872],[11.127665,43.943796],[11.127975,43.943558],[11.127985,43.943512],[11.128312,43.943231],[11.12856,43.942961],[11.128712,43.942872],[11.128924,43.942618],[11.129028,43.942563],[11.129234,43.942331],[11.129487,43.942123],[11.129667,43.942091],[11.129967,43.941979],[11.129985,43.941994],[11.130023,43.941987],[11.130288,43.942135],[11.130319,43.942135],[11.130392,43.941867],[11.130379,43.941808],[11.130254,43.941675],[11.130272,43.941635],[11.130396,43.941767],[11.130414,43.941814],[11.130447,43.941826],[11.130803,43.941132],[11.130927,43.941137],[11.131038,43.941169],[11.131068,43.941134],[11.13106,43.941111],[11.130896,43.941027],[11.130799,43.941017],[11.130716,43.940977],[11.130538,43.940967],[11.130455,43.940892],[11.130414,43.9408],[11.130431,43.940789],[11.130481,43.940888],[11.130549,43.940949],[11.130722,43.94096],[11.130853,43.940994],[11.130889,43.940925],[11.130837,43.940903],[11.130967,43.94057],[11.131013,43.940565],[11.131055,43.940477],[11.131275,43.940402],[11.131275,43.94038],[11.131241,43.940367],[11.131061,43.940418],[11.131138,43.940187],[11.131149,43.940099],[11.131131,43.94008],[11.131053,43.940099],[11.130911,43.940016],[11.130915,43.939969],[11.131044,43.940051],[11.131165,43.940011],[11.131221,43.939794],[11.13113,43.939703],[11.13121,43.939432],[11.131259,43.939105],[11.131453,43.938372],[11.131479,43.93816],[11.131496,43.93755],[11.131483,43.93717],[11.131457,43.937117],[11.131485,43.937048],[11.131361,43.936471],[11.131024,43.936385],[11.130802,43.936265],[11.130763,43.93627],[11.130468,43.936217],[11.130371,43.936023],[11.130346,43.936011],[11.130292,43.93604],[11.130234,43.936129],[11.130223,43.936284],[11.130067,43.935974],[11.129962,43.935881],[11.129932,43.935825],[11.129619,43.935601],[11.1296,43.935518],[11.129454,43.935426],[11.129322,43.935426],[11.128767,43.935075],[11.12772,43.934283],[11.127076,43.933772],[11.126683,43.933745],[11.126568,43.933692],[11.126554,43.933352],[11.126572,43.933134],[11.126705,43.932892],[11.126874,43.932455],[11.127031,43.932457],[11.127152,43.932098],[11.127433,43.931893],[11.127565,43.931855],[11.127587,43.93175],[11.127527,43.931684],[11.127834,43.931691],[11.127882,43.931671],[11.127906,43.931627],[11.127914,43.931583],[11.127854,43.931428],[11.127875,43.93101],[11.127708,43.930667],[11.127387,43.930378],[11.125509,43.92949],[11.12518,43.92932],[11.12508,43.929177]]]},"properties":{"prov":"PO","comune_amm":"L537","comune_descr":"VAIANO","fascia":"R","zona":"R1","zona_descr":"ZONA COLLINARE E MONTANA DELLA CALVANA","microzona":1,"semestre":"2025/1"}},{"type":"Feature","geometry":{"type":"Polygon","coordinates":[[[11.081602,43.969611],[11.081492,43.969139],[11.08383,43.967632],[11.085247,43.966686],[11.085869,43.96657],[11.086136,43.966268],[11.086545,43.965839],[11.086526,43.965829],[11.087047,43.965241],[11.087283,43.964829],[11.087443,43.96442],[11.087516,43.96193],[11.088431,43.961431],[11.088183,43.96078],[11.088935,43.959424],[11.089743,43.95795],[11.091446,43.956905],[11.092144,43.95496],[11.094648,43.954814],[11.09552,43.954469],[11.095374,43.950552],[11.093032,43.948568],[11.092556,43.947809],[11.092768,43.947744],[11.093483,43.947906],[11.093684,43.947928],[11.093911,43.947912],[11.094026,43.947942],[11.094402,43.948329],[11.094487,43.948371],[11.094579,43.948389],[11.095006,43.948421],[11.095317,43.948534],[11.095709,43.948622],[11.09635,43.948649],[11.096548,43.948677],[11.096753,43.948731],[11.097075,43.948854],[11.097549,43.949008],[11.097702,43.949121],[11.097827,43.94916],[11.098451,43.949475],[11.098525,43.949569],[11.100035,43.948986],[11.101396,43.948433],[11.101442,43.94856],[11.101483,43.948551],[11.10199,43.948404],[11.102355,43.948211],[11.102969,43.948033],[11.10326,43.947906],[11.103562,43.94773],[11.103738,43.947387],[11.104098,43.946916],[11.104176,43.946901],[11.104353,43.946834],[11.104605,43.946666],[11.104672,43.946638],[11.10485,43.946636],[11.10513,43.946667],[11.105228,43.946657],[11.105519,43.946566],[11.105679,43.946563],[11.106176,43.946448],[11.106428,43.946422],[11.106721,43.946352],[11.107216,43.946143],[11.107485,43.945955],[11.10769,43.945774],[11.10766,43.945758],[11.107731,43.945608],[11.107986,43.945362],[11.108111,43.945357],[11.108257,43.945401],[11.108413,43.945469],[11.108595,43.945512],[11.108779,43.945496],[11.108948,43.945432],[11.108996,43.945397],[11.109248,43.945085],[11.109418,43.944828],[11.10959,43.944609],[11.10978,43.944408],[11.10993,43.944146],[11.110406,43.94353],[11.110637,43.943061],[11.11076,43.942961],[11.110921,43.942878],[11.111331,43.942737],[11.111707,43.942352],[11.111804,43.942217],[11.111895,43.942027],[11.111956,43.941783],[11.111969,43.941643],[11.112023,43.941502],[11.112186,43.941336],[11.112705,43.940998],[11.112737,43.940932],[11.11275,43.9408],[11.112705,43.940603],[11.112698,43.940404],[11.112732,43.940294],[11.112602,43.939518],[11.112608,43.939347],[11.112682,43.939234],[11.112722,43.939076],[11.11271,43.938604],[11.112504,43.938322],[11.112443,43.938188],[11.112392,43.937959],[11.112454,43.937585],[11.112464,43.937308],[11.112407,43.937124],[11.112413,43.936984],[11.112441,43.936897],[11.112566,43.936761],[11.112637,43.936656],[11.112708,43.936418],[11.112845,43.936254],[11.112787,43.936034],[11.112633,43.935901],[11.112665,43.935886],[11.112985,43.935888],[11.114376,43.935377],[11.115101,43.934542],[11.114517,43.933884],[11.114896,43.933353],[11.115088,43.932923],[11.11557,43.932496],[11.115818,43.932162],[11.115918,43.931913],[11.116078,43.931663],[11.11613,43.931588],[11.116307,43.93149],[11.116472,43.931466],[11.116637,43.931421],[11.116761,43.931357],[11.117113,43.930793],[11.117165,43.93066],[11.117188,43.930501],[11.117386,43.930096],[11.116994,43.929845],[11.116816,43.929675],[11.116657,43.929445],[11.116569,43.929173],[11.116456,43.929033],[11.116283,43.928911],[11.116183,43.928773],[11.116029,43.928668],[11.117666,43.927925],[11.118713,43.927647],[11.118328,43.926821],[11.118103,43.926224],[11.117823,43.925717],[11.119223,43.924726],[11.119701,43.924423],[11.120432,43.924221],[11.120185,43.923548],[11.120714,43.923868],[11.120824,43.923846],[11.120977,43.923998],[11.121169,43.924129],[11.121601,43.924347],[11.121729,43.924377],[11.123234,43.924104],[11.124645,43.923999],[11.124567,43.923869],[11.124348,43.923391],[11.124345,43.923129],[11.124257,43.922596],[11.124134,43.922369],[11.123961,43.922244],[11.123942,43.922248],[11.124051,43.922518],[11.124046,43.92254],[11.12392,43.922641],[11.123885,43.922644],[11.123856,43.922636],[11.123706,43.922447],[11.123368,43.92229],[11.123046,43.921797],[11.122851,43.92165],[11.123059,43.921469],[11.122765,43.921064],[11.122874,43.920911],[11.123542,43.921135],[11.123995,43.92118],[11.124091,43.921139],[11.124438,43.921107],[11.124607,43.921221],[11.124877,43.921178],[11.124921,43.921111],[11.125074,43.921076],[11.125221,43.92109],[11.125414,43.92138],[11.125472,43.921633],[11.124911,43.921713],[11.125071,43.922442],[11.126017,43.922254],[11.126052,43.922328],[11.126058,43.922371],[11.126034,43.922375],[11.126149,43.922556],[11.126103,43.922564],[11.126109,43.92272],[11.126181,43.922894],[11.126449,43.923385],[11.126521,43.923574],[11.126627,43.924293],[11.126768,43.924639],[11.126652,43.924756],[11.126658,43.924823],[11.126763,43.925002],[11.126782,43.925109],[11.127041,43.925049],[11.127222,43.925406],[11.127262,43.925542],[11.12726,43.925612],[11.12721,43.925684],[11.12714,43.925745],[11.127054,43.925805],[11.126671,43.925992],[11.126536,43.926083],[11.126382,43.926233],[11.126163,43.926411],[11.125568,43.926785],[11.12539,43.926971],[11.12538,43.926944],[11.125799,43.92646],[11.125938,43.926338],[11.125778,43.926444],[11.12534,43.926952],[11.125356,43.927022],[11.125124,43.927423],[11.125076,43.927822],[11.124806,43.928822],[11.124754,43.929202],[11.124809,43.92959],[11.124789,43.929708],[11.12476,43.929789],[11.124588,43.930058],[11.124527,43.930192],[11.124482,43.930325],[11.124477,43.93045],[11.124503,43.930583],[11.124588,43.930768],[11.124758,43.931083],[11.124824,43.931166],[11.125099,43.931341],[11.125569,43.931581],[11.125265,43.931448],[11.125153,43.931659],[11.12517,43.931812],[11.125072,43.931818],[11.125189,43.932491],[11.125308,43.932618],[11.125411,43.93252],[11.125495,43.932452],[11.125501,43.932461],[11.125482,43.932478],[11.125488,43.932497],[11.125093,43.932821],[11.125197,43.933371],[11.124886,43.933359],[11.124873,43.933544],[11.124533,43.93353],[11.124469,43.933836],[11.124539,43.933911],[11.124646,43.933985],[11.12445,43.933916],[11.124408,43.933963],[11.12474,43.934138],[11.124796,43.934194],[11.124795,43.934486],[11.124712,43.93465],[11.12472,43.934695],[11.124808,43.934712],[11.124793,43.934756],[11.12483,43.934818],[11.124801,43.934842],[11.124905,43.934861],[11.124808,43.93492],[11.124789,43.93495],[11.124768,43.935001],[11.124781,43.935069],[11.124907,43.935292],[11.124856,43.935303],[11.124896,43.935392],[11.12497,43.935377],[11.125238,43.93572],[11.125169,43.935838],[11.125152,43.935857],[11.125125,43.935855],[11.125124,43.935872],[11.125181,43.935868],[11.125197,43.93596],[11.12513,43.935991],[11.125138,43.936023],[11.125103,43.936034],[11.125127,43.936387],[11.125208,43.936357],[11.125313,43.936347],[11.125388,43.936622],[11.125252,43.936703],[11.125131,43.936845],[11.125049,43.937031],[11.124725,43.937065],[11.124447,43.937118],[11.124418,43.937274],[11.124354,43.937418],[11.124041,43.937391],[11.12396,43.937409],[11.123985,43.93764],[11.123663,43.937641],[11.123541,43.937679],[11.123387,43.937824],[11.123279,43.937992],[11.123023,43.937963],[11.122635,43.938066],[11.122532,43.938127],[11.122137,43.938134],[11.122055,43.938173],[11.121568,43.938254],[11.121469,43.938254],[11.121383,43.938314],[11.121426,43.938399],[11.121374,43.938487],[11.12144,43.938531],[11.121393,43.93857],[11.121948,43.938834],[11.121972,43.938823],[11.122159,43.938979],[11.122144,43.939],[11.122418,43.939253],[11.12269,43.939395],[11.122887,43.939462],[11.123323,43.939487],[11.124006,43.938759],[11.124033,43.938764],[11.124647,43.939048],[11.125123,43.939235],[11.126101,43.939517],[11.126217,43.939572],[11.126873,43.939969],[11.127493,43.940369],[11.127466,43.9404],[11.127846,43.940615],[11.127575,43.940961],[11.127419,43.941095],[11.126758,43.941564],[11.126743,43.941555],[11.126288,43.941867],[11.126001,43.942093],[11.125924,43.942136],[11.125843,43.94223],[11.125765,43.94241],[11.125745,43.942489],[11.125764,43.94249],[11.125478,43.943273],[11.124638,43.943998],[11.124549,43.944114],[11.124629,43.944062],[11.125359,43.943425],[11.124793,43.94421],[11.124616,43.944419],[11.124512,43.944379],[11.124408,43.944408],[11.12437,43.944444],[11.124338,43.944428],[11.1243,43.944467],[11.124292,43.944436],[11.123914,43.944252],[11.123752,43.94423],[11.123556,43.944288],[11.12349,43.944425],[11.123554,43.944526],[11.123492,43.944539],[11.123509,43.9445],[11.123396,43.944473],[11.123305,43.944586],[11.123235,43.944627],[11.123139,43.945018],[11.123173,43.945016],[11.123164,43.945201],[11.123461,43.945306],[11.123623,43.945334],[11.123615,43.945354],[11.123817,43.945441],[11.123912,43.945515],[11.123942,43.945509],[11.124147,43.945873],[11.124061,43.945901],[11.124073,43.945934],[11.124112,43.945926],[11.12412,43.945946],[11.124082,43.945952],[11.124099,43.945999],[11.124069,43.946004],[11.124078,43.946074],[11.124026,43.946084],[11.124137,43.946429],[11.124143,43.946862],[11.123963,43.947142],[11.124135,43.947219],[11.12387,43.947255],[11.123682,43.947319],[11.123532,43.947446],[11.123444,43.947467],[11.123148,43.9474],[11.122728,43.947343],[11.122677,43.947341],[11.122685,43.947374],[11.12268,43.947394],[11.122501,43.947402],[11.122104,43.947701],[11.122073,43.947755],[11.122027,43.947945],[11.121883,43.948085],[11.121729,43.94816],[11.121525,43.94819],[11.121234,43.948205],[11.121035,43.948242],[11.120466,43.948474],[11.120058,43.948545],[11.11973,43.948461],[11.119615,43.948468],[11.11952,43.948529],[11.119361,43.948581],[11.119261,43.948661],[11.118882,43.948866],[11.118764,43.949105],[11.118831,43.949134],[11.119063,43.94908],[11.119216,43.949075],[11.11941,43.949125],[11.119928,43.94902],[11.119993,43.949027],[11.119996,43.949053],[11.119924,43.949045],[11.119754,43.949079],[11.119714,43.949139],[11.119578,43.949224],[11.119323,43.94931],[11.119183,43.94949],[11.11981,43.9499],[11.119854,43.950008],[11.120503,43.94983],[11.12062,43.949839],[11.120604,43.949767],[11.12079,43.949797],[11.12088,43.94984],[11.120955,43.9499],[11.120997,43.950012],[11.121036,43.950015],[11.120982,43.949877],[11.12081,43.949774],[11.121577,43.949835],[11.121953,43.950047],[11.122141,43.950221],[11.122168,43.950203],[11.12198,43.950029],[11.122323,43.949796],[11.122655,43.949645],[11.123105,43.949656],[11.12318,43.949639],[11.123141,43.949616],[11.123256,43.949597],[11.123595,43.949455],[11.123712,43.949392],[11.123749,43.949336],[11.123763,43.949084],[11.124289,43.949083],[11.12432,43.949136],[11.124502,43.949183],[11.124752,43.94956],[11.12563,43.949327],[11.125794,43.949514],[11.125821,43.949479],[11.125384,43.94895],[11.126047,43.949303],[11.126292,43.94945],[11.126431,43.949652],[11.126545,43.949867],[11.126597,43.949882],[11.126736,43.950125],[11.12743,43.951413],[11.127479,43.951588],[11.12747,43.951688],[11.127135,43.952688],[11.126824,43.952648],[11.126557,43.952791],[11.126249,43.952811],[11.126248,43.952856],[11.126387,43.953028],[11.126735,43.953178],[11.126968,43.953227],[11.12674,43.953881],[11.126621,43.954116],[11.126663,43.954112],[11.126539,43.954466],[11.126239,43.955645],[11.12478,43.955735],[11.124408,43.955788],[11.124198,43.955802],[11.124208,43.956698],[11.124171,43.956718],[11.124193,43.956683],[11.124166,43.95666],[11.124168,43.956701],[11.124132,43.956728],[11.124467,43.9568],[11.12448,43.957306],[11.123946,43.958138],[11.124042,43.958167],[11.12396,43.958348],[11.123607,43.95825],[11.123436,43.958543],[11.122513,43.958879],[11.122348,43.958723],[11.122265,43.958761],[11.122481,43.959026],[11.122516,43.959018],[11.122614,43.959108],[11.122489,43.959122],[11.122422,43.959071],[11.121867,43.958284],[11.121811,43.958227],[11.121733,43.958197],[11.12163,43.958204],[11.12131,43.958348],[11.121136,43.958356],[11.121061,43.958354],[11.120773,43.958289],[11.120266,43.958293],[11.120043,43.958265],[11.119707,43.958255],[11.119258,43.958163],[11.118803,43.958141],[11.118748,43.958192],[11.118766,43.958338],[11.118696,43.958367],[11.118566,43.958385],[11.118716,43.958323],[11.118722,43.958158],[11.118451,43.958206],[11.117781,43.957997],[11.117981,43.9583],[11.118024,43.958512],[11.11798,43.958547],[11.117917,43.958325],[11.11781,43.958412],[11.116783,43.958702],[11.11663,43.958776],[11.116489,43.958894],[11.116333,43.959074],[11.116235,43.959126],[11.116111,43.959164],[11.11616,43.959226],[11.116163,43.959324],[11.116121,43.95937],[11.116078,43.959373],[11.116134,43.959311],[11.115993,43.959455],[11.115831,43.959477],[11.115718,43.95951],[11.115675,43.959589],[11.115742,43.959626],[11.115935,43.959664],[11.116051,43.959707],[11.116637,43.959844],[11.116719,43.959882],[11.116876,43.960052],[11.116727,43.960285],[11.115422,43.961026],[11.115269,43.961046],[11.11513,43.961098],[11.115282,43.961171],[11.115707,43.961566],[11.116145,43.96129],[11.11608,43.961647],[11.116363,43.962307],[11.116867,43.962191],[11.117184,43.961953],[11.117639,43.962575],[11.117799,43.962583],[11.117743,43.962656],[11.117755,43.962896],[11.117699,43.963022],[11.117712,43.963158],[11.117665,43.963338],[11.11759,43.963361],[11.117468,43.963326],[11.11746,43.963358],[11.117667,43.963436],[11.117765,43.963535],[11.117879,43.963601],[11.11815,43.963693],[11.118422,43.963878],[11.118467,43.963919],[11.118519,43.964009],[11.118522,43.964141],[11.118454,43.964233],[11.118134,43.964179],[11.117958,43.964226],[11.117716,43.964146],[11.117843,43.964377],[11.117935,43.964391],[11.117955,43.96443],[11.117927,43.964436],[11.117967,43.964523],[11.118,43.964515],[11.117967,43.964595],[11.117919,43.964605],[11.117912,43.964781],[11.117769,43.96479],[11.117668,43.964814],[11.117665,43.964846],[11.117791,43.964819],[11.117909,43.964818],[11.117931,43.964933],[11.11809,43.964916],[11.118087,43.964894],[11.118396,43.964855],[11.118407,43.964908],[11.118558,43.964894],[11.11854,43.964797],[11.118607,43.964787],[11.1186,43.96476],[11.118529,43.964772],[11.118522,43.964747],[11.11891,43.964598],[11.119247,43.964764],[11.1193,43.964837],[11.12008,43.965331],[11.120499,43.965469],[11.120693,43.965552],[11.120719,43.965586],[11.12079,43.965868],[11.120725,43.966092],[11.120615,43.966362],[11.120609,43.966414],[11.120652,43.966473],[11.120966,43.966496],[11.121241,43.966533],[11.121371,43.966528],[11.121681,43.966599],[11.122105,43.966761],[11.121565,43.967138],[11.121283,43.967235],[11.120711,43.96734],[11.120575,43.96734],[11.119945,43.967484],[11.120072,43.967457],[11.120055,43.967651],[11.120107,43.967769],[11.120068,43.968046],[11.119993,43.968135],[11.120092,43.968271],[11.12017,43.968223],[11.120219,43.968291],[11.120164,43.96829],[11.120081,43.968482],[11.120043,43.968506],[11.120028,43.968501],[11.120074,43.968546],[11.119465,43.968393],[11.119394,43.968574],[11.119481,43.968796],[11.11956,43.968869],[11.119608,43.968987],[11.120418,43.969069],[11.120361,43.96925],[11.120381,43.969379],[11.120286,43.96953],[11.12027,43.969614],[11.120361,43.969908],[11.120144,43.970089],[11.120012,43.970169],[11.119918,43.970335],[11.119927,43.97039],[11.120135,43.970651],[11.120148,43.970716],[11.120043,43.970892],[11.11972,43.971147],[11.119688,43.971243],[11.119673,43.971439],[11.119696,43.971522],[11.119685,43.971603],[11.119834,43.971922],[11.119785,43.971934],[11.119728,43.972021],[11.119868,43.972237],[11.119827,43.972295],[11.119827,43.97236],[11.120039,43.972537],[11.120227,43.972488],[11.120359,43.972329],[11.120515,43.972255],[11.120648,43.972453],[11.120688,43.972709],[11.120764,43.972772],[11.121083,43.972881],[11.121172,43.972926],[11.121266,43.973015],[11.121461,43.973263],[11.121475,43.973313],[11.121424,43.973471],[11.121265,43.973643],[11.121165,43.973642],[11.120923,43.97356],[11.120757,43.973526],[11.120726,43.973535],[11.120559,43.973469],[11.120552,43.973506],[11.120313,43.973525],[11.120196,43.973511],[11.120098,43.973605],[11.119933,43.973678],[11.119604,43.973674],[11.119314,43.973605],[11.1192,43.973626],[11.119106,43.9737],[11.119097,43.973776],[11.118935,43.973815],[11.118568,43.973882],[11.118373,43.973858],[11.11826,43.97392],[11.118071,43.973942],[11.117924,43.973927],[11.117515,43.97396],[11.11437,43.978221],[11.11316,43.977842],[11.110381,43.976888],[11.109168,43.977879],[11.109078,43.977993],[11.108967,43.978088],[11.108906,43.978084],[11.108902,43.978023],[11.10888,43.977995],[11.108408,43.977759],[11.10827,43.977766],[11.108023,43.977593],[11.107772,43.977559],[11.107608,43.977519],[11.10743,43.977433],[11.10725,43.9774],[11.106724,43.977505],[11.106521,43.977496],[11.106393,43.977567],[11.10625,43.977576],[11.105902,43.977365],[11.105603,43.977316],[11.105468,43.977311],[11.105184,43.977156],[11.104773,43.976986],[11.104679,43.976771],[11.104384,43.976444],[11.104321,43.976159],[11.10428,43.976131],[11.103879,43.976039],[11.103774,43.976023],[11.103697,43.97591],[11.103536,43.975838],[11.103485,43.975745],[11.103393,43.975743],[11.103231,43.975653],[11.103112,43.975661],[11.103032,43.975608],[11.102905,43.975596],[11.102814,43.975555],[11.102529,43.975495],[11.1019,43.975212],[11.101759,43.97519],[11.101722,43.975147],[11.101596,43.975089],[11.101574,43.975025],[11.101507,43.974966],[11.101422,43.974949],[11.101314,43.974881],[11.101248,43.974803],[11.101153,43.97478],[11.101026,43.974671],[11.100862,43.974667],[11.100673,43.9747],[11.100621,43.974673],[11.10045,43.974669],[11.100335,43.974726],[11.100181,43.974727],[11.099892,43.974802],[11.099694,43.974782],[11.099525,43.974805],[11.099271,43.974927],[11.099146,43.974922],[11.099035,43.974942],[11.098933,43.974906],[11.098842,43.974914],[11.098693,43.974843],[11.098687,43.974804],[11.098505,43.97478],[11.097922,43.974854],[11.097836,43.974831],[11.097636,43.974843],[11.097546,43.974883],[11.096633,43.975131],[11.093293,43.973538],[11.090611,43.972693],[11.087195,43.972151],[11.085746,43.971539],[11.081902,43.970802],[11.081912,43.970337],[11.081883,43.970347],[11.081602,43.969611]],[[11.095524,43.957162],[11.095638,43.957288],[11.09566,43.957469],[11.095874,43.957919],[11.096155,43.958125],[11.096351,43.958304],[11.096419,43.958282],[11.096601,43.958241],[11.096763,43.958174],[11.096926,43.958178],[11.097061,43.95815],[11.09715,43.95818],[11.097402,43.958162],[11.096653,43.958401],[11.096264,43.958587],[11.096281,43.958658],[11.096235,43.958638],[11.096211,43.958689],[11.096267,43.958704],[11.096272,43.958753],[11.0964,43.958804],[11.097017,43.959498],[11.097153,43.959528],[11.097559,43.959793],[11.097616,43.959859],[11.097634,43.959918],[11.097539,43.959804],[11.097227,43.959602],[11.097314,43.959721],[11.097424,43.959958],[11.09745,43.960113],[11.097537,43.960299],[11.097548,43.960567],[11.097515,43.960639],[11.097723,43.96112],[11.097963,43.961242],[11.098032,43.961323],[11.098122,43.961552],[11.098334,43.961854],[11.09839,43.96202],[11.098374,43.962275],[11.098422,43.962399],[11.098624,43.962471],[11.098608,43.962499],[11.098551,43.962487],[11.098384,43.962407],[11.09811,43.962474],[11.098175,43.96251],[11.098005,43.96264],[11.097937,43.962764],[11.097781,43.962948],[11.097986,43.963147],[11.098446,43.963135],[11.098655,43.963068],[11.099011,43.963363],[11.099454,43.963695],[11.099473,43.963662],[11.099865,43.963595],[11.099915,43.963572],[11.099894,43.963327],[11.099929,43.963324],[11.099945,43.963573],[11.100045,43.963656],[11.100193,43.963703],[11.100234,43.963731],[11.100308,43.963822],[11.10033,43.963947],[11.100312,43.964001],[11.100238,43.96409],[11.100461,43.964051],[11.100465,43.964066],[11.100351,43.964083],[11.100385,43.96422],[11.100416,43.964236],[11.100576,43.964244],[11.100717,43.964309],[11.100924,43.964334],[11.101042,43.964364],[11.10124,43.964442],[11.10146,43.964361],[11.10152,43.964443],[11.101601,43.964409],[11.101694,43.964344],[11.101733,43.964352],[11.101637,43.96442],[11.101509,43.964471],[11.101462,43.964406],[11.101252,43.964461],[11.101342,43.964594],[11.101378,43.964683],[11.101672,43.964589],[11.101595,43.964715],[11.101683,43.964836],[11.101691,43.964892],[11.101824,43.965184],[11.101926,43.965275],[11.101802,43.965382],[11.101612,43.965453],[11.101194,43.965646],[11.101084,43.965785],[11.100725,43.966032],[11.100684,43.966218],[11.100721,43.966302],[11.10078,43.966319],[11.10091,43.966512],[11.101176,43.966679],[11.10144,43.966763],[11.101237,43.967056],[11.101294,43.9671],[11.10118,43.96705],[11.100914,43.967052],[11.101086,43.967056],[11.101085,43.967072],[11.10118,43.967072],[11.101321,43.967135],[11.101531,43.967386],[11.101669,43.967638],[11.101815,43.967639],[11.102138,43.96754],[11.10236,43.967363],[11.10262,43.967292],[11.103068,43.967332],[11.10291,43.967884],[11.103355,43.967881],[11.103383,43.96764],[11.103446,43.967657],[11.103419,43.967779],[11.103411,43.968217],[11.103475,43.968495],[11.103528,43.968584],[11.103571,43.968749],[11.10359,43.969284],[11.103633,43.969613],[11.103475,43.969758],[11.103371,43.969815],[11.103279,43.969826],[11.103288,43.969826],[11.103466,43.969964],[11.103588,43.969877],[11.103681,43.969912],[11.103857,43.969755],[11.104118,43.969731],[11.104182,43.969742],[11.104335,43.969825],[11.104702,43.969583],[11.104648,43.969497],[11.104812,43.969595],[11.104923,43.969767],[11.105766,43.969889],[11.105898,43.969811],[11.105089,43.968792],[11.105892,43.968984],[11.105877,43.968885],[11.105761,43.96879],[11.105524,43.968539],[11.105532,43.968527],[11.106464,43.968244],[11.106854,43.96809],[11.106874,43.968062],[11.106919,43.968044],[11.106732,43.967897],[11.106713,43.967874],[11.10674,43.967857],[11.106687,43.967787],[11.10688,43.967854],[11.106978,43.967867],[11.107141,43.967857],[11.107337,43.967778],[11.10763,43.967533],[11.108132,43.966981],[11.108297,43.966479],[11.108335,43.966423],[11.1086,43.966239],[11.108541,43.966209],[11.108595,43.966111],[11.108726,43.966017],[11.108623,43.965956],[11.108495,43.965715],[11.108298,43.965731],[11.108284,43.965698],[11.108485,43.965682],[11.108372,43.965388],[11.108337,43.965339],[11.108277,43.965311],[11.108206,43.96531],[11.107764,43.965395],[11.107672,43.965431],[11.107662,43.965166],[11.107637,43.964841],[11.107608,43.964746],[11.107377,43.96452],[11.10737,43.964458],[11.107437,43.964385],[11.107413,43.964277],[11.107377,43.964178],[11.107325,43.96415],[11.107261,43.964141],[11.10726,43.963905],[11.107637,43.96382],[11.107432,43.963662],[11.107106,43.963535],[11.107013,43.963627],[11.106872,43.963711],[11.106833,43.963794],[11.106677,43.963801],[11.10623,43.963916],[11.106277,43.964015],[11.10611,43.964009],[11.106129,43.963931],[11.106244,43.963763],[11.106216,43.963686],[11.105466,43.96387],[11.104858,43.96396],[11.104866,43.963924],[11.105073,43.96384],[11.105247,43.963635],[11.105265,43.963632],[11.105252,43.963478],[11.105272,43.963464],[11.105179,43.963428],[11.105226,43.963391],[11.105119,43.963336],[11.104991,43.963302],[11.105062,43.96321],[11.105106,43.963208],[11.105311,43.962988],[11.105164,43.962855],[11.105124,43.962688],[11.104686,43.962413],[11.104775,43.96223],[11.104758,43.96218],[11.104706,43.962125],[11.104628,43.962111],[11.104435,43.961848],[11.104573,43.961769],[11.104811,43.961767],[11.104973,43.9617],[11.105195,43.961723],[11.105301,43.961706],[11.105265,43.961607],[11.105186,43.96162],[11.105147,43.961593],[11.104991,43.961424],[11.104948,43.961342],[11.104756,43.961232],[11.104807,43.961068],[11.105023,43.961038],[11.105327,43.960926],[11.105424,43.960911],[11.105752,43.96069],[11.105528,43.960462],[11.106017,43.959839],[11.106456,43.959474],[11.106473,43.959388],[11.106432,43.959272],[11.106323,43.959078],[11.106008,43.959167],[11.105943,43.959264],[11.105803,43.959328],[11.105605,43.959345],[11.105508,43.959334],[11.105116,43.959589],[11.103324,43.960242],[11.103063,43.960352],[11.103111,43.960261],[11.103093,43.960139],[11.103009,43.960061],[11.102863,43.960026],[11.102492,43.960279],[11.102297,43.96011],[11.102287,43.959988],[11.102337,43.959914],[11.102328,43.959775],[11.102263,43.959633],[11.102164,43.959528],[11.102102,43.959508],[11.101937,43.959541],[11.101194,43.959318],[11.101098,43.959051],[11.100966,43.958784],[11.100764,43.95849],[11.100653,43.958582],[11.100561,43.958583],[11.100465,43.958828],[11.100326,43.95889],[11.100317,43.958942],[11.100259,43.95901],[11.100213,43.95894],[11.100137,43.958522],[11.100151,43.958453],[11.100367,43.958249],[11.100499,43.958061],[11.100803,43.957893],[11.100848,43.957857],[11.100857,43.957792],[11.10076,43.957569],[11.100852,43.957335],[11.100873,43.957233],[11.100862,43.957178],[11.10076,43.956924],[11.100655,43.956762],[11.100645,43.956698],[11.100785,43.956352],[11.10077,43.956226],[11.100684,43.956076],[11.100671,43.955993],[11.100693,43.95595],[11.100981,43.955935],[11.101142,43.955866],[11.101241,43.955792],[11.101295,43.955713],[11.101224,43.955634],[11.101231,43.955466],[11.101449,43.955042],[11.101556,43.954992],[11.101789,43.954946],[11.10191,43.954889],[11.102058,43.954675],[11.102073,43.954584],[11.102062,43.954166],[11.10185,43.953998],[11.101294,43.953768],[11.101204,43.953716],[11.101193,43.953627],[11.10122,43.953533],[11.102051,43.953365],[11.102177,43.953232],[11.102345,43.952803],[11.102478,43.952649],[11.102666,43.952383],[11.102988,43.952157],[11.103115,43.952096],[11.102909,43.952015],[11.102294,43.951956],[11.102008,43.951873],[11.101267,43.951808],[11.100835,43.951634],[11.100489,43.951589],[11.100553,43.951403],[11.100611,43.951072],[11.10061,43.951072],[11.100596,43.950836],[11.100548,43.950524],[11.100468,43.950555],[11.100415,43.950289],[11.099767,43.950468],[11.099572,43.950641],[11.099467,43.950683],[11.09914,43.95068],[11.09878,43.95084],[11.098432,43.950823],[11.098432,43.950873],[11.09853,43.951059],[11.098591,43.951394],[11.098715,43.95174],[11.098938,43.952138],[11.098945,43.952347],[11.098885,43.952641],[11.098764,43.952766],[11.098717,43.952944],[11.098756,43.953109],[11.098723,43.953112],[11.098678,43.95296],[11.098699,43.952868],[11.098563,43.952817],[11.098451,43.952906],[11.098428,43.952808],[11.097894,43.952966],[11.097873,43.953059],[11.097578,43.95306],[11.097622,43.953181],[11.097758,43.953264],[11.097797,43.953455],[11.097548,43.953575],[11.097493,43.953634],[11.097458,43.953797],[11.09735,43.954057],[11.097145,43.954042],[11.097297,43.954444],[11.097008,43.954726],[11.09668,43.954861],[11.096519,43.95502],[11.096391,43.955203],[11.09628,43.955423],[11.096208,43.955363],[11.096173,43.955406],[11.096054,43.95567],[11.096089,43.955689],[11.095949,43.955826],[11.095885,43.955866],[11.096297,43.956223],[11.096444,43.956214],[11.095895,43.956666],[11.095524,43.957162]]]},"properties":{"prov":"PO","comune_amm":"L537","comune_descr":"VAIANO","fascia":"R","zona":"R2","zona_descr":"ZONA COLLINARE - LA VIGNA - LA COLLINA","microzona":1,"semestre":"2025/1"}},{"type":"Feature","geometry":{"type":"MultiPolygon","coordinates":[[[[11.160095,44.056098],[11.15987,44.056082],[11.159947,44.056001],[11.160072,44.055988],[11.160095,44.056098]]],[[[11.121573,44.028797],[11.121599,44.028769],[11.121852,44.028776],[11.122419,44.028669],[11.122738,44.028742],[11.12293,44.02877],[11.123164,44.028773],[11.123306,44.028746],[11.123463,44.028755],[11.123789,44.028743],[11.123932,44.028767],[11.12402,44.028717],[11.124061,44.028656],[11.124776,44.028674],[11.124841,44.028657],[11.125049,44.028554],[11.125152,44.028478],[11.125172,44.028326],[11.125282,44.028221],[11.125337,44.028097],[11.125422,44.028053],[11.125483,44.027967],[11.125735,44.027812],[11.125791,44.027624],[11.125756,44.027549],[11.12579,44.027351],[11.125746,44.027126],[11.125747,44.027031],[11.125675,44.02693],[11.125619,44.026791],[11.125489,44.026689],[11.125256,44.026343],[11.125287,44.026236],[11.12502,44.025986],[11.124969,44.02587],[11.124834,44.025729],[11.124699,44.025326],[11.124761,44.025187],[11.124727,44.025125],[11.124699,44.024996],[11.124706,44.024873],[11.124836,44.024681],[11.124767,44.024553],[11.124768,44.024438],[11.124994,44.024234],[11.125022,44.024011],[11.125134,44.02385],[11.12514,44.023409],[11.126104,44.02255],[11.126441,44.022481],[11.126848,44.022459],[11.126886,44.022424],[11.127251,44.022278],[11.127659,44.022159],[11.127881,44.022163],[11.127983,44.022092],[11.128226,44.022092],[11.128372,44.022111],[11.128484,44.022081],[11.128591,44.02201],[11.128682,44.022015],[11.128802,44.022059],[11.128903,44.021979],[11.129062,44.02197],[11.129087,44.021994],[11.129087,44.022063],[11.129103,44.02208],[11.129504,44.022191],[11.129913,44.022148],[11.130084,44.02217],[11.130237,44.02226],[11.130496,44.022359],[11.130641,44.022434],[11.13096,44.022446],[11.131765,44.022622],[11.132185,44.022611],[11.132299,44.022649],[11.132503,44.02278],[11.132676,44.022821],[11.132833,44.023119],[11.132866,44.023129],[11.133034,44.023039],[11.133383,44.022896],[11.134135,44.022612],[11.134254,44.022452],[11.134454,44.022398],[11.134531,44.022207],[11.134799,44.022035],[11.134922,44.021783],[11.135035,44.021618],[11.135164,44.021492],[11.135266,44.021462],[11.1357,44.021208],[11.135994,44.020977],[11.136242,44.021],[11.136531,44.021144],[11.136985,44.021282],[11.137108,44.021273],[11.137451,44.021326],[11.137779,44.021322],[11.137958,44.021303],[11.138212,44.021208],[11.138413,44.02119],[11.138619,44.021134],[11.138739,44.021207],[11.139037,44.021224],[11.139257,44.021139],[11.13933,44.021076],[11.139428,44.021049],[11.139457,44.021009],[11.13955,44.020987],[11.139713,44.020991],[11.139833,44.021016],[11.139824,44.021063],[11.139842,44.021071],[11.140171,44.021115],[11.140361,44.021064],[11.14044,44.021212],[11.140664,44.021476],[11.140877,44.021414],[11.14116,44.021458],[11.141346,44.0216],[11.141414,44.021594],[11.14158,44.021616],[11.14195,44.021936],[11.142673,44.021735],[11.142729,44.021856],[11.142823,44.021934],[11.143036,44.022191],[11.143314,44.02246],[11.14362,44.022659],[11.143745,44.022768],[11.143973,44.02292],[11.14466,44.023329],[11.144928,44.023435],[11.145031,44.023524],[11.145253,44.023661],[11.145449,44.023835],[11.145685,44.024093],[11.145782,44.024228],[11.145847,44.024391],[11.145944,44.024474],[11.146444,44.02471],[11.146772,44.025062],[11.146945,44.025183],[11.147022,44.025267],[11.147099,44.025277],[11.147288,44.025341],[11.14735,44.025401],[11.14808,44.025871],[11.148394,44.026013],[11.148451,44.02603],[11.148572,44.026026],[11.148611,44.026038],[11.14904,44.026293],[11.1496,44.026483],[11.149804,44.026532],[11.149908,44.026514],[11.149965,44.026536],[11.150147,44.026457],[11.149956,44.026545],[11.149956,44.026622],[11.149855,44.026733],[11.149851,44.026766],[11.149883,44.026799],[11.149707,44.026941],[11.149511,44.026947],[11.149152,44.026844],[11.148969,44.026901],[11.148853,44.026996],[11.148805,44.02712],[11.148273,44.027688],[11.148229,44.027892],[11.148245,44.027912],[11.148338,44.027936],[11.150076,44.028049],[11.151507,44.028062],[11.151773,44.028103],[11.152258,44.028394],[11.152511,44.028629],[11.152685,44.029048],[11.153372,44.029346],[11.153866,44.029236],[11.15413,44.029353],[11.154199,44.02943],[11.154367,44.030064],[11.154449,44.03095],[11.154327,44.030962],[11.154304,44.030982],[11.154366,44.031234],[11.154384,44.031414],[11.154589,44.032011],[11.154791,44.032468],[11.154819,44.032763],[11.154908,44.033089],[11.154893,44.033704],[11.154677,44.034084],[11.154527,44.0343],[11.154522,44.034341],[11.154466,44.034372],[11.154439,44.034409],[11.154444,44.034468],[11.154388,44.034493],[11.154345,44.034597],[11.15432,44.034701],[11.154331,44.034739],[11.154307,44.03476],[11.154281,44.034915],[11.154338,44.035067],[11.154406,44.035092],[11.154386,44.035136],[11.154535,44.035273],[11.154617,44.035298],[11.154655,44.035373],[11.154906,44.035547],[11.154964,44.035557],[11.155049,44.035638],[11.155767,44.036],[11.155802,44.035996],[11.155827,44.035969],[11.15596,44.036082],[11.156083,44.036331],[11.156032,44.036477],[11.155941,44.036655],[11.155787,44.0367],[11.155544,44.036883],[11.155266,44.037135],[11.155019,44.037515],[11.155011,44.037555],[11.154668,44.038128],[11.154492,44.038496],[11.154396,44.038565],[11.154282,44.038846],[11.154217,44.039067],[11.154126,44.039151],[11.153675,44.039343],[11.153251,44.039562],[11.152699,44.039867],[11.152614,44.039935],[11.152619,44.039962],[11.152682,44.04],[11.152321,44.04039],[11.152147,44.040995],[11.152126,44.041011],[11.152092,44.041005],[11.152073,44.041023],[11.152078,44.041056],[11.152167,44.041091],[11.15212,44.041279],[11.152122,44.041532],[11.151798,44.042188],[11.151644,44.042389],[11.151357,44.042614],[11.151356,44.042664],[11.151276,44.042669],[11.150789,44.042951],[11.150804,44.042996],[11.151209,44.04349],[11.151196,44.043796],[11.151218,44.044002],[11.151582,44.045335],[11.151536,44.045356],[11.151537,44.045372],[11.15161,44.045476],[11.151682,44.045769],[11.151824,44.04604],[11.151981,44.046192],[11.15219,44.046314],[11.152617,44.046484],[11.152656,44.046479],[11.152937,44.046597],[11.153102,44.046686],[11.153565,44.047147],[11.153724,44.047259],[11.153829,44.047297],[11.1541,44.047377],[11.154721,44.047385],[11.155419,44.04742],[11.155601,44.04748],[11.155851,44.04749],[11.155919,44.047516],[11.156035,44.047608],[11.156139,44.047764],[11.156185,44.047876],[11.156286,44.048037],[11.156411,44.0484],[11.156615,44.048723],[11.156695,44.048896],[11.15684,44.049082],[11.156905,44.049196],[11.156934,44.049207],[11.157115,44.049175],[11.157307,44.049169],[11.157558,44.049212],[11.157567,44.04924],[11.157692,44.04932],[11.157679,44.049395],[11.157983,44.049673],[11.158176,44.049775],[11.158291,44.049964],[11.158374,44.050023],[11.158482,44.050071],[11.158605,44.050089],[11.158842,44.050224],[11.158992,44.050262],[11.159105,44.050242],[11.159278,44.050269],[11.159609,44.050354],[11.159756,44.050462],[11.159878,44.050491],[11.160003,44.050484],[11.160108,44.050455],[11.160254,44.050377],[11.160371,44.050391],[11.160501,44.050491],[11.160517,44.050542],[11.160677,44.050655],[11.160833,44.050723],[11.161013,44.050777],[11.161148,44.050882],[11.161182,44.050939],[11.161333,44.050965],[11.16143,44.051005],[11.161624,44.051148],[11.161726,44.051141],[11.161811,44.051158],[11.161901,44.051231],[11.161984,44.051238],[11.162084,44.051271],[11.162114,44.051306],[11.162209,44.051346],[11.162417,44.051371],[11.162595,44.051364],[11.162735,44.05144],[11.16288,44.05145],[11.163034,44.051512],[11.16307,44.05154],[11.1631,44.051628],[11.16348,44.051817],[11.163737,44.052003],[11.163889,44.052067],[11.16407,44.052064],[11.164338,44.052245],[11.164438,44.052263],[11.16509,44.052557],[11.165239,44.052718],[11.165496,44.052843],[11.16566,44.052821],[11.16594,44.052846],[11.166111,44.05289],[11.166396,44.052911],[11.166576,44.053029],[11.166669,44.05304],[11.166741,44.053087],[11.166843,44.05326],[11.167037,44.053324],[11.166905,44.053472],[11.166311,44.053451],[11.165975,44.053456],[11.16593,44.05346],[11.165902,44.05349],[11.165573,44.053502],[11.165325,44.053487],[11.165019,44.053401],[11.164723,44.053372],[11.16423,44.053395],[11.163848,44.053384],[11.163652,44.053397],[11.16319,44.053473],[11.162995,44.053552],[11.162788,44.053571],[11.162665,44.053604],[11.162705,44.053773],[11.162771,44.053883],[11.16301,44.053944],[11.16301,44.053964],[11.162769,44.053912],[11.162273,44.054028],[11.162199,44.054087],[11.162017,44.054304],[11.161901,44.054404],[11.161848,44.054427],[11.161753,44.054414],[11.161604,44.0543],[11.161443,44.05427],[11.161127,44.054311],[11.161056,44.054302],[11.160745,44.054412],[11.16073,44.054403],[11.160996,44.054308],[11.161008,44.054285],[11.160844,44.054227],[11.160734,44.054133],[11.160583,44.053853],[11.160513,44.053774],[11.16022,44.053555],[11.160033,44.053368],[11.159852,44.052912],[11.159024,44.052941],[11.158862,44.053208],[11.158503,44.05324],[11.158346,44.053299],[11.158225,44.0533],[11.158022,44.053239],[11.157829,44.053134],[11.157794,44.053138],[11.157397,44.053565],[11.157112,44.053776],[11.156726,44.05417],[11.156722,44.054191],[11.156755,44.054231],[11.156883,44.05429],[11.15705,44.054428],[11.157189,44.054485],[11.157311,44.054559],[11.157333,44.054648],[11.157471,44.054739],[11.157476,44.054803],[11.157507,44.054836],[11.157693,44.054892],[11.157764,44.055002],[11.157909,44.055127],[11.158105,44.055218],[11.158195,44.055229],[11.158392,44.05519],[11.1585,44.055215],[11.158604,44.055199],[11.158899,44.055223],[11.159058,44.055278],[11.159416,44.055332],[11.159154,44.055657],[11.159316,44.05587],[11.159625,44.056154],[11.159614,44.056215],[11.159479,44.056104],[11.159436,44.056109],[11.159392,44.056327],[11.15942,44.056423],[11.159799,44.056737],[11.159932,44.057004],[11.159965,44.057012],[11.160186,44.056965],[11.160279,44.056982],[11.160435,44.057064],[11.160459,44.05712],[11.160394,44.057326],[11.16048,44.057458],[11.160552,44.057487],[11.160577,44.057521],[11.16056,44.057668],[11.160485,44.057758],[11.16051,44.057856],[11.160461,44.058116],[11.160479,44.058195],[11.16046,44.058239],[11.160504,44.058288],[11.160582,44.058328],[11.160595,44.058391],[11.160449,44.058623],[11.160427,44.058707],[11.160504,44.058902],[11.160413,44.059085],[11.16047,44.05919],[11.16033,44.059273],[11.160264,44.05928],[11.159197,44.059163],[11.159182,44.05907],[11.159015,44.059055],[11.158987,44.059072],[11.158975,44.059239],[11.158936,44.059244],[11.15893,44.059075],[11.159042,44.058932],[11.159114,44.058781],[11.159108,44.058655],[11.159016,44.058353],[11.158931,44.058361],[11.158859,44.058393],[11.158549,44.058389],[11.158461,44.058441],[11.158393,44.058393],[11.158254,44.05847],[11.158204,44.058429],[11.158155,44.058431],[11.158127,44.0584],[11.1581,44.0584],[11.158045,44.058253],[11.158063,44.058149],[11.158036,44.057979],[11.157894,44.057904],[11.157843,44.05791],[11.157616,44.057755],[11.157439,44.057585],[11.157316,44.05755],[11.157209,44.057439],[11.157182,44.057392],[11.157195,44.057189],[11.157261,44.057018],[11.157262,44.056957],[11.157157,44.056774],[11.157082,44.056704],[11.156622,44.056416],[11.156496,44.056365],[11.156472,44.05629],[11.156484,44.056251],[11.156391,44.056231],[11.156119,44.056115],[11.155776,44.056073],[11.155485,44.055904],[11.154828,44.056015],[11.154645,44.056113],[11.154162,44.056238],[11.154031,44.056254],[11.154009,44.056269],[11.154024,44.056297],[11.154125,44.056332],[11.154185,44.056385],[11.154176,44.056412],[11.15431,44.056613],[11.15427,44.056636],[11.154341,44.056738],[11.154316,44.056746],[11.154283,44.056717],[11.154095,44.056635],[11.154039,44.056658],[11.153726,44.056544],[11.153631,44.056531],[11.153536,44.056537],[11.153518,44.056244],[11.153389,44.056227],[11.153345,44.0562],[11.15314,44.056145],[11.153231,44.055945],[11.153204,44.055922],[11.153001,44.055943],[11.152924,44.056017],[11.152892,44.05612],[11.152937,44.056265],[11.152692,44.05669],[11.152617,44.057264],[11.152069,44.057913],[11.151888,44.058151],[11.151719,44.058416],[11.151565,44.058585],[11.151457,44.058854],[11.151362,44.059197],[11.151025,44.059862],[11.150927,44.059995],[11.150655,44.060148],[11.150329,44.060157],[11.15011,44.060278],[11.150079,44.06019],[11.150211,44.060111],[11.150303,44.059537],[11.150572,44.059081],[11.151128,44.058563],[11.151276,44.058399],[11.151362,44.058239],[11.152011,44.057521],[11.152245,44.057188],[11.15226,44.05705],[11.152225,44.056963],[11.152197,44.056961],[11.151949,44.057065],[11.151752,44.056952],[11.151605,44.056839],[11.151785,44.056774],[11.151788,44.056736],[11.151826,44.056718],[11.151856,44.056742],[11.151922,44.056724],[11.151934,44.056704],[11.151917,44.056647],[11.152073,44.0566],[11.15207,44.056558],[11.152212,44.056238],[11.152287,44.055766],[11.152372,44.055515],[11.152573,44.055269],[11.152566,44.055244],[11.152491,44.055209],[11.152677,44.055006],[11.152731,44.055018],[11.152748,44.055008],[11.15274,44.054984],[11.152623,44.05492],[11.152653,44.054896],[11.152823,44.054966],[11.152856,44.05496],[11.152886,44.054923],[11.152885,44.054835],[11.153055,44.054526],[11.153207,44.054514],[11.153453,44.054394],[11.153717,44.054],[11.153628,44.053906],[11.153597,44.053899],[11.153432,44.053947],[11.153301,44.054077],[11.153224,44.054102],[11.15306,44.054034],[11.153171,44.053793],[11.153169,44.053743],[11.153148,44.053725],[11.152743,44.053683],[11.151984,44.053572],[11.152064,44.053363],[11.152186,44.053355],[11.152208,44.053341],[11.152112,44.053204],[11.151856,44.053301],[11.15169,44.053284],[11.15158,44.053308],[11.15158,44.053297],[11.151685,44.05327],[11.15181,44.053282],[11.151837,44.05327],[11.151796,44.053183],[11.151841,44.053023],[11.15176,44.052911],[11.151848,44.052811],[11.151964,44.052734],[11.151952,44.052685],[11.151976,44.052637],[11.152057,44.052592],[11.15206,44.052565],[11.151886,44.052563],[11.151823,44.052584],[11.151749,44.052661],[11.151565,44.05273],[11.151508,44.052791],[11.151031,44.052575],[11.150773,44.052681],[11.150761,44.052664],[11.150991,44.05255],[11.150704,44.052293],[11.150588,44.052369],[11.150558,44.052484],[11.150538,44.052471],[11.150558,44.052363],[11.150657,44.052287],[11.150614,44.052124],[11.150634,44.052035],[11.150712,44.051973],[11.150564,44.051883],[11.150775,44.051729],[11.150761,44.05163],[11.150741,44.05161],[11.150813,44.051597],[11.150793,44.051501],[11.150825,44.051409],[11.150801,44.051205],[11.150775,44.051191],[11.150497,44.051198],[11.150475,44.051014],[11.150116,44.05101],[11.150095,44.050963],[11.150069,44.050949],[11.149997,44.050988],[11.14991,44.05099],[11.149836,44.050951],[11.149745,44.050976],[11.149724,44.050885],[11.149546,44.050777],[11.14941,44.050716],[11.149279,44.050685],[11.148979,44.050705],[11.148958,44.050718],[11.148928,44.050797],[11.148816,44.050794],[11.148784,44.050878],[11.148694,44.050883],[11.148682,44.050908],[11.148609,44.050928],[11.14858,44.050997],[11.148592,44.051157],[11.148614,44.051198],[11.148584,44.051203],[11.148556,44.051157],[11.148567,44.050969],[11.148523,44.050927],[11.148516,44.050881],[11.148477,44.050827],[11.148443,44.05082],[11.148195,44.05092],[11.148105,44.050914],[11.148074,44.050863],[11.148057,44.050735],[11.147977,44.050656],[11.147901,44.050439],[11.14788,44.05042],[11.147841,44.050422],[11.147482,44.050827],[11.147206,44.050541],[11.147051,44.050413],[11.146863,44.050277],[11.146564,44.050132],[11.146645,44.050012],[11.146632,44.049988],[11.146419,44.049912],[11.146262,44.050085],[11.146128,44.049884],[11.145932,44.049973],[11.145388,44.049743],[11.145358,44.049745],[11.145238,44.049832],[11.145357,44.049599],[11.145533,44.049336],[11.145537,44.049162],[11.145481,44.049052],[11.145439,44.04904],[11.145398,44.048912],[11.145349,44.048883],[11.14534,44.04882],[11.145157,44.048794],[11.145158,44.048691],[11.145141,44.048682],[11.144933,44.048657],[11.144847,44.048705],[11.144816,44.048807],[11.144789,44.048846],[11.144773,44.048825],[11.1448,44.04871],[11.14501,44.048588],[11.145251,44.048408],[11.145297,44.048298],[11.145264,44.048001],[11.145111,44.047737],[11.145082,44.047726],[11.144987,44.04774],[11.144924,44.047611],[11.144882,44.047603],[11.144853,44.047577],[11.144727,44.047613],[11.144626,44.047363],[11.14453,44.047309],[11.144497,44.047272],[11.144455,44.047271],[11.144443,44.047206],[11.144507,44.046997],[11.144501,44.046916],[11.144531,44.046918],[11.144537,44.04701],[11.144496,44.047143],[11.144517,44.047165],[11.145376,44.047269],[11.145405,44.047254],[11.145451,44.047102],[11.145806,44.047104],[11.146074,44.047135],[11.146102,44.04712],[11.146113,44.047081],[11.1462,44.047078],[11.146374,44.047042],[11.146403,44.047004],[11.146729,44.047036],[11.146749,44.047031],[11.146758,44.046985],[11.146788,44.046953],[11.146909,44.046894],[11.146953,44.046889],[11.146992,44.046917],[11.147484,44.046836],[11.147542,44.046797],[11.147581,44.046721],[11.147794,44.046624],[11.148111,44.046576],[11.148179,44.046514],[11.148323,44.04663],[11.148352,44.046634],[11.148366,44.0466],[11.148299,44.046531],[11.148199,44.046461],[11.148147,44.04637],[11.148119,44.04624],[11.147905,44.046212],[11.147847,44.046184],[11.147757,44.046184],[11.14758,44.046143],[11.147196,44.046007],[11.147107,44.045962],[11.147037,44.045895],[11.146817,44.045756],[11.146749,44.045693],[11.146663,44.045511],[11.146611,44.045478],[11.146453,44.045453],[11.146316,44.045398],[11.145838,44.045143],[11.145564,44.045044],[11.145487,44.045035],[11.145464,44.045045],[11.145292,44.045009],[11.145351,44.04491],[11.145261,44.04484],[11.145582,44.044843],[11.145588,44.044819],[11.145525,44.044777],[11.145342,44.044774],[11.145028,44.044735],[11.14482,44.04467],[11.144477,44.044492],[11.144357,44.044449],[11.144082,44.044444],[11.143758,44.044519],[11.143625,44.044567],[11.143454,44.044708],[11.143336,44.044768],[11.142919,44.044842],[11.142846,44.044803],[11.142705,44.044955],[11.142716,44.045001],[11.1426,44.044925],[11.14264,44.044742],[11.142629,44.044707],[11.142591,44.044679],[11.142073,44.044749],[11.141786,44.044728],[11.141692,44.04474],[11.14149,44.044734],[11.141458,44.04472],[11.140978,44.044698],[11.140781,44.044726],[11.140428,44.044838],[11.140272,44.044845],[11.140231,44.044899],[11.140109,44.044905],[11.139986,44.045078],[11.139945,44.045077],[11.140001,44.044977],[11.140087,44.044875],[11.140151,44.044875],[11.140177,44.044856],[11.140121,44.04482],[11.139846,44.044835],[11.13953,44.045016],[11.138981,44.045183],[11.138877,44.045195],[11.139509,44.044996],[11.139706,44.044887],[11.139707,44.044859],[11.139686,44.044854],[11.138841,44.044946],[11.137885,44.044659],[11.137758,44.044651],[11.137515,44.044686],[11.137199,44.044677],[11.137097,44.044736],[11.136832,44.04463],[11.136745,44.04462],[11.136674,44.044642],[11.136611,44.044687],[11.136427,44.044697],[11.136018,44.044604],[11.135856,44.044636],[11.135286,44.044557],[11.135058,44.044504],[11.134502,44.044459],[11.134123,44.044451],[11.13408,44.044437],[11.134596,44.043756],[11.134761,44.043492],[11.134793,44.043411],[11.134777,44.043389],[11.134486,44.043313],[11.134207,44.043262],[11.13422,44.043231],[11.134342,44.043195],[11.135125,44.043355],[11.135444,44.043466],[11.135862,44.043562],[11.136516,44.043744],[11.137642,44.044107],[11.138736,44.044505],[11.139244,44.044608],[11.139547,44.044631],[11.139885,44.044587],[11.140361,44.044557],[11.140588,44.044484],[11.140847,44.044481],[11.141172,44.044448],[11.141448,44.044318],[11.141667,44.044187],[11.142168,44.043953],[11.142818,44.043805],[11.142855,44.043677],[11.143128,44.043348],[11.143649,44.043214],[11.143868,44.043186],[11.144081,44.043219],[11.144329,44.043397],[11.144735,44.043901],[11.144939,44.044072],[11.145187,44.044198],[11.146065,44.044495],[11.146334,44.044531],[11.147077,44.044469],[11.147479,44.044331],[11.148079,44.044075],[11.148091,44.044055],[11.148049,44.043932],[11.148017,44.043919],[11.146583,44.044246],[11.146459,44.044243],[11.146102,44.044134],[11.145969,44.044046],[11.145889,44.04396],[11.145713,44.04389],[11.145373,44.04366],[11.144697,44.043266],[11.144378,44.043057],[11.144292,44.04296],[11.144265,44.042841],[11.144277,44.042801],[11.144395,44.042802],[11.144527,44.042839],[11.144598,44.042799],[11.144633,44.042751],[11.144739,44.042707],[11.144842,44.042635],[11.145468,44.042863],[11.145662,44.042835],[11.145709,44.04275],[11.146122,44.042836],[11.146139,44.042774],[11.146191,44.042766],[11.146269,44.042646],[11.146263,44.04233],[11.146417,44.042289],[11.146434,44.042269],[11.146409,44.042254],[11.146247,44.042258],[11.145962,44.042173],[11.145903,44.042128],[11.145784,44.04197],[11.145746,44.041508],[11.145728,44.041492],[11.145447,44.041427],[11.145255,44.041364],[11.144832,44.041361],[11.144846,44.041255],[11.144752,44.041015],[11.14473,44.040863],[11.144735,44.040813],[11.144794,44.04068],[11.144714,44.040635],[11.143276,44.04078],[11.1428,44.040758],[11.142255,44.040442],[11.142352,44.040285],[11.143331,44.039922],[11.143341,44.039898],[11.143026,44.039448],[11.14302,44.039387],[11.142941,44.039372],[11.142842,44.039294],[11.142724,44.039159],[11.142631,44.039126],[11.142573,44.039055],[11.14245,44.039019],[11.142439,44.038942],[11.142227,44.038596],[11.142197,44.038599],[11.142141,44.038634],[11.141143,44.038345],[11.14121,44.038236],[11.141203,44.038214],[11.140576,44.037867],[11.1408,44.037637],[11.140911,44.03748],[11.140545,44.037201],[11.139941,44.036318],[11.139812,44.036343],[11.139683,44.036433],[11.139643,44.036431],[11.139011,44.036741],[11.138813,44.036784],[11.138724,44.036768],[11.1386,44.03679],[11.138437,44.036833],[11.138285,44.036909],[11.138021,44.036969],[11.137886,44.036939],[11.137853,44.036904],[11.137785,44.036874],[11.137154,44.036368],[11.137076,44.036338],[11.137,44.036338],[11.136615,44.036217],[11.136177,44.036006],[11.135263,44.035445],[11.135118,44.035332],[11.135024,44.035233],[11.134312,44.035273],[11.13418,44.035299],[11.134074,44.035339],[11.1338,44.035543],[11.133265,44.035695],[11.133173,44.035763],[11.133114,44.035778],[11.132791,44.035771],[11.132523,44.035701],[11.132169,44.035741],[11.131953,44.035907],[11.131803,44.036067],[11.131298,44.036863],[11.131237,44.037012],[11.130322,44.038274],[11.130168,44.038231],[11.129828,44.03809],[11.129103,44.037744],[11.128821,44.037668],[11.128419,44.037728],[11.128159,44.037698],[11.127984,44.037599],[11.127879,44.037451],[11.127833,44.037266],[11.127713,44.037045],[11.127698,44.036898],[11.127519,44.036667],[11.127016,44.036498],[11.126979,44.03645],[11.127013,44.036249],[11.127174,44.035905],[11.12717,44.035793],[11.127103,44.035734],[11.126104,44.035372],[11.125742,44.035143],[11.125658,44.03505],[11.125579,44.034811],[11.125241,44.034142],[11.125207,44.033876],[11.125009,44.033293],[11.125063,44.033078],[11.125292,44.032713],[11.125536,44.032374],[11.125638,44.032084],[11.125656,44.031871],[11.125616,44.031662],[11.125428,44.031449],[11.125306,44.031399],[11.124557,44.031418],[11.124162,44.031454],[11.12329,44.031418],[11.122999,44.031395],[11.122734,44.031337],[11.122658,44.031307],[11.122395,44.031293],[11.122192,44.031184],[11.122132,44.030972],[11.122135,44.030683],[11.122044,44.030335],[11.121947,44.030101],[11.12178,44.029502],[11.121697,44.029279],[11.121618,44.029223],[11.121573,44.028797]]]]},"properties":{"prov":"PO","comune_amm":"L775","comune_descr":"VERNIO","fascia":"B","zona":"B1","zona_descr":"SAN QUIRICO (CAPOLUOGO COMUNALE) - MERCATALE DI VERNIO - SAN IPPOLITO DI VERNIO - CELLE","microzona":1,"semestre":"2025/1"}},{"type":"Feature","geometry":{"type":"MultiPolygon","coordinates":[[[[11.172651,44.088534],[11.172576,44.088548],[11.172545,44.088455],[11.172608,44.088408],[11.172651,44.088534]]],[[[11.181252,44.086168],[11.181101,44.086142],[11.181026,44.086081],[11.180995,44.086083],[11.180975,44.086103],[11.181001,44.086131],[11.180594,44.086419],[11.180538,44.086306],[11.180489,44.086133],[11.180327,44.086003],[11.180271,44.086031],[11.18027,44.086065],[11.180158,44.08612],[11.180108,44.08612],[11.179774,44.086305],[11.179722,44.086356],[11.179653,44.086353],[11.179647,44.086405],[11.179484,44.0865],[11.179198,44.08626],[11.17893,44.086096],[11.178661,44.086162],[11.178154,44.085791],[11.178107,44.085797],[11.178146,44.085872],[11.178073,44.086041],[11.178055,44.086024],[11.178116,44.085861],[11.178008,44.085727],[11.177096,44.085209],[11.176988,44.085176],[11.176925,44.085301],[11.176694,44.08547],[11.176253,44.0857],[11.176263,44.085748],[11.17616,44.085763],[11.176101,44.085863],[11.175929,44.085995],[11.175757,44.086187],[11.175627,44.086096],[11.175273,44.086332],[11.175271,44.086356],[11.175366,44.086436],[11.175828,44.086703],[11.175365,44.08687],[11.17539,44.087073],[11.174942,44.087501],[11.1751,44.087706],[11.174945,44.087879],[11.174405,44.087453],[11.174373,44.08745],[11.174062,44.087599],[11.173911,44.087419],[11.173712,44.087338],[11.173417,44.087618],[11.173421,44.087644],[11.17352,44.087705],[11.173416,44.087779],[11.173298,44.087728],[11.1732,44.087804],[11.172845,44.087631],[11.172813,44.087634],[11.172655,44.087767],[11.172804,44.08799],[11.172673,44.087991],[11.172582,44.088017],[11.172504,44.088191],[11.172301,44.088205],[11.172237,44.088161],[11.172161,44.087972],[11.17213,44.087959],[11.171845,44.088025],[11.171887,44.088267],[11.171851,44.088273],[11.1718,44.088056],[11.171765,44.088043],[11.171199,44.088233],[11.17098,44.088371],[11.170778,44.088427],[11.170082,44.088769],[11.169911,44.088956],[11.170077,44.089052],[11.169941,44.089157],[11.169483,44.088649],[11.169443,44.088646],[11.16944,44.088669],[11.169765,44.08904],[11.169426,44.089313],[11.169054,44.088975],[11.168845,44.089099],[11.16985,44.089863],[11.169557,44.090053],[11.169168,44.089933],[11.168905,44.089826],[11.168561,44.090067],[11.168487,44.090028],[11.168451,44.089939],[11.168215,44.08977],[11.168125,44.089673],[11.168018,44.089639],[11.16789,44.089568],[11.16775,44.089439],[11.167627,44.089518],[11.167242,44.089984],[11.167071,44.090081],[11.166781,44.090206],[11.166707,44.090262],[11.166644,44.090348],[11.166658,44.090374],[11.166993,44.090454],[11.167308,44.090643],[11.16813,44.091062],[11.168042,44.091453],[11.168487,44.091485],[11.168959,44.091642],[11.169264,44.091792],[11.169161,44.092101],[11.169042,44.092361],[11.169016,44.092373],[11.168973,44.092376],[11.16884,44.092333],[11.168352,44.092289],[11.168001,44.09223],[11.16735,44.09225],[11.166938,44.092233],[11.166677,44.092349],[11.166692,44.092371],[11.168635,44.092954],[11.168077,44.093806],[11.167175,44.093786],[11.166211,44.093794],[11.16577,44.093649],[11.165191,44.093403],[11.164828,44.093165],[11.164751,44.09305],[11.164658,44.092975],[11.164328,44.092575],[11.164262,44.092468],[11.164084,44.092286],[11.164057,44.09229],[11.16379,44.092505],[11.163723,44.092779],[11.16333,44.092959],[11.163206,44.093067],[11.163205,44.093088],[11.163265,44.093157],[11.16324,44.093499],[11.163164,44.093779],[11.163038,44.09394],[11.16292,44.094041],[11.162918,44.094061],[11.163123,44.094343],[11.163249,44.09458],[11.163597,44.09498],[11.163606,44.095049],[11.163686,44.095146],[11.163798,44.095208],[11.164187,44.095811],[11.164347,44.096074],[11.164449,44.096474],[11.164463,44.096688],[11.164441,44.096854],[11.164329,44.097112],[11.164289,44.097122],[11.164179,44.097223],[11.164148,44.097456],[11.164271,44.09769],[11.164359,44.098012],[11.164362,44.098442],[11.164324,44.098768],[11.16439,44.099127],[11.164182,44.099663],[11.164193,44.100249],[11.164265,44.100594],[11.164259,44.100742],[11.164187,44.100951],[11.164181,44.101029],[11.16421,44.101081],[11.164238,44.101093],[11.164379,44.100986],[11.165525,44.101167],[11.165589,44.101654],[11.165683,44.101643],[11.166012,44.101527],[11.16628,44.101404],[11.166315,44.101734],[11.165992,44.101988],[11.16583,44.102022],[11.165313,44.102083],[11.165195,44.102207],[11.165169,44.102266],[11.165056,44.102273],[11.164366,44.102629],[11.164016,44.102998],[11.16399,44.103088],[11.164049,44.103202],[11.163976,44.103377],[11.163735,44.103521],[11.163523,44.103675],[11.163481,44.103875],[11.16352,44.103969],[11.163379,44.103965],[11.163354,44.103977],[11.163388,44.104021],[11.163599,44.104022],[11.163655,44.104052],[11.163693,44.10421],[11.163821,44.10439],[11.163824,44.104808],[11.163783,44.104971],[11.163864,44.105202],[11.163931,44.105313],[11.164288,44.105568],[11.164508,44.105691],[11.164669,44.105752],[11.165114,44.106086],[11.165195,44.106221],[11.165193,44.106511],[11.165113,44.106724],[11.165198,44.107018],[11.165371,44.107153],[11.165399,44.107444],[11.165469,44.107763],[11.165152,44.108372],[11.165169,44.108775],[11.165101,44.108931],[11.165204,44.108965],[11.165133,44.109025],[11.165044,44.109158],[11.164624,44.109396],[11.164484,44.109517],[11.164503,44.109756],[11.164453,44.10995],[11.164386,44.110088],[11.163887,44.110552],[11.163484,44.111238],[11.163367,44.111212],[11.163248,44.11122],[11.162891,44.11138],[11.162836,44.111466],[11.162797,44.111654],[11.162474,44.111952],[11.162086,44.1121],[11.161467,44.112189],[11.161208,44.112158],[11.161028,44.112215],[11.160823,44.112325],[11.160651,44.112366],[11.160414,44.112321],[11.160045,44.112194],[11.159902,44.112194],[11.159699,44.112238],[11.159475,44.112307],[11.158701,44.112211],[11.158344,44.112019],[11.158159,44.11186],[11.157921,44.111804],[11.157735,44.111849],[11.157504,44.111981],[11.157049,44.112167],[11.156809,44.112131],[11.156228,44.111989],[11.155937,44.112009],[11.155579,44.112175],[11.15547,44.112194],[11.155233,44.112186],[11.154835,44.112099],[11.154827,44.11199],[11.154748,44.111905],[11.154563,44.111813],[11.154419,44.111678],[11.154445,44.111624],[11.154408,44.11154],[11.154406,44.111443],[11.154422,44.111438],[11.154433,44.111535],[11.15449,44.1116],[11.154694,44.111507],[11.154755,44.111495],[11.154983,44.111536],[11.155248,44.111556],[11.155421,44.111511],[11.155483,44.111467],[11.155502,44.111316],[11.1556,44.111197],[11.155853,44.111022],[11.156247,44.110864],[11.156388,44.110743],[11.15649,44.110701],[11.156606,44.11068],[11.156996,44.110714],[11.157109,44.110704],[11.157167,44.110666],[11.157232,44.110463],[11.157197,44.110446],[11.157064,44.110473],[11.157063,44.110451],[11.157127,44.110442],[11.157176,44.110414],[11.15725,44.110346],[11.157615,44.110111],[11.15817,44.109849],[11.158636,44.109539],[11.158772,44.109431],[11.159138,44.109258],[11.159266,44.109235],[11.159264,44.109172],[11.159549,44.109031],[11.159287,44.108785],[11.159186,44.108727],[11.158926,44.108675],[11.158821,44.108685],[11.158782,44.108702],[11.158775,44.108685],[11.158929,44.108651],[11.159226,44.108531],[11.158989,44.108209],[11.158903,44.108155],[11.158844,44.108066],[11.15897,44.107983],[11.159058,44.107874],[11.159193,44.107787],[11.159307,44.107628],[11.159681,44.106756],[11.158776,44.106399],[11.158607,44.106295],[11.158135,44.106424],[11.157574,44.10661],[11.157546,44.104833],[11.157879,44.104644],[11.158008,44.104599],[11.158178,44.104469],[11.158659,44.104335],[11.158761,44.104335],[11.158786,44.104315],[11.158284,44.104048],[11.158099,44.104045],[11.157942,44.104013],[11.157613,44.103835],[11.157502,44.103799],[11.157436,44.103744],[11.157374,44.103716],[11.157931,44.10365],[11.158635,44.103247],[11.159007,44.103005],[11.159105,44.102936],[11.159317,44.10261],[11.159281,44.102429],[11.159435,44.102146],[11.159976,44.101984],[11.15882,44.100677],[11.159087,44.100526],[11.159128,44.100475],[11.159215,44.100457],[11.159353,44.100389],[11.159429,44.100307],[11.159555,44.100263],[11.1598,44.100079],[11.15993,44.099953],[11.159992,44.099849],[11.160027,44.099708],[11.160044,44.099284],[11.159931,44.099138],[11.159814,44.099035],[11.159724,44.098873],[11.159681,44.098445],[11.159775,44.098258],[11.159819,44.098123],[11.159894,44.097556],[11.159675,44.097],[11.159601,44.096942],[11.159436,44.096962],[11.159204,44.097041],[11.159106,44.097099],[11.158963,44.097114],[11.158766,44.097173],[11.15866,44.097183],[11.15861,44.097167],[11.158451,44.096937],[11.158349,44.096887],[11.158213,44.096755],[11.158118,44.096619],[11.158034,44.096565],[11.1577,44.096488],[11.157297,44.096459],[11.156921,44.096479],[11.156793,44.096509],[11.156487,44.096493],[11.156119,44.096519],[11.156084,44.096507],[11.155949,44.096374],[11.1556,44.096296],[11.15547,44.096242],[11.155372,44.096168],[11.155322,44.095856],[11.155191,44.095729],[11.155118,44.095685],[11.154687,44.095564],[11.154271,44.095488],[11.154155,44.095457],[11.154069,44.095409],[11.153959,44.095121],[11.153908,44.095029],[11.153881,44.095018],[11.153761,44.095105],[11.153699,44.09531],[11.153595,44.095417],[11.153354,44.095574],[11.153288,44.095595],[11.153026,44.095571],[11.152755,44.095483],[11.152636,44.095484],[11.152502,44.095399],[11.152454,44.095416],[11.152362,44.095409],[11.152139,44.095455],[11.151949,44.095469],[11.151462,44.095375],[11.151265,44.095454],[11.15123,44.095514],[11.151239,44.09556],[11.151389,44.095822],[11.151471,44.095814],[11.151557,44.095784],[11.151652,44.095785],[11.151744,44.095815],[11.151774,44.095838],[11.151754,44.096008],[11.151877,44.096249],[11.152065,44.096534],[11.152104,44.09654],[11.152291,44.09642],[11.152593,44.096409],[11.152671,44.096688],[11.152488,44.097193],[11.152398,44.09725],[11.152237,44.097286],[11.151601,44.097502],[11.151447,44.097456],[11.151218,44.097316],[11.150982,44.097427],[11.15056,44.097576],[11.150404,44.097571],[11.150288,44.097529],[11.149983,44.097372],[11.149916,44.097304],[11.149782,44.097261],[11.149777,44.097235],[11.149928,44.097282],[11.150013,44.097354],[11.150122,44.097399],[11.150136,44.097372],[11.150069,44.097289],[11.149999,44.097236],[11.149827,44.097155],[11.149324,44.096825],[11.14924,44.09684],[11.148962,44.097036],[11.148685,44.097192],[11.148496,44.097374],[11.148342,44.09748],[11.148147,44.097678],[11.148091,44.097821],[11.148052,44.097845],[11.14789,44.097651],[11.147763,44.097565],[11.147756,44.09743],[11.147615,44.097327],[11.147583,44.09719],[11.147493,44.096966],[11.147353,44.09695],[11.147138,44.097067],[11.146928,44.097049],[11.146848,44.096975],[11.147052,44.096684],[11.146974,44.096068],[11.146901,44.095895],[11.146878,44.095883],[11.146536,44.09587],[11.145996,44.095907],[11.145893,44.095957],[11.145801,44.096034],[11.145732,44.096135],[11.145619,44.095948],[11.145583,44.09594],[11.144889,44.096251],[11.144762,44.09633],[11.144095,44.095877],[11.143346,44.096098],[11.142887,44.096166],[11.142823,44.095722],[11.142839,44.095464],[11.142899,44.09508],[11.142881,44.094825],[11.142788,44.094671],[11.142796,44.09464],[11.142734,44.094618],[11.142661,44.094676],[11.142193,44.094708],[11.142329,44.094457],[11.142245,44.094141],[11.142493,44.093974],[11.142501,44.093956],[11.142472,44.093891],[11.142481,44.093807],[11.142452,44.093788],[11.142312,44.09388],[11.142142,44.093908],[11.142194,44.093873],[11.142293,44.093852],[11.142391,44.093804],[11.142497,44.093677],[11.142537,44.093558],[11.14252,44.093344],[11.142536,44.093272],[11.14251,44.093251],[11.142319,44.093255],[11.142252,44.093231],[11.1421,44.093114],[11.142093,44.093071],[11.141921,44.092981],[11.141845,44.09288],[11.141901,44.092814],[11.141897,44.092791],[11.141634,44.09276],[11.141651,44.092727],[11.141934,44.092751],[11.141962,44.092734],[11.141996,44.092457],[11.142153,44.09196],[11.142175,44.091835],[11.142204,44.091608],[11.142187,44.09159],[11.142158,44.091591],[11.142171,44.091515],[11.142603,44.091606],[11.142905,44.091623],[11.143114,44.091677],[11.143587,44.091696],[11.143855,44.091757],[11.144018,44.091722],[11.144148,44.091659],[11.144267,44.091513],[11.144382,44.091468],[11.14475,44.091434],[11.144947,44.091491],[11.145084,44.091493],[11.145646,44.091389],[11.145707,44.091398],[11.145721,44.091388],[11.145868,44.091124],[11.145783,44.090952],[11.145731,44.090737],[11.145498,44.09017],[11.145376,44.090022],[11.145259,44.089512],[11.145085,44.089437],[11.144895,44.089208],[11.144734,44.089077],[11.144655,44.089037],[11.145506,44.088561],[11.145679,44.088612],[11.146028,44.088775],[11.146253,44.088818],[11.146556,44.088798],[11.147064,44.088795],[11.147576,44.088719],[11.147731,44.088744],[11.147982,44.088621],[11.148431,44.088578],[11.148798,44.088511],[11.149151,44.088502],[11.149272,44.088462],[11.149462,44.088465],[11.14992,44.088212],[11.150172,44.088034],[11.150718,44.087969],[11.150942,44.087904],[11.151033,44.087912],[11.151444,44.087817],[11.151783,44.087844],[11.152013,44.087816],[11.152255,44.087743],[11.152503,44.087724],[11.152646,44.087659],[11.152778,44.087618],[11.153017,44.087596],[11.153104,44.08761],[11.153178,44.087599],[11.153382,44.087497],[11.153595,44.087429],[11.153719,44.087357],[11.153846,44.087349],[11.153944,44.087313],[11.154091,44.087172],[11.154228,44.087129],[11.154523,44.086997],[11.15472,44.086938],[11.154737,44.086877],[11.154702,44.08681],[11.15479,44.086695],[11.15495,44.086563],[11.155013,44.086529],[11.155289,44.086453],[11.155423,44.086358],[11.155513,44.086535],[11.155626,44.086502],[11.155669,44.086432],[11.155656,44.086405],[11.155714,44.086347],[11.155958,44.086259],[11.155951,44.086227],[11.155885,44.086186],[11.155834,44.086098],[11.155837,44.086002],[11.155901,44.08584],[11.155942,44.085801],[11.155883,44.086002],[11.155883,44.086082],[11.155905,44.086119],[11.155952,44.086142],[11.155993,44.086138],[11.156013,44.086004],[11.156194,44.08587],[11.156301,44.085751],[11.156381,44.085567],[11.156472,44.085529],[11.156589,44.085591],[11.15663,44.085637],[11.156666,44.085643],[11.156817,44.085383],[11.157381,44.085148],[11.157401,44.085223],[11.157509,44.085288],[11.157771,44.085336],[11.157815,44.08536],[11.157887,44.085314],[11.158506,44.085137],[11.158596,44.085128],[11.158716,44.085159],[11.15899,44.08506],[11.159149,44.085063],[11.159358,44.08502],[11.159407,44.084989],[11.159528,44.084969],[11.159609,44.084928],[11.159874,44.084914],[11.160427,44.085006],[11.160489,44.084995],[11.160523,44.084961],[11.160832,44.084974],[11.160887,44.084929],[11.160942,44.084805],[11.161504,44.084704],[11.162078,44.084678],[11.162339,44.08468],[11.162533,44.084635],[11.162646,44.084511],[11.162875,44.084431],[11.163097,44.084293],[11.163538,44.08411],[11.163566,44.084149],[11.164209,44.084447],[11.164242,44.084443],[11.164353,44.084332],[11.164451,44.08427],[11.164582,44.084216],[11.164721,44.084187],[11.164965,44.084244],[11.165682,44.084487],[11.165932,44.084551],[11.167201,44.084768],[11.167521,44.084803],[11.16823,44.084481],[11.168982,44.084936],[11.169572,44.085575],[11.170062,44.085948],[11.170843,44.087242],[11.170894,44.087266],[11.17102,44.087097],[11.171016,44.087052],[11.170892,44.086802],[11.17089,44.086738],[11.17092,44.086667],[11.171012,44.086585],[11.171121,44.086546],[11.171184,44.086563],[11.171216,44.086556],[11.171404,44.086466],[11.171441,44.086587],[11.171506,44.086713],[11.17164,44.086804],[11.171711,44.086797],[11.171976,44.086697],[11.17205,44.08669],[11.17221,44.086587],[11.172259,44.086309],[11.172237,44.086263],[11.172115,44.086172],[11.172114,44.086128],[11.172075,44.086085],[11.172107,44.085981],[11.172118,44.08585],[11.17208,44.085761],[11.172084,44.08569],[11.172226,44.085633],[11.172461,44.085612],[11.17249,44.085567],[11.172475,44.085385],[11.172527,44.085279],[11.172692,44.085103],[11.172893,44.085096],[11.173046,44.085034],[11.173299,44.084889],[11.173406,44.08486],[11.173513,44.084805],[11.173727,44.0846],[11.173823,44.084534],[11.174442,44.084541],[11.174729,44.084577],[11.174792,44.084538],[11.175351,44.084743],[11.1754,44.084779],[11.175489,44.084978],[11.175571,44.085015],[11.175784,44.084968],[11.176039,44.084862],[11.176217,44.084808],[11.176421,44.084785],[11.176736,44.084723],[11.177158,44.084696],[11.177404,44.08474],[11.177541,44.084799],[11.177585,44.084848],[11.177581,44.085082],[11.177652,44.085147],[11.17778,44.085165],[11.178066,44.085144],[11.178308,44.085097],[11.178327,44.085124],[11.1783,44.085213],[11.178351,44.085427],[11.178343,44.085549],[11.178486,44.085639],[11.178629,44.085678],[11.178708,44.085679],[11.178754,44.085663],[11.178892,44.085559],[11.179652,44.08514],[11.179891,44.08507],[11.180111,44.08513],[11.180248,44.085258],[11.180383,44.085334],[11.180583,44.085377],[11.180601,44.085518],[11.180669,44.085668],[11.180688,44.085874],[11.180755,44.085938],[11.181004,44.086006],[11.18106,44.086103],[11.181102,44.086133],[11.181252,44.086168]]]]},"properties":{"prov":"PO","comune_amm":"L775","comune_descr":"VERNIO","fascia":"E","zona":"E1","zona_descr":"MONTEPIANO - LA BADIA - RISUBBIANI - LA STORAIA","microzona":2,"semestre":"2025/1"}},{"type":"Feature","geometry":{"type":"Polygon","coordinates":[[[11.092554,44.092141],[11.092954,44.091801],[11.093754,44.091672],[11.094547,44.091424],[11.09479,44.09125],[11.095136,44.090698],[11.096125,44.0902],[11.096256,44.090259],[11.096489,44.090179],[11.096669,44.090079],[11.097046,44.08979],[11.097351,44.089653],[11.097512,44.089493],[11.098222,44.089267],[11.098556,44.08921],[11.099075,44.089065],[11.099177,44.088873],[11.099364,44.088736],[11.09983,44.088489],[11.099965,44.088141],[11.100027,44.087857],[11.100069,44.087772],[11.100114,44.087424],[11.100681,44.087154],[11.10087,44.087029],[11.101076,44.086386],[11.10132,44.08596],[11.101568,44.085819],[11.101672,44.085808],[11.101794,44.085832],[11.101839,44.085824],[11.102001,44.085717],[11.102271,44.085592],[11.102369,44.085381],[11.102551,44.085301],[11.102673,44.085274],[11.102899,44.085112],[11.103038,44.085078],[11.10309,44.084847],[11.102913,44.084407],[11.102953,44.084059],[11.102987,44.083975],[11.103001,44.083734],[11.103302,44.083501],[11.103585,44.083429],[11.103766,44.083359],[11.103857,44.083374],[11.104142,44.08337],[11.104379,44.083206],[11.104488,44.083107],[11.104511,44.082912],[11.104487,44.082754],[11.104565,44.082531],[11.104446,44.082383],[11.104378,44.082356],[11.104327,44.082268],[11.104282,44.082043],[11.10435,44.081946],[11.104292,44.08187],[11.104254,44.081781],[11.104249,44.081687],[11.104292,44.081574],[11.104418,44.081387],[11.104371,44.081257],[11.104346,44.081101],[11.104354,44.0809],[11.104396,44.080692],[11.104479,44.080598],[11.104618,44.080293],[11.104644,44.080093],[11.104553,44.079857],[11.104546,44.079684],[11.1044,44.079304],[11.1044,44.079001],[11.10442,44.078878],[11.104353,44.078653],[11.104235,44.078443],[11.104156,44.078252],[11.104103,44.078173],[11.104042,44.078122],[11.104048,44.078083],[11.104017,44.07804],[11.103807,44.077894],[11.103348,44.077784],[11.103249,44.077721],[11.103034,44.07721],[11.103038,44.077117],[11.103333,44.076789],[11.103356,44.076678],[11.103279,44.076652],[11.103112,44.076426],[11.103125,44.076361],[11.103106,44.076218],[11.103138,44.075814],[11.103072,44.075722],[11.102842,44.075587],[11.102819,44.075534],[11.102741,44.075445],[11.102658,44.075222],[11.102656,44.075135],[11.102838,44.074946],[11.102983,44.074887],[11.103166,44.074867],[11.103225,44.074845],[11.103263,44.074794],[11.103451,44.074649],[11.10348,44.074517],[11.103432,44.074218],[11.103403,44.07416],[11.103219,44.074019],[11.103213,44.073963],[11.103332,44.073892],[11.103438,44.073732],[11.103536,44.073704],[11.103612,44.073659],[11.103774,44.073474],[11.103888,44.073416],[11.103949,44.073403],[11.104157,44.073403],[11.104241,44.073337],[11.104248,44.073288],[11.104197,44.072978],[11.104075,44.072751],[11.104057,44.07267],[11.104026,44.072233],[11.103974,44.072124],[11.103881,44.071995],[11.103785,44.071925],[11.103741,44.071782],[11.103952,44.071383],[11.104285,44.071078],[11.104327,44.071021],[11.104331,44.070984],[11.104287,44.070926],[11.104141,44.070843],[11.103852,44.070802],[11.104469,44.070129],[11.105012,44.069939],[11.105195,44.069906],[11.105509,44.069879],[11.105806,44.070003],[11.106342,44.070138],[11.10649,44.07016],[11.106742,44.070166],[11.107093,44.070148],[11.107341,44.070047],[11.107398,44.069995],[11.107439,44.069927],[11.107486,44.069794],[11.107498,44.069254],[11.10755,44.069122],[11.107676,44.069015],[11.108111,44.068812],[11.108242,44.068729],[11.108311,44.068663],[11.108335,44.068603],[11.108315,44.068485],[11.10815,44.068373],[11.108058,44.068269],[11.107891,44.068024],[11.107609,44.067835],[11.107319,44.067741],[11.107297,44.067704],[11.10731,44.067629],[11.107538,44.067259],[11.107457,44.067049],[11.107325,44.066854],[11.107277,44.066708],[11.107369,44.066328],[11.107447,44.066218],[11.107571,44.066124],[11.107782,44.066014],[11.108276,44.065793],[11.108392,44.065768],[11.108482,44.065712],[11.108793,44.065579],[11.109492,44.065145],[11.109697,44.065079],[11.10987,44.064997],[11.110177,44.064788],[11.110574,44.064597],[11.110729,44.06447],[11.11079,44.064227],[11.110798,44.064113],[11.110851,44.063955],[11.110911,44.063852],[11.111004,44.063757],[11.111068,44.06372],[11.111305,44.063691],[11.111468,44.063728],[11.111605,44.063793],[11.111957,44.064009],[11.112213,44.064074],[11.112341,44.06403],[11.112605,44.063788],[11.112718,44.063602],[11.112753,44.063502],[11.112753,44.063332],[11.112678,44.063225],[11.112622,44.063193],[11.112304,44.063137],[11.112156,44.063022],[11.112109,44.062891],[11.112133,44.062832],[11.112555,44.06249],[11.112565,44.062404],[11.112446,44.06223],[11.112363,44.062038],[11.112395,44.061933],[11.112527,44.061713],[11.112472,44.061593],[11.112365,44.061523],[11.112191,44.061458],[11.111167,44.06117],[11.110981,44.061051],[11.110936,44.060964],[11.110972,44.060879],[11.111393,44.060505],[11.111399,44.060243],[11.11132,44.060078],[11.111185,44.059918],[11.110826,44.059647],[11.110611,44.059398],[11.110214,44.059052],[11.110095,44.058985],[11.109884,44.058914],[11.109745,44.05884],[11.109519,44.058678],[11.109394,44.058379],[11.109643,44.058027],[11.109869,44.057857],[11.109781,44.057641],[11.109543,44.057485],[11.109304,44.057493],[11.108867,44.057452],[11.108241,44.057024],[11.108012,44.056811],[11.107956,44.056693],[11.107966,44.056632],[11.108059,44.056415],[11.108231,44.05618],[11.108266,44.055905],[11.107634,44.055531],[11.10752,44.055486],[11.107365,44.055464],[11.106684,44.055514],[11.106451,44.05543],[11.106315,44.055296],[11.106333,44.055115],[11.106556,44.054574],[11.105987,44.054264],[11.105969,44.054157],[11.10609,44.053808],[11.106058,44.053667],[11.105875,44.053582],[11.105735,44.053567],[11.105589,44.053503],[11.105539,44.053367],[11.105656,44.053239],[11.105837,44.053206],[11.10612,44.053231],[11.106625,44.053154],[11.106846,44.052909],[11.106815,44.052756],[11.106608,44.052213],[11.106669,44.052094],[11.106775,44.052016],[11.107272,44.051756],[11.107476,44.051629],[11.107637,44.05148],[11.107681,44.05139],[11.107685,44.051272],[11.107656,44.051134],[11.107404,44.050829],[11.107284,44.050635],[11.107246,44.050525],[11.107244,44.050408],[11.107276,44.050349],[11.107909,44.050068],[11.108008,44.050003],[11.108064,44.049918],[11.108062,44.049804],[11.107973,44.049502],[11.107968,44.049419],[11.108039,44.049266],[11.108168,44.049149],[11.108453,44.049016],[11.10861,44.048879],[11.108859,44.04836],[11.109002,44.04814],[11.109339,44.047786],[11.109969,44.046967],[11.110875,44.046231],[11.111173,44.046033],[11.111613,44.045888],[11.111699,44.045901],[11.111959,44.046112],[11.112197,44.046229],[11.11242,44.046252],[11.112815,44.046254],[11.112949,44.046222],[11.113054,44.046035],[11.113229,44.045582],[11.113787,44.04528],[11.114159,44.045197],[11.114374,44.045093],[11.114434,44.045078],[11.115305,44.04495],[11.115671,44.044829],[11.116051,44.044677],[11.116219,44.044658],[11.116464,44.044777],[11.116588,44.044817],[11.117087,44.044785],[11.117487,44.044726],[11.118263,44.044279],[11.11845,44.044227],[11.118752,44.044035],[11.118866,44.043902],[11.118895,44.043679],[11.119316,44.04359],[11.120061,44.043394],[11.120662,44.043358],[11.121308,44.043179],[11.121679,44.043054],[11.121836,44.04303],[11.122458,44.043178],[11.122603,44.043328],[11.12262,44.04342],[11.12256,44.0438],[11.122566,44.043891],[11.122605,44.043966],[11.122643,44.044008],[11.122767,44.044062],[11.123041,44.04408],[11.123362,44.043948],[11.123566,44.043821],[11.123607,44.043727],[11.123566,44.043467],[11.123586,44.043314],[11.123641,44.043174],[11.123861,44.043039],[11.124029,44.04299],[11.124253,44.043027],[11.124713,44.043066],[11.125118,44.04314],[11.125396,44.043113],[11.125923,44.043088],[11.12634,44.043178],[11.12689,44.042928],[11.127065,44.0429],[11.127318,44.042929],[11.127453,44.042888],[11.127816,44.042593],[11.128036,44.042527],[11.128538,44.042506],[11.129175,44.042536],[11.12954,44.042444],[11.129747,44.042337],[11.130003,44.042164],[11.130107,44.041976],[11.130384,44.041733],[11.130452,44.041411],[11.130467,44.041203],[11.130501,44.0411],[11.130557,44.041048],[11.130666,44.041025],[11.130932,44.041126],[11.131118,44.041138],[11.131275,44.041124],[11.131731,44.04104],[11.13223,44.0409],[11.132342,44.040841],[11.132367,44.040779],[11.132342,44.040737],[11.132182,44.040639],[11.132164,44.040463],[11.132342,44.040186],[11.132825,44.039982],[11.133329,44.040209],[11.133724,44.039946],[11.133712,44.039804],[11.133597,44.03969],[11.133152,44.039422],[11.132882,44.039279],[11.130325,44.038275],[11.131238,44.037011],[11.131298,44.036863],[11.131806,44.036065],[11.131951,44.035909],[11.132179,44.035736],[11.132533,44.035701],[11.132794,44.035771],[11.133112,44.035778],[11.133176,44.035761],[11.133263,44.035696],[11.133798,44.035544],[11.134079,44.035336],[11.134178,44.035299],[11.134424,44.035263],[11.135023,44.035231],[11.135116,44.035331],[11.135263,44.035446],[11.136175,44.036006],[11.136616,44.036217],[11.136998,44.036337],[11.137079,44.036338],[11.137157,44.036369],[11.137784,44.036873],[11.137847,44.0369],[11.137891,44.03694],[11.138017,44.036968],[11.138282,44.03691],[11.138433,44.036835],[11.138599,44.03679],[11.138714,44.036767],[11.138823,44.036783],[11.139005,44.036743],[11.139652,44.036427],[11.139692,44.036425],[11.139804,44.036345],[11.139943,44.036313],[11.140548,44.037204],[11.140916,44.03748],[11.140799,44.037638],[11.140586,44.037851],[11.140592,44.037876],[11.141216,44.038221],[11.141151,44.038327],[11.141163,44.038352],[11.142129,44.038631],[11.142224,44.038584],[11.142439,44.038943],[11.142453,44.039018],[11.142565,44.039048],[11.142629,44.039123],[11.142717,44.039153],[11.142841,44.039293],[11.142937,44.039369],[11.143027,44.039384],[11.143027,44.03945],[11.14335,44.03991],[11.142356,44.040284],[11.14226,44.040428],[11.142267,44.04045],[11.142803,44.040758],[11.143277,44.04078],[11.14471,44.040634],[11.144799,44.040678],[11.144736,44.040812],[11.14473,44.040864],[11.144752,44.041016],[11.144847,44.041257],[11.144839,44.041357],[11.145252,44.041363],[11.145449,44.041427],[11.145741,44.041495],[11.145784,44.041969],[11.145907,44.042131],[11.14597,44.042175],[11.146244,44.042257],[11.146568,44.042251],[11.146267,44.042332],[11.14627,44.042644],[11.146182,44.042778],[11.146132,44.042787],[11.146132,44.042803],[11.146169,44.042821],[11.146156,44.042849],[11.145732,44.042753],[11.1457,44.042764],[11.145663,44.042837],[11.145473,44.042864],[11.144843,44.042639],[11.144735,44.04271],[11.144636,44.042751],[11.144603,44.042794],[11.144515,44.042846],[11.144404,44.042804],[11.14428,44.042805],[11.144265,44.042842],[11.144292,44.042959],[11.144375,44.043054],[11.144629,44.043222],[11.145374,44.04366],[11.145712,44.043889],[11.145893,44.043962],[11.14597,44.044047],[11.146107,44.044136],[11.146457,44.044243],[11.146589,44.044245],[11.148045,44.043917],[11.148092,44.044069],[11.147476,44.044332],[11.147075,44.04447],[11.146333,44.044531],[11.146064,44.044495],[11.145183,44.044197],[11.144937,44.044072],[11.144734,44.043899],[11.144328,44.043397],[11.144088,44.043224],[11.143864,44.043187],[11.143648,44.043214],[11.143132,44.043347],[11.142856,44.043675],[11.142821,44.043807],[11.142714,44.04382],[11.142603,44.043859],[11.142173,44.043951],[11.141666,44.044188],[11.141445,44.044319],[11.14117,44.044449],[11.14059,44.044484],[11.140363,44.044557],[11.139884,44.044587],[11.13955,44.044632],[11.139245,44.044608],[11.13868,44.044488],[11.137793,44.044159],[11.136516,44.043744],[11.135862,44.043562],[11.135446,44.043467],[11.135127,44.043356],[11.134354,44.043196],[11.134226,44.043229],[11.134211,44.043242],[11.134228,44.043266],[11.134485,44.043313],[11.134798,44.043398],[11.134761,44.043492],[11.134596,44.043757],[11.13409,44.044436],[11.134125,44.044451],[11.134502,44.044459],[11.135057,44.044504],[11.135288,44.044557],[11.135852,44.044636],[11.136014,44.044603],[11.136428,44.044697],[11.136598,44.04469],[11.13674,44.04462],[11.13683,44.044629],[11.137095,44.044732],[11.137192,44.044677],[11.137514,44.044686],[11.137759,44.044651],[11.137888,44.044659],[11.138851,44.044946],[11.139777,44.044845],[11.139801,44.044853],[11.139842,44.044836],[11.140126,44.044819],[11.140173,44.044845],[11.140239,44.044855],[11.140425,44.044837],[11.140778,44.044727],[11.140973,44.044698],[11.141463,44.044721],[11.141495,44.044734],[11.141694,44.04474],[11.141785,44.044728],[11.142067,44.044749],[11.142588,44.044677],[11.142637,44.044704],[11.142667,44.044688],[11.142733,44.044698],[11.142794,44.04476],[11.14271,44.044883],[11.14272,44.044907],[11.142739,44.044909],[11.142853,44.044791],[11.142931,44.044839],[11.143333,44.044769],[11.143455,44.044707],[11.143627,44.044565],[11.143758,44.044518],[11.144085,44.044443],[11.144359,44.04445],[11.144478,44.044492],[11.144819,44.044669],[11.145024,44.044734],[11.145341,44.044774],[11.145527,44.044775],[11.145563,44.044809],[11.145706,44.044848],[11.145323,44.044841],[11.145297,44.044859],[11.145305,44.044871],[11.145474,44.044989],[11.145506,44.044997],[11.145512,44.045033],[11.145841,44.045145],[11.146318,44.045398],[11.14645,44.045453],[11.146604,44.045475],[11.146658,44.045505],[11.14675,44.045695],[11.146814,44.045754],[11.147039,44.045897],[11.147108,44.045963],[11.147194,44.046006],[11.147581,44.046143],[11.147749,44.046183],[11.147844,44.046182],[11.147907,44.046212],[11.148123,44.046238],[11.148149,44.046372],[11.148197,44.04646],[11.148299,44.04653],[11.148374,44.046608],[11.148343,44.046655],[11.1482,44.046532],[11.148173,44.046526],[11.148116,44.046575],[11.147801,44.046622],[11.147584,44.046719],[11.147541,44.046799],[11.147494,44.046833],[11.146975,44.046918],[11.14695,44.046892],[11.146907,44.046896],[11.146775,44.046965],[11.146751,44.047038],[11.146403,44.047009],[11.146385,44.047039],[11.146116,44.047084],[11.146093,44.047137],[11.145805,44.047104],[11.145467,44.047102],[11.145442,44.047117],[11.145395,44.047271],[11.144486,44.04716],[11.144453,44.047173],[11.144444,44.04721],[11.144462,44.047267],[11.1445,44.047269],[11.144533,44.047311],[11.144624,44.047359],[11.144717,44.047594],[11.144752,44.047605],[11.144856,44.047572],[11.144884,44.047597],[11.144919,44.047601],[11.144991,44.047736],[11.145105,44.047725],[11.145263,44.047997],[11.145299,44.048295],[11.14525,44.04841],[11.144941,44.048635],[11.14496,44.048655],[11.145168,44.048687],[11.145149,44.048729],[11.145162,44.048791],[11.145344,44.048817],[11.145351,44.048882],[11.145397,44.048908],[11.145432,44.049018],[11.145468,44.049034],[11.145539,44.049169],[11.145535,44.049334],[11.145357,44.049599],[11.145279,44.04978],[11.145317,44.04978],[11.145375,44.049737],[11.145935,44.04997],[11.146131,44.049876],[11.146254,44.050064],[11.146286,44.050057],[11.146416,44.049905],[11.146475,44.049937],[11.146651,44.049994],[11.146571,44.050115],[11.146578,44.050138],[11.146861,44.050275],[11.147051,44.050413],[11.147205,44.050539],[11.147473,44.050813],[11.147502,44.050806],[11.147857,44.050404],[11.147901,44.050437],[11.147977,44.050654],[11.148061,44.050741],[11.148074,44.050862],[11.148118,44.050916],[11.148198,44.050918],[11.148464,44.050813],[11.148517,44.050883],[11.14853,44.050935],[11.148573,44.050959],[11.148606,44.050927],[11.14868,44.050905],[11.148689,44.050879],[11.148781,44.050875],[11.148811,44.050789],[11.148924,44.050793],[11.148963,44.050707],[11.149286,44.050685],[11.149411,44.050717],[11.149544,44.050776],[11.149728,44.050888],[11.149741,44.050953],[11.149761,44.050968],[11.149836,44.050948],[11.149906,44.050988],[11.149992,44.050988],[11.150084,44.050935],[11.150106,44.050996],[11.150131,44.051009],[11.150481,44.05101],[11.150503,44.051194],[11.150797,44.051193],[11.150825,44.05141],[11.150794,44.051505],[11.150821,44.051598],[11.150765,44.051612],[11.15076,44.051626],[11.150777,44.05173],[11.150575,44.051882],[11.150724,44.051972],[11.150634,44.052038],[11.150614,44.052125],[11.150651,44.052252],[11.150714,44.052292],[11.151011,44.052567],[11.151507,44.052785],[11.151562,44.052732],[11.151745,44.052662],[11.151816,44.052588],[11.151877,44.052563],[11.152329,44.052554],[11.152328,44.052574],[11.152094,44.052575],[11.151984,44.052632],[11.151954,44.052676],[11.151967,44.052734],[11.151851,44.052808],[11.151764,44.052911],[11.151842,44.053026],[11.151798,44.053176],[11.15185,44.053281],[11.151885,44.05329],[11.152114,44.053198],[11.152222,44.053353],[11.152068,44.053365],[11.151989,44.053566],[11.152743,44.053683],[11.153179,44.053729],[11.15339,44.053826],[11.153438,44.053938],[11.153604,44.053896],[11.153835,44.053766],[11.153853,44.053776],[11.15364,44.053909],[11.153721,44.054],[11.153459,44.054389],[11.153204,44.054516],[11.153052,44.054534],[11.152885,44.054834],[11.152886,44.054925],[11.152846,44.054971],[11.152668,44.054902],[11.152635,44.054907],[11.152641,44.054933],[11.152758,44.054996],[11.152734,44.055022],[11.152666,44.055016],[11.152504,44.055193],[11.152511,44.055219],[11.152586,44.055254],[11.152371,44.055517],[11.152286,44.055768],[11.152212,44.056241],[11.152071,44.056556],[11.152078,44.056603],[11.151923,44.056649],[11.151935,44.056719],[11.151634,44.056827],[11.15162,44.056846],[11.151751,44.056951],[11.151949,44.057062],[11.152226,44.05695],[11.15226,44.057048],[11.152246,44.057187],[11.152011,44.057521],[11.151362,44.058238],[11.151277,44.058399],[11.151129,44.058562],[11.150575,44.059078],[11.150302,44.059541],[11.150211,44.060116],[11.150082,44.060189],[11.150107,44.060265],[11.150136,44.060264],[11.150326,44.060157],[11.150657,44.060146],[11.150922,44.059999],[11.151024,44.059864],[11.151231,44.059479],[11.15137,44.059154],[11.151458,44.058852],[11.151567,44.058583],[11.15172,44.058413],[11.151888,44.058151],[11.152069,44.057912],[11.152618,44.057259],[11.152691,44.056694],[11.152936,44.056268],[11.152892,44.056116],[11.152923,44.056018],[11.152996,44.055944],[11.153243,44.055917],[11.153447,44.055982],[11.153589,44.056006],[11.153692,44.05609],[11.153592,44.056018],[11.153557,44.056017],[11.15355,44.056029],[11.153524,44.056264],[11.153542,44.056532],[11.153732,44.056545],[11.154021,44.056652],[11.154078,44.056628],[11.154268,44.056711],[11.154304,44.056702],[11.15426,44.056629],[11.154299,44.056612],[11.154299,44.056597],[11.154165,44.056395],[11.154171,44.056377],[11.154122,44.056331],[11.154033,44.056304],[11.153998,44.056258],[11.15416,44.056238],[11.154642,44.056113],[11.154826,44.056015],[11.155485,44.055903],[11.155774,44.056071],[11.156113,44.056113],[11.156396,44.056232],[11.156505,44.056252],[11.156472,44.056293],[11.156501,44.056367],[11.15662,44.056416],[11.157083,44.056704],[11.157155,44.05677],[11.157262,44.056955],[11.157261,44.057021],[11.157195,44.057188],[11.157182,44.057385],[11.157208,44.057438],[11.157313,44.057547],[11.157436,44.057582],[11.157619,44.057757],[11.157831,44.057902],[11.157883,44.057898],[11.158041,44.057982],[11.158063,44.05815],[11.158045,44.058255],[11.158104,44.058394],[11.158129,44.058395],[11.158159,44.058424],[11.158189,44.058418],[11.158255,44.058464],[11.158393,44.058386],[11.158461,44.058435],[11.158544,44.058389],[11.158854,44.058393],[11.158976,44.058353],[11.158992,44.058324],[11.159016,44.058339],[11.159108,44.058656],[11.159114,44.058782],[11.15904,44.058935],[11.158967,44.059026],[11.158973,44.059049],[11.159183,44.059066],[11.159192,44.059148],[11.159213,44.059165],[11.160263,44.05928],[11.160333,44.059271],[11.160459,44.059197],[11.160465,44.059176],[11.160412,44.05909],[11.160503,44.0589],[11.160427,44.05871],[11.160448,44.058626],[11.160595,44.058389],[11.160577,44.058326],[11.160498,44.058285],[11.160454,44.05823],[11.160478,44.058191],[11.160461,44.058117],[11.16051,44.057858],[11.160484,44.057754],[11.160562,44.057662],[11.160576,44.057518],[11.160548,44.057486],[11.160481,44.057461],[11.160393,44.057323],[11.160459,44.057123],[11.160431,44.057063],[11.16028,44.056983],[11.160188,44.056966],[11.159956,44.057014],[11.159929,44.057002],[11.159794,44.056733],[11.15942,44.056425],[11.159392,44.056331],[11.159397,44.056252],[11.15944,44.056127],[11.159375,44.056013],[11.159581,44.05619],[11.159615,44.056189],[11.159624,44.056158],[11.159313,44.055869],[11.159152,44.055658],[11.159399,44.055353],[11.159397,44.055332],[11.159055,44.055277],[11.158893,44.055222],[11.158606,44.055199],[11.15849,44.055215],[11.158388,44.055191],[11.158193,44.05523],[11.158108,44.055219],[11.157911,44.055128],[11.157766,44.055005],[11.157696,44.054896],[11.157509,44.054839],[11.157476,44.054806],[11.157467,44.054737],[11.157334,44.054651],[11.157307,44.054556],[11.157192,44.054486],[11.157052,44.05443],[11.156881,44.054289],[11.156747,44.054226],[11.156703,44.054172],[11.156496,44.054082],[11.156507,44.054072],[11.156708,44.054159],[11.156741,44.054155],[11.157113,44.053776],[11.157395,44.053567],[11.157809,44.053124],[11.158026,44.053241],[11.158232,44.053301],[11.158344,44.053299],[11.1585,44.05324],[11.158861,44.053207],[11.159022,44.052938],[11.159048,44.052806],[11.159019,44.052701],[11.159031,44.05269],[11.15907,44.052799],[11.159046,44.052917],[11.159072,44.052938],[11.159852,44.052908],[11.160031,44.053364],[11.160221,44.053556],[11.160514,44.053776],[11.160583,44.053852],[11.160735,44.054135],[11.160842,44.054225],[11.161118,44.05431],[11.161436,44.05427],[11.161595,44.054296],[11.16175,44.054411],[11.161834,44.054427],[11.161896,44.054406],[11.162018,44.054302],[11.162198,44.054089],[11.162264,44.054032],[11.162776,44.053904],[11.162704,44.05377],[11.162661,44.053601],[11.162787,44.053571],[11.162988,44.053554],[11.163187,44.053473],[11.163653,44.053397],[11.163849,44.053384],[11.16423,44.053395],[11.164724,44.053372],[11.165015,44.0534],[11.16532,44.053486],[11.165573,44.053502],[11.165893,44.053489],[11.165932,44.053457],[11.166917,44.053463],[11.167026,44.053327],[11.16684,44.053258],[11.166738,44.053086],[11.166679,44.053044],[11.166579,44.053031],[11.166406,44.052915],[11.166106,44.05289],[11.165939,44.052846],[11.165661,44.052821],[11.165501,44.052845],[11.165237,44.052718],[11.165088,44.052556],[11.164444,44.052266],[11.164341,44.052246],[11.164074,44.052067],[11.163893,44.052068],[11.163734,44.052001],[11.163483,44.051819],[11.163095,44.051626],[11.163073,44.051548],[11.163032,44.051511],[11.162883,44.051451],[11.162723,44.051437],[11.162639,44.051376],[11.162598,44.051365],[11.162418,44.051371],[11.16221,44.051347],[11.162112,44.051305],[11.16208,44.051269],[11.161988,44.051239],[11.161904,44.051235],[11.161807,44.051157],[11.161717,44.051141],[11.161631,44.051153],[11.161431,44.051006],[11.161334,44.050966],[11.16118,44.05094],[11.161147,44.050882],[11.16102,44.050781],[11.160836,44.050724],[11.160678,44.050656],[11.160515,44.05054],[11.160498,44.050489],[11.160366,44.050391],[11.160249,44.05038],[11.160109,44.050455],[11.159999,44.050485],[11.15988,44.050492],[11.159763,44.050465],[11.159606,44.050353],[11.159275,44.050268],[11.159108,44.050243],[11.158996,44.050264],[11.15884,44.050224],[11.158608,44.05009],[11.158484,44.050072],[11.158373,44.050022],[11.158292,44.049966],[11.158174,44.049774],[11.157983,44.049673],[11.157676,44.049391],[11.157688,44.04932],[11.157559,44.049235],[11.157554,44.049216],[11.157312,44.04917],[11.157114,44.049175],[11.156914,44.049207],[11.156693,44.048893],[11.15663,44.048747],[11.15641,44.048397],[11.156287,44.048038],[11.156185,44.047877],[11.156101,44.047699],[11.156031,44.047604],[11.15592,44.047517],[11.155848,44.04749],[11.155594,44.047479],[11.155416,44.04742],[11.154722,44.047385],[11.154097,44.047377],[11.153729,44.047261],[11.1536,44.047173],[11.153106,44.046689],[11.152937,44.046597],[11.152683,44.046491],[11.152644,44.046495],[11.152193,44.046315],[11.151983,44.046194],[11.151827,44.046044],[11.151682,44.045771],[11.151612,44.045478],[11.151526,44.045356],[11.151579,44.045323],[11.151218,44.044001],[11.151197,44.043796],[11.15121,44.043497],[11.150804,44.042996],[11.150784,44.04295],[11.151294,44.042659],[11.151316,44.04267],[11.151351,44.042662],[11.151353,44.042618],[11.151642,44.04239],[11.151798,44.042188],[11.152122,44.041532],[11.15212,44.041277],[11.152164,44.041103],[11.152151,44.041084],[11.152074,44.041057],[11.152074,44.040999],[11.152125,44.041008],[11.152149,44.040992],[11.152323,44.040385],[11.152672,44.040011],[11.152666,44.039986],[11.152599,44.039948],[11.152698,44.039868],[11.153251,44.039562],[11.153675,44.039343],[11.154121,44.039154],[11.154215,44.039068],[11.154282,44.038846],[11.154397,44.038562],[11.154493,44.038494],[11.154668,44.038128],[11.155009,44.037557],[11.155018,44.037516],[11.155268,44.037134],[11.155546,44.036882],[11.155789,44.036698],[11.155943,44.03665],[11.156032,44.036477],[11.156081,44.036333],[11.155961,44.036085],[11.155848,44.035986],[11.155821,44.03598],[11.155783,44.036008],[11.155048,44.035637],[11.154968,44.03556],[11.154909,44.03555],[11.154652,44.035371],[11.154616,44.035299],[11.154538,44.035275],[11.154378,44.035128],[11.154396,44.035095],[11.154343,44.035079],[11.15428,44.034909],[11.154307,44.034756],[11.154327,44.034739],[11.15432,44.034703],[11.154398,44.034483],[11.154439,44.034467],[11.154438,44.034412],[11.154472,44.034367],[11.154521,44.03434],[11.154525,44.034302],[11.154677,44.034084],[11.154892,44.033709],[11.154908,44.033088],[11.154819,44.032763],[11.15479,44.032467],[11.15459,44.032012],[11.154384,44.031412],[11.154366,44.031234],[11.154301,44.030967],[11.154426,44.030955],[11.154448,44.030936],[11.154367,44.030063],[11.154199,44.029432],[11.154124,44.029349],[11.153881,44.029239],[11.153377,44.029347],[11.15268,44.029046],[11.15251,44.028628],[11.152256,44.028392],[11.151771,44.028103],[11.151508,44.028062],[11.150076,44.028049],[11.148333,44.027936],[11.148231,44.027903],[11.148271,44.02769],[11.148806,44.027118],[11.148848,44.027002],[11.148972,44.026899],[11.149148,44.026842],[11.149514,44.026947],[11.149719,44.026934],[11.149871,44.026809],[11.149848,44.026767],[11.149855,44.026731],[11.149953,44.026627],[11.149966,44.026577],[11.149948,44.026544],[11.149907,44.026516],[11.149814,44.026533],[11.149726,44.026519],[11.149039,44.026292],[11.148607,44.026037],[11.148564,44.026025],[11.148459,44.026031],[11.14839,44.026012],[11.148078,44.02587],[11.147826,44.025717],[11.147348,44.025401],[11.147286,44.02534],[11.147102,44.025277],[11.147027,44.025272],[11.146946,44.025184],[11.146769,44.02506],[11.146445,44.024711],[11.145942,44.024473],[11.145844,44.02439],[11.145783,44.024231],[11.145684,44.024092],[11.145448,44.023835],[11.145255,44.023662],[11.14503,44.023523],[11.144924,44.023432],[11.144663,44.023331],[11.143973,44.022919],[11.143746,44.022768],[11.14362,44.022659],[11.143312,44.022459],[11.143035,44.02219],[11.142823,44.021933],[11.142724,44.021851],[11.142676,44.021738],[11.143108,44.021641],[11.142966,44.021165],[11.143235,44.02128],[11.144483,44.021207],[11.144771,44.02114],[11.145026,44.021138],[11.145497,44.021289],[11.146994,44.021603],[11.148123,44.02142],[11.149416,44.02112],[11.149644,44.021222],[11.150098,44.021272],[11.150418,44.021397],[11.150781,44.021717],[11.150992,44.021812],[11.15138,44.021896],[11.151625,44.021861],[11.151891,44.021883],[11.152287,44.021824],[11.152342,44.021793],[11.153022,44.021584],[11.153515,44.021458],[11.153726,44.021451],[11.153991,44.021501],[11.15433,44.021479],[11.154382,44.021415],[11.154697,44.021332],[11.155287,44.021271],[11.155372,44.021227],[11.155596,44.021196],[11.155832,44.021202],[11.15594,44.021231],[11.156158,44.021375],[11.156269,44.021422],[11.156405,44.021458],[11.156497,44.021451],[11.156617,44.021488],[11.156702,44.02154],[11.156796,44.021564],[11.156926,44.021649],[11.157004,44.02163],[11.157039,44.021529],[11.157126,44.021487],[11.157336,44.021523],[11.157454,44.021528],[11.157549,44.021572],[11.15763,44.021654],[11.157781,44.021715],[11.157913,44.021716],[11.157907,44.021264],[11.15794,44.021178],[11.157987,44.02117],[11.158128,44.020956],[11.158551,44.019839],[11.158763,44.019768],[11.158985,44.019764],[11.159356,44.019651],[11.159659,44.019751],[11.15974,44.019721],[11.159906,44.0197],[11.160199,44.019851],[11.160583,44.019959],[11.16085,44.019872],[11.161176,44.019981],[11.161212,44.0199],[11.160947,44.019552],[11.161101,44.01947],[11.161476,44.01937],[11.161855,44.019359],[11.161927,44.019443],[11.161962,44.019446],[11.161988,44.019378],[11.162066,44.019383],[11.162093,44.019368],[11.162119,44.019255],[11.162205,44.019131],[11.16226,44.019163],[11.162374,44.019181],[11.162445,44.019125],[11.162505,44.019049],[11.162538,44.018912],[11.162532,44.018828],[11.162498,44.018768],[11.162353,44.018634],[11.162312,44.01849],[11.162331,44.018331],[11.162319,44.018281],[11.162366,44.018131],[11.162514,44.017969],[11.162522,44.01792],[11.162465,44.017793],[11.162137,44.017259],[11.16214,44.017088],[11.162194,44.016964],[11.162375,44.016791],[11.162542,44.016672],[11.162678,44.0166],[11.162871,44.016534],[11.162994,44.016514],[11.163246,44.016419],[11.163345,44.016367],[11.163775,44.016073],[11.164156,44.015859],[11.164288,44.015708],[11.16452,44.015498],[11.164552,44.015382],[11.164532,44.015282],[11.164458,44.015156],[11.16445,44.015051],[11.164461,44.015001],[11.164648,44.014669],[11.164661,44.01452],[11.164755,44.01422],[11.164849,44.014095],[11.165546,44.013406],[11.165572,44.013425],[11.165592,44.013421],[11.165722,44.013352],[11.165846,44.01332],[11.166185,44.013301],[11.166389,44.013267],[11.166776,44.013161],[11.167011,44.013116],[11.167105,44.013074],[11.167233,44.012868],[11.16731,44.012811],[11.167462,44.012732],[11.167701,44.012687],[11.167792,44.012629],[11.167866,44.01255],[11.168005,44.012233],[11.168083,44.012154],[11.168335,44.011982],[11.16851,44.011907],[11.168723,44.01185],[11.169189,44.011801],[11.169463,44.011826],[11.169675,44.011823],[11.170068,44.011746],[11.170391,44.011591],[11.170493,44.011454],[11.171186,44.010827],[11.171648,44.010632],[11.171873,44.010615],[11.172016,44.01054],[11.172389,44.010405],[11.172523,44.010329],[11.17272,44.010247],[11.173046,44.010155],[11.173852,44.01],[11.174126,44.00989],[11.174332,44.009861],[11.174634,44.00989],[11.174666,44.009866],[11.175026,44.009853],[11.175046,44.009862],[11.175025,44.009917],[11.17486,44.010067],[11.174687,44.010378],[11.174694,44.010409],[11.174815,44.010413],[11.174908,44.010447],[11.174922,44.010487],[11.174882,44.010594],[11.17477,44.01069],[11.174721,44.010822],[11.174702,44.010983],[11.175272,44.011459],[11.175387,44.011493],[11.175625,44.011518],[11.175854,44.011504],[11.176128,44.011259],[11.176233,44.011126],[11.176456,44.010994],[11.176552,44.010896],[11.176751,44.010779],[11.17677,44.01069],[11.176882,44.010616],[11.177003,44.01058],[11.176994,44.010525],[11.176943,44.010446],[11.177162,44.010363],[11.177191,44.010333],[11.177396,44.010387],[11.177698,44.010366],[11.178035,44.010312],[11.178236,44.010349],[11.178614,44.010451],[11.178767,44.010527],[11.178733,44.010587],[11.178548,44.01075],[11.178445,44.010935],[11.178427,44.011075],[11.178547,44.011328],[11.178599,44.01155],[11.178571,44.011652],[11.178439,44.011817],[11.178187,44.012056],[11.178127,44.012191],[11.178125,44.012279],[11.178161,44.012353],[11.178252,44.012442],[11.178299,44.012553],[11.178307,44.012706],[11.178266,44.012901],[11.178311,44.012996],[11.178444,44.013017],[11.178906,44.0128],[11.179178,44.01298],[11.179369,44.013081],[11.179612,44.013389],[11.179707,44.013421],[11.179755,44.013487],[11.179783,44.013653],[11.179925,44.013968],[11.179991,44.014007],[11.180047,44.014084],[11.180178,44.014178],[11.180253,44.014311],[11.180374,44.014444],[11.180443,44.0146],[11.180427,44.014796],[11.180447,44.014959],[11.180507,44.015119],[11.180579,44.01519],[11.181194,44.015445],[11.181544,44.015564],[11.181672,44.01558],[11.181997,44.015555],[11.182127,44.015578],[11.182495,44.015569],[11.182661,44.015611],[11.182798,44.015628],[11.183059,44.015625],[11.183185,44.015603],[11.183386,44.015611],[11.183499,44.015664],[11.183611,44.01579],[11.183711,44.015976],[11.183847,44.016106],[11.183953,44.016129],[11.184144,44.01613],[11.184369,44.016169],[11.184739,44.016331],[11.185078,44.01659],[11.185236,44.016625],[11.185628,44.016802],[11.185881,44.016881],[11.186255,44.017027],[11.186445,44.017056],[11.186532,44.017116],[11.18657,44.017167],[11.186574,44.017272],[11.18664,44.017425],[11.186663,44.017549],[11.186778,44.017711],[11.186908,44.017848],[11.187066,44.018098],[11.187135,44.018308],[11.187113,44.018435],[11.187137,44.01861],[11.187193,44.018752],[11.187437,44.018897],[11.18749,44.019013],[11.187485,44.019044],[11.187342,44.019179],[11.187099,44.019707],[11.187026,44.020289],[11.187193,44.020398],[11.187389,44.020443],[11.187812,44.02049],[11.188046,44.020473],[11.188411,44.02029],[11.188607,44.020376],[11.188812,44.020438],[11.188808,44.020481],[11.18908,44.020967],[11.189284,44.021167],[11.189433,44.021525],[11.189334,44.021828],[11.189278,44.022135],[11.189259,44.02235],[11.189282,44.022471],[11.1897,44.022862],[11.190016,44.023123],[11.190049,44.023172],[11.189775,44.02344],[11.189632,44.023533],[11.18961,44.023579],[11.189639,44.023864],[11.189621,44.024079],[11.189576,44.024288],[11.189586,44.024481],[11.189492,44.024606],[11.189361,44.024704],[11.189158,44.024763],[11.189081,44.024875],[11.189074,44.024924],[11.189157,44.025004],[11.189308,44.025077],[11.189428,44.02526],[11.189574,44.025364],[11.189873,44.025747],[11.189947,44.026003],[11.189962,44.026257],[11.189845,44.026551],[11.189946,44.026997],[11.190006,44.027075],[11.190226,44.027276],[11.190424,44.027406],[11.190598,44.027654],[11.190598,44.028055],[11.190543,44.028341],[11.190583,44.028392],[11.190706,44.02844],[11.190738,44.028471],[11.190757,44.02866],[11.191004,44.029174],[11.191142,44.029311],[11.191168,44.029374],[11.191182,44.029567],[11.191206,44.029609],[11.191087,44.029684],[11.190998,44.030023],[11.191078,44.030327],[11.191201,44.030557],[11.191049,44.031007],[11.190829,44.031401],[11.190774,44.031594],[11.190852,44.031763],[11.19076,44.032095],[11.190418,44.032478],[11.19026,44.032702],[11.190099,44.032892],[11.189958,44.033036],[11.189428,44.033862],[11.18942,44.034063],[11.18931,44.034159],[11.189042,44.034261],[11.188853,44.03429],[11.188288,44.034238],[11.188226,44.034251],[11.188165,44.03423],[11.187878,44.034234],[11.187052,44.034385],[11.186867,44.034505],[11.186611,44.034731],[11.186534,44.03498],[11.186491,44.03502],[11.186073,44.035143],[11.185911,44.035253],[11.185795,44.035385],[11.185624,44.035694],[11.18526,44.035928],[11.185149,44.036096],[11.185057,44.036358],[11.185135,44.036653],[11.185115,44.036743],[11.185045,44.036855],[11.184851,44.037017],[11.184807,44.03712],[11.184796,44.037218],[11.184712,44.037371],[11.184352,44.037778],[11.184279,44.037941],[11.184259,44.038036],[11.18409,44.038181],[11.183901,44.038409],[11.183833,44.038543],[11.18379,44.038573],[11.18381,44.038724],[11.18377,44.038939],[11.183785,44.039008],[11.183848,44.039115],[11.183837,44.039197],[11.183656,44.039279],[11.183427,44.039414],[11.183237,44.039465],[11.182948,44.039499],[11.182642,44.039612],[11.182431,44.039825],[11.182116,44.040058],[11.181773,44.0405],[11.181741,44.040582],[11.181786,44.040803],[11.181766,44.040902],[11.181493,44.041248],[11.181478,44.041318],[11.181372,44.041499],[11.181277,44.041588],[11.181141,44.041673],[11.181085,44.041745],[11.181058,44.041887],[11.181017,44.041974],[11.180952,44.042042],[11.180516,44.042297],[11.180043,44.042495],[11.179732,44.042686],[11.179623,44.04272],[11.179498,44.042721],[11.179473,44.042739],[11.179444,44.04354],[11.179465,44.043643],[11.179444,44.043799],[11.179491,44.044106],[11.179466,44.044192],[11.179469,44.044796],[11.179527,44.04572],[11.179638,44.046014],[11.179577,44.046574],[11.179649,44.046684],[11.180358,44.047251],[11.1807,44.047695],[11.180854,44.048187],[11.180965,44.048804],[11.180807,44.049151],[11.180345,44.049714],[11.180287,44.049873],[11.180233,44.050152],[11.179838,44.050622],[11.179896,44.050965],[11.180053,44.051477],[11.180662,44.052008],[11.18103,44.052098],[11.181636,44.05234],[11.181916,44.052413],[11.182352,44.052596],[11.18316,44.052988],[11.183588,44.053091],[11.183862,44.053116],[11.184048,44.053191],[11.184405,44.053564],[11.18437,44.053671],[11.184365,44.053805],[11.184503,44.054173],[11.184794,44.054741],[11.184916,44.054804],[11.185081,44.055008],[11.185162,44.055164],[11.185318,44.05528],[11.185382,44.055451],[11.185442,44.055537],[11.185718,44.055773],[11.185903,44.055896],[11.185974,44.05596],[11.186076,44.056095],[11.186236,44.056197],[11.18629,44.056262],[11.186343,44.056463],[11.186334,44.056641],[11.186299,44.056779],[11.186138,44.056946],[11.186119,44.057021],[11.186159,44.057053],[11.186411,44.057143],[11.186559,44.057387],[11.186578,44.05746],[11.186529,44.057579],[11.186224,44.057897],[11.186161,44.058],[11.186129,44.058265],[11.186047,44.058365],[11.185826,44.058555],[11.185587,44.059103],[11.185598,44.059243],[11.185683,44.059561],[11.185688,44.059983],[11.185825,44.060771],[11.185824,44.061173],[11.18587,44.061271],[11.185896,44.06139],[11.185847,44.061835],[11.18588,44.061939],[11.186081,44.062132],[11.186328,44.062312],[11.186381,44.06246],[11.186391,44.062723],[11.186439,44.062862],[11.18671,44.063228],[11.18679,44.063312],[11.187031,44.063501],[11.187077,44.063576],[11.187092,44.06366],[11.187014,44.063844],[11.186956,44.063925],[11.18689,44.063967],[11.186843,44.064022],[11.186856,44.064195],[11.186805,44.064461],[11.186708,44.064576],[11.186684,44.06472],[11.186727,44.064956],[11.186885,44.065297],[11.186939,44.065632],[11.186808,44.065923],[11.18659,44.066152],[11.186493,44.066301],[11.186413,44.066368],[11.186221,44.066483],[11.186209,44.067176],[11.18616,44.067385],[11.186151,44.067728],[11.186231,44.067899],[11.18613,44.068293],[11.186046,44.068547],[11.185968,44.06871],[11.185947,44.068969],[11.185993,44.069133],[11.186031,44.069145],[11.186284,44.069417],[11.186397,44.069481],[11.186477,44.069503],[11.186578,44.069585],[11.186757,44.069854],[11.186917,44.070051],[11.187046,44.07017],[11.187115,44.070283],[11.187134,44.070385],[11.18712,44.070463],[11.186891,44.071126],[11.186965,44.071533],[11.186956,44.071578],[11.187029,44.071661],[11.187212,44.071758],[11.18723,44.071814],[11.187299,44.071853],[11.187477,44.072177],[11.187516,44.072324],[11.187451,44.072521],[11.187277,44.072905],[11.188086,44.073159],[11.188036,44.073564],[11.1878,44.073707],[11.187592,44.073758],[11.187414,44.074166],[11.187384,44.074273],[11.187305,44.074395],[11.187215,44.074667],[11.18664,44.074871],[11.186628,44.074893],[11.186686,44.075014],[11.186826,44.075185],[11.186955,44.075237],[11.187348,44.075345],[11.187583,44.075352],[11.188006,44.075586],[11.188043,44.07558],[11.188108,44.075494],[11.188583,44.075347],[11.188714,44.075324],[11.189086,44.07537],[11.189106,44.075472],[11.189131,44.075487],[11.189799,44.075491],[11.189956,44.075548],[11.190045,44.075665],[11.190245,44.07604],[11.190189,44.076084],[11.190127,44.076175],[11.190063,44.076211],[11.189998,44.076224],[11.18918,44.076175],[11.189119,44.076195],[11.189116,44.076221],[11.189392,44.076545],[11.189632,44.077087],[11.189823,44.077331],[11.190061,44.077435],[11.190409,44.07766],[11.190956,44.077854],[11.19137,44.077884],[11.191891,44.077837],[11.192437,44.077767],[11.192598,44.077762],[11.192624,44.077795],[11.193078,44.07784],[11.193654,44.077983],[11.193729,44.078024],[11.193853,44.078152],[11.19443,44.07858],[11.194722,44.078836],[11.194999,44.079024],[11.195388,44.079234],[11.195838,44.079399],[11.196059,44.079565],[11.196924,44.07974],[11.197077,44.079757],[11.19723,44.0798],[11.197377,44.079919],[11.197564,44.080131],[11.198149,44.080594],[11.198164,44.080849],[11.198302,44.081062],[11.198374,44.081129],[11.198509,44.08132],[11.198667,44.081414],[11.198882,44.081476],[11.19905,44.081543],[11.199225,44.081692],[11.199257,44.08182],[11.199311,44.082292],[11.199439,44.082744],[11.199316,44.082833],[11.19908,44.082849],[11.199065,44.082872],[11.199337,44.08303],[11.199379,44.083103],[11.199493,44.083231],[11.199523,44.083309],[11.199584,44.083325],[11.199608,44.083348],[11.199943,44.083406],[11.200082,44.083402],[11.200155,44.083419],[11.200425,44.083545],[11.200662,44.083591],[11.201109,44.083649],[11.201299,44.083709],[11.201567,44.083831],[11.20192,44.083898],[11.202027,44.084032],[11.2022,44.084158],[11.202414,44.084276],[11.203013,44.084424],[11.203134,44.084468],[11.203378,44.084608],[11.203458,44.084681],[11.203625,44.084781],[11.20424,44.084979],[11.204429,44.085001],[11.204496,44.084995],[11.204675,44.084951],[11.204758,44.084913],[11.204818,44.084908],[11.205247,44.084984],[11.205973,44.084931],[11.206132,44.084971],[11.206465,44.085098],[11.206548,44.085203],[11.206348,44.08538],[11.206151,44.085709],[11.206196,44.085787],[11.206313,44.085784],[11.206412,44.085837],[11.206417,44.085932],[11.20652,44.086023],[11.206634,44.086052],[11.206805,44.086031],[11.206974,44.086031],[11.207128,44.086058],[11.207483,44.086184],[11.207958,44.086285],[11.208102,44.086298],[11.208295,44.086416],[11.208384,44.086436],[11.208647,44.086418],[11.208838,44.086483],[11.209021,44.086793],[11.209082,44.08683],[11.209131,44.086841],[11.209415,44.086801],[11.209527,44.086809],[11.209898,44.086965],[11.21023,44.086992],[11.210311,44.087024],[11.210399,44.087106],[11.21045,44.087254],[11.210543,44.087356],[11.210577,44.087442],[11.210592,44.087567],[11.210291,44.0879],[11.210143,44.088012],[11.209959,44.088205],[11.209905,44.088524],[11.209819,44.088823],[11.209791,44.08918],[11.209752,44.089398],[11.209575,44.089604],[11.209502,44.089658],[11.209419,44.089693],[11.20911,44.089787],[11.208751,44.089864],[11.208667,44.089897],[11.208334,44.090125],[11.208177,44.090274],[11.208065,44.090341],[11.207946,44.090372],[11.207882,44.09041],[11.207758,44.090527],[11.20761,44.090951],[11.207544,44.091054],[11.207394,44.091134],[11.207182,44.091354],[11.206964,44.091529],[11.206698,44.09165],[11.206537,44.091613],[11.206487,44.091621],[11.206367,44.091727],[11.20624,44.091778],[11.206161,44.091856],[11.206155,44.091933],[11.206177,44.092023],[11.206123,44.092115],[11.205593,44.092346],[11.205371,44.092502],[11.205272,44.092441],[11.205223,44.09236],[11.205132,44.092289],[11.205029,44.092249],[11.204803,44.092199],[11.204437,44.09216],[11.20417,44.092114],[11.203925,44.092162],[11.203639,44.092264],[11.203457,44.092311],[11.203146,44.09231],[11.20301,44.092282],[11.202905,44.092281],[11.202757,44.092336],[11.202214,44.092683],[11.201879,44.093081],[11.201796,44.093227],[11.201579,44.093336],[11.201262,44.093441],[11.201137,44.093534],[11.200996,44.093713],[11.200849,44.093821],[11.200776,44.093903],[11.200775,44.094067],[11.200755,44.094139],[11.200502,44.094271],[11.200293,44.094633],[11.200008,44.094786],[11.199494,44.095111],[11.199431,44.095447],[11.199507,44.095801],[11.199571,44.095924],[11.199529,44.096107],[11.199412,44.096279],[11.199038,44.096418],[11.198983,44.096478],[11.198959,44.096839],[11.198896,44.096943],[11.198865,44.0971],[11.198809,44.097869],[11.198852,44.098163],[11.198888,44.098244],[11.198972,44.098323],[11.199192,44.098463],[11.199316,44.098491],[11.199545,44.098594],[11.199633,44.098679],[11.199728,44.098855],[11.20022,44.099539],[11.200327,44.099614],[11.200532,44.099885],[11.200604,44.100177],[11.201514,44.10109],[11.198609,44.101742],[11.198508,44.101706],[11.198414,44.101789],[11.198306,44.101839],[11.198274,44.101924],[11.19808,44.101963],[11.198043,44.102],[11.198067,44.102062],[11.197909,44.102054],[11.197738,44.10199],[11.197325,44.102051],[11.197192,44.102007],[11.197098,44.102008],[11.196962,44.102152],[11.196779,44.102262],[11.196675,44.102289],[11.196634,44.10237],[11.19667,44.102485],[11.196644,44.102535],[11.196434,44.102557],[11.196316,44.102506],[11.196218,44.102591],[11.196176,44.102605],[11.196024,44.10258],[11.195967,44.102523],[11.195833,44.102504],[11.195611,44.102513],[11.195559,44.102547],[11.195561,44.102616],[11.195404,44.102886],[11.195287,44.10297],[11.195226,44.10295],[11.195197,44.102912],[11.195001,44.102915],[11.194973,44.102937],[11.194978,44.103001],[11.195063,44.103093],[11.195073,44.103182],[11.195227,44.103222],[11.195312,44.103206],[11.195391,44.103257],[11.195387,44.10331],[11.195282,44.103377],[11.195263,44.103469],[11.195123,44.10357],[11.195014,44.103678],[11.194747,44.103785],[11.194686,44.103929],[11.194601,44.103987],[11.194488,44.103962],[11.194422,44.104104],[11.194249,44.104275],[11.1936,44.10448],[11.193247,44.104512],[11.192651,44.104723],[11.192331,44.104788],[11.19208,44.104775],[11.191862,44.104861],[11.191497,44.104963],[11.19128,44.104952],[11.190517,44.10478],[11.190318,44.104679],[11.19029,44.104679],[11.190001,44.104827],[11.18971,44.104858],[11.189565,44.104967],[11.189411,44.105021],[11.188974,44.105095],[11.188877,44.105147],[11.188605,44.105185],[11.188234,44.105456],[11.188053,44.105558],[11.18747,44.105596],[11.187213,44.105708],[11.187069,44.105798],[11.186789,44.10586],[11.186582,44.10581],[11.186443,44.10576],[11.186132,44.10575],[11.185356,44.105503],[11.184948,44.105473],[11.184637,44.105601],[11.184359,44.105645],[11.183786,44.105423],[11.183524,44.105381],[11.183338,44.105382],[11.182928,44.105522],[11.182763,44.105624],[11.181744,44.105992],[11.181616,44.10613],[11.181523,44.106324],[11.181242,44.106431],[11.18105,44.106325],[11.18082,44.106298],[11.180373,44.106182],[11.180146,44.106167],[11.17999,44.10619],[11.179888,44.106156],[11.17958,44.106208],[11.179025,44.106378],[11.178622,44.106439],[11.178436,44.106535],[11.178295,44.106753],[11.178138,44.106831],[11.178019,44.106838],[11.177647,44.106791],[11.177225,44.106811],[11.177154,44.106828],[11.177084,44.106858],[11.177021,44.106935],[11.176841,44.107077],[11.176039,44.107086],[11.175261,44.107045],[11.174754,44.107038],[11.17463,44.107056],[11.174035,44.107327],[11.173785,44.107328],[11.173052,44.107265],[11.172658,44.107292],[11.172455,44.107357],[11.172271,44.107576],[11.17211,44.107642],[11.171973,44.107638],[11.171675,44.10767],[11.171546,44.107647],[11.171227,44.107677],[11.171021,44.107617],[11.17089,44.107523],[11.170699,44.107467],[11.170418,44.107497],[11.170139,44.107561],[11.169871,44.107723],[11.169749,44.107868],[11.16961,44.107984],[11.168924,44.10848],[11.168776,44.108549],[11.168587,44.10855],[11.168415,44.108597],[11.168116,44.10863],[11.167504,44.108648],[11.167073,44.10872],[11.166826,44.108798],[11.166653,44.108817],[11.166339,44.108807],[11.166108,44.108847],[11.165601,44.108965],[11.16539,44.108945],[11.165198,44.108966],[11.165096,44.108934],[11.165169,44.108774],[11.165151,44.108377],[11.165468,44.107761],[11.165399,44.107443],[11.165371,44.107156],[11.165199,44.107021],[11.165112,44.106722],[11.165193,44.10651],[11.165194,44.106219],[11.165112,44.106084],[11.164671,44.105753],[11.164508,44.105691],[11.164287,44.105568],[11.163927,44.105308],[11.163865,44.105203],[11.163782,44.104969],[11.163824,44.104809],[11.163821,44.104392],[11.163692,44.104208],[11.163651,44.10405],[11.163595,44.104022],[11.163376,44.104023],[11.163343,44.103963],[11.163485,44.103969],[11.16351,44.103957],[11.16348,44.103877],[11.16352,44.103678],[11.163735,44.103521],[11.163977,44.103374],[11.164048,44.103205],[11.16399,44.103096],[11.164016,44.102996],[11.164367,44.102628],[11.165058,44.102271],[11.165166,44.102263],[11.165307,44.102083],[11.16583,44.102022],[11.165994,44.101986],[11.166308,44.101743],[11.166282,44.101431],[11.166243,44.101417],[11.166012,44.101527],[11.165687,44.101642],[11.165587,44.101661],[11.165528,44.101179],[11.165509,44.101163],[11.16439,44.100988],[11.164225,44.101107],[11.164181,44.101027],[11.164187,44.100948],[11.164259,44.100743],[11.164265,44.100593],[11.164193,44.100249],[11.164182,44.099665],[11.16439,44.099125],[11.164324,44.098768],[11.164362,44.098442],[11.164359,44.098012],[11.164269,44.097689],[11.164148,44.097462],[11.164179,44.097222],[11.164291,44.097119],[11.164334,44.097102],[11.164441,44.096855],[11.164463,44.096689],[11.164449,44.096474],[11.164346,44.096073],[11.164187,44.09581],[11.1638,44.09521],[11.163681,44.095143],[11.163603,44.095047],[11.163596,44.094977],[11.163248,44.094579],[11.163123,44.094344],[11.162911,44.094053],[11.163039,44.093944],[11.163141,44.093823],[11.163209,44.093653],[11.163246,44.093471],[11.163265,44.09316],[11.163196,44.093075],[11.163325,44.092962],[11.163713,44.092787],[11.163788,44.092506],[11.164078,44.092274],[11.164261,44.092467],[11.164329,44.092575],[11.164657,44.092974],[11.16475,44.093048],[11.164833,44.093169],[11.165193,44.093404],[11.165769,44.093648],[11.166213,44.093794],[11.167175,44.093786],[11.168079,44.093798],[11.168627,44.092957],[11.166648,44.092357],[11.166935,44.092232],[11.16735,44.09225],[11.167997,44.092229],[11.16835,44.092289],[11.168841,44.092333],[11.168969,44.092375],[11.169009,44.092375],[11.169044,44.092357],[11.169161,44.0921],[11.169261,44.091794],[11.168962,44.091643],[11.168488,44.091485],[11.168034,44.091458],[11.16813,44.091075],[11.16812,44.091057],[11.167307,44.090642],[11.167,44.090457],[11.166632,44.090366],[11.166711,44.090258],[11.166779,44.090207],[11.167072,44.09008],[11.167246,44.08998],[11.16763,44.089516],[11.167751,44.089431],[11.167891,44.089569],[11.168014,44.089636],[11.168122,44.089671],[11.168217,44.089772],[11.168453,44.089941],[11.168482,44.09002],[11.168548,44.09006],[11.16858,44.090057],[11.168903,44.089822],[11.169165,44.089932],[11.16954,44.09005],[11.169566,44.090046],[11.169833,44.089877],[11.169835,44.089852],[11.168835,44.089099],[11.169055,44.088969],[11.169405,44.089299],[11.169443,44.0893],[11.16976,44.08904],[11.169431,44.088659],[11.169463,44.088633],[11.169924,44.089139],[11.16995,44.089146],[11.170067,44.089053],[11.169904,44.088957],[11.170084,44.088767],[11.170774,44.088429],[11.170975,44.088373],[11.171198,44.088233],[11.171791,44.088034],[11.171823,44.088038],[11.171843,44.088021],[11.17215,44.087956],[11.172233,44.088154],[11.172298,44.088202],[11.172501,44.08819],[11.17257,44.088025],[11.172665,44.087992],[11.172765,44.087991],[11.172789,44.087977],[11.172651,44.087767],[11.172824,44.087625],[11.173181,44.087796],[11.173215,44.087792],[11.173297,44.087724],[11.173397,44.087772],[11.173428,44.087771],[11.17351,44.087705],[11.173406,44.08763],[11.173711,44.087332],[11.173917,44.087423],[11.174065,44.087592],[11.174394,44.087443],[11.174922,44.087863],[11.174962,44.087862],[11.175096,44.087706],[11.174938,44.087501],[11.175387,44.087076],[11.17536,44.086868],[11.175794,44.086716],[11.175809,44.086696],[11.175365,44.086435],[11.175258,44.086343],[11.175623,44.086091],[11.175733,44.086172],[11.175772,44.08617],[11.175927,44.085997],[11.176104,44.085859],[11.176156,44.085763],[11.176243,44.085747],[11.176239,44.085708],[11.176694,44.085469],[11.176922,44.085303],[11.176984,44.085169],[11.177094,44.085208],[11.178013,44.085731],[11.178056,44.085775],[11.178162,44.085794],[11.178649,44.086154],[11.178676,44.086158],[11.178921,44.086091],[11.1792,44.086261],[11.179485,44.086494],[11.179636,44.086412],[11.179636,44.08635],[11.17972,44.086354],[11.179772,44.086305],[11.180108,44.08612],[11.180132,44.086107],[11.180173,44.086113],[11.180254,44.086073],[11.180257,44.086039],[11.180329,44.085998],[11.180494,44.086139],[11.180581,44.086394],[11.180622,44.086401],[11.180985,44.086142],[11.180991,44.086128],[11.180964,44.086103],[11.181021,44.086066],[11.181027,44.086045],[11.180992,44.085999],[11.180752,44.085937],[11.180686,44.085872],[11.180669,44.08567],[11.180601,44.085519],[11.18058,44.085379],[11.180377,44.085331],[11.180244,44.085255],[11.180107,44.085129],[11.179877,44.085071],[11.179654,44.08514],[11.178895,44.085558],[11.178756,44.085663],[11.178712,44.085679],[11.178627,44.085678],[11.178491,44.085642],[11.17834,44.08555],[11.178351,44.085426],[11.1783,44.085211],[11.178326,44.085134],[11.178303,44.085098],[11.178067,44.085144],[11.177777,44.085165],[11.177662,44.085152],[11.177581,44.085086],[11.177588,44.084856],[11.177542,44.084801],[11.177403,44.08474],[11.17716,44.084696],[11.176736,44.084723],[11.17642,44.084785],[11.176213,44.084809],[11.176039,44.084862],[11.175785,44.084968],[11.175576,44.085017],[11.175491,44.084982],[11.175402,44.08478],[11.175355,44.084746],[11.174807,44.084544],[11.17474,44.084578],[11.174443,44.084541],[11.17381,44.084539],[11.173514,44.084804],[11.173405,44.08486],[11.173298,44.08489],[11.173044,44.085035],[11.17289,44.085097],[11.172693,44.085104],[11.172524,44.085284],[11.172477,44.085383],[11.17249,44.08557],[11.172456,44.085618],[11.172228,44.085633],[11.172088,44.085687],[11.172081,44.085757],[11.172118,44.085848],[11.172078,44.086089],[11.172118,44.086131],[11.172115,44.086169],[11.172238,44.086265],[11.172259,44.086304],[11.172214,44.086585],[11.172046,44.086692],[11.171974,44.086698],[11.171709,44.086797],[11.171631,44.086805],[11.17151,44.086719],[11.171441,44.086589],[11.171412,44.086491],[11.171389,44.086476],[11.171219,44.086556],[11.171179,44.086564],[11.171124,44.086548],[11.171015,44.086584],[11.170921,44.086667],[11.17089,44.086742],[11.170893,44.086803],[11.171017,44.087055],[11.17102,44.087099],[11.170892,44.087271],[11.170844,44.087244],[11.170061,44.085947],[11.169574,44.085576],[11.168978,44.084933],[11.168226,44.084483],[11.167526,44.084803],[11.167199,44.084768],[11.165931,44.08455],[11.165728,44.084501],[11.164965,44.084244],[11.164724,44.084188],[11.164578,44.084216],[11.164448,44.084272],[11.164351,44.084333],[11.164223,44.084454],[11.163562,44.084147],[11.163536,44.084118],[11.163515,44.084119],[11.163094,44.084295],[11.162876,44.084431],[11.16265,44.08451],[11.162537,44.084635],[11.16234,44.08468],[11.162078,44.084678],[11.161503,44.084704],[11.160953,44.084802],[11.160891,44.084924],[11.16083,44.084977],[11.160535,44.084963],[11.160477,44.085002],[11.160433,44.085007],[11.159868,44.084914],[11.159613,44.084927],[11.159531,44.084968],[11.159411,44.084988],[11.159362,44.085019],[11.159146,44.085064],[11.158981,44.085063],[11.158711,44.085161],[11.158606,44.08513],[11.158504,44.085138],[11.15789,44.085313],[11.157815,44.085366],[11.157767,44.085335],[11.157512,44.08529],[11.157398,44.08522],[11.157382,44.085164],[11.157351,44.085161],[11.156821,44.085381],[11.156684,44.085592],[11.156664,44.085676],[11.156594,44.085595],[11.156485,44.085535],[11.156386,44.085565],[11.156302,44.08575],[11.156196,44.085869],[11.156016,44.086002],[11.155997,44.08614],[11.155956,44.086144],[11.155897,44.086114],[11.155867,44.086076],[11.155835,44.086092],[11.155884,44.086185],[11.155954,44.08623],[11.155963,44.08626],[11.155708,44.086353],[11.155666,44.086395],[11.155673,44.086423],[11.155631,44.086501],[11.155509,44.086542],[11.155436,44.086385],[11.155409,44.086372],[11.155283,44.086457],[11.155012,44.08653],[11.154949,44.086564],[11.154792,44.086693],[11.154706,44.086803],[11.154737,44.086875],[11.154723,44.086939],[11.154526,44.086997],[11.154225,44.08713],[11.154095,44.087171],[11.153948,44.087312],[11.153844,44.08735],[11.153709,44.087361],[11.153592,44.087432],[11.153386,44.087495],[11.153181,44.087599],[11.153108,44.08761],[11.153015,44.087596],[11.152783,44.087617],[11.152648,44.087659],[11.152512,44.087723],[11.152257,44.087743],[11.152015,44.087816],[11.151782,44.087844],[11.151436,44.087819],[11.15103,44.087912],[11.150939,44.087905],[11.15072,44.087969],[11.150175,44.088033],[11.149922,44.088212],[11.149458,44.088467],[11.149275,44.088462],[11.149153,44.088502],[11.148797,44.088511],[11.148432,44.088578],[11.147986,44.08862],[11.147737,44.088745],[11.147573,44.088719],[11.147063,44.088795],[11.146556,44.088798],[11.146275,44.08882],[11.146023,44.088774],[11.14568,44.088612],[11.145495,44.088567],[11.14468,44.089024],[11.144671,44.089044],[11.144738,44.08908],[11.144896,44.089211],[11.145084,44.089436],[11.145257,44.089506],[11.145376,44.09002],[11.145498,44.090168],[11.145731,44.090736],[11.145783,44.090951],[11.145869,44.091127],[11.145714,44.0914],[11.145643,44.091389],[11.145089,44.091493],[11.144949,44.091492],[11.14474,44.091434],[11.144389,44.091467],[11.144264,44.091515],[11.14415,44.091657],[11.144024,44.091721],[11.143848,44.091757],[11.143582,44.091695],[11.143109,44.091677],[11.1429,44.091623],[11.142599,44.091605],[11.142199,44.091513],[11.142167,44.091529],[11.142166,44.091576],[11.142208,44.091583],[11.142175,44.091835],[11.142153,44.091961],[11.141996,44.092456],[11.14196,44.09275],[11.14167,44.092728],[11.141643,44.092739],[11.141644,44.092755],[11.14192,44.092791],[11.141851,44.092889],[11.141927,44.092985],[11.142103,44.093077],[11.142106,44.093118],[11.142257,44.093233],[11.142322,44.093254],[11.142539,44.093251],[11.14252,44.093344],[11.142537,44.093562],[11.142469,44.093714],[11.14249,44.093731],[11.142472,44.093885],[11.142505,44.093966],[11.142247,44.094142],[11.14233,44.094459],[11.142206,44.094694],[11.142233,44.094705],[11.142673,44.094669],[11.142712,44.094616],[11.142605,44.094409],[11.142694,44.094379],[11.142726,44.094425],[11.142804,44.09463],[11.142791,44.094674],[11.142882,44.09483],[11.142898,44.095083],[11.142839,44.095464],[11.142823,44.095722],[11.142893,44.09616],[11.14335,44.096098],[11.144096,44.095875],[11.144762,44.096325],[11.144892,44.096251],[11.145603,44.095931],[11.14571,44.0961],[11.145742,44.09611],[11.145799,44.096035],[11.145894,44.095956],[11.146005,44.095904],[11.146538,44.09587],[11.146895,44.095885],[11.146974,44.096065],[11.147052,44.096686],[11.146853,44.096963],[11.146855,44.096982],[11.146934,44.097049],[11.147133,44.097066],[11.147358,44.096947],[11.147495,44.096964],[11.147615,44.097323],[11.147756,44.097426],[11.147763,44.097561],[11.14789,44.09765],[11.148055,44.097837],[11.148092,44.097818],[11.148146,44.09768],[11.148343,44.097479],[11.148496,44.097374],[11.148686,44.09719],[11.148962,44.097036],[11.149242,44.096838],[11.149335,44.096824],[11.149826,44.097155],[11.149997,44.097235],[11.15007,44.09729],[11.150188,44.097438],[11.150168,44.097448],[11.150175,44.097471],[11.150411,44.097572],[11.150562,44.097574],[11.150979,44.097428],[11.151214,44.097312],[11.151446,44.097455],[11.151606,44.097501],[11.152239,44.097285],[11.152406,44.097246],[11.152492,44.097186],[11.15267,44.096695],[11.152599,44.096424],[11.15257,44.096409],[11.15246,44.096422],[11.152304,44.096418],[11.1521,44.096543],[11.152074,44.096545],[11.151877,44.096249],[11.151753,44.096006],[11.15177,44.095835],[11.15165,44.095785],[11.151555,44.095785],[11.151473,44.095814],[11.151385,44.095825],[11.151239,44.09556],[11.151227,44.095517],[11.151244,44.09548],[11.151271,44.095446],[11.151467,44.095372],[11.151634,44.095417],[11.151955,44.095469],[11.15214,44.095455],[11.152365,44.095408],[11.152449,44.095415],[11.152503,44.095394],[11.152641,44.095484],[11.152752,44.095483],[11.153031,44.095572],[11.153291,44.095594],[11.153359,44.095572],[11.153595,44.095416],[11.153702,44.095305],[11.153758,44.095107],[11.153893,44.095005],[11.15396,44.095121],[11.154072,44.095412],[11.154154,44.095456],[11.154271,44.095488],[11.15469,44.095564],[11.155115,44.095684],[11.15519,44.095728],[11.155318,44.095849],[11.155368,44.096161],[11.155411,44.096207],[11.155595,44.096294],[11.15596,44.096378],[11.156088,44.096508],[11.15613,44.096519],[11.156488,44.096493],[11.156786,44.096509],[11.156919,44.096479],[11.157297,44.096459],[11.157701,44.096488],[11.158036,44.096566],[11.158117,44.096617],[11.158213,44.096754],[11.158348,44.096885],[11.158449,44.096935],[11.158607,44.097164],[11.158656,44.097182],[11.158761,44.097174],[11.158962,44.097114],[11.159095,44.097101],[11.1592,44.097043],[11.15944,44.096961],[11.159601,44.09694],[11.159674,44.096998],[11.159895,44.097561],[11.159819,44.098125],[11.159682,44.098447],[11.159711,44.09862],[11.159704,44.098718],[11.159725,44.098877],[11.159813,44.099034],[11.159931,44.099138],[11.160044,44.099281],[11.160027,44.099708],[11.159994,44.099845],[11.15993,44.099953],[11.159802,44.100079],[11.159554,44.100265],[11.159426,44.10031],[11.159355,44.100388],[11.15921,44.10046],[11.159134,44.100474],[11.159088,44.100524],[11.158826,44.100676],[11.159987,44.101987],[11.159433,44.102149],[11.159282,44.102427],[11.159319,44.102608],[11.159103,44.10294],[11.158635,44.103247],[11.157928,44.103651],[11.15744,44.103708],[11.15742,44.103729],[11.157496,44.103795],[11.157614,44.103836],[11.157939,44.104011],[11.158096,44.104045],[11.15828,44.104046],[11.158834,44.104334],[11.158653,44.104337],[11.158185,44.104467],[11.158007,44.1046],[11.157884,44.104642],[11.157549,44.104834],[11.157573,44.106586],[11.157609,44.106602],[11.158134,44.106424],[11.158608,44.106293],[11.15878,44.1064],[11.159685,44.106754],[11.159306,44.10763],[11.159194,44.107786],[11.159062,44.107871],[11.158969,44.107985],[11.158849,44.108067],[11.158901,44.108153],[11.158988,44.108207],[11.159233,44.10853],[11.158944,44.108645],[11.158934,44.108669],[11.159183,44.108726],[11.159284,44.108782],[11.159559,44.109032],[11.159276,44.109165],[11.159268,44.109239],[11.159132,44.109261],[11.158773,44.10943],[11.158636,44.109539],[11.158171,44.109848],[11.157616,44.110111],[11.157251,44.110345],[11.157197,44.110405],[11.157236,44.11042],[11.157226,44.110519],[11.157166,44.110669],[11.157107,44.110706],[11.156997,44.110714],[11.156605,44.11068],[11.156486,44.110702],[11.156393,44.11074],[11.156252,44.110861],[11.155858,44.11102],[11.155599,44.111198],[11.155504,44.111315],[11.155479,44.111477],[11.155424,44.11151],[11.155252,44.111556],[11.154985,44.111536],[11.154753,44.111496],[11.154687,44.111509],[11.154469,44.111615],[11.154469,44.111577],[11.15443,44.111529],[11.154425,44.111461],[11.154402,44.111441],[11.154278,44.111105],[11.154298,44.111026],[11.154233,44.110899],[11.154145,44.110788],[11.153922,44.110738],[11.153729,44.110562],[11.153648,44.110415],[11.153642,44.110247],[11.153615,44.11023],[11.153507,44.110236],[11.152677,44.110478],[11.152584,44.110486],[11.152118,44.110586],[11.151504,44.110528],[11.151042,44.110582],[11.148843,44.110026],[11.14844,44.110177],[11.147909,44.110173],[11.146498,44.11026],[11.143758,44.110479],[11.141542,44.110105],[11.140984,44.108811],[11.140582,44.108324],[11.139768,44.107766],[11.139556,44.107682],[11.138833,44.107565],[11.138296,44.107536],[11.137849,44.107718],[11.13741,44.10808],[11.135734,44.107714],[11.134537,44.10821],[11.13261,44.108433],[11.131383,44.108362],[11.130632,44.108455],[11.130224,44.108688],[11.129653,44.108727],[11.128954,44.108557],[11.128553,44.108709],[11.127894,44.109382],[11.127381,44.10886],[11.126697,44.108352],[11.126234,44.10794],[11.125301,44.107529],[11.123998,44.107],[11.122079,44.107067],[11.120753,44.106377],[11.120478,44.105871],[11.11628,44.103245],[11.108824,44.102016],[11.105786,44.102901],[11.104656,44.1],[11.103184,44.099631],[11.102335,44.09901],[11.10203,44.098418],[11.101446,44.097623],[11.101344,44.097239],[11.100983,44.096684],[11.100114,44.096354],[11.099585,44.096043],[11.097834,44.095836],[11.096655,44.095516],[11.095778,44.095337],[11.094998,44.095318],[11.094146,44.0951],[11.093546,44.094837],[11.092997,44.094692],[11.092911,44.094607],[11.092753,44.0941],[11.093006,44.092498],[11.092554,44.092141]]]},"properties":{"prov":"PO","comune_amm":"L775","comune_descr":"VERNIO","fascia":"R","zona":"R1","zona_descr":"LE FRAZIONI MONTANE: LUCIANA - CAVARZANO - SASSETA - RISUBBIANI - LA CROCETTA","microzona":2,"semestre":"2025/1"}}]}