{"type":"FeatureCollection","features":[{"type":"Feature","geometry":{"type":"MultiPolygon","coordinates":[[[[13.791864,45.645781],[13.791788,45.645904],[13.791735,45.645887],[13.791782,45.645792],[13.791766,45.645741],[13.79158,45.645656],[13.790037,45.645353],[13.789948,45.645365],[13.790047,45.645258],[13.790073,45.645316],[13.791247,45.645548],[13.79143,45.645564],[13.791735,45.645642],[13.791826,45.64571],[13.791864,45.645781]]],[[[13.756528,45.6653],[13.756576,45.660839],[13.759348,45.660837],[13.760352,45.659121],[13.760545,45.659178],[13.759602,45.660816],[13.75961,45.660838],[13.761812,45.660844],[13.762471,45.659705],[13.764827,45.660346],[13.764926,45.660464],[13.765726,45.66069],[13.765749,45.66069],[13.765779,45.660654],[13.765764,45.66063],[13.764987,45.660411],[13.764897,45.660295],[13.766405,45.657971],[13.766392,45.657947],[13.764838,45.657513],[13.762006,45.656752],[13.760637,45.659127],[13.760442,45.659074],[13.761038,45.657999],[13.761477,45.657277],[13.761657,45.656923],[13.76197,45.656422],[13.761943,45.656391],[13.761954,45.656374],[13.762003,45.656367],[13.762066,45.656258],[13.762039,45.656226],[13.762094,45.656204],[13.762108,45.656176],[13.762259,45.655757],[13.762251,45.655703],[13.762281,45.655512],[13.762278,45.655247],[13.762301,45.655237],[13.762351,45.655254],[13.762447,45.655241],[13.762483,45.655284],[13.762485,45.655559],[13.762459,45.655794],[13.762357,45.656094],[13.762373,45.656115],[13.764843,45.656785],[13.766759,45.657326],[13.766793,45.657316],[13.767546,45.655897],[13.767844,45.655974],[13.767865,45.656],[13.767917,45.655994],[13.768068,45.656036],[13.768423,45.656033],[13.769391,45.656306],[13.769811,45.656456],[13.77012,45.656537],[13.770209,45.65642],[13.770228,45.656333],[13.770344,45.656127],[13.770438,45.656007],[13.770484,45.655864],[13.770592,45.655833],[13.770663,45.655942],[13.770914,45.656002],[13.771054,45.655971],[13.771338,45.656051],[13.771385,45.65611],[13.772137,45.656271],[13.772277,45.656044],[13.775008,45.655261],[13.774819,45.654908],[13.775265,45.654772],[13.775393,45.654507],[13.77538,45.654485],[13.775277,45.654448],[13.775478,45.65392],[13.775572,45.653738],[13.775625,45.653747],[13.775649,45.653768],[13.775754,45.653785],[13.775783,45.653774],[13.776073,45.653211],[13.776126,45.653088],[13.776118,45.653053],[13.776332,45.652672],[13.776251,45.652559],[13.776305,45.652432],[13.776464,45.65241],[13.777768,45.649829],[13.777832,45.649628],[13.777874,45.649614],[13.777896,45.649569],[13.777895,45.649556],[13.77785,45.649536],[13.777865,45.649473],[13.777922,45.649415],[13.777984,45.649388],[13.778135,45.649098],[13.778287,45.648912],[13.778569,45.648493],[13.778543,45.648446],[13.778465,45.648423],[13.778424,45.648448],[13.77832,45.648364],[13.77858,45.648073],[13.779038,45.647627],[13.778537,45.647375],[13.778212,45.647704],[13.777643,45.647434],[13.777577,45.647237],[13.777482,45.647189],[13.776916,45.646573],[13.776579,45.646326],[13.77611,45.646087],[13.776846,45.645403],[13.778162,45.645679],[13.778206,45.645701],[13.778481,45.645766],[13.778735,45.645802],[13.779082,45.645797],[13.779136,45.645759],[13.779191,45.645762],[13.779381,45.645724],[13.780401,45.645613],[13.780421,45.645536],[13.780459,45.645528],[13.781534,45.644691],[13.781879,45.644252],[13.782737,45.64328],[13.78278,45.642881],[13.78296,45.642897],[13.782959,45.64301],[13.78298,45.643028],[13.783255,45.64305],[13.78333,45.64286],[13.783446,45.642889],[13.783474,45.642884],[13.784393,45.642194],[13.784511,45.642123],[13.784632,45.642141],[13.784662,45.642133],[13.78474,45.641818],[13.78473,45.641791],[13.78479,45.641497],[13.784842,45.641382],[13.784826,45.641359],[13.784659,45.64132],[13.784796,45.640952],[13.78488,45.640957],[13.784908,45.640946],[13.785105,45.640588],[13.785218,45.640291],[13.785256,45.640281],[13.785355,45.640151],[13.785388,45.640142],[13.785448,45.640088],[13.785443,45.640059],[13.785682,45.63986],[13.785716,45.639844],[13.785881,45.639965],[13.786101,45.639812],[13.786108,45.639789],[13.786498,45.639495],[13.787115,45.639289],[13.787425,45.639315],[13.787704,45.639028],[13.788552,45.638608],[13.788789,45.638505],[13.789311,45.638543],[13.789314,45.63848],[13.789388,45.638456],[13.789421,45.638473],[13.789494,45.638428],[13.789599,45.638204],[13.790135,45.637945],[13.790834,45.637704],[13.791516,45.637632],[13.791675,45.637644],[13.791827,45.637617],[13.792363,45.637654],[13.793928,45.637925],[13.794498,45.638001],[13.795318,45.638081],[13.79632,45.638281],[13.796657,45.638361],[13.796783,45.638426],[13.796877,45.63844],[13.796603,45.638525],[13.796379,45.638563],[13.796165,45.638572],[13.796032,45.63862],[13.795992,45.63866],[13.795819,45.638756],[13.795411,45.638927],[13.794917,45.639035],[13.794544,45.63909],[13.794156,45.639266],[13.793576,45.639665],[13.793499,45.639699],[13.79352,45.639721],[13.794154,45.639762],[13.794162,45.639748],[13.794124,45.639713],[13.79407,45.639565],[13.794109,45.639483],[13.794766,45.639191],[13.794951,45.639165],[13.795134,45.639686],[13.795618,45.639613],[13.795679,45.639786],[13.79562,45.639797],[13.795499,45.639777],[13.795403,45.639786],[13.795381,45.639807],[13.795416,45.639833],[13.795248,45.639865],[13.79513,45.639967],[13.794632,45.639952],[13.794624,45.639973],[13.794721,45.640138],[13.793854,45.640896],[13.793815,45.640902],[13.79254,45.642017],[13.792473,45.642054],[13.792414,45.642076],[13.791277,45.642206],[13.791235,45.642275],[13.791264,45.642299],[13.792135,45.642205],[13.792242,45.642269],[13.789493,45.644642],[13.789404,45.644783],[13.789358,45.644792],[13.788711,45.645837],[13.788332,45.6464],[13.787153,45.648036],[13.78702,45.648121],[13.786951,45.648222],[13.786822,45.648352],[13.786715,45.648423],[13.786635,45.648512],[13.786083,45.648986],[13.785474,45.649637],[13.78364,45.651757],[13.783664,45.651772],[13.7838,45.651778],[13.783833,45.651812],[13.784066,45.651854],[13.786241,45.652522],[13.78679,45.652795],[13.787953,45.653215],[13.788585,45.653312],[13.789712,45.653672],[13.79068,45.653841],[13.791208,45.653959],[13.792988,45.654013],[13.793022,45.653987],[13.793398,45.653993],[13.793443,45.653966],[13.793503,45.653991],[13.793548,45.654044],[13.795318,45.654021],[13.79668,45.654115],[13.797507,45.65425],[13.79746,45.654397],[13.7975,45.654586],[13.797499,45.654681],[13.797479,45.654713],[13.796695,45.655097],[13.796703,45.655286],[13.796887,45.655447],[13.796931,45.65552],[13.796942,45.655613],[13.796898,45.655747],[13.796754,45.655991],[13.796739,45.656115],[13.796623,45.656153],[13.796493,45.656232],[13.796372,45.656157],[13.796317,45.656178],[13.795833,45.656045],[13.795817,45.656065],[13.795844,45.656169],[13.795772,45.656178],[13.795748,45.656209],[13.795394,45.656238],[13.795333,45.656229],[13.795313,45.656198],[13.795092,45.656164],[13.795099,45.656096],[13.795035,45.655973],[13.795002,45.655962],[13.79478,45.656008],[13.794537,45.656037],[13.794537,45.655984],[13.794511,45.655974],[13.794104,45.655982],[13.793763,45.656019],[13.793589,45.656008],[13.793508,45.656059],[13.793512,45.656121],[13.793496,45.656132],[13.793417,45.656144],[13.793383,45.656129],[13.793153,45.656133],[13.793127,45.656155],[13.793096,45.656157],[13.793091,45.656036],[13.793042,45.655987],[13.792967,45.655624],[13.792943,45.655609],[13.792509,45.655604],[13.792476,45.655565],[13.792117,45.655566],[13.792087,45.655589],[13.791931,45.655595],[13.791919,45.655672],[13.791791,45.65567],[13.791769,45.65555],[13.791744,45.655534],[13.791007,45.655515],[13.790986,45.655464],[13.790957,45.655451],[13.79029,45.655508],[13.790162,45.655544],[13.78983,45.655526],[13.789403,45.655554],[13.789395,45.655445],[13.789097,45.655478],[13.789077,45.655502],[13.789118,45.655596],[13.788774,45.655729],[13.788832,45.655801],[13.788894,45.655929],[13.788929,45.655948],[13.7892,45.656665],[13.789471,45.656874],[13.789319,45.657031],[13.789342,45.657048],[13.789383,45.657052],[13.789361,45.657125],[13.78948,45.657267],[13.789208,45.657453],[13.789217,45.657493],[13.789044,45.657571],[13.788832,45.657307],[13.788683,45.657082],[13.788199,45.657231],[13.788076,45.657007],[13.787723,45.657122],[13.787649,45.657004],[13.787539,45.656936],[13.787396,45.656875],[13.787243,45.656845],[13.786858,45.656734],[13.786737,45.656752],[13.786727,45.656711],[13.786693,45.656697],[13.786141,45.656827],[13.786124,45.656836],[13.786121,45.656875],[13.785401,45.656968],[13.785386,45.656933],[13.785358,45.656928],[13.784842,45.657108],[13.784813,45.657086],[13.784767,45.657094],[13.784755,45.657118],[13.785246,45.657798],[13.784189,45.658121],[13.78374,45.657678],[13.783541,45.657525],[13.783488,45.657454],[13.783488,45.657134],[13.78347,45.657117],[13.782797,45.65724],[13.782741,45.657199],[13.782687,45.656989],[13.782616,45.656961],[13.782367,45.657128],[13.782412,45.657059],[13.782261,45.656992],[13.782143,45.656995],[13.78183,45.656952],[13.781229,45.656765],[13.781121,45.656709],[13.781145,45.656671],[13.78113,45.656647],[13.780572,45.656509],[13.780553,45.656485],[13.780023,45.656325],[13.780068,45.656236],[13.77995,45.656193],[13.779864,45.656208],[13.779736,45.656324],[13.779626,45.656371],[13.779474,45.656408],[13.779418,45.656613],[13.779286,45.656574],[13.779246,45.656584],[13.779011,45.656527],[13.778247,45.65652],[13.778217,45.656549],[13.778163,45.656552],[13.778154,45.656565],[13.77812,45.656847],[13.77781,45.65664],[13.777773,45.65664],[13.777697,45.656707],[13.778017,45.656909],[13.777929,45.656984],[13.777979,45.657031],[13.777676,45.657252],[13.777683,45.657294],[13.777642,45.657326],[13.777254,45.65719],[13.777159,45.657201],[13.776614,45.657721],[13.776488,45.6578],[13.775563,45.65872],[13.775036,45.659148],[13.774879,45.659324],[13.774661,45.659617],[13.774324,45.659433],[13.773963,45.659299],[13.773493,45.65917],[13.773462,45.659177],[13.773364,45.659412],[13.773459,45.659444],[13.773519,45.659436],[13.773665,45.659496],[13.773489,45.659773],[13.773488,45.659825],[13.773282,45.660223],[13.773311,45.660273],[13.773264,45.660428],[13.773164,45.660551],[13.773153,45.66065],[13.773123,45.660699],[13.773084,45.660705],[13.772972,45.660804],[13.772625,45.660707],[13.772592,45.660716],[13.772605,45.66074],[13.773078,45.660881],[13.77297,45.661044],[13.772679,45.66176],[13.772601,45.661776],[13.772451,45.662044],[13.772246,45.662236],[13.772261,45.662265],[13.772114,45.662474],[13.771815,45.662978],[13.771829,45.663001],[13.771934,45.663028],[13.771711,45.663236],[13.771742,45.663251],[13.772048,45.66323],[13.772077,45.663282],[13.772145,45.663314],[13.772013,45.66345],[13.772044,45.663655],[13.772073,45.66367],[13.772151,45.663667],[13.772406,45.66399],[13.772419,45.664067],[13.772247,45.664191],[13.771937,45.664445],[13.771931,45.664466],[13.771748,45.664526],[13.77172,45.664545],[13.771724,45.664572],[13.772163,45.664791],[13.772405,45.664885],[13.772443,45.664927],[13.773486,45.66524],[13.773429,45.665314],[13.773481,45.665345],[13.772533,45.665659],[13.772519,45.6657],[13.772474,45.665728],[13.772488,45.66596],[13.772777,45.666219],[13.772783,45.666278],[13.772837,45.666401],[13.772926,45.666468],[13.773234,45.66661],[13.773371,45.666694],[13.773089,45.666882],[13.772705,45.667042],[13.772639,45.667016],[13.772468,45.666635],[13.772395,45.666634],[13.772342,45.666672],[13.77235,45.666712],[13.772319,45.666723],[13.772371,45.666934],[13.77168,45.667046],[13.771591,45.666713],[13.771566,45.666698],[13.771493,45.666737],[13.771457,45.666736],[13.771319,45.667007],[13.771226,45.667093],[13.771108,45.667167],[13.770899,45.667245],[13.770927,45.66745],[13.770942,45.667878],[13.770806,45.667919],[13.770762,45.667857],[13.770724,45.667851],[13.770457,45.667969],[13.770443,45.668004],[13.770321,45.668061],[13.770073,45.668287],[13.76966,45.668328],[13.769421,45.667631],[13.769498,45.6676],[13.769485,45.667552],[13.769501,45.667529],[13.769393,45.667286],[13.769399,45.667263],[13.769174,45.666939],[13.76905,45.666857],[13.768889,45.666611],[13.768788,45.666386],[13.768791,45.666297],[13.768824,45.666217],[13.768966,45.666088],[13.768963,45.666063],[13.769085,45.666019],[13.769094,45.66599],[13.769145,45.665954],[13.769116,45.665942],[13.768925,45.665964],[13.768879,45.665748],[13.768739,45.665464],[13.768608,45.665265],[13.768577,45.665261],[13.768348,45.665337],[13.768108,45.665336],[13.768321,45.665276],[13.768364,45.665228],[13.768525,45.665183],[13.768541,45.665164],[13.768523,45.665102],[13.768095,45.664908],[13.767532,45.665214],[13.767528,45.665305],[13.767508,45.665343],[13.767526,45.665406],[13.767258,45.665436],[13.767186,45.665475],[13.766988,45.665647],[13.766827,45.665663],[13.766494,45.665551],[13.766526,45.665467],[13.766348,45.665253],[13.765834,45.665447],[13.76536,45.665572],[13.764778,45.665661],[13.763918,45.665769],[13.763734,45.665815],[13.76353,45.66593],[13.763279,45.666201],[13.763229,45.666201],[13.762529,45.667001],[13.76215,45.666863],[13.762229,45.666762],[13.762187,45.666739],[13.763201,45.665605],[13.763279,45.665537],[13.763268,45.665472],[13.763521,45.665163],[13.763738,45.664965],[13.764091,45.66471],[13.76409,45.664685],[13.764054,45.664685],[13.763774,45.664877],[13.763526,45.66508],[13.763362,45.665252],[13.763191,45.665468],[13.763205,45.66553],[13.763123,45.665602],[13.762107,45.666734],[13.760664,45.666331],[13.760631,45.666342],[13.760409,45.66673],[13.759392,45.666461],[13.759339,45.666495],[13.758963,45.666393],[13.758972,45.66635],[13.758957,45.666341],[13.758557,45.666233],[13.756528,45.6653]]]]},"properties":{"prov":"TS","comune_amm":"L424","comune_descr":"TRIESTE","fascia":"B","zona":"B1","zona_descr":"CENTRO URBANO","microzona":1,"semestre":"2025/2"}},{"type":"Feature","geometry":{"type":"MultiPolygon","coordinates":[[[[13.773438,45.645956],[13.773418,45.645976],[13.773308,45.645917],[13.773438,45.645956]]],[[[13.757468,45.644776],[13.759151,45.644485],[13.759295,45.644579],[13.75883,45.644913],[13.758833,45.64494],[13.758885,45.644964],[13.759826,45.644284],[13.759846,45.644317],[13.761162,45.644828],[13.761166,45.644871],[13.761736,45.645092],[13.762521,45.645389],[13.76385,45.645836],[13.764744,45.64632],[13.764755,45.646346],[13.765003,45.646476],[13.765555,45.646713],[13.766011,45.646759],[13.766208,45.646581],[13.766092,45.646488],[13.766188,45.646417],[13.76631,45.646493],[13.766346,45.646493],[13.766746,45.646215],[13.766851,45.646183],[13.766951,45.646208],[13.767322,45.646474],[13.767226,45.646515],[13.767216,45.646539],[13.767302,45.646639],[13.767528,45.647008],[13.767552,45.647019],[13.767847,45.646854],[13.768547,45.646566],[13.768561,45.646515],[13.768594,45.646481],[13.768634,45.646467],[13.768739,45.646474],[13.768794,45.646516],[13.768809,45.646572],[13.769163,45.646735],[13.768545,45.647238],[13.768597,45.647298],[13.768727,45.647241],[13.769515,45.646557],[13.770302,45.645915],[13.770767,45.645682],[13.771031,45.645592],[13.771073,45.645607],[13.771603,45.645472],[13.771618,45.645445],[13.772217,45.645331],[13.772331,45.645377],[13.772857,45.645867],[13.773273,45.646017],[13.773279,45.646047],[13.773227,45.646103],[13.773191,45.646126],[13.773078,45.646152],[13.773002,45.646144],[13.772769,45.646074],[13.772733,45.646087],[13.772728,45.646128],[13.77284,45.646181],[13.77308,45.646222],[13.773536,45.646099],[13.773612,45.646089],[13.773633,45.646106],[13.773687,45.64611],[13.773653,45.646166],[13.773718,45.646278],[13.773774,45.646478],[13.773842,45.64656],[13.774816,45.647156],[13.775014,45.647263],[13.775185,45.647329],[13.775221,45.647324],[13.775539,45.646992],[13.77558,45.646988],[13.775933,45.646704],[13.776416,45.646975],[13.77645,45.646977],[13.777352,45.647425],[13.777388,45.647421],[13.777613,45.647197],[13.777687,45.647402],[13.778228,45.64766],[13.778263,45.647656],[13.778588,45.647339],[13.779077,45.647591],[13.77858,45.648073],[13.778328,45.648355],[13.778332,45.648377],[13.778404,45.648433],[13.778488,45.648425],[13.778552,45.648452],[13.778571,45.648489],[13.778286,45.648913],[13.778136,45.649096],[13.777983,45.649391],[13.777921,45.649417],[13.777863,45.649475],[13.777856,45.649536],[13.777903,45.649556],[13.777868,45.649627],[13.777828,45.649642],[13.777768,45.649829],[13.77646,45.652419],[13.776302,45.652441],[13.776252,45.652549],[13.776334,45.652667],[13.776121,45.65305],[13.776127,45.653085],[13.776073,45.653211],[13.775777,45.653786],[13.775626,45.653765],[13.775599,45.65374],[13.775566,45.653751],[13.775478,45.65392],[13.775281,45.654436],[13.775295,45.654457],[13.775399,45.654495],[13.775264,45.654776],[13.774827,45.65491],[13.775016,45.655264],[13.772922,45.655857],[13.772881,45.655844],[13.772314,45.656011],[13.772174,45.656239],[13.771437,45.65608],[13.771394,45.65602],[13.77112,45.655943],[13.770978,45.655974],[13.770715,45.65591],[13.770663,45.655818],[13.77063,45.655807],[13.770539,45.65584],[13.770496,45.655941],[13.770504,45.655965],[13.770399,45.656099],[13.770281,45.656305],[13.770259,45.656357],[13.77027,45.656382],[13.770173,45.656518],[13.769848,45.656429],[13.769428,45.656275],[13.768447,45.655995],[13.768076,45.655994],[13.767949,45.655958],[13.767911,45.655967],[13.767857,45.655953],[13.767838,45.655927],[13.767557,45.655852],[13.768115,45.654794],[13.766417,45.654623],[13.766556,45.653869],[13.768511,45.654042],[13.768539,45.65403],[13.768978,45.6532],[13.769149,45.653148],[13.769164,45.653125],[13.769118,45.653042],[13.769066,45.653033],[13.768776,45.6525],[13.768496,45.652133],[13.76807,45.651798],[13.767645,45.651528],[13.767612,45.651527],[13.765181,45.652882],[13.765006,45.652722],[13.76739,45.651395],[13.767391,45.651367],[13.764906,45.649792],[13.764846,45.649736],[13.764748,45.649737],[13.764692,45.649755],[13.762868,45.651191],[13.762033,45.65067],[13.764059,45.649089],[13.764058,45.649064],[13.762982,45.648285],[13.76165,45.649289],[13.761482,45.649191],[13.761448,45.649193],[13.760876,45.649612],[13.760875,45.649637],[13.761223,45.649878],[13.761175,45.649913],[13.759572,45.648841],[13.761235,45.647572],[13.761234,45.647546],[13.761117,45.647473],[13.761079,45.647471],[13.76062,45.647193],[13.760133,45.647551],[13.76011,45.647531],[13.760471,45.647257],[13.760469,45.647232],[13.760211,45.647076],[13.759918,45.647298],[13.759692,45.647153],[13.759776,45.64708],[13.759759,45.647059],[13.75972,45.647058],[13.759515,45.647222],[13.759522,45.647255],[13.758985,45.647678],[13.759407,45.647952],[13.759926,45.647574],[13.759955,45.647591],[13.759453,45.647965],[13.759454,45.647991],[13.759505,45.648029],[13.759045,45.648376],[13.759014,45.648361],[13.759433,45.648026],[13.758731,45.647563],[13.758759,45.647541],[13.758939,45.64765],[13.75924,45.64742],[13.758902,45.647191],[13.758934,45.647169],[13.759123,45.647278],[13.759288,45.647156],[13.759338,45.647159],[13.760322,45.646361],[13.760188,45.646269],[13.760151,45.646271],[13.760121,45.646294],[13.760084,45.646275],[13.76012,45.646235],[13.760057,45.646187],[13.760039,45.646182],[13.759996,45.646208],[13.759953,45.646181],[13.759916,45.646182],[13.759445,45.646551],[13.759222,45.646752],[13.75916,45.646778],[13.758974,45.646927],[13.758909,45.646896],[13.758829,45.646946],[13.758817,45.646934],[13.758878,45.646877],[13.758848,45.646859],[13.758773,45.646908],[13.758755,45.646901],[13.758818,45.646839],[13.758744,45.646794],[13.758512,45.646968],[13.758499,45.646955],[13.75902,45.646532],[13.759018,45.646507],[13.758697,45.64631],[13.758243,45.646657],[13.758228,45.646652],[13.758666,45.646292],[13.758333,45.64608],[13.757946,45.646372],[13.75793,45.646361],[13.758515,45.645902],[13.758532,45.645916],[13.758358,45.64606],[13.758693,45.646272],[13.759069,45.645986],[13.759086,45.645992],[13.758721,45.646291],[13.758941,45.646438],[13.759062,45.646491],[13.759711,45.645978],[13.759543,45.645866],[13.75903,45.645662],[13.758722,45.645299],[13.758753,45.645282],[13.758741,45.645244],[13.758726,45.645234],[13.758666,45.645241],[13.758352,45.644873],[13.758316,45.644868],[13.757781,45.645102],[13.757468,45.644776]]]]},"properties":{"prov":"TS","comune_amm":"L424","comune_descr":"TRIESTE","fascia":"B","zona":"B2","zona_descr":"CENTRO STORICO","microzona":0,"semestre":"2025/2"}},{"type":"Feature","geometry":{"type":"MultiPolygon","coordinates":[[[[13.774029,45.645342],[13.773996,45.645352],[13.773985,45.645339],[13.774017,45.64533],[13.774029,45.645342]]],[[[13.743884,45.640815],[13.744252,45.639127],[13.746109,45.639362],[13.748854,45.639665],[13.749736,45.639564],[13.751861,45.638782],[13.753072,45.640373],[13.753032,45.640397],[13.753035,45.640414],[13.753063,45.640424],[13.753114,45.640485],[13.753223,45.640456],[13.753688,45.641092],[13.754735,45.640737],[13.755155,45.640644],[13.756541,45.640289],[13.758552,45.64005],[13.759677,45.639508],[13.761121,45.638854],[13.763054,45.638547],[13.763824,45.638391],[13.764551,45.638321],[13.764933,45.638261],[13.764883,45.63832],[13.764875,45.638378],[13.764949,45.638429],[13.765099,45.638445],[13.765089,45.638636],[13.765553,45.63866],[13.765732,45.638966],[13.765519,45.63911],[13.765511,45.639148],[13.765889,45.639587],[13.765781,45.639611],[13.764172,45.640229],[13.764161,45.640253],[13.764248,45.640366],[13.764367,45.640327],[13.764382,45.640301],[13.765797,45.639763],[13.766228,45.639643],[13.767085,45.639497],[13.767152,45.639544],[13.767236,45.639867],[13.76731,45.639891],[13.76783,45.639867],[13.76814,45.639893],[13.768242,45.639914],[13.768235,45.639976],[13.768253,45.639995],[13.768383,45.640018],[13.768406,45.639963],[13.768476,45.639991],[13.76849,45.64006],[13.768518,45.640075],[13.769959,45.639945],[13.770147,45.639681],[13.769863,45.639491],[13.769565,45.639213],[13.769515,45.639207],[13.769463,45.639172],[13.768504,45.639258],[13.769622,45.639072],[13.769665,45.639089],[13.769667,45.63916],[13.770044,45.639508],[13.770197,45.639603],[13.770336,45.639661],[13.770799,45.63982],[13.771212,45.639929],[13.771554,45.639986],[13.772121,45.640052],[13.772151,45.640034],[13.772111,45.639406],[13.772124,45.639371],[13.772144,45.63941],[13.772184,45.63938],[13.772214,45.639387],[13.772292,45.639462],[13.772216,45.639484],[13.772173,45.639671],[13.772202,45.64015],[13.772369,45.640198],[13.772381,45.640236],[13.77253,45.640292],[13.772995,45.640545],[13.773034,45.640575],[13.773202,45.640817],[13.773236,45.640822],[13.773321,45.640789],[13.773532,45.640955],[13.773438,45.641046],[13.773611,45.641218],[13.773515,45.641306],[13.773467,45.641305],[13.773359,45.641407],[13.773365,45.641432],[13.774063,45.641796],[13.774199,45.641825],[13.774248,45.641804],[13.774299,45.641832],[13.774477,45.641808],[13.774776,45.641695],[13.77497,45.641666],[13.775083,45.641672],[13.77534,45.641792],[13.775416,45.641801],[13.775607,45.641686],[13.775828,45.641491],[13.775903,45.641537],[13.775485,45.641839],[13.776244,45.642351],[13.775896,45.64261],[13.775899,45.642637],[13.775997,45.642689],[13.775448,45.643073],[13.775197,45.642918],[13.774991,45.642865],[13.774869,45.642863],[13.774644,45.642909],[13.774475,45.643007],[13.774471,45.643031],[13.77453,45.643078],[13.774661,45.643003],[13.77481,45.642972],[13.774822,45.642957],[13.774928,45.642954],[13.774959,45.642973],[13.775036,45.642971],[13.775049,45.642989],[13.775214,45.643054],[13.775677,45.643369],[13.775796,45.643404],[13.776053,45.643412],[13.776143,45.643438],[13.77703,45.643976],[13.77713,45.644064],[13.777201,45.644195],[13.777163,45.644288],[13.777084,45.64434],[13.77714,45.644446],[13.777136,45.644498],[13.77711,45.644524],[13.775396,45.644981],[13.775294,45.64482],[13.775262,45.644811],[13.774127,45.645105],[13.774047,45.645101],[13.773911,45.645126],[13.773847,45.645152],[13.773789,45.645144],[13.772717,45.645282],[13.772681,45.645269],[13.772508,45.645296],[13.77248,45.645335],[13.772739,45.645602],[13.772952,45.645785],[13.773304,45.645915],[13.773401,45.645967],[13.773448,45.645959],[13.773641,45.64602],[13.773507,45.646131],[13.773063,45.646245],[13.772806,45.646201],[13.772719,45.646159],[13.77274,45.646066],[13.77301,45.646145],[13.773081,45.646152],[13.773146,45.646141],[13.773233,45.646098],[13.773276,45.646049],[13.773274,45.646022],[13.772864,45.645871],[13.772336,45.645382],[13.772222,45.645333],[13.771646,45.645439],[13.771625,45.645467],[13.771055,45.645612],[13.771012,45.645599],[13.770767,45.645682],[13.770301,45.645916],[13.769515,45.646557],[13.768726,45.647242],[13.768539,45.64733],[13.768491,45.647254],[13.768589,45.647212],[13.769153,45.646736],[13.768801,45.646569],[13.768794,45.64652],[13.768742,45.646476],[13.768637,45.646468],[13.768598,45.64648],[13.768563,45.646513],[13.768557,45.646562],[13.76785,45.646853],[13.767541,45.647029],[13.767302,45.64664],[13.767204,45.646524],[13.767296,45.646488],[13.767309,45.646469],[13.766957,45.646211],[13.766856,45.646184],[13.766743,45.646216],[13.766332,45.646504],[13.766209,45.646426],[13.766173,45.646427],[13.7661,45.646487],[13.766214,45.646582],[13.766081,45.646684],[13.766012,45.646761],[13.765556,45.646713],[13.765003,45.646476],[13.764736,45.646336],[13.764726,45.64631],[13.763846,45.645835],[13.762519,45.645389],[13.761736,45.645092],[13.761149,45.644864],[13.761145,45.644822],[13.759812,45.644302],[13.758886,45.64497],[13.758815,45.644924],[13.759286,45.644579],[13.759151,45.644487],[13.757489,45.64477],[13.757474,45.644797],[13.757761,45.645095],[13.758317,45.644858],[13.758636,45.645229],[13.758712,45.645229],[13.758739,45.645283],[13.758713,45.645313],[13.759009,45.645663],[13.758413,45.645636],[13.757845,45.645792],[13.757085,45.646151],[13.757078,45.646176],[13.757727,45.646839],[13.757762,45.646844],[13.757938,45.646757],[13.757961,45.646781],[13.757342,45.647093],[13.757313,45.647064],[13.757676,45.646885],[13.757682,45.64686],[13.75702,45.646187],[13.755805,45.646753],[13.75619,45.648215],[13.75614,45.648221],[13.75615,45.648176],[13.756079,45.647912],[13.755814,45.647942],[13.755867,45.6482],[13.755841,45.648225],[13.755961,45.648698],[13.756518,45.649013],[13.757175,45.649097],[13.757205,45.649078],[13.757204,45.648716],[13.757264,45.648715],[13.757382,45.648797],[13.757383,45.648911],[13.757348,45.648933],[13.757356,45.648967],[13.757383,45.648977],[13.757383,45.649092],[13.75735,45.649114],[13.757351,45.649197],[13.757368,45.649213],[13.75942,45.649695],[13.759407,45.649735],[13.757363,45.649256],[13.756554,45.649601],[13.756535,45.649689],[13.75584,45.649982],[13.754942,45.649951],[13.752939,45.64999],[13.752302,45.649426],[13.751806,45.648834],[13.751873,45.648811],[13.752381,45.64941],[13.752986,45.649936],[13.753753,45.649917],[13.753782,45.649901],[13.753918,45.649892],[13.754648,45.649878],[13.754648,45.649535],[13.75475,45.649532],[13.754776,45.649513],[13.754752,45.649301],[13.754726,45.649284],[13.754637,45.649282],[13.754625,45.649021],[13.754599,45.649003],[13.753189,45.649019],[13.753192,45.648949],[13.754212,45.648936],[13.754252,45.648897],[13.753712,45.647639],[13.75364,45.647657],[13.753577,45.647647],[13.753493,45.647674],[13.75267,45.647976],[13.752598,45.647889],[13.75254,45.647885],[13.752479,45.647804],[13.752824,45.647674],[13.752829,45.647632],[13.753084,45.647538],[13.753093,45.647513],[13.752768,45.647089],[13.752425,45.64721],[13.751916,45.646551],[13.75224,45.646419],[13.752051,45.646154],[13.752214,45.646098],[13.752851,45.64695],[13.752886,45.646957],[13.75299,45.64692],[13.753017,45.646885],[13.751797,45.645244],[13.751708,45.645243],[13.751695,45.645268],[13.751776,45.645375],[13.751817,45.645384],[13.751902,45.645496],[13.751892,45.645525],[13.751926,45.645571],[13.751966,45.645581],[13.752008,45.645638],[13.752002,45.64566],[13.752142,45.645848],[13.752015,45.645898],[13.751384,45.646236],[13.751266,45.646325],[13.751059,45.646391],[13.750689,45.646179],[13.750909,45.645992],[13.750911,45.64597],[13.748412,45.644525],[13.748337,45.644081],[13.748682,45.644048],[13.748705,45.644028],[13.748173,45.641158],[13.747945,45.641135],[13.747898,45.641275],[13.743884,45.640815]]]]},"properties":{"prov":"TS","comune_amm":"L424","comune_descr":"TRIESTE","fascia":"C","zona":"C1","zona_descr":"SAN VITO","microzona":3,"semestre":"2025/2"}},{"type":"Feature","geometry":{"type":"MultiPolygon","coordinates":[[[[13.774015,45.61255],[13.773986,45.612594],[13.773838,45.612546],[13.773868,45.612504],[13.774015,45.61255]]],[[[13.764118,45.64023],[13.765879,45.639556],[13.7655,45.639121],[13.765504,45.639082],[13.76572,45.63893],[13.765543,45.63863],[13.765521,45.638619],[13.765052,45.638602],[13.765062,45.638432],[13.765039,45.638414],[13.764955,45.638396],[13.764919,45.638364],[13.76493,45.638257],[13.764589,45.638306],[13.764559,45.63821],[13.768353,45.637624],[13.768834,45.637591],[13.769113,45.637596],[13.769375,45.637619],[13.769605,45.637653],[13.769851,45.637711],[13.769883,45.637783],[13.770294,45.637963],[13.770635,45.638185],[13.770808,45.638071],[13.771304,45.638397],[13.771784,45.638842],[13.771876,45.638806],[13.771934,45.638838],[13.772133,45.63865],[13.772501,45.638519],[13.772724,45.638472],[13.773239,45.638542],[13.773535,45.638564],[13.773919,45.638563],[13.77434,45.638503],[13.775058,45.638302],[13.775072,45.638272],[13.775507,45.637991],[13.776461,45.637266],[13.776444,45.637226],[13.776816,45.63696],[13.776845,45.63687],[13.776826,45.636847],[13.776993,45.636723],[13.777058,45.636476],[13.777253,45.636394],[13.778632,45.635323],[13.779406,45.634399],[13.77944,45.634413],[13.779468,45.634402],[13.780249,45.632982],[13.780522,45.632278],[13.780548,45.632023],[13.780507,45.6316],[13.780497,45.631588],[13.780424,45.631584],[13.780166,45.630998],[13.780116,45.63072],[13.780159,45.630399],[13.780255,45.630188],[13.780489,45.629899],[13.780837,45.629549],[13.781046,45.629306],[13.781188,45.629008],[13.781251,45.628654],[13.781066,45.627644],[13.780622,45.627033],[13.780612,45.626993],[13.780657,45.626913],[13.780692,45.626893],[13.780824,45.62688],[13.781327,45.626976],[13.782435,45.62676],[13.782453,45.626739],[13.782008,45.626515],[13.781609,45.62644],[13.781497,45.626402],[13.780618,45.62597],[13.78035,45.625797],[13.780143,45.625591],[13.780081,45.625561],[13.778859,45.625361],[13.778603,45.62528],[13.778185,45.625214],[13.777736,45.625076],[13.777674,45.624958],[13.777353,45.62481],[13.777275,45.624664],[13.777234,45.624494],[13.777266,45.624246],[13.77736,45.624062],[13.777437,45.623962],[13.777521,45.623935],[13.77764,45.623828],[13.777795,45.623622],[13.777914,45.623522],[13.77792,45.623497],[13.778162,45.623381],[13.778575,45.623265],[13.778262,45.623503],[13.778461,45.623628],[13.778525,45.623626],[13.778676,45.623537],[13.77915,45.623183],[13.779148,45.623158],[13.779113,45.62313],[13.779626,45.62276],[13.779752,45.622837],[13.779371,45.62308],[13.779542,45.623263],[13.779699,45.62338],[13.780087,45.623176],[13.780214,45.623286],[13.78025,45.623289],[13.780604,45.623086],[13.780636,45.622992],[13.780662,45.622414],[13.780732,45.62219],[13.780805,45.622033],[13.781045,45.621755],[13.781382,45.621449],[13.781384,45.621424],[13.781713,45.621134],[13.782463,45.620582],[13.782751,45.620407],[13.782995,45.62029],[13.783278,45.620191],[13.783564,45.620118],[13.784122,45.620033],[13.784668,45.619984],[13.785011,45.61992],[13.785045,45.619934],[13.785097,45.619928],[13.785219,45.619883],[13.785262,45.619914],[13.785494,45.620221],[13.785628,45.620336],[13.786127,45.620578],[13.786466,45.620827],[13.786647,45.620932],[13.787182,45.621188],[13.787556,45.621288],[13.78774,45.621398],[13.787875,45.621444],[13.787979,45.621456],[13.788844,45.62142],[13.788975,45.621329],[13.789404,45.621596],[13.789981,45.621159],[13.790147,45.621152],[13.790586,45.621415],[13.790622,45.621413],[13.79062,45.621388],[13.790164,45.6211],[13.790002,45.621098],[13.789415,45.621534],[13.789275,45.621446],[13.78986,45.621006],[13.789872,45.620909],[13.790004,45.620877],[13.790022,45.620861],[13.789797,45.620597],[13.789795,45.62045],[13.789845,45.620456],[13.789876,45.6204],[13.789955,45.620384],[13.78996,45.620358],[13.789182,45.619743],[13.790581,45.618757],[13.789939,45.617589],[13.790462,45.617414],[13.7904,45.617216],[13.790015,45.616829],[13.789674,45.616417],[13.790454,45.615998],[13.790807,45.615831],[13.790887,45.616034],[13.790911,45.616048],[13.792035,45.616051],[13.792061,45.616033],[13.792064,45.61587],[13.793085,45.615953],[13.7931,45.615704],[13.794126,45.615818],[13.794236,45.615858],[13.794343,45.61598],[13.794851,45.616136],[13.795669,45.616426],[13.796218,45.616638],[13.796359,45.616612],[13.796345,45.616545],[13.796576,45.616379],[13.796909,45.61664],[13.797248,45.616632],[13.797665,45.616596],[13.797904,45.616611],[13.798314,45.617216],[13.798562,45.61772],[13.798598,45.617762],[13.797706,45.618322],[13.797699,45.618341],[13.797901,45.61876],[13.798273,45.618623],[13.798659,45.619221],[13.797874,45.619565],[13.797886,45.620247],[13.797841,45.620288],[13.797847,45.620363],[13.797894,45.620416],[13.797998,45.620425],[13.798074,45.620385],[13.798152,45.620441],[13.797935,45.62059],[13.797927,45.62064],[13.798136,45.620902],[13.79831,45.621083],[13.798296,45.621117],[13.799058,45.621891],[13.798128,45.62238],[13.798969,45.623278],[13.799234,45.623584],[13.797883,45.623979],[13.797839,45.623954],[13.797806,45.623954],[13.797199,45.624313],[13.79693,45.624523],[13.796787,45.624667],[13.797707,45.625118],[13.798242,45.625254],[13.798337,45.62546],[13.79799,45.625433],[13.79797,45.625438],[13.797955,45.625472],[13.797221,45.625458],[13.796788,45.626085],[13.796743,45.62611],[13.794693,45.628466],[13.794176,45.628256],[13.794137,45.628268],[13.793674,45.629922],[13.793555,45.630092],[13.793382,45.630283],[13.79243,45.631091],[13.792428,45.631116],[13.792305,45.631267],[13.792264,45.631356],[13.792246,45.63157],[13.792335,45.632027],[13.792471,45.63218],[13.792364,45.632455],[13.791617,45.63211],[13.791063,45.631806],[13.791027,45.631809],[13.791031,45.631834],[13.791532,45.632122],[13.792315,45.632487],[13.792286,45.632535],[13.792108,45.632672],[13.792054,45.632659],[13.791972,45.632698],[13.791537,45.633003],[13.791102,45.633151],[13.790879,45.63319],[13.790849,45.633222],[13.790165,45.633182],[13.789343,45.633223],[13.789312,45.633192],[13.789006,45.633198],[13.788834,45.633331],[13.788689,45.633522],[13.788301,45.633941],[13.788208,45.63402],[13.78797,45.634187],[13.787642,45.63434],[13.787636,45.634375],[13.787328,45.634529],[13.786411,45.635266],[13.786362,45.635282],[13.786316,45.635346],[13.78632,45.635372],[13.786098,45.635672],[13.785869,45.636217],[13.785208,45.637585],[13.785749,45.637692],[13.786346,45.637765],[13.787063,45.637795],[13.786966,45.637919],[13.786992,45.63794],[13.787213,45.63778],[13.787796,45.637185],[13.788157,45.637031],[13.788648,45.636981],[13.789208,45.638144],[13.789209,45.638181],[13.789134,45.638219],[13.789101,45.638213],[13.788779,45.638279],[13.788764,45.638306],[13.788817,45.638377],[13.788652,45.638462],[13.788671,45.638483],[13.78879,45.638504],[13.787706,45.639027],[13.787485,45.639237],[13.787427,45.639318],[13.787111,45.63929],[13.7865,45.639494],[13.785987,45.639895],[13.785862,45.6398],[13.785798,45.639809],[13.785427,45.639485],[13.78539,45.639483],[13.785312,45.639532],[13.785309,45.639557],[13.785665,45.639871],[13.785457,45.640047],[13.78546,45.640076],[13.785343,45.640165],[13.785246,45.640295],[13.785211,45.64031],[13.785105,45.640587],[13.784902,45.640957],[13.784821,45.640951],[13.784791,45.640965],[13.784664,45.641307],[13.784681,45.641329],[13.784849,45.641368],[13.78479,45.641498],[13.784732,45.641788],[13.78474,45.641816],[13.784663,45.642134],[13.784636,45.642142],[13.784511,45.642125],[13.784393,45.642194],[13.783445,45.642924],[13.783314,45.642897],[13.783238,45.643082],[13.782943,45.643056],[13.782935,45.64293],[13.782785,45.642916],[13.782739,45.643278],[13.781879,45.644253],[13.781553,45.644666],[13.781568,45.644694],[13.780486,45.64553],[13.780426,45.645539],[13.780405,45.645615],[13.779382,45.645724],[13.779137,45.645761],[13.779093,45.645797],[13.778731,45.645802],[13.778564,45.645786],[13.778203,45.6457],[13.77816,45.645678],[13.776848,45.645405],[13.776119,45.646086],[13.776577,45.646324],[13.776832,45.646504],[13.777021,45.646675],[13.777478,45.647185],[13.777568,45.647237],[13.777328,45.64747],[13.77641,45.647025],[13.776375,45.647025],[13.775873,45.646751],[13.775511,45.647042],[13.775469,45.647049],[13.775147,45.647381],[13.774769,45.647204],[13.773789,45.646605],[13.77372,45.64652],[13.773666,45.64632],[13.773573,45.646147],[13.773545,45.646136],[13.773486,45.646143],[13.773591,45.646051],[13.773593,45.64603],[13.772909,45.645804],[13.77242,45.645363],[13.772427,45.645335],[13.772482,45.645317],[13.773793,45.645144],[13.773852,45.645149],[13.774053,45.6451],[13.774129,45.645104],[13.77528,45.644806],[13.775381,45.644966],[13.775415,45.644977],[13.777117,45.644514],[13.77714,45.644453],[13.77708,45.64434],[13.777157,45.644293],[13.7772,45.644209],[13.777126,45.644061],[13.776959,45.643931],[13.776177,45.643454],[13.77607,45.643416],[13.775794,45.643404],[13.775684,45.643373],[13.775187,45.643036],[13.775118,45.643003],[13.775044,45.642993],[13.775035,45.642976],[13.77494,45.642973],[13.774907,45.642954],[13.774842,45.642957],[13.774817,45.642976],[13.774657,45.643005],[13.774529,45.643085],[13.774447,45.643007],[13.77454,45.642942],[13.774692,45.64288],[13.774847,45.642853],[13.774974,45.642855],[13.775171,45.642902],[13.775434,45.643057],[13.775963,45.642693],[13.775958,45.642666],[13.775878,45.642623],[13.776237,45.642354],[13.775476,45.641839],[13.775888,45.641552],[13.775888,45.641526],[13.775853,45.641502],[13.775815,45.641504],[13.775607,45.641687],[13.775412,45.641802],[13.775339,45.641792],[13.775058,45.641671],[13.774975,45.641666],[13.774781,45.641694],[13.77447,45.641809],[13.774287,45.641834],[13.774258,45.641816],[13.774221,45.64183],[13.774069,45.641799],[13.773347,45.641424],[13.773479,45.641293],[13.77353,45.641293],[13.773606,45.641217],[13.773455,45.641066],[13.773419,45.641054],[13.773526,45.640958],[13.77333,45.640797],[13.773296,45.640793],[13.773206,45.640824],[13.773056,45.640604],[13.772993,45.640544],[13.772533,45.640294],[13.772368,45.640231],[13.772352,45.640193],[13.772202,45.640153],[13.772182,45.640056],[13.771553,45.639986],[13.77121,45.639929],[13.770798,45.63982],[13.770193,45.639601],[13.770045,45.639509],[13.769665,45.639159],[13.769661,45.639088],[13.769617,45.639073],[13.768952,45.639182],[13.768934,45.639203],[13.768962,45.639218],[13.769474,45.639171],[13.769519,45.639206],[13.769559,45.639209],[13.76986,45.639489],[13.77015,45.639678],[13.769969,45.639944],[13.768499,45.640077],[13.768465,45.639986],[13.768406,45.639977],[13.768385,45.640025],[13.768237,45.639992],[13.768237,45.639916],[13.768139,45.639893],[13.767832,45.639867],[13.767242,45.639889],[13.767152,45.639547],[13.767075,45.639498],[13.766227,45.639643],[13.765796,45.639763],[13.764216,45.640363],[13.764118,45.64023]]]]},"properties":{"prov":"TS","comune_amm":"L424","comune_descr":"TRIESTE","fascia":"C","zona":"C2","zona_descr":"SAN GIACOMO - CHIARBOLA - SERVOLA - MONTE SAN PANTALEONE","microzona":6,"semestre":"2025/2"}},{"type":"Feature","geometry":{"type":"MultiPolygon","coordinates":[[[[13.763909,45.66926],[13.764334,45.669007],[13.764355,45.668971],[13.764584,45.668837],[13.764627,45.668838],[13.764988,45.668632],[13.765181,45.66842],[13.765229,45.668433],[13.765264,45.668423],[13.765528,45.667948],[13.76609,45.667165],[13.766366,45.666425],[13.76652,45.666452],[13.767242,45.666676],[13.767303,45.666707],[13.767672,45.666808],[13.767961,45.666757],[13.768456,45.666153],[13.768769,45.665861],[13.768814,45.665781],[13.76886,45.665915],[13.769238,45.665876],[13.769304,45.66596],[13.769267,45.665972],[13.769225,45.665951],[13.769145,45.665971],[13.769103,45.665992],[13.769104,45.666013],[13.768968,45.666066],[13.768976,45.66609],[13.76893,45.666108],[13.768822,45.66622],[13.768791,45.6663],[13.768788,45.666384],[13.768899,45.666626],[13.769042,45.666844],[13.769173,45.666937],[13.769408,45.667277],[13.7694,45.667301],[13.769507,45.667541],[13.769491,45.667567],[13.769505,45.667601],[13.76944,45.667622],[13.769425,45.667643],[13.769655,45.668315],[13.769685,45.668328],[13.770086,45.668281],[13.770323,45.668059],[13.770439,45.668003],[13.770439,45.667973],[13.770502,45.667959],[13.770745,45.667841],[13.770808,45.667913],[13.770938,45.667876],[13.770927,45.66745],[13.770895,45.667243],[13.771114,45.667164],[13.771227,45.667092],[13.771315,45.667011],[13.771461,45.666712],[13.771507,45.666725],[13.771582,45.666683],[13.771679,45.667026],[13.771709,45.66704],[13.772367,45.666929],[13.772311,45.66672],[13.772342,45.666709],[13.772341,45.666669],[13.772409,45.666628],[13.772472,45.666635],[13.772638,45.667013],[13.772679,45.667034],[13.773092,45.666897],[13.773184,45.666844],[13.773327,45.666728],[13.773326,45.666703],[13.773198,45.666615],[13.772902,45.666484],[13.772813,45.666417],[13.772754,45.666236],[13.77247,45.665981],[13.772457,45.665711],[13.773454,45.665386],[13.774668,45.665939],[13.775401,45.665943],[13.775793,45.665792],[13.775863,45.665752],[13.775895,45.665755],[13.776218,45.665665],[13.776224,45.665628],[13.776255,45.665622],[13.776672,45.665622],[13.776904,45.66565],[13.777028,45.665712],[13.777332,45.665818],[13.777461,45.66584],[13.777739,45.665853],[13.778304,45.665833],[13.778959,45.665671],[13.779156,45.665651],[13.779569,45.665471],[13.780137,45.665331],[13.780443,45.665293],[13.780896,45.665268],[13.781108,45.665188],[13.781317,45.665252],[13.781382,45.665248],[13.781545,45.665191],[13.78166,45.665121],[13.781864,45.665061],[13.78192,45.66506],[13.782215,45.664958],[13.782476,45.664998],[13.782666,45.664971],[13.783254,45.664938],[13.783528,45.664878],[13.783556,45.66489],[13.78392,45.664918],[13.784079,45.664919],[13.784229,45.664901],[13.784529,45.664828],[13.784913,45.664791],[13.78516,45.664729],[13.785504,45.664705],[13.785632,45.664713],[13.785718,45.664739],[13.786111,45.664757],[13.786138,45.664745],[13.786179,45.664669],[13.786172,45.664648],[13.78531,45.664154],[13.785062,45.663969],[13.78507,45.663933],[13.785212,45.663866],[13.78525,45.663882],[13.786678,45.663861],[13.787382,45.663751],[13.787401,45.663726],[13.787251,45.663453],[13.787802,45.663307],[13.787912,45.66359],[13.788209,45.663563],[13.788651,45.663615],[13.789166,45.663734],[13.789585,45.663862],[13.790309,45.6642],[13.790587,45.664374],[13.791172,45.664661],[13.791235,45.664651],[13.791474,45.66478],[13.791976,45.665146],[13.792078,45.665273],[13.792121,45.66539],[13.792168,45.665796],[13.792618,45.665707],[13.792736,45.665661],[13.793004,45.665462],[13.79329,45.665401],[13.793451,45.66529],[13.793607,45.665243],[13.793918,45.66505],[13.793988,45.665037],[13.794093,45.664913],[13.794163,45.664633],[13.793978,45.664316],[13.793474,45.663777],[13.793366,45.663577],[13.79292,45.663433],[13.792744,45.663532],[13.792356,45.663299],[13.791957,45.663167],[13.791816,45.663101],[13.791415,45.662845],[13.791269,45.662684],[13.791026,45.662495],[13.791205,45.662296],[13.791195,45.662271],[13.790481,45.662007],[13.789988,45.661962],[13.789691,45.661748],[13.790113,45.661476],[13.790848,45.661124],[13.791066,45.661004],[13.791121,45.661027],[13.791138,45.661021],[13.791215,45.660964],[13.791218,45.660897],[13.79048,45.660293],[13.790054,45.660065],[13.789868,45.659946],[13.789646,45.65966],[13.789265,45.659356],[13.789162,45.659174],[13.788931,45.65885],[13.788783,45.658688],[13.78823,45.658178],[13.788112,45.657969],[13.788047,45.657898],[13.78789,45.657779],[13.787784,45.657661],[13.787691,45.657409],[13.787568,45.657171],[13.787908,45.657049],[13.788012,45.657261],[13.788047,45.657272],[13.788502,45.657129],[13.788693,45.657419],[13.788846,45.657614],[13.788883,45.65762],[13.789015,45.657556],[13.78901,45.657515],[13.789206,45.657405],[13.789303,45.65733],[13.789307,45.657308],[13.78918,45.657168],[13.7892,45.657116],[13.789133,45.657093],[13.789362,45.656922],[13.789488,45.656706],[13.789584,45.656623],[13.789768,45.656532],[13.790061,45.656688],[13.79024,45.656742],[13.790853,45.656873],[13.791687,45.657246],[13.792335,45.657498],[13.792403,45.657537],[13.792425,45.657697],[13.792329,45.657703],[13.792148,45.657742],[13.792037,45.657845],[13.792016,45.657954],[13.792063,45.658133],[13.79212,45.658276],[13.792333,45.658556],[13.793161,45.659544],[13.793226,45.659694],[13.793247,45.659812],[13.79324,45.659933],[13.793207,45.660033],[13.793139,45.660126],[13.793154,45.660151],[13.793463,45.660218],[13.793673,45.660232],[13.793808,45.660273],[13.794011,45.660465],[13.794077,45.660508],[13.794232,45.660564],[13.794356,45.660673],[13.794453,45.660711],[13.794776,45.660698],[13.795018,45.660615],[13.795074,45.660422],[13.795018,45.659911],[13.795406,45.659905],[13.795571,45.659969],[13.795845,45.660202],[13.795946,45.660343],[13.796298,45.660511],[13.796545,45.660744],[13.796575,45.660735],[13.796868,45.660312],[13.796941,45.660321],[13.796972,45.660312],[13.797151,45.660022],[13.798429,45.660309],[13.798475,45.660305],[13.798541,45.660208],[13.798789,45.66033],[13.799049,45.660484],[13.800226,45.661318],[13.800471,45.661528],[13.800632,45.661772],[13.800661,45.661906],[13.800657,45.66206],[13.800684,45.662079],[13.800732,45.662079],[13.800654,45.662617],[13.800715,45.662733],[13.800811,45.662796],[13.801066,45.662887],[13.801525,45.662914],[13.801559,45.662883],[13.801968,45.662907],[13.802144,45.662932],[13.802279,45.662971],[13.802399,45.663021],[13.802565,45.663126],[13.802675,45.663234],[13.802662,45.663269],[13.802741,45.663334],[13.802815,45.663369],[13.802905,45.66339],[13.802993,45.663387],[13.803187,45.663312],[13.803387,45.663204],[13.803476,45.66312],[13.80361,45.662738],[13.803688,45.662635],[13.803777,45.662558],[13.803857,45.662501],[13.804509,45.662171],[13.804973,45.66191],[13.805147,45.661835],[13.805514,45.66173],[13.806115,45.661635],[13.806379,45.661578],[13.806396,45.661556],[13.806378,45.661494],[13.806586,45.661434],[13.806729,45.661292],[13.806839,45.661236],[13.807023,45.661194],[13.807044,45.661174],[13.807411,45.661056],[13.807398,45.661098],[13.807438,45.661158],[13.807475,45.661165],[13.807522,45.661146],[13.807609,45.661235],[13.807646,45.66124],[13.80792,45.661103],[13.808195,45.660925],[13.808679,45.660573],[13.808983,45.660415],[13.809273,45.660313],[13.809901,45.660168],[13.810363,45.660775],[13.810236,45.660831],[13.808966,45.661582],[13.80896,45.661605],[13.808976,45.661613],[13.809283,45.661516],[13.81013,45.661176],[13.81028,45.661102],[13.810811,45.661273],[13.810912,45.661258],[13.81134,45.660962],[13.811348,45.660767],[13.811877,45.660806],[13.812105,45.660805],[13.812196,45.660772],[13.812393,45.660634],[13.812731,45.660777],[13.812335,45.661138],[13.812128,45.661363],[13.811897,45.661668],[13.811866,45.661685],[13.811875,45.661707],[13.812111,45.661832],[13.810889,45.663052],[13.810653,45.663241],[13.810452,45.663551],[13.809177,45.664962],[13.808612,45.665298],[13.807895,45.665593],[13.807317,45.665203],[13.807222,45.665155],[13.807191,45.665155],[13.806866,45.665337],[13.806353,45.664842],[13.804976,45.664515],[13.804958,45.664534],[13.804977,45.664709],[13.804946,45.665125],[13.804898,45.665429],[13.804738,45.665743],[13.804603,45.66586],[13.804335,45.666025],[13.804186,45.666079],[13.803911,45.666147],[13.803738,45.666161],[13.803733,45.666071],[13.803703,45.666054],[13.803679,45.66606],[13.803618,45.666611],[13.803571,45.666696],[13.803529,45.666949],[13.803248,45.667275],[13.803098,45.667483],[13.802839,45.667743],[13.802748,45.667595],[13.80175,45.666893],[13.801666,45.66682],[13.801346,45.666737],[13.801338,45.666764],[13.801436,45.666853],[13.801619,45.667162],[13.801861,45.667299],[13.80205,45.667429],[13.802139,45.667573],[13.801666,45.66808],[13.801396,45.668851],[13.801471,45.668888],[13.801809,45.668964],[13.802068,45.668949],[13.802307,45.66891],[13.802475,45.668864],[13.803191,45.668722],[13.803436,45.668701],[13.803464,45.668735],[13.803142,45.668766],[13.802496,45.668896],[13.802313,45.668948],[13.802066,45.668982],[13.801812,45.668996],[13.801466,45.668929],[13.801374,45.668893],[13.801336,45.668901],[13.801257,45.668834],[13.801231,45.66879],[13.801173,45.668756],[13.801067,45.668725],[13.800767,45.668755],[13.800712,45.668743],[13.800671,45.668696],[13.800685,45.66851],[13.80064,45.668479],[13.800601,45.66848],[13.800278,45.668611],[13.800208,45.668609],[13.799997,45.668537],[13.799735,45.668836],[13.799441,45.669123],[13.799061,45.66942],[13.798667,45.66959],[13.798434,45.669666],[13.798439,45.669688],[13.798597,45.6698],[13.797497,45.669836],[13.797463,45.669988],[13.797433,45.669998],[13.797313,45.670383],[13.797155,45.670658],[13.797124,45.670835],[13.796946,45.671216],[13.796852,45.671373],[13.796965,45.671465],[13.797155,45.671688],[13.797141,45.671861],[13.79701,45.67204],[13.797022,45.672065],[13.797306,45.671984],[13.797547,45.671863],[13.797669,45.671834],[13.797758,45.67183],[13.79783,45.671877],[13.797838,45.671919],[13.797802,45.671961],[13.79702,45.67241],[13.797046,45.67243],[13.797166,45.67243],[13.797326,45.672465],[13.797357,45.672543],[13.797356,45.672727],[13.797385,45.672786],[13.797388,45.672861],[13.797288,45.672993],[13.797228,45.672997],[13.797087,45.673166],[13.797085,45.673196],[13.797129,45.673196],[13.797261,45.673038],[13.797569,45.673107],[13.797454,45.673364],[13.797101,45.673263],[13.797072,45.673267],[13.797067,45.673303],[13.797218,45.673495],[13.795455,45.674428],[13.794306,45.675063],[13.793641,45.675516],[13.793397,45.675636],[13.793178,45.675777],[13.792579,45.675663],[13.791919,45.675572],[13.790907,45.67539],[13.790224,45.675306],[13.789614,45.674898],[13.789578,45.674898],[13.789493,45.674954],[13.789457,45.674894],[13.789429,45.674883],[13.788805,45.675365],[13.787912,45.676005],[13.787705,45.676181],[13.787033,45.67685],[13.786454,45.677314],[13.78611,45.677545],[13.785744,45.677756],[13.785375,45.677933],[13.784919,45.678122],[13.784585,45.678286],[13.783577,45.678895],[13.783165,45.67905],[13.782994,45.679096],[13.781833,45.679366],[13.781718,45.679379],[13.781497,45.679443],[13.781636,45.679316],[13.781636,45.679278],[13.781571,45.679246],[13.781202,45.679201],[13.779263,45.678844],[13.778485,45.678779],[13.777585,45.678596],[13.777389,45.678571],[13.77728,45.678546],[13.777207,45.678509],[13.777164,45.678443],[13.777146,45.678327],[13.777225,45.678017],[13.777168,45.677888],[13.777023,45.677715],[13.776758,45.677472],[13.776721,45.677418],[13.776725,45.677396],[13.776615,45.677267],[13.776514,45.67708],[13.776476,45.676859],[13.776501,45.676664],[13.776465,45.676524],[13.775122,45.675546],[13.77505,45.675511],[13.775021,45.675511],[13.77501,45.675492],[13.774873,45.675428],[13.774677,45.675289],[13.77462,45.67521],[13.774605,45.67515],[13.774672,45.675051],[13.774731,45.674993],[13.77477,45.674981],[13.77479,45.674942],[13.774785,45.674903],[13.774758,45.674887],[13.774619,45.675013],[13.774567,45.675129],[13.77454,45.675211],[13.774594,45.675278],[13.774847,45.67547],[13.775011,45.675521],[13.775795,45.676108],[13.776415,45.676546],[13.776418,45.676609],[13.776441,45.67664],[13.776413,45.676856],[13.776186,45.67686],[13.775523,45.676921],[13.77536,45.676971],[13.775175,45.677004],[13.774977,45.677021],[13.77495,45.677008],[13.77483,45.677072],[13.77456,45.677113],[13.774307,45.677217],[13.774074,45.677335],[13.773536,45.677825],[13.773488,45.677822],[13.773383,45.677748],[13.77315,45.677539],[13.773081,45.677501],[13.772877,45.677276],[13.772766,45.677104],[13.772753,45.677005],[13.772633,45.67681],[13.772614,45.676751],[13.772352,45.676413],[13.772337,45.676369],[13.77229,45.676335],[13.772247,45.676202],[13.772155,45.676046],[13.772168,45.675972],[13.772081,45.675755],[13.772038,45.675517],[13.771977,45.675367],[13.771943,45.675184],[13.771944,45.675076],[13.771909,45.675069],[13.771836,45.675095],[13.771587,45.674918],[13.771142,45.674338],[13.770894,45.674119],[13.770807,45.67409],[13.77075,45.673996],[13.770718,45.674001],[13.770493,45.674195],[13.770195,45.674036],[13.770153,45.674046],[13.770158,45.674072],[13.770589,45.674298],[13.770354,45.674541],[13.769824,45.674269],[13.768897,45.67367],[13.768861,45.673672],[13.768833,45.673694],[13.768833,45.673719],[13.769158,45.67393],[13.768979,45.674068],[13.768297,45.673641],[13.768306,45.673622],[13.768276,45.673593],[13.768317,45.673564],[13.768319,45.673539],[13.768101,45.673371],[13.768154,45.673336],[13.768155,45.673311],[13.767907,45.673122],[13.767937,45.673091],[13.76793,45.673078],[13.767678,45.672884],[13.767712,45.672858],[13.767713,45.672833],[13.767435,45.672623],[13.767451,45.672583],[13.767273,45.672415],[13.766751,45.672386],[13.76651,45.672316],[13.765026,45.672184],[13.765005,45.672096],[13.764673,45.671826],[13.76468,45.671762],[13.764522,45.671324],[13.764529,45.671256],[13.764516,45.671246],[13.764466,45.671252],[13.764444,45.671227],[13.764635,45.671036],[13.764799,45.670942],[13.764796,45.670918],[13.76467,45.670784],[13.764676,45.670748],[13.764648,45.670714],[13.764895,45.6706],[13.764762,45.670426],[13.765071,45.670302],[13.76508,45.670278],[13.76502,45.6702],[13.764982,45.670194],[13.764932,45.670217],[13.764852,45.670156],[13.764956,45.670024],[13.764947,45.669999],[13.764608,45.669867],[13.764264,45.669555],[13.764203,45.66953],[13.763909,45.66926]]],[[[13.830244,45.637073],[13.83019,45.637158],[13.829917,45.637373],[13.829586,45.63716],[13.829855,45.636911],[13.829972,45.63688],[13.830103,45.636888],[13.830155,45.636908],[13.830239,45.63701],[13.830244,45.637073]]]]},"properties":{"prov":"TS","comune_amm":"L424","comune_descr":"TRIESTE","fascia":"C","zona":"C3","zona_descr":"COLOGNA - ROIANO - PARTE GRETTA","microzona":0,"semestre":"2025/2"}},{"type":"Feature","geometry":{"type":"MultiPolygon","coordinates":[[[[13.800986,45.663053],[13.801022,45.663003],[13.801245,45.663023],[13.80123,45.663082],[13.800986,45.663053]]],[[[13.783767,45.651786],[13.783614,45.65178],[13.785474,45.649637],[13.786082,45.648987],[13.786637,45.64851],[13.786725,45.648412],[13.786755,45.648406],[13.786822,45.648352],[13.786951,45.648221],[13.787045,45.648085],[13.787086,45.648083],[13.787154,45.648035],[13.788332,45.646401],[13.788711,45.645837],[13.789368,45.644777],[13.789414,45.644768],[13.789496,45.644639],[13.79223,45.64228],[13.792226,45.642255],[13.792129,45.642205],[13.791228,45.642303],[13.791282,45.642164],[13.792537,45.642018],[13.793829,45.64089],[13.793869,45.640884],[13.794714,45.640145],[13.794609,45.639947],[13.795118,45.639967],[13.795251,45.639862],[13.795379,45.639834],[13.795382,45.63982],[13.795342,45.639792],[13.795496,45.639777],[13.79563,45.639797],[13.795672,45.639783],[13.795618,45.639618],[13.795128,45.639689],[13.794962,45.639181],[13.794932,45.639168],[13.794763,45.639192],[13.794113,45.639481],[13.794072,45.639567],[13.794123,45.63971],[13.794205,45.639772],[13.793382,45.63971],[13.793453,45.639706],[13.793577,45.639664],[13.794157,45.639265],[13.794526,45.639093],[13.794917,45.639035],[13.795415,45.638925],[13.795817,45.638757],[13.795988,45.638663],[13.796034,45.638618],[13.796167,45.638572],[13.79638,45.638563],[13.796602,45.638525],[13.796884,45.63844],[13.797241,45.638484],[13.797445,45.638526],[13.798005,45.638561],[13.798153,45.638588],[13.798185,45.638575],[13.798235,45.638417],[13.798214,45.638395],[13.798179,45.638408],[13.798137,45.638534],[13.797968,45.638504],[13.797424,45.63847],[13.797216,45.638428],[13.796758,45.63837],[13.796639,45.63831],[13.796233,45.63821],[13.795257,45.638019],[13.793523,45.637797],[13.793159,45.637743],[13.792662,45.637647],[13.792326,45.637602],[13.791804,45.637568],[13.791647,45.637596],[13.791505,45.637579],[13.791187,45.637621],[13.790825,45.637649],[13.790139,45.637893],[13.789609,45.638145],[13.789493,45.638374],[13.789366,45.63845],[13.78936,45.638487],[13.789288,45.638513],[13.789295,45.638576],[13.788761,45.638533],[13.788489,45.638488],[13.788633,45.63848],[13.788765,45.638412],[13.788773,45.638389],[13.788727,45.638317],[13.789073,45.638248],[13.789179,45.638184],[13.788649,45.636978],[13.789633,45.636862],[13.790612,45.636766],[13.790948,45.636718],[13.791444,45.636699],[13.791557,45.636702],[13.791908,45.63675],[13.792417,45.636841],[13.792838,45.636882],[13.793346,45.636897],[13.79433,45.63688],[13.79515,45.636962],[13.795657,45.636965],[13.796025,45.637003],[13.796597,45.637009],[13.797291,45.637043],[13.797469,45.637064],[13.797191,45.638108],[13.797204,45.638127],[13.79724,45.638137],[13.797262,45.638122],[13.797541,45.637112],[13.797951,45.637154],[13.798588,45.637176],[13.799053,45.63721],[13.799361,45.637245],[13.799877,45.637343],[13.801572,45.637489],[13.802423,45.637629],[13.802685,45.63766],[13.803019,45.637725],[13.803798,45.637926],[13.804905,45.638125],[13.80586,45.638176],[13.806112,45.638225],[13.806761,45.638304],[13.807463,45.638264],[13.807792,45.638232],[13.808067,45.638242],[13.808783,45.63839],[13.809914,45.638377],[13.810949,45.638334],[13.811436,45.6383],[13.811886,45.638189],[13.812672,45.637882],[13.812977,45.637786],[13.81331,45.637723],[13.813912,45.637739],[13.814238,45.637713],[13.814739,45.637558],[13.815599,45.637358],[13.816209,45.637263],[13.816263,45.637323],[13.816283,45.637323],[13.81687,45.637199],[13.817136,45.637064],[13.81737,45.636831],[13.817602,45.636662],[13.81782,45.636629],[13.818532,45.636665],[13.819027,45.636607],[13.819638,45.636488],[13.820266,45.636316],[13.820811,45.636137],[13.822482,45.635455],[13.822486,45.635486],[13.822508,45.635498],[13.822585,45.635827],[13.822502,45.635781],[13.822205,45.635858],[13.822064,45.635759],[13.822044,45.635754],[13.82202,45.635774],[13.82212,45.636263],[13.82263,45.636251],[13.822742,45.637953],[13.822236,45.638111],[13.822223,45.638134],[13.822254,45.638145],[13.822869,45.637963],[13.82285,45.637935],[13.822803,45.637198],[13.823842,45.636986],[13.823877,45.637036],[13.823909,45.637047],[13.82402,45.637013],[13.824001,45.636935],[13.8248,45.636803],[13.824818,45.636784],[13.824803,45.63668],[13.824971,45.636636],[13.824989,45.636668],[13.825019,45.636672],[13.82599,45.636351],[13.82765,45.636019],[13.827999,45.635924],[13.828089,45.635968],[13.828128,45.635927],[13.828218,45.6359],[13.828602,45.635722],[13.828996,45.635592],[13.829067,45.635526],[13.82911,45.635517],[13.829082,45.635561],[13.829118,45.635572],[13.829314,45.635503],[13.830668,45.635203],[13.830685,45.635182],[13.830628,45.63501],[13.83105,45.635164],[13.830977,45.635178],[13.830936,45.635248],[13.831,45.63553],[13.831027,45.635841],[13.83098,45.636128],[13.83088,45.6364],[13.830934,45.636455],[13.831022,45.636461],[13.831244,45.636305],[13.831257,45.636357],[13.831316,45.636402],[13.830735,45.636875],[13.830744,45.636887],[13.83078,45.636885],[13.831423,45.6364],[13.831453,45.636506],[13.831448,45.636731],[13.831416,45.636873],[13.831314,45.63707],[13.831037,45.637408],[13.830602,45.637752],[13.828641,45.6392],[13.828496,45.639118],[13.82821,45.63933],[13.827916,45.639148],[13.827878,45.63915],[13.826751,45.640033],[13.826752,45.640057],[13.827529,45.640641],[13.827351,45.640771],[13.827248,45.640824],[13.826962,45.640906],[13.826112,45.641245],[13.82533,45.641589],[13.824812,45.641739],[13.824603,45.641766],[13.824294,45.641773],[13.823884,45.642051],[13.823704,45.642118],[13.822771,45.642644],[13.820247,45.644013],[13.820242,45.644036],[13.820503,45.644327],[13.819334,45.644753],[13.81762,45.64528],[13.817047,45.644471],[13.81656,45.644569],[13.815414,45.644594],[13.815378,45.644582],[13.815172,45.644624],[13.814983,45.644689],[13.814592,45.6449],[13.81447,45.644982],[13.815266,45.648525],[13.815296,45.64854],[13.815498,45.648516],[13.815521,45.64859],[13.815555,45.648604],[13.815848,45.648533],[13.816362,45.648355],[13.816451,45.648316],[13.816646,45.648179],[13.816995,45.647999],[13.817117,45.647956],[13.817491,45.647902],[13.817757,45.647965],[13.817861,45.647955],[13.818152,45.64788],[13.818361,45.647812],[13.818602,45.647706],[13.818882,45.64752],[13.818999,45.647503],[13.819194,45.647558],[13.819326,45.64746],[13.819582,45.647313],[13.820003,45.647637],[13.820301,45.647547],[13.820425,45.64764],[13.82038,45.647679],[13.820429,45.647717],[13.820634,45.64759],[13.820992,45.647791],[13.82103,45.647787],[13.821231,45.647566],[13.821749,45.647057],[13.822062,45.646841],[13.821778,45.646398],[13.821885,45.646206],[13.822145,45.646053],[13.822217,45.645986],[13.822263,45.645912],[13.82237,45.64588],[13.822649,45.645729],[13.822787,45.645576],[13.822942,45.645305],[13.822996,45.645074],[13.823191,45.644889],[13.823226,45.644767],[13.823327,45.644734],[13.82349,45.644553],[13.82368,45.644463],[13.823896,45.644315],[13.823984,45.644274],[13.824036,45.64418],[13.824236,45.643952],[13.824289,45.643826],[13.824405,45.643745],[13.824553,45.643595],[13.824598,45.643508],[13.824752,45.643408],[13.824903,45.643266],[13.825119,45.643393],[13.824897,45.643567],[13.824897,45.64359],[13.825133,45.643634],[13.825361,45.643733],[13.82538,45.643735],[13.825419,45.643707],[13.825777,45.643905],[13.825998,45.643934],[13.826024,45.643927],[13.826271,45.643716],[13.826676,45.643324],[13.826944,45.643113],[13.826986,45.643128],[13.826648,45.643405],[13.826464,45.643598],[13.826098,45.643916],[13.825765,45.644295],[13.825592,45.644439],[13.825092,45.645007],[13.824888,45.645137],[13.82489,45.645164],[13.825327,45.645401],[13.824481,45.646067],[13.824481,45.646092],[13.824602,45.646168],[13.824605,45.646226],[13.824242,45.646727],[13.823495,45.647315],[13.822896,45.647923],[13.822896,45.647948],[13.823201,45.648158],[13.823367,45.648249],[13.822563,45.648944],[13.822367,45.64908],[13.822411,45.64977],[13.822361,45.649944],[13.82225,45.650159],[13.822196,45.650355],[13.822156,45.650907],[13.822059,45.651094],[13.822108,45.651571],[13.822443,45.652258],[13.822344,45.652246],[13.822089,45.652249],[13.8219,45.652282],[13.82132,45.652492],[13.820903,45.652594],[13.82088,45.652618],[13.820624,45.652683],[13.820451,45.65275],[13.820356,45.652746],[13.820239,45.652776],[13.820005,45.652888],[13.819753,45.652969],[13.819738,45.652989],[13.819794,45.653029],[13.819532,45.653221],[13.819444,45.653175],[13.819411,45.653176],[13.818979,45.653461],[13.818628,45.653642],[13.818099,45.654249],[13.817923,45.654556],[13.817751,45.654747],[13.816557,45.655919],[13.81657,45.65595],[13.817072,45.656009],[13.817025,45.656197],[13.816795,45.656548],[13.81432,45.659369],[13.814039,45.659679],[13.813512,45.660167],[13.813319,45.660529],[13.812826,45.661115],[13.812302,45.661603],[13.812092,45.661746],[13.811823,45.661608],[13.811876,45.661584],[13.812107,45.661275],[13.812643,45.660722],[13.81233,45.660584],[13.812144,45.660726],[13.812057,45.660756],[13.811869,45.660762],[13.81132,45.660715],[13.811296,45.660843],[13.811317,45.660891],[13.810884,45.661199],[13.81077,45.661194],[13.810255,45.661032],[13.810116,45.661105],[13.809315,45.661417],[13.808744,45.661666],[13.808692,45.661675],[13.809866,45.660987],[13.810358,45.66073],[13.809913,45.660137],[13.809523,45.660215],[13.809211,45.660298],[13.808886,45.660427],[13.808683,45.660535],[13.808549,45.660626],[13.80854,45.660648],[13.808127,45.660951],[13.807691,45.661183],[13.807582,45.661087],[13.807513,45.661111],[13.807455,45.661023],[13.80742,45.661011],[13.807134,45.661101],[13.807118,45.661128],[13.806912,45.661168],[13.806812,45.661212],[13.806647,45.661368],[13.806451,45.661421],[13.806392,45.661324],[13.806359,45.661313],[13.80632,45.661369],[13.8064,45.661554],[13.8059,45.661638],[13.80588,45.661667],[13.805433,45.661747],[13.805161,45.66183],[13.805108,45.661813],[13.805003,45.661853],[13.804564,45.662096],[13.803859,45.662451],[13.803771,45.662514],[13.803617,45.662677],[13.803475,45.663065],[13.803385,45.663145],[13.803211,45.663239],[13.803112,45.663136],[13.802982,45.663034],[13.802964,45.663028],[13.802937,45.663044],[13.802942,45.663069],[13.80313,45.663225],[13.803268,45.663393],[13.803415,45.663783],[13.803628,45.664199],[13.803638,45.664598],[13.803658,45.664708],[13.803649,45.664808],[13.803754,45.664936],[13.803732,45.664953],[13.803591,45.664815],[13.803594,45.66474],[13.803509,45.664661],[13.803605,45.664604],[13.803593,45.664198],[13.803379,45.663796],[13.803391,45.663772],[13.803247,45.663405],[13.803197,45.66333],[13.803161,45.663322],[13.802984,45.663389],[13.802911,45.66339],[13.802817,45.66337],[13.80274,45.663333],[13.802649,45.663259],[13.802664,45.663222],[13.802562,45.663123],[13.8024,45.663022],[13.802276,45.66297],[13.802049,45.662916],[13.801579,45.662885],[13.801544,45.662916],[13.801151,45.662898],[13.801061,45.662886],[13.800835,45.662805],[13.800799,45.662814],[13.800753,45.662902],[13.800648,45.663003],[13.800538,45.66305],[13.800128,45.66354],[13.800349,45.663633],[13.800515,45.663737],[13.800557,45.663802],[13.800569,45.663888],[13.800756,45.664043],[13.800837,45.664154],[13.800733,45.664041],[13.80055,45.663899],[13.800542,45.663814],[13.800499,45.663741],[13.800348,45.663646],[13.800105,45.663563],[13.800021,45.663648],[13.799877,45.663729],[13.799737,45.663843],[13.799591,45.664001],[13.799418,45.664236],[13.799301,45.664331],[13.799076,45.664423],[13.798645,45.664534],[13.799061,45.664419],[13.799278,45.664331],[13.799339,45.664291],[13.79945,45.664183],[13.799593,45.663973],[13.799683,45.663879],[13.799853,45.663735],[13.800014,45.66364],[13.800381,45.663233],[13.800531,45.663039],[13.800637,45.662997],[13.800735,45.662906],[13.800796,45.662807],[13.800792,45.662783],[13.800701,45.662716],[13.800653,45.662619],[13.800728,45.662097],[13.800722,45.662083],[13.800656,45.662077],[13.800657,45.661863],[13.800598,45.6617],[13.800471,45.661529],[13.800363,45.661428],[13.799905,45.661087],[13.799935,45.661055],[13.799926,45.661041],[13.799078,45.660435],[13.798822,45.66028],[13.798553,45.660147],[13.798518,45.660149],[13.798482,45.660177],[13.798421,45.660279],[13.798392,45.660283],[13.797126,45.660008],[13.797095,45.660018],[13.796923,45.660304],[13.796845,45.660309],[13.796528,45.660814],[13.79627,45.660555],[13.795906,45.66038],[13.795812,45.660245],[13.795552,45.66002],[13.795378,45.659955],[13.795007,45.659967],[13.795045,45.660465],[13.79499,45.660647],[13.794745,45.660719],[13.794466,45.660737],[13.794348,45.660697],[13.794226,45.66059],[13.794066,45.660531],[13.793967,45.660465],[13.793803,45.660299],[13.793692,45.660267],[13.793502,45.660257],[13.793275,45.660204],[13.793109,45.660185],[13.7932,45.659937],[13.793206,45.659729],[13.793167,45.659612],[13.793047,45.659433],[13.792454,45.658761],[13.792407,45.658731],[13.792417,45.658699],[13.792161,45.658383],[13.792036,45.658136],[13.792014,45.657968],[13.792061,45.657856],[13.792113,45.657811],[13.792207,45.65777],[13.7924,45.657742],[13.792388,45.657611],[13.792288,45.657548],[13.791617,45.657284],[13.790866,45.656932],[13.790169,45.656774],[13.790038,45.656725],[13.78979,45.656597],[13.789759,45.656597],[13.789617,45.656673],[13.789487,45.656772],[13.789394,45.65694],[13.789356,45.65697],[13.789091,45.65676],[13.788844,45.656053],[13.788801,45.656031],[13.788678,45.655828],[13.789022,45.655703],[13.788983,45.655571],[13.789318,45.655529],[13.789318,45.655625],[13.789347,45.655643],[13.789708,45.655619],[13.790039,45.655641],[13.790182,45.655607],[13.790863,45.655549],[13.790908,45.655616],[13.791669,45.655649],[13.791688,45.65576],[13.791713,45.655776],[13.79182,45.655773],[13.79183,45.655697],[13.791959,45.655693],[13.79199,45.65567],[13.792389,45.655673],[13.792403,45.655707],[13.792456,45.655718],[13.792861,45.655711],[13.792914,45.655894],[13.792932,45.656077],[13.792977,45.656121],[13.792976,45.656214],[13.792994,45.656231],[13.793386,45.656227],[13.793391,45.656153],[13.793468,45.656114],[13.793641,45.656129],[13.793973,45.656101],[13.794416,45.656097],[13.794438,45.656106],[13.794445,45.656148],[13.794465,45.656153],[13.794915,45.65609],[13.794989,45.656231],[13.794983,45.656297],[13.795216,45.656334],[13.79524,45.656372],[13.795635,45.656351],[13.795661,45.656321],[13.795723,45.656309],[13.795701,45.656167],[13.796188,45.656313],[13.796264,45.656292],[13.796382,45.656369],[13.796465,45.656322],[13.796628,45.656269],[13.796694,45.656371],[13.796823,45.656467],[13.796859,45.656468],[13.796883,45.656446],[13.796875,45.656433],[13.796737,45.656332],[13.796675,45.656173],[13.796715,45.656061],[13.79685,45.655861],[13.796906,45.655722],[13.796903,45.655605],[13.79687,45.655551],[13.79669,45.655394],[13.79668,45.655218],[13.797505,45.654827],[13.79751,45.654711],[13.797468,45.654517],[13.797502,45.654411],[13.796664,45.654263],[13.795321,45.654152],[13.793517,45.654152],[13.793494,45.654118],[13.793457,45.654116],[13.793438,45.654091],[13.793386,45.654075],[13.793356,45.654097],[13.792987,45.654093],[13.792954,45.654114],[13.791158,45.654058],[13.790541,45.653925],[13.789619,45.653757],[13.78967,45.653676],[13.789657,45.653652],[13.788589,45.653313],[13.787958,45.653217],[13.786787,45.652794],[13.786239,45.652521],[13.784247,45.651908],[13.783796,45.651817],[13.783767,45.651786]],[[13.829598,45.637147],[13.829601,45.637172],[13.829917,45.637367],[13.830186,45.637161],[13.830241,45.637079],[13.830238,45.637009],[13.830147,45.636904],[13.8301,45.636888],[13.829969,45.636881],[13.829852,45.636913],[13.829598,45.637147]]]]},"properties":{"prov":"TS","comune_amm":"L424","comune_descr":"TRIESTE","fascia":"C","zona":"C4","zona_descr":"CHIADINO - GUARDIELLA - SAN GIOVANNI - ROZZOL","microzona":0,"semestre":"2025/2"}},{"type":"Feature","geometry":{"type":"Polygon","coordinates":[[[13.771205,45.663392],[13.77168,45.663255],[13.771914,45.663047],[13.771915,45.663026],[13.771806,45.662991],[13.771968,45.662722],[13.772048,45.662722],[13.772074,45.662706],[13.772054,45.662687],[13.771963,45.662671],[13.772238,45.662255],[13.772226,45.662232],[13.772203,45.66223],[13.772464,45.66199],[13.772618,45.661725],[13.77269,45.661709],[13.772884,45.661238],[13.773107,45.660846],[13.773046,45.660795],[13.773159,45.660705],[13.773197,45.660693],[13.773226,45.660563],[13.77333,45.660438],[13.773391,45.660266],[13.77336,45.660223],[13.773573,45.659803],[13.773571,45.659766],[13.773741,45.659498],[13.773727,45.659474],[13.773601,45.659436],[13.77355,45.659439],[13.77344,45.659411],[13.773549,45.659174],[13.773948,45.659287],[13.774334,45.65944],[13.774596,45.659586],[13.774815,45.659309],[13.775067,45.659051],[13.775465,45.658756],[13.77635,45.657925],[13.776439,45.657809],[13.776579,45.657715],[13.777152,45.657186],[13.77721,45.657186],[13.777611,45.657329],[13.777645,45.657305],[13.777631,45.657264],[13.77794,45.657045],[13.777939,45.657019],[13.777897,45.656991],[13.777981,45.656927],[13.777979,45.656901],[13.777611,45.656679],[13.777733,45.65658],[13.778053,45.656775],[13.77808,45.656759],[13.77811,45.656509],[13.778171,45.656506],[13.778185,45.656484],[13.778988,45.656498],[13.77918,45.656548],[13.779224,45.656531],[13.779348,45.656571],[13.779368,45.656556],[13.779399,45.656417],[13.779438,45.656368],[13.779547,45.656358],[13.779613,45.656329],[13.779794,45.65618],[13.779848,45.65617],[13.779985,45.656215],[13.77994,45.656289],[13.779952,45.656312],[13.78048,45.656483],[13.780498,45.656502],[13.781077,45.656653],[13.78104,45.656732],[13.781142,45.656791],[13.78172,45.656973],[13.781801,45.656996],[13.782022,45.65702],[13.782131,45.657015],[13.782322,45.657087],[13.782501,45.656987],[13.78253,45.657006],[13.78258,45.657007],[13.782629,45.657223],[13.7827,45.657275],[13.783361,45.657146],[13.78336,45.657492],[13.783401,45.657552],[13.783585,45.657702],[13.784037,45.658154],[13.785079,45.657845],[13.784615,45.657149],[13.78468,45.65713],[13.784727,45.657153],[13.785251,45.656975],[13.785272,45.657016],[13.785291,45.657019],[13.785964,45.65693],[13.785983,45.656907],[13.785971,45.656872],[13.785901,45.656845],[13.785894,45.656828],[13.785984,45.656813],[13.785996,45.656865],[13.78603,45.656879],[13.786549,45.656764],[13.786587,45.65674],[13.786601,45.656795],[13.786797,45.656812],[13.787117,45.656911],[13.787246,45.656936],[13.787392,45.656991],[13.787526,45.657064],[13.787725,45.65742],[13.787763,45.657563],[13.787847,45.657721],[13.788105,45.657952],[13.788235,45.65817],[13.788909,45.658817],[13.789379,45.659469],[13.789647,45.659684],[13.789846,45.659899],[13.789827,45.659919],[13.789849,45.659951],[13.790394,45.660265],[13.790475,45.660275],[13.790495,45.660294],[13.79049,45.660323],[13.791213,45.660945],[13.791081,45.661044],[13.790154,45.66146],[13.789738,45.661718],[13.789738,45.661744],[13.790027,45.66195],[13.790502,45.661994],[13.791235,45.662268],[13.791052,45.662468],[13.791054,45.66249],[13.791258,45.662648],[13.791361,45.662775],[13.791459,45.662858],[13.791832,45.663095],[13.792378,45.663291],[13.79272,45.663504],[13.792752,45.663504],[13.792921,45.663415],[13.793363,45.663562],[13.793465,45.663759],[13.793968,45.6643],[13.794151,45.664624],[13.794085,45.66488],[13.793899,45.665093],[13.793631,45.665257],[13.79345,45.665321],[13.793279,45.665431],[13.793008,45.665492],[13.792727,45.665697],[13.792166,45.665829],[13.792158,45.665574],[13.792125,45.665387],[13.792081,45.665288],[13.791961,45.665159],[13.791502,45.664823],[13.791138,45.664613],[13.790526,45.664323],[13.790238,45.664144],[13.789398,45.663772],[13.789381,45.663753],[13.789179,45.663689],[13.788535,45.663561],[13.788248,45.663538],[13.787949,45.663569],[13.787852,45.663299],[13.787817,45.663287],[13.78729,45.663438],[13.787452,45.66373],[13.786713,45.663848],[13.785262,45.663877],[13.785232,45.663867],[13.785084,45.663933],[13.785085,45.663969],[13.785328,45.664151],[13.786216,45.664656],[13.786177,45.664734],[13.786191,45.664757],[13.78648,45.664852],[13.786628,45.664942],[13.786694,45.665013],[13.786563,45.664922],[13.786361,45.66486],[13.78596,45.664809],[13.785544,45.664778],[13.785208,45.6648],[13.784971,45.66486],[13.784562,45.664899],[13.784271,45.664971],[13.784159,45.664982],[13.783579,45.664949],[13.783449,45.664975],[13.783421,45.665014],[13.783282,45.665033],[13.783096,45.665037],[13.782526,45.665088],[13.782289,45.665054],[13.782,45.665144],[13.781966,45.665117],[13.781881,45.665117],[13.781793,45.665138],[13.781699,45.665166],[13.781436,45.665296],[13.781338,45.665308],[13.78115,45.665269],[13.781161,45.665231],[13.781062,45.665206],[13.780853,45.665276],[13.780292,45.665311],[13.780002,45.665358],[13.77968,45.665451],[13.779548,45.66547],[13.779097,45.665658],[13.778899,45.665674],[13.778359,45.665807],[13.778022,45.665843],[13.777518,45.665848],[13.777319,45.665825],[13.776997,45.665711],[13.776918,45.665665],[13.776761,45.665635],[13.776516,45.665619],[13.776239,45.665627],[13.776215,45.66564],[13.776215,45.665661],[13.775829,45.665757],[13.775794,45.665783],[13.775429,45.665922],[13.775346,45.66594],[13.774653,45.665934],[13.773417,45.665353],[13.773475,45.665284],[13.773466,45.665257],[13.772353,45.664913],[13.772354,45.664859],[13.772107,45.664756],[13.771656,45.664537],[13.771706,45.664492],[13.771967,45.664432],[13.772246,45.664192],[13.772412,45.664077],[13.772409,45.663996],[13.772157,45.663675],[13.772046,45.663669],[13.772012,45.663446],[13.772136,45.663315],[13.772065,45.663273],[13.771784,45.663276],[13.771548,45.663325],[13.771375,45.663382],[13.771205,45.663392]]]},"properties":{"prov":"TS","comune_amm":"L424","comune_descr":"TRIESTE","fascia":"C","zona":"C5","zona_descr":"SCORCOLA","microzona":0,"semestre":"2025/2"}},{"type":"Feature","geometry":{"type":"MultiPolygon","coordinates":[[[[13.768715,45.626278],[13.772048,45.625461],[13.772017,45.625233],[13.77208,45.624952],[13.775424,45.62039],[13.775415,45.620367],[13.775327,45.620326],[13.775334,45.620302],[13.775293,45.620272],[13.77788,45.617662],[13.777956,45.617694],[13.777992,45.617689],[13.778318,45.617359],[13.778328,45.617186],[13.778381,45.617126],[13.778425,45.617136],[13.778469,45.617112],[13.778681,45.616907],[13.778905,45.616584],[13.778905,45.616546],[13.778965,45.616543],[13.779027,45.616476],[13.779009,45.616438],[13.779026,45.61643],[13.779067,45.616445],[13.779178,45.616378],[13.779461,45.616107],[13.77959,45.616022],[13.779579,45.615986],[13.780049,45.615645],[13.780259,45.61556],[13.78049,45.615345],[13.780848,45.615186],[13.781008,45.615012],[13.781647,45.614582],[13.781792,45.614441],[13.781863,45.614417],[13.782016,45.614301],[13.782732,45.613977],[13.783317,45.613833],[13.78374,45.613646],[13.783763,45.613598],[13.783867,45.613589],[13.783902,45.613512],[13.783929,45.613517],[13.783913,45.613617],[13.784342,45.614037],[13.784378,45.614041],[13.784459,45.613993],[13.784059,45.613591],[13.784008,45.613579],[13.784057,45.613548],[13.78406,45.613521],[13.78383,45.613351],[13.783794,45.613346],[13.783741,45.613369],[13.783229,45.612871],[13.783316,45.612815],[13.783297,45.612782],[13.783312,45.612697],[13.78255,45.611958],[13.782316,45.611888],[13.782285,45.611894],[13.782269,45.611916],[13.782224,45.611871],[13.782117,45.611903],[13.782146,45.611963],[13.782123,45.611968],[13.782087,45.611925],[13.782054,45.611919],[13.781921,45.611974],[13.781947,45.612031],[13.781932,45.612045],[13.781886,45.612002],[13.781851,45.611996],[13.781719,45.612051],[13.781748,45.612109],[13.781711,45.612069],[13.781676,45.612061],[13.781516,45.612128],[13.781544,45.612185],[13.781504,45.612148],[13.781469,45.61214],[13.781311,45.612206],[13.781337,45.612262],[13.781301,45.612225],[13.781267,45.612217],[13.781102,45.612285],[13.781124,45.612338],[13.781097,45.612302],[13.781063,45.612294],[13.780923,45.612347],[13.780924,45.612387],[13.780872,45.612366],[13.780715,45.612427],[13.780709,45.612471],[13.780657,45.612448],[13.780514,45.612503],[13.780511,45.612547],[13.780454,45.612525],[13.780308,45.61258],[13.780306,45.612624],[13.78025,45.612603],[13.780104,45.612658],[13.780102,45.6127],[13.780047,45.61268],[13.779897,45.612737],[13.779893,45.612778],[13.779846,45.612756],[13.779701,45.61281],[13.779699,45.612852],[13.779643,45.612833],[13.779497,45.612888],[13.779495,45.61293],[13.779438,45.612911],[13.7793,45.612963],[13.77929,45.613007],[13.779239,45.612986],[13.779084,45.613045],[13.779079,45.613084],[13.779035,45.613064],[13.778892,45.613118],[13.778889,45.613159],[13.778835,45.61314],[13.77869,45.613194],[13.778689,45.613231],[13.778642,45.613213],[13.778486,45.613272],[13.778484,45.613314],[13.778429,45.613294],[13.778279,45.61335],[13.778276,45.613391],[13.77822,45.613373],[13.778077,45.613427],[13.778074,45.613468],[13.778018,45.61345],[13.777869,45.613506],[13.777865,45.613547],[13.777812,45.613528],[13.777657,45.613587],[13.777652,45.613624],[13.777608,45.613605],[13.77746,45.613662],[13.777452,45.613701],[13.777402,45.613683],[13.77724,45.613743],[13.777199,45.613699],[13.776859,45.613604],[13.776758,45.61376],[13.776769,45.613793],[13.776734,45.613811],[13.776702,45.613795],[13.776704,45.613776],[13.776748,45.613756],[13.776833,45.61361],[13.77682,45.613587],[13.776763,45.613576],[13.776591,45.613863],[13.776595,45.613901],[13.776565,45.613914],[13.776535,45.613906],[13.776526,45.613883],[13.776563,45.613858],[13.776734,45.613581],[13.77672,45.613557],[13.776361,45.613453],[13.776328,45.613456],[13.776285,45.61343],[13.77587,45.613308],[13.775835,45.613318],[13.775816,45.613352],[13.775774,45.613359],[13.775751,45.613325],[13.775779,45.613278],[13.775763,45.613268],[13.775279,45.613127],[13.775245,45.613136],[13.77522,45.613171],[13.775178,45.613181],[13.775155,45.613149],[13.77518,45.613121],[13.775169,45.613094],[13.774381,45.612865],[13.774348,45.612876],[13.774333,45.612915],[13.774371,45.612957],[13.774459,45.61299],[13.774442,45.613022],[13.774397,45.613007],[13.774389,45.612972],[13.774354,45.612965],[13.774321,45.612976],[13.774244,45.612939],[13.774253,45.612919],[13.774315,45.612904],[13.774333,45.612871],[13.77432,45.612848],[13.774038,45.612766],[13.773966,45.612773],[13.773908,45.612846],[13.773565,45.612742],[13.773618,45.61263],[13.773505,45.612593],[13.773472,45.612601],[13.773444,45.612641],[13.773461,45.612674],[13.773433,45.612717],[13.773377,45.612709],[13.773353,45.612695],[13.773388,45.612655],[13.773431,45.612637],[13.773451,45.61258],[13.773212,45.612507],[13.773179,45.612516],[13.773151,45.612556],[13.773177,45.612603],[13.773162,45.612624],[13.77313,45.61263],[13.773067,45.612612],[13.773035,45.612578],[13.772995,45.612597],[13.772949,45.612586],[13.772968,45.612554],[13.773054,45.612574],[13.773128,45.612558],[13.773152,45.612507],[13.773106,45.612492],[13.773087,45.612469],[13.772728,45.612364],[13.77267,45.612373],[13.772638,45.612339],[13.772098,45.612178],[13.772055,45.61219],[13.772009,45.612179],[13.771988,45.612145],[13.771539,45.612014],[13.771479,45.61202],[13.771457,45.611992],[13.771474,45.611973],[13.77151,45.61197],[13.771545,45.612004],[13.771994,45.612133],[13.772036,45.612122],[13.772081,45.612134],[13.772101,45.61216],[13.772646,45.61232],[13.772705,45.612313],[13.772738,45.612346],[13.773028,45.612431],[13.773118,45.612412],[13.773149,45.612371],[13.773137,45.612348],[13.773093,45.612333],[13.773079,45.612301],[13.772864,45.612236],[13.772798,45.612242],[13.772771,45.612208],[13.772202,45.612037],[13.772146,45.612042],[13.772117,45.61201],[13.771696,45.611885],[13.771636,45.611905],[13.771577,45.611904],[13.771542,45.611886],[13.771526,45.611849],[13.771563,45.611799],[13.771649,45.611799],[13.771685,45.611824],[13.771705,45.611874],[13.772127,45.612],[13.772174,45.611997],[13.772207,45.612027],[13.772779,45.612197],[13.772829,45.612195],[13.77286,45.612222],[13.773155,45.612311],[13.773189,45.612301],[13.773221,45.612248],[13.773188,45.61221],[13.7732,45.612188],[13.773236,45.612183],[13.773287,45.612199],[13.773306,45.612219],[13.773291,45.612241],[13.773243,45.612244],[13.773201,45.612319],[13.773455,45.612401],[13.773488,45.612392],[13.773521,45.61234],[13.773506,45.612311],[13.773536,45.612272],[13.773594,45.612293],[13.773501,45.612396],[13.773515,45.61242],[13.773784,45.612495],[13.773866,45.61238],[13.77422,45.612489],[13.774175,45.612577],[13.774211,45.612609],[13.774245,45.612599],[13.774268,45.612561],[13.774255,45.612533],[13.774275,45.612497],[13.774336,45.61251],[13.774317,45.612552],[13.774281,45.612565],[13.77426,45.612617],[13.774513,45.612697],[13.774547,45.612687],[13.774571,45.612646],[13.774535,45.612607],[13.774545,45.612589],[13.774629,45.612595],[13.774656,45.612619],[13.774644,45.61264],[13.774594,45.612642],[13.774566,45.612682],[13.77461,45.612724],[13.774773,45.612773],[13.774802,45.612769],[13.774821,45.612787],[13.774984,45.612835],[13.775014,45.612831],[13.775033,45.612849],[13.775212,45.6129],[13.775245,45.612898],[13.775262,45.612916],[13.77538,45.61295],[13.775419,45.61293],[13.775414,45.612892],[13.775455,45.612883],[13.775472,45.612916],[13.775435,45.612946],[13.775457,45.612972],[13.775644,45.613028],[13.775676,45.613026],[13.775692,45.613042],[13.775847,45.613088],[13.775877,45.613084],[13.775969,45.613123],[13.775997,45.613119],[13.776017,45.613063],[13.776057,45.613059],[13.776073,45.61309],[13.776026,45.613112],[13.776035,45.613142],[13.776093,45.613148],[13.77611,45.613164],[13.776308,45.613212],[13.776511,45.613281],[13.776539,45.613278],[13.776557,45.613294],[13.776748,45.61334],[13.776824,45.613373],[13.776858,45.613363],[13.77695,45.613203],[13.776946,45.61317],[13.776991,45.61316],[13.777007,45.613191],[13.776975,45.613211],[13.776877,45.613368],[13.776877,45.613383],[13.776925,45.613403],[13.776958,45.613392],[13.77713,45.613104],[13.777118,45.613067],[13.777159,45.613047],[13.777187,45.613058],[13.77719,45.613084],[13.777143,45.613107],[13.776975,45.613388],[13.776981,45.613413],[13.777386,45.613538],[13.777508,45.613562],[13.780244,45.612535],[13.780255,45.612511],[13.780216,45.612494],[13.780228,45.612461],[13.780274,45.612468],[13.78029,45.612512],[13.780471,45.612449],[13.780476,45.612417],[13.780426,45.612398],[13.780439,45.612363],[13.780492,45.612373],[13.780489,45.612411],[13.780529,45.612427],[13.780792,45.612329],[13.780803,45.612305],[13.779654,45.611965],[13.779621,45.611975],[13.779626,45.612012],[13.779582,45.612026],[13.779563,45.611995],[13.779604,45.611971],[13.779591,45.611947],[13.779094,45.611801],[13.779059,45.611812],[13.779023,45.611865],[13.778987,45.611867],[13.778961,45.611849],[13.778999,45.611793],[13.778986,45.611769],[13.777861,45.611437],[13.77779,45.611449],[13.777731,45.611523],[13.777384,45.61142],[13.777436,45.611305],[13.777331,45.611268],[13.777298,45.611276],[13.777271,45.611314],[13.777282,45.611344],[13.777254,45.611388],[13.777188,45.611369],[13.777214,45.611322],[13.777254,45.611308],[13.777273,45.611257],[13.777034,45.611181],[13.777001,45.61119],[13.776975,45.611226],[13.776989,45.611258],[13.77696,45.611301],[13.776894,45.611282],[13.776915,45.611238],[13.77696,45.611221],[13.776978,45.611183],[13.776964,45.611161],[13.776533,45.611037],[13.776466,45.611042],[13.776436,45.611007],[13.775892,45.61085],[13.775832,45.610858],[13.775796,45.61082],[13.775404,45.610707],[13.775303,45.610725],[13.775257,45.610714],[13.775226,45.610681],[13.775229,45.610641],[13.775275,45.610609],[13.775332,45.610608],[13.775377,45.610629],[13.775405,45.610685],[13.775801,45.610802],[13.775876,45.610797],[13.775907,45.610834],[13.776447,45.61099],[13.77651,45.610983],[13.776545,45.611018],[13.776973,45.611144],[13.777006,45.611135],[13.777034,45.611088],[13.77702,45.611069],[13.777043,45.611025],[13.777029,45.611001],[13.776691,45.610902],[13.776638,45.610909],[13.776607,45.610876],[13.776043,45.610711],[13.775986,45.610714],[13.77596,45.610685],[13.775536,45.610558],[13.775465,45.610584],[13.775417,45.61058],[13.775366,45.610532],[13.775401,45.61048],[13.775453,45.610467],[13.775508,45.610485],[13.775544,45.61055],[13.775967,45.610678],[13.776025,45.610672],[13.776051,45.610703],[13.776613,45.610868],[13.776664,45.610863],[13.776696,45.610893],[13.777143,45.611025],[13.777176,45.611015],[13.77721,45.610958],[13.777198,45.610931],[13.777218,45.610895],[13.777276,45.610908],[13.777258,45.610949],[13.777224,45.610963],[13.77719,45.611033],[13.777446,45.611114],[13.777479,45.611103],[13.777513,45.611047],[13.777499,45.611019],[13.777521,45.610983],[13.777579,45.610996],[13.777493,45.611122],[13.777611,45.611162],[13.777644,45.611152],[13.777713,45.611045],[13.778061,45.611148],[13.778016,45.611234],[13.778047,45.611266],[13.778085,45.611257],[13.778117,45.61116],[13.778171,45.611175],[13.778152,45.611215],[13.778116,45.611228],[13.778096,45.611277],[13.77835,45.611359],[13.778384,45.611349],[13.778417,45.611248],[13.778472,45.611261],[13.778398,45.611349],[13.7784,45.611365],[13.778469,45.611395],[13.778651,45.611438],[13.778844,45.611505],[13.778874,45.611502],[13.778891,45.611519],[13.779058,45.611568],[13.779086,45.611564],[13.77923,45.611619],[13.779268,45.611602],[13.779257,45.611564],[13.779301,45.611552],[13.779323,45.611581],[13.779294,45.611614],[13.779327,45.611647],[13.779484,45.611693],[13.779513,45.61169],[13.779531,45.611707],[13.779698,45.611756],[13.779726,45.611753],[13.779831,45.611795],[13.779869,45.611779],[13.779863,45.611741],[13.779907,45.611732],[13.779926,45.611749],[13.77992,45.611768],[13.779878,45.611784],[13.779889,45.611813],[13.779952,45.61182],[13.779969,45.611837],[13.780131,45.611885],[13.780159,45.611882],[13.780175,45.611898],[13.780344,45.611948],[13.780372,45.611945],[13.780494,45.611992],[13.780527,45.611982],[13.7806,45.611859],[13.780596,45.611826],[13.780638,45.611816],[13.780655,45.611846],[13.780623,45.611864],[13.780549,45.611988],[13.780562,45.612012],[13.780601,45.612012],[13.780634,45.612034],[13.780668,45.612024],[13.78082,45.611768],[13.780814,45.611725],[13.780856,45.611714],[13.780879,45.611751],[13.780834,45.611772],[13.780681,45.612042],[13.78114,45.612181],[13.782445,45.611715],[13.782633,45.611762],[13.782655,45.611701],[13.782669,45.611702],[13.782672,45.611774],[13.782798,45.611813],[13.782829,45.611808],[13.782881,45.611764],[13.782842,45.611835],[13.782884,45.611867],[13.782974,45.61183],[13.782899,45.611884],[13.783002,45.611993],[13.783038,45.611997],[13.783113,45.611962],[13.783037,45.612016],[13.783139,45.612126],[13.783175,45.61213],[13.783252,45.612099],[13.783172,45.612151],[13.783278,45.612262],[13.783311,45.612268],[13.783392,45.612237],[13.783309,45.612286],[13.783419,45.612401],[13.783455,45.612405],[13.783527,45.61237],[13.78345,45.612424],[13.783554,45.612534],[13.78359,45.612538],[13.783673,45.612505],[13.783589,45.612559],[13.78365,45.612629],[13.783717,45.612683],[13.783813,45.612646],[13.784417,45.613242],[13.784457,45.613244],[13.784584,45.613144],[13.784799,45.613242],[13.784901,45.613206],[13.785099,45.613398],[13.78575,45.613751],[13.786544,45.613341],[13.786182,45.612996],[13.786133,45.612997],[13.786091,45.612969],[13.786023,45.612997],[13.78598,45.612962],[13.786235,45.612823],[13.786302,45.612871],[13.786497,45.612785],[13.786537,45.612831],[13.786494,45.612861],[13.786514,45.612891],[13.7865,45.612922],[13.786801,45.613208],[13.787388,45.612914],[13.787394,45.612888],[13.787312,45.612814],[13.787323,45.612801],[13.787352,45.612789],[13.787437,45.612867],[13.787473,45.61287],[13.787579,45.612813],[13.78757,45.612773],[13.787608,45.612754],[13.787662,45.61277],[13.787972,45.612604],[13.788308,45.612517],[13.7882,45.612368],[13.788042,45.612326],[13.787984,45.612364],[13.787898,45.612331],[13.787892,45.612277],[13.787539,45.61217],[13.787472,45.612189],[13.787432,45.612141],[13.787278,45.612094],[13.78723,45.6121],[13.787204,45.612072],[13.787069,45.612033],[13.787036,45.612041],[13.787002,45.612081],[13.786512,45.611934],[13.786518,45.611886],[13.786502,45.611866],[13.786135,45.61176],[13.786055,45.611791],[13.785957,45.611766],[13.785936,45.611692],[13.786009,45.611638],[13.786147,45.611673],[13.786258,45.611614],[13.786346,45.61164],[13.786377,45.611714],[13.786521,45.611758],[13.786565,45.611754],[13.786602,45.611784],[13.786733,45.611822],[13.786767,45.611812],[13.786794,45.611769],[13.787304,45.611919],[13.787317,45.611932],[13.787295,45.611983],[13.787444,45.612035],[13.7875,45.612031],[13.787524,45.612058],[13.787659,45.612098],[13.78774,45.61207],[13.787762,45.612088],[13.787769,45.612129],[13.787902,45.61217],[13.787955,45.612167],[13.787982,45.612192],[13.788112,45.612232],[13.788144,45.612224],[13.788181,45.612181],[13.788279,45.612209],[13.788292,45.612219],[13.78827,45.612272],[13.788432,45.612328],[13.788488,45.61233],[13.788491,45.612368],[13.788629,45.612512],[13.789019,45.612508],[13.789197,45.612479],[13.78954,45.612456],[13.789563,45.612438],[13.789557,45.612276],[13.789605,45.612271],[13.789613,45.612447],[13.789633,45.612464],[13.789846,45.612489],[13.789861,45.612318],[13.78991,45.612316],[13.789912,45.61249],[13.790288,45.612534],[13.790771,45.612697],[13.790803,45.612629],[13.790863,45.612611],[13.791135,45.612447],[13.791247,45.612411],[13.791371,45.6124],[13.791494,45.612341],[13.791609,45.612355],[13.791668,45.612312],[13.791858,45.61223],[13.792219,45.612204],[13.792325,45.612183],[13.792492,45.612103],[13.79268,45.612067],[13.792856,45.612003],[13.792922,45.611929],[13.793022,45.611859],[13.793253,45.611823],[13.793495,45.611752],[13.793778,45.611732],[13.794211,45.611793],[13.794827,45.611673],[13.795256,45.611707],[13.795273,45.611679],[13.795313,45.611661],[13.795332,45.611605],[13.795319,45.611564],[13.795428,45.611529],[13.79552,45.611547],[13.795527,45.611619],[13.79558,45.611651],[13.795727,45.611624],[13.79583,45.611624],[13.795888,45.611605],[13.795989,45.611625],[13.796134,45.611628],[13.796521,45.611522],[13.796634,45.611451],[13.79683,45.611224],[13.796938,45.611137],[13.797048,45.611088],[13.797289,45.610935],[13.797373,45.610869],[13.79741,45.610816],[13.797502,45.610756],[13.797768,45.610653],[13.797884,45.610545],[13.798064,45.610462],[13.798253,45.610414],[13.798293,45.610354],[13.798352,45.610321],[13.798411,45.610314],[13.798527,45.610268],[13.798865,45.610291],[13.798973,45.610285],[13.799087,45.610135],[13.799185,45.610105],[13.799296,45.610008],[13.799324,45.609963],[13.799423,45.609907],[13.799478,45.609907],[13.799645,45.609858],[13.799716,45.609771],[13.799798,45.609747],[13.799846,45.609794],[13.799708,45.609885],[13.79971,45.609916],[13.799759,45.609914],[13.799933,45.610012],[13.80002,45.610028],[13.800114,45.609992],[13.800134,45.609947],[13.800194,45.609925],[13.80038,45.610004],[13.801159,45.61027],[13.801137,45.610337],[13.801148,45.610357],[13.80133,45.610402],[13.801338,45.610443],[13.801423,45.610468],[13.801485,45.610508],[13.801513,45.610497],[13.801659,45.610293],[13.801797,45.610335],[13.801892,45.610218],[13.804186,45.611001],[13.803947,45.611352],[13.80396,45.611376],[13.804169,45.61145],[13.804442,45.611513],[13.804622,45.611596],[13.804778,45.611626],[13.805021,45.611723],[13.805082,45.61177],[13.805202,45.611817],[13.805803,45.611998],[13.805904,45.612008],[13.806045,45.611815],[13.806206,45.611862],[13.806308,45.611728],[13.806882,45.611923],[13.806669,45.612237],[13.80668,45.612261],[13.808898,45.61302],[13.808865,45.613076],[13.808877,45.6131],[13.811193,45.613845],[13.811227,45.613836],[13.811237,45.613808],[13.811215,45.613765],[13.811154,45.613735],[13.811203,45.61367],[13.811493,45.613764],[13.81145,45.613831],[13.811382,45.613818],[13.811316,45.613832],[13.811291,45.613856],[13.811303,45.61388],[13.811404,45.613913],[13.811446,45.613896],[13.811473,45.613902],[13.811483,45.613939],[13.811529,45.613947],[13.81155,45.61393],[13.811573,45.613936],[13.811584,45.613972],[13.813605,45.614622],[13.813836,45.614634],[13.813863,45.614614],[13.813847,45.614546],[13.81366,45.614533],[13.813564,45.614296],[13.812093,45.613821],[13.812472,45.613228],[13.81182,45.612999],[13.811761,45.613008],[13.811739,45.612996],[13.811832,45.612979],[13.812257,45.613123],[13.812292,45.613114],[13.812367,45.612993],[13.811935,45.61284],[13.811895,45.612791],[13.811916,45.612782],[13.811949,45.612819],[13.812598,45.613034],[13.81299,45.612451],[13.812978,45.612427],[13.812643,45.612319],[13.812673,45.612304],[13.812661,45.612279],[13.806276,45.610233],[13.80415,45.609588],[13.805692,45.607257],[13.805797,45.607149],[13.805979,45.607004],[13.806232,45.60688],[13.806328,45.606847],[13.80657,45.606802],[13.806812,45.60679],[13.808028,45.606869],[13.808062,45.606892],[13.808561,45.606938],[13.80859,45.606924],[13.808603,45.606881],[13.808726,45.606894],[13.809502,45.607072],[13.810695,45.607374],[13.811677,45.607651],[13.812649,45.607805],[13.81269,45.607828],[13.81369,45.607845],[13.8137,45.608036],[13.813905,45.608052],[13.814556,45.60803],[13.814781,45.607972],[13.814971,45.607943],[13.81534,45.607898],[13.815816,45.60787],[13.816438,45.607747],[13.817093,45.60756],[13.817522,45.607469],[13.818913,45.607373],[13.818991,45.607444],[13.819108,45.608105],[13.819544,45.608048],[13.821013,45.609037],[13.820219,45.609624],[13.821051,45.610192],[13.821018,45.610224],[13.82103,45.610243],[13.824894,45.612847],[13.824929,45.612847],[13.825606,45.612406],[13.826032,45.612741],[13.825556,45.61304],[13.825547,45.613081],[13.825345,45.61315],[13.82528,45.613212],[13.825267,45.613309],[13.825342,45.613359],[13.827202,45.614156],[13.828195,45.614614],[13.829132,45.615096],[13.830019,45.615509],[13.829986,45.615577],[13.83,45.6156],[13.830031,45.615597],[13.830667,45.615904],[13.830976,45.616083],[13.831185,45.616226],[13.831218,45.616227],[13.831258,45.616187],[13.831768,45.616533],[13.832227,45.616908],[13.832488,45.617192],[13.833148,45.618178],[13.833406,45.618466],[13.833533,45.618565],[13.83389,45.618731],[13.834207,45.618853],[13.83438,45.618991],[13.834662,45.619277],[13.834731,45.619325],[13.834657,45.619382],[13.834628,45.619431],[13.834623,45.619491],[13.834652,45.619732],[13.834805,45.619986],[13.834773,45.620216],[13.834997,45.620477],[13.835164,45.620588],[13.835231,45.620611],[13.835298,45.620669],[13.83528,45.620735],[13.835186,45.620795],[13.835179,45.620815],[13.83521,45.62084],[13.835308,45.620841],[13.835472,45.621137],[13.835294,45.621293],[13.835285,45.621268],[13.835061,45.621176],[13.834958,45.621174],[13.834863,45.621125],[13.834825,45.621132],[13.83481,45.621155],[13.834919,45.621215],[13.835024,45.62122],[13.835266,45.621318],[13.835255,45.621383],[13.835283,45.621448],[13.835352,45.621511],[13.835549,45.621614],[13.835628,45.621697],[13.835648,45.621777],[13.835597,45.621966],[13.835615,45.622024],[13.835684,45.622071],[13.835916,45.622125],[13.835942,45.622143],[13.835906,45.622312],[13.835923,45.62242],[13.836035,45.622704],[13.836159,45.622911],[13.836104,45.623145],[13.836085,45.623392],[13.836231,45.623454],[13.836442,45.623501],[13.836481,45.623528],[13.836587,45.623744],[13.83657,45.623909],[13.8366,45.624008],[13.836686,45.624068],[13.836868,45.624082],[13.836907,45.624115],[13.83702,45.624309],[13.837105,45.624345],[13.837135,45.624379],[13.836989,45.624487],[13.836991,45.624578],[13.837013,45.624624],[13.837168,45.624767],[13.837218,45.624934],[13.837201,45.62496],[13.837236,45.625034],[13.837341,45.625105],[13.837462,45.625134],[13.837491,45.625281],[13.837452,45.625362],[13.837482,45.625421],[13.837394,45.625469],[13.837336,45.625634],[13.837273,45.625662],[13.83706,45.62555],[13.836434,45.625274],[13.836031,45.625746],[13.835915,45.625807],[13.835721,45.625875],[13.835591,45.625673],[13.835372,45.625717],[13.835352,45.625781],[13.835423,45.625926],[13.835175,45.625571],[13.834993,45.625382],[13.834975,45.625374],[13.83493,45.625389],[13.834804,45.625274],[13.833927,45.625014],[13.833822,45.625027],[13.833061,45.624861],[13.83257,45.624728],[13.832597,45.624617],[13.832681,45.624554],[13.832664,45.624535],[13.832588,45.624552],[13.832513,45.624598],[13.832475,45.624711],[13.832342,45.624678],[13.832182,45.624659],[13.831585,45.624645],[13.830938,45.624708],[13.830242,45.624731],[13.829948,45.624776],[13.828883,45.624999],[13.828303,45.625089],[13.828134,45.625065],[13.82795,45.624856],[13.827769,45.624525],[13.827588,45.6243],[13.82756,45.624292],[13.827496,45.624304],[13.827292,45.624418],[13.827024,45.624537],[13.826948,45.624553],[13.826812,45.624738],[13.826738,45.624713],[13.826731,45.624665],[13.826695,45.624649],[13.82618,45.62484],[13.82581,45.62453],[13.825774,45.624527],[13.825441,45.624735],[13.82508,45.62493],[13.825129,45.625139],[13.824335,45.625136],[13.824231,45.625004],[13.824031,45.625057],[13.823535,45.625084],[13.82352,45.624974],[13.823502,45.624957],[13.822696,45.625142],[13.822624,45.62496],[13.822591,45.624948],[13.822566,45.624972],[13.82262,45.625127],[13.821788,45.625331],[13.821831,45.624941],[13.821809,45.624854],[13.821769,45.624853],[13.821737,45.624883],[13.821736,45.625175],[13.821697,45.625362],[13.821779,45.625697],[13.822066,45.626283],[13.822557,45.626681],[13.822847,45.626841],[13.822967,45.626933],[13.823212,45.627185],[13.823366,45.627303],[13.823721,45.627449],[13.82382,45.627545],[13.824045,45.627956],[13.824084,45.628115],[13.824327,45.62849],[13.823393,45.629443],[13.823303,45.629396],[13.82327,45.62941],[13.823281,45.629431],[13.823614,45.629637],[13.824089,45.629743],[13.824188,45.629616],[13.824541,45.629596],[13.824931,45.629717],[13.825729,45.62982],[13.825758,45.629807],[13.825873,45.629522],[13.826885,45.630037],[13.826926,45.630023],[13.826933,45.629929],[13.827259,45.630086],[13.827306,45.630148],[13.827554,45.630319],[13.827433,45.630488],[13.827559,45.630542],[13.827925,45.630523],[13.828568,45.63041],[13.828592,45.630358],[13.828537,45.630272],[13.828408,45.630148],[13.828572,45.630071],[13.829058,45.62993],[13.829701,45.629661],[13.829756,45.629809],[13.829722,45.629946],[13.829786,45.630058],[13.829683,45.630208],[13.829695,45.630305],[13.82959,45.630409],[13.829605,45.630452],[13.829551,45.630472],[13.829591,45.630511],[13.829867,45.630511],[13.830373,45.632701],[13.830521,45.634164],[13.830463,45.63417],[13.83044,45.634189],[13.830509,45.634914],[13.830531,45.63493],[13.830691,45.634944],[13.830629,45.635002],[13.830646,45.635042],[13.830952,45.635018],[13.830984,45.634995],[13.831486,45.634986],[13.832582,45.634765],[13.832922,45.63466],[13.833541,45.634441],[13.8341,45.634289],[13.83382,45.634463],[13.834225,45.634841],[13.833873,45.635093],[13.832992,45.635623],[13.832431,45.635922],[13.831512,45.636278],[13.831288,45.636414],[13.831269,45.636328],[13.831241,45.636313],[13.831028,45.636462],[13.830938,45.636456],[13.830899,45.636434],[13.830879,45.636397],[13.83098,45.636129],[13.831027,45.635842],[13.831,45.635529],[13.830935,45.635245],[13.830972,45.635167],[13.830668,45.635056],[13.830649,45.635077],[13.830686,45.635199],[13.829315,45.635503],[13.829037,45.6356],[13.828997,45.635592],[13.828601,45.635723],[13.828219,45.6359],[13.828132,45.635926],[13.828077,45.635996],[13.828045,45.635945],[13.827989,45.635927],[13.82765,45.636019],[13.825991,45.636351],[13.824991,45.63668],[13.824969,45.636643],[13.824947,45.636641],[13.824821,45.636675],[13.824805,45.636693],[13.82482,45.636799],[13.824022,45.636932],[13.824004,45.636955],[13.824024,45.637016],[13.823886,45.637052],[13.823855,45.637],[13.823824,45.636989],[13.822801,45.637198],[13.822735,45.636254],[13.822708,45.636238],[13.822229,45.636258],[13.822118,45.635723],[13.822308,45.635848],[13.822668,45.635761],[13.822619,45.635508],[13.822585,45.635495],[13.822134,45.635646],[13.821638,45.635894],[13.820536,45.636305],[13.819703,45.636554],[13.819082,45.636686],[13.818725,45.636741],[13.818444,45.636764],[13.817942,45.636725],[13.817748,45.636729],[13.817646,45.636752],[13.817536,45.6368],[13.817129,45.637158],[13.816937,45.637282],[13.816726,45.637346],[13.816212,45.637456],[13.816104,45.637437],[13.815786,45.637084],[13.815758,45.637077],[13.815028,45.637222],[13.814434,45.637377],[13.814141,45.637478],[13.813925,45.637513],[13.813722,45.637527],[13.813126,45.637514],[13.812925,45.637543],[13.812468,45.637683],[13.811602,45.638004],[13.811155,45.638118],[13.8103,45.638172],[13.809276,45.638208],[13.808519,45.638202],[13.807972,45.638085],[13.807734,45.638074],[13.807393,45.638075],[13.807079,45.63811],[13.806562,45.638133],[13.806362,45.638121],[13.806318,45.638163],[13.805764,45.638088],[13.805141,45.638064],[13.804501,45.637997],[13.803495,45.637793],[13.802776,45.637622],[13.801832,45.63747],[13.800792,45.637362],[13.799905,45.637295],[13.798902,45.637119],[13.797836,45.637074],[13.797809,45.637054],[13.796369,45.636962],[13.795488,45.636955],[13.794309,45.636913],[13.793022,45.63692],[13.792437,45.636868],[13.791642,45.636756],[13.791376,45.636761],[13.791095,45.636786],[13.789791,45.636956],[13.789771,45.636869],[13.789737,45.636855],[13.788725,45.636978],[13.788272,45.637016],[13.788056,45.637059],[13.7879,45.637124],[13.787564,45.637366],[13.787028,45.637925],[13.786315,45.638434],[13.78594,45.638663],[13.785899,45.638629],[13.786977,45.637905],[13.787051,45.637809],[13.787026,45.637794],[13.786346,45.637765],[13.785749,45.637692],[13.785182,45.637583],[13.785604,45.636745],[13.78608,45.635649],[13.78631,45.635355],[13.786306,45.635322],[13.78636,45.635247],[13.786407,45.635235],[13.787431,45.634424],[13.788108,45.634082],[13.788253,45.633973],[13.788689,45.633516],[13.788826,45.633339],[13.789018,45.633188],[13.789334,45.633191],[13.789366,45.633216],[13.789819,45.633195],[13.789848,45.633169],[13.790219,45.633152],[13.790735,45.633193],[13.790829,45.633184],[13.79123,45.633083],[13.791286,45.633054],[13.79129,45.632995],[13.791562,45.632891],[13.791678,45.632825],[13.791924,45.632648],[13.792123,45.63253],[13.792211,45.63244],[13.792326,45.632479],[13.792445,45.63222],[13.792303,45.632052],[13.792278,45.631928],[13.792223,45.631514],[13.792293,45.631292],[13.792402,45.631141],[13.793386,45.630311],[13.793526,45.630171],[13.793701,45.629947],[13.794146,45.628394],[13.794214,45.628225],[13.794735,45.628439],[13.79477,45.628433],[13.796761,45.626126],[13.796812,45.626093],[13.797219,45.625472],[13.797939,45.625484],[13.797958,45.625478],[13.797967,45.625442],[13.798312,45.625464],[13.798338,45.625452],[13.798236,45.625258],[13.797741,45.625135],[13.796751,45.624671],[13.796888,45.624535],[13.797132,45.624344],[13.797774,45.62396],[13.797848,45.62399],[13.799178,45.623595],[13.798564,45.622885],[13.79809,45.622378],[13.798176,45.622333],[13.798208,45.622331],[13.799051,45.621897],[13.798251,45.621104],[13.798264,45.621071],[13.798093,45.620904],[13.797873,45.620618],[13.79788,45.620575],[13.797995,45.620496],[13.797979,45.620477],[13.797922,45.62046],[13.797882,45.620409],[13.79786,45.619563],[13.798635,45.619208],[13.798244,45.618627],[13.797877,45.618768],[13.797672,45.618339],[13.798542,45.617768],[13.798292,45.617291],[13.797835,45.61664],[13.797656,45.616633],[13.797211,45.61668],[13.796897,45.616692],[13.796573,45.616438],[13.796402,45.616554],[13.796414,45.616621],[13.796274,45.616646],[13.795723,45.616439],[13.794404,45.615996],[13.794289,45.615874],[13.794179,45.615833],[13.793184,45.615725],[13.793155,45.615742],[13.793151,45.615975],[13.792149,45.615884],[13.79212,45.615902],[13.792115,45.616064],[13.790966,45.616068],[13.79087,45.615842],[13.791121,45.615619],[13.791149,45.615535],[13.791133,45.615513],[13.79111,45.615512],[13.791076,45.615582],[13.790858,45.61579],[13.789722,45.616394],[13.790098,45.616855],[13.790482,45.61723],[13.790553,45.617435],[13.790041,45.617599],[13.790028,45.617622],[13.790684,45.618804],[13.789279,45.6198],[13.790062,45.620431],[13.79002,45.620469],[13.790072,45.620507],[13.790047,45.620523],[13.790024,45.62058],[13.789983,45.620578],[13.789965,45.620595],[13.789969,45.620719],[13.790195,45.620991],[13.790032,45.621028],[13.788538,45.620051],[13.788509,45.620065],[13.788509,45.620091],[13.789786,45.620949],[13.78978,45.62104],[13.789199,45.621479],[13.78887,45.62128],[13.788737,45.621366],[13.78788,45.621399],[13.787755,45.621379],[13.787632,45.621337],[13.787456,45.621228],[13.787071,45.62112],[13.786882,45.62104],[13.786874,45.62101],[13.786537,45.620821],[13.786435,45.620728],[13.786212,45.620573],[13.785779,45.620384],[13.785697,45.620397],[13.785463,45.620252],[13.785172,45.619911],[13.785104,45.619931],[13.784673,45.619989],[13.784123,45.620038],[13.783565,45.620123],[13.783274,45.620198],[13.782739,45.620404],[13.782454,45.620579],[13.782007,45.620903],[13.781438,45.621366],[13.781402,45.621402],[13.781403,45.621429],[13.781047,45.621753],[13.780805,45.622032],[13.780732,45.62219],[13.780662,45.622413],[13.780636,45.622992],[13.780608,45.623085],[13.780233,45.623298],[13.78009,45.623182],[13.779697,45.623384],[13.779542,45.623264],[13.779365,45.623082],[13.779732,45.622851],[13.779732,45.622824],[13.779634,45.622769],[13.779439,45.622891],[13.779128,45.623119],[13.779129,45.623145],[13.779164,45.623173],[13.778676,45.623537],[13.778522,45.623626],[13.778465,45.623631],[13.778253,45.623503],[13.778495,45.623324],[13.778484,45.623294],[13.778161,45.623382],[13.777959,45.623471],[13.777841,45.623571],[13.777683,45.623784],[13.777519,45.623938],[13.777435,45.623966],[13.777312,45.624139],[13.777266,45.624247],[13.777234,45.624491],[13.777308,45.624741],[13.777346,45.624804],[13.777678,45.62496],[13.777737,45.625082],[13.778131,45.625204],[13.778558,45.62527],[13.778809,45.62535],[13.780055,45.625549],[13.780139,45.625588],[13.780352,45.625799],[13.78062,45.62597],[13.7815,45.626403],[13.781606,45.626439],[13.782007,45.626514],[13.782485,45.62675],[13.781324,45.626977],[13.780832,45.626881],[13.780695,45.626893],[13.780656,45.626917],[13.780651,45.626955],[13.780613,45.626991],[13.780624,45.627034],[13.781065,45.627639],[13.781254,45.628672],[13.781188,45.629011],[13.781045,45.629309],[13.780836,45.62955],[13.780489,45.629899],[13.780257,45.630186],[13.780159,45.6304],[13.780116,45.630719],[13.780166,45.630999],[13.780419,45.631574],[13.780505,45.631586],[13.780548,45.632023],[13.780522,45.632277],[13.78025,45.632978],[13.779454,45.63443],[13.779394,45.634391],[13.776968,45.633376],[13.778256,45.631029],[13.775459,45.630131],[13.775137,45.630447],[13.773234,45.631169],[13.768715,45.626278]]],[[[13.738535,45.637101],[13.739347,45.63354],[13.739369,45.633546],[13.739193,45.63432],[13.739213,45.63434],[13.743233,45.634884],[13.743263,45.634869],[13.743386,45.634369],[13.743482,45.634389],[13.743373,45.634863],[13.743394,45.634883],[13.749684,45.635554],[13.749707,45.635588],[13.749749,45.635578],[13.757583,45.636571],[13.757625,45.636542],[13.758541,45.636445],[13.762515,45.635031],[13.762527,45.635007],[13.762423,45.634861],[13.762544,45.63481],[13.762541,45.634791],[13.762611,45.634716],[13.76262,45.634633],[13.762753,45.634632],[13.762778,45.634613],[13.762778,45.633536],[13.762762,45.63352],[13.755114,45.631312],[13.757043,45.628007],[13.766149,45.630623],[13.76607,45.633733],[13.766096,45.633751],[13.766451,45.633755],[13.766456,45.634321],[13.766315,45.634328],[13.766285,45.634349],[13.766215,45.634352],[13.766193,45.634388],[13.76622,45.634401],[13.766358,45.634392],[13.766381,45.634447],[13.766392,45.63517],[13.766469,45.63522],[13.766471,45.635253],[13.766498,45.63527],[13.767569,45.63524],[13.767594,45.635222],[13.767588,45.634854],[13.767735,45.634849],[13.767764,45.635714],[13.769007,45.635697],[13.768968,45.634212],[13.769108,45.634213],[13.76915,45.635683],[13.769176,45.635701],[13.76946,45.635696],[13.769485,45.635677],[13.769451,45.634639],[13.769536,45.634635],[13.769577,45.634649],[13.769637,45.634617],[13.769812,45.634616],[13.769882,45.634647],[13.769925,45.634628],[13.770028,45.634632],[13.770061,45.63567],[13.770087,45.635687],[13.772417,45.635639],[13.772448,45.635661],[13.773501,45.635642],[13.773518,45.635609],[13.773492,45.635592],[13.772486,45.635578],[13.772482,45.635557],[13.773623,45.635571],[13.773725,45.635535],[13.773737,45.635515],[13.773708,45.635444],[13.773617,45.635329],[13.771959,45.633333],[13.772172,45.63324],[13.773674,45.635066],[13.774317,45.634823],[13.774327,45.634799],[13.773376,45.633612],[13.774203,45.633305],[13.774221,45.633285],[13.774385,45.633221],[13.775455,45.634543],[13.775739,45.634424],[13.775782,45.634432],[13.775922,45.634359],[13.775519,45.633942],[13.775661,45.633866],[13.776086,45.634268],[13.776122,45.634272],[13.776169,45.634249],[13.776176,45.634218],[13.776315,45.634148],[13.776428,45.634249],[13.776494,45.634215],[13.776216,45.633936],[13.776219,45.633908],[13.775937,45.633629],[13.776061,45.633571],[13.776344,45.633848],[13.776386,45.633853],[13.776673,45.634126],[13.776754,45.634086],[13.776615,45.63394],[13.77696,45.633542],[13.779435,45.634597],[13.778661,45.6355],[13.776862,45.636833],[13.776825,45.636972],[13.776794,45.636977],[13.776472,45.637217],[13.776488,45.637257],[13.775524,45.638001],[13.775107,45.638272],[13.775103,45.638303],[13.774371,45.638503],[13.773959,45.638562],[13.773583,45.638562],[13.773293,45.638541],[13.772756,45.638462],[13.772538,45.638508],[13.772176,45.638637],[13.772128,45.638614],[13.77211,45.638669],[13.771921,45.638846],[13.771875,45.638812],[13.771782,45.638848],[13.771316,45.638408],[13.770824,45.638081],[13.770788,45.638082],[13.770631,45.638189],[13.770294,45.637964],[13.769878,45.637782],[13.769841,45.637708],[13.769606,45.637653],[13.769114,45.637596],[13.768652,45.637595],[13.768353,45.637624],[13.764579,45.638206],[13.764559,45.638228],[13.764579,45.638307],[13.763956,45.638367],[13.763889,45.638414],[13.763114,45.63857],[13.761168,45.638878],[13.759704,45.639541],[13.758525,45.640109],[13.758489,45.6401],[13.756519,45.640335],[13.756375,45.640331],[13.754641,45.640764],[13.7541,45.640946],[13.752987,45.641359],[13.752805,45.641457],[13.75264,45.641597],[13.752535,45.64175],[13.752467,45.641923],[13.752518,45.641302],[13.752579,45.641031],[13.752519,45.640944],[13.752476,45.64094],[13.752282,45.641095],[13.752335,45.641174],[13.752027,45.641338],[13.751965,45.641311],[13.751931,45.641316],[13.751572,45.641671],[13.751033,45.642076],[13.750764,45.642381],[13.750605,45.642706],[13.750563,45.64293],[13.750627,45.642947],[13.750629,45.642968],[13.751454,45.64388],[13.751764,45.644038],[13.751744,45.644121],[13.751795,45.644213],[13.751781,45.644243],[13.752296,45.644931],[13.752204,45.644975],[13.752229,45.645027],[13.751699,45.645227],[13.752176,45.645887],[13.752004,45.645949],[13.751365,45.64628],[13.751238,45.646372],[13.751045,45.646442],[13.750657,45.646224],[13.750883,45.646037],[13.750885,45.646014],[13.748382,45.644513],[13.748321,45.64407],[13.74867,45.64404],[13.748693,45.644021],[13.748298,45.641551],[13.748277,45.641535],[13.748162,45.641518],[13.748217,45.641257],[13.743882,45.640703],[13.744322,45.638986],[13.747261,45.639357],[13.748943,45.639589],[13.749848,45.639493],[13.753921,45.638057],[13.753936,45.638037],[13.753828,45.63759],[13.749347,45.637026],[13.749699,45.635646],[13.749687,45.635627],[13.743377,45.634955],[13.743348,45.63497],[13.742473,45.638814],[13.742377,45.638813],[13.743244,45.634917],[13.739207,45.63437],[13.739177,45.634385],[13.738562,45.637102],[13.738535,45.637101]]]]},"properties":{"prov":"TS","comune_amm":"L424","comune_descr":"TRIESTE","fascia":"D","zona":"D1","zona_descr":"PERIFERIA SUD - S.M.M. SUPERIORE - S.M.M. INFERIORE - ZONA INDUSTRIALE - ALTURA - SAN SERGIO","microzona":7,"semestre":"2025/2"}},{"type":"Feature","geometry":{"type":"MultiPolygon","coordinates":[[[[13.804974,45.700189],[13.804939,45.70019],[13.804961,45.700178],[13.804974,45.700189]]],[[[13.76702,45.686646],[13.767133,45.686592],[13.767279,45.686458],[13.767834,45.686212],[13.767867,45.686162],[13.768373,45.685993],[13.769249,45.685751],[13.769945,45.68553],[13.770648,45.685384],[13.771359,45.685099],[13.771736,45.684929],[13.772198,45.684753],[13.772324,45.684596],[13.772967,45.684307],[13.774433,45.683493],[13.775415,45.683167],[13.775655,45.683069],[13.775949,45.682925],[13.776144,45.682853],[13.77618,45.682807],[13.776001,45.682617],[13.775999,45.682579],[13.776267,45.682385],[13.776738,45.682215],[13.77676,45.682056],[13.776943,45.682031],[13.776943,45.681968],[13.777042,45.681911],[13.777161,45.682006],[13.77724,45.681998],[13.781063,45.679963],[13.78104,45.679786],[13.781112,45.679662],[13.78119,45.679585],[13.781476,45.679442],[13.781708,45.679372],[13.781947,45.679326],[13.7823,45.679727],[13.782401,45.679754],[13.782639,45.679752],[13.782915,45.679973],[13.782946,45.679977],[13.784157,45.679562],[13.784874,45.679387],[13.785696,45.67904],[13.786753,45.678514],[13.787097,45.678431],[13.787128,45.678473],[13.787277,45.678521],[13.787604,45.678811],[13.787459,45.678857],[13.787324,45.678927],[13.787152,45.67898],[13.786965,45.679331],[13.787597,45.67982],[13.787827,45.680085],[13.788045,45.680255],[13.788465,45.680483],[13.788729,45.68065],[13.789003,45.68069],[13.789206,45.680619],[13.789584,45.68072],[13.789771,45.680727],[13.789803,45.680765],[13.78984,45.68077],[13.789853,45.680803],[13.78993,45.680866],[13.790109,45.680925],[13.790235,45.680901],[13.790458,45.680789],[13.790777,45.681051],[13.790977,45.680977],[13.791034,45.681041],[13.791912,45.680663],[13.792309,45.680433],[13.792932,45.680188],[13.793118,45.680232],[13.793481,45.680536],[13.793513,45.68054],[13.796276,45.679406],[13.796942,45.679103],[13.797295,45.678917],[13.79738,45.67885],[13.79766,45.678714],[13.797982,45.678565],[13.79803,45.678579],[13.798218,45.678502],[13.798773,45.679205],[13.798805,45.679214],[13.798981,45.679181],[13.799128,45.679574],[13.799187,45.679614],[13.799231,45.679611],[13.799326,45.679659],[13.799359,45.679808],[13.801134,45.681407],[13.801962,45.682224],[13.801998,45.682228],[13.802438,45.682],[13.802984,45.682614],[13.802886,45.682679],[13.802581,45.682819],[13.802574,45.682844],[13.803424,45.683698],[13.803492,45.683714],[13.803653,45.683646],[13.803716,45.683641],[13.803669,45.683734],[13.803777,45.683875],[13.803746,45.684006],[13.803775,45.684015],[13.804165,45.683943],[13.804209,45.683952],[13.804217,45.683974],[13.804175,45.684012],[13.804125,45.684112],[13.804308,45.684244],[13.804591,45.684349],[13.804789,45.684475],[13.804969,45.684419],[13.805037,45.684704],[13.805046,45.684716],[13.805152,45.684728],[13.805178,45.684758],[13.805175,45.68482],[13.805142,45.684874],[13.805224,45.685062],[13.805258,45.685073],[13.80531,45.685063],[13.805396,45.685083],[13.805475,45.685243],[13.80555,45.685303],[13.805631,45.685331],[13.805751,45.685436],[13.806006,45.685437],[13.806067,45.685577],[13.8064,45.686133],[13.80648,45.686212],[13.806856,45.686447],[13.806942,45.68648],[13.807043,45.686576],[13.807188,45.686774],[13.80739,45.686959],[13.807362,45.687039],[13.807233,45.687137],[13.807088,45.687295],[13.807095,45.687326],[13.806862,45.687616],[13.806765,45.687684],[13.806476,45.687832],[13.806343,45.687956],[13.806268,45.688055],[13.806183,45.688111],[13.80576,45.688194],[13.80567,45.688247],[13.805403,45.688467],[13.805003,45.688615],[13.804837,45.688661],[13.804438,45.688895],[13.804177,45.689075],[13.803948,45.689196],[13.803798,45.689235],[13.803639,45.689245],[13.803049,45.689184],[13.802518,45.689296],[13.802354,45.689291],[13.802357,45.689322],[13.8027,45.689444],[13.80277,45.689507],[13.80301,45.689757],[13.80308,45.689856],[13.803113,45.69003],[13.803207,45.690173],[13.803184,45.690307],[13.803032,45.690463],[13.802635,45.690634],[13.802372,45.690792],[13.800403,45.690347],[13.800289,45.690311],[13.800268,45.690292],[13.798521,45.689894],[13.796788,45.689545],[13.796755,45.689566],[13.796774,45.689634],[13.796793,45.689648],[13.797823,45.68987],[13.797859,45.689863],[13.798049,45.689903],[13.798082,45.689895],[13.799673,45.690253],[13.799712,45.690239],[13.800236,45.690375],[13.80148,45.690652],[13.801502,45.690667],[13.801855,45.690753],[13.805024,45.691463],[13.805863,45.691665],[13.805914,45.691694],[13.805998,45.691854],[13.806332,45.69234],[13.806347,45.692534],[13.806299,45.69265],[13.806578,45.693074],[13.806845,45.693353],[13.806829,45.693568],[13.806706,45.693797],[13.806729,45.693855],[13.806799,45.693921],[13.806878,45.693949],[13.806903,45.693993],[13.806909,45.694189],[13.807267,45.694668],[13.807401,45.694757],[13.807612,45.694835],[13.807726,45.694861],[13.808223,45.695136],[13.808503,45.695339],[13.808621,45.69585],[13.808577,45.696237],[13.808541,45.696331],[13.808437,45.696371],[13.808331,45.696474],[13.808359,45.69665],[13.808405,45.696703],[13.808201,45.697061],[13.80805,45.69774],[13.808068,45.697761],[13.808106,45.697767],[13.80818,45.697758],[13.808189,45.697807],[13.808383,45.697957],[13.808469,45.698073],[13.808352,45.698121],[13.808266,45.698231],[13.808237,45.698364],[13.808263,45.698429],[13.807948,45.698642],[13.807301,45.699019],[13.806386,45.699539],[13.805882,45.699661],[13.805524,45.69977],[13.804755,45.699688],[13.804736,45.699426],[13.804394,45.699324],[13.804054,45.699322],[13.803916,45.699295],[13.803289,45.699091],[13.803269,45.699091],[13.803255,45.699115],[13.803303,45.699187],[13.802805,45.699089],[13.802438,45.698946],[13.80125,45.698365],[13.800442,45.698087],[13.799228,45.697507],[13.798979,45.697354],[13.79883,45.697311],[13.79881,45.697327],[13.798813,45.69745],[13.798764,45.697483],[13.798749,45.697545],[13.798721,45.697755],[13.798732,45.697846],[13.798779,45.697939],[13.799225,45.698531],[13.799309,45.698667],[13.799449,45.698794],[13.799452,45.698832],[13.799492,45.698889],[13.79949,45.698955],[13.799434,45.698999],[13.799404,45.699055],[13.799358,45.69908],[13.799292,45.699234],[13.799296,45.699267],[13.799004,45.6999],[13.798916,45.700262],[13.798938,45.700522],[13.798975,45.70068],[13.799026,45.700786],[13.799561,45.701549],[13.799477,45.701571],[13.799295,45.701344],[13.799025,45.701425],[13.798904,45.701387],[13.798784,45.701398],[13.798321,45.701796],[13.798258,45.70178],[13.797954,45.701931],[13.79776,45.701998],[13.79749,45.701686],[13.797389,45.70172],[13.797103,45.701694],[13.796956,45.70164],[13.796864,45.701579],[13.796355,45.701058],[13.796323,45.70098],[13.796368,45.700703],[13.796509,45.700475],[13.796542,45.700345],[13.796678,45.700131],[13.796736,45.699914],[13.796402,45.698996],[13.796514,45.699],[13.796532,45.698996],[13.796536,45.698971],[13.796167,45.698923],[13.796158,45.698945],[13.796196,45.699009],[13.79605,45.699052],[13.796046,45.699131],[13.795966,45.699133],[13.795655,45.699318],[13.795513,45.699344],[13.79545,45.699335],[13.795198,45.699373],[13.795023,45.699318],[13.794869,45.699196],[13.794729,45.698983],[13.794169,45.699225],[13.794104,45.699067],[13.794081,45.698837],[13.794145,45.698672],[13.794276,45.698554],[13.794276,45.698531],[13.794124,45.698515],[13.794101,45.698568],[13.794114,45.698615],[13.794022,45.698663],[13.793931,45.698673],[13.793811,45.698622],[13.793738,45.698537],[13.793758,45.698497],[13.793887,45.698419],[13.793963,45.698402],[13.794055,45.698416],[13.794094,45.698263],[13.794079,45.698235],[13.794037,45.698206],[13.79374,45.698178],[13.793115,45.698144],[13.792423,45.698187],[13.792276,45.698213],[13.791867,45.698321],[13.791851,45.69834],[13.791894,45.69864],[13.79145,45.698685],[13.791428,45.698706],[13.791435,45.698742],[13.790313,45.698859],[13.790293,45.698883],[13.790461,45.699194],[13.79044,45.699219],[13.790138,45.699243],[13.789593,45.699144],[13.789139,45.699096],[13.788988,45.699002],[13.788905,45.698596],[13.789161,45.698409],[13.78928,45.698362],[13.789275,45.698339],[13.78923,45.698337],[13.789091,45.698395],[13.788956,45.698479],[13.788839,45.698585],[13.788715,45.698823],[13.788353,45.699033],[13.787521,45.699581],[13.786929,45.700175],[13.786745,45.700229],[13.7859,45.700269],[13.785632,45.700432],[13.785405,45.7006],[13.78527,45.70082],[13.78523,45.700837],[13.78514,45.700807],[13.785012,45.700673],[13.784752,45.700695],[13.784258,45.700944],[13.78417,45.700973],[13.783868,45.701],[13.783782,45.701028],[13.78377,45.701051],[13.783823,45.701145],[13.783931,45.70123],[13.783882,45.701289],[13.783752,45.701296],[13.783731,45.701356],[13.783318,45.701484],[13.783228,45.701494],[13.783088,45.701461],[13.782876,45.701457],[13.78266,45.701492],[13.782595,45.701484],[13.782484,45.701233],[13.782369,45.701092],[13.78221,45.701158],[13.781877,45.701352],[13.781772,45.701393],[13.78168,45.701329],[13.781626,45.701332],[13.781574,45.701354],[13.781524,45.701399],[13.781523,45.701428],[13.781548,45.701458],[13.78134,45.701583],[13.780925,45.701027],[13.78111,45.700887],[13.781231,45.700821],[13.781463,45.700629],[13.781491,45.700584],[13.781483,45.700528],[13.781238,45.700348],[13.781113,45.700127],[13.78107,45.700116],[13.781139,45.699999],[13.781132,45.699973],[13.781317,45.699695],[13.781317,45.699577],[13.781251,45.699418],[13.78111,45.699233],[13.781044,45.699165],[13.780876,45.699068],[13.780766,45.698966],[13.780735,45.698916],[13.780715,45.698782],[13.780669,45.69868],[13.780571,45.698614],[13.780442,45.698579],[13.780443,45.698418],[13.780597,45.698159],[13.780601,45.698045],[13.780691,45.698023],[13.780878,45.698027],[13.780895,45.697999],[13.781438,45.697575],[13.781542,45.69755],[13.781515,45.6975],[13.781618,45.697366],[13.781635,45.697281],[13.78168,45.697242],[13.78182,45.696993],[13.782005,45.696884],[13.782273,45.696657],[13.782453,45.696535],[13.782552,45.696498],[13.782727,45.696394],[13.782734,45.696372],[13.782605,45.696171],[13.782536,45.696154],[13.782509,45.696161],[13.780811,45.697138],[13.77878,45.69836],[13.778321,45.6987],[13.778116,45.698959],[13.778059,45.69894],[13.777792,45.698716],[13.777741,45.698667],[13.777743,45.698631],[13.777069,45.698269],[13.776978,45.698261],[13.77614,45.697796],[13.776101,45.697793],[13.77606,45.697751],[13.775321,45.697341],[13.775213,45.697307],[13.775222,45.696959],[13.775194,45.696951],[13.774852,45.697004],[13.774795,45.696919],[13.774958,45.696551],[13.775076,45.696165],[13.775263,45.695836],[13.775793,45.695056],[13.776169,45.694671],[13.776167,45.694648],[13.77593,45.694464],[13.77565,45.694176],[13.775593,45.694092],[13.775502,45.69404],[13.775208,45.693945],[13.774965,45.693789],[13.774922,45.693731],[13.774885,45.693559],[13.77488,45.69342],[13.775053,45.693281],[13.775052,45.693255],[13.77456,45.692907],[13.77429,45.692551],[13.77419,45.692446],[13.774019,45.692311],[13.773707,45.692266],[13.773134,45.692311],[13.772728,45.692401],[13.77246,45.692497],[13.772168,45.692561],[13.771999,45.692584],[13.771873,45.692564],[13.771596,45.692635],[13.771544,45.692626],[13.7715,45.69259],[13.771449,45.692481],[13.771292,45.692421],[13.771272,45.692441],[13.771302,45.692628],[13.771184,45.692661],[13.771061,45.692324],[13.770759,45.692256],[13.770683,45.692254],[13.770405,45.692326],[13.770313,45.69233],[13.770041,45.692392],[13.769952,45.692245],[13.769921,45.692235],[13.769138,45.692394],[13.769027,45.69126],[13.768898,45.690899],[13.76824,45.689162],[13.767386,45.68729],[13.767277,45.687071],[13.76702,45.686646]]]]},"properties":{"prov":"TS","comune_amm":"L424","comune_descr":"TRIESTE","fascia":"D","zona":"D2","zona_descr":"OPICINA","microzona":8,"semestre":"2025/2"}},{"type":"Feature","geometry":{"type":"MultiPolygon","coordinates":[[[[13.713005,45.70819],[13.713019,45.708144],[13.713082,45.708152],[13.713082,45.708191],[13.713151,45.708201],[13.713005,45.70819]]],[[[13.668278,45.741632],[13.668627,45.741451],[13.668692,45.741394],[13.668806,45.741234],[13.668929,45.741147],[13.668929,45.741106],[13.668753,45.740917],[13.669285,45.740665],[13.669292,45.74064],[13.669265,45.740602],[13.669312,45.740584],[13.669345,45.740617],[13.66938,45.740622],[13.669509,45.740568],[13.669596,45.740655],[13.669742,45.740711],[13.669809,45.740694],[13.669872,45.740718],[13.670046,45.740698],[13.670916,45.740317],[13.671348,45.740095],[13.67135,45.740073],[13.671292,45.740015],[13.671313,45.74],[13.671378,45.740056],[13.671414,45.74006],[13.671426,45.740003],[13.671348,45.739876],[13.671363,45.739875],[13.671429,45.739963],[13.671465,45.739958],[13.671494,45.739988],[13.67153,45.739993],[13.67161,45.739968],[13.671723,45.739904],[13.671745,45.739876],[13.671597,45.739751],[13.671615,45.739737],[13.671773,45.739851],[13.671862,45.739794],[13.671847,45.73975],[13.671867,45.739735],[13.671926,45.739736],[13.671978,45.739766],[13.672009,45.739766],[13.672221,45.739634],[13.672271,45.739562],[13.672157,45.739475],[13.672159,45.739442],[13.672119,45.739437],[13.672058,45.739461],[13.672089,45.739416],[13.672133,45.739402],[13.672276,45.739516],[13.67234,45.739517],[13.673483,45.738968],[13.67372,45.738814],[13.673654,45.738741],[13.673656,45.73871],[13.673577,45.738641],[13.673608,45.73863],[13.673753,45.738772],[13.673993,45.738673],[13.674326,45.738488],[13.67433,45.738467],[13.6743,45.738428],[13.674333,45.738458],[13.674371,45.738461],[13.674528,45.738362],[13.674531,45.738338],[13.674415,45.738226],[13.674431,45.738213],[13.674566,45.738331],[13.674687,45.738275],[13.674717,45.738242],[13.674717,45.738199],[13.674755,45.738172],[13.674806,45.738152],[13.674862,45.738181],[13.674939,45.738167],[13.675313,45.737973],[13.675319,45.737949],[13.67528,45.737908],[13.675293,45.737896],[13.67541,45.737915],[13.675625,45.737785],[13.675675,45.737788],[13.675776,45.737732],[13.675874,45.737653],[13.675818,45.737591],[13.675835,45.737587],[13.675903,45.737635],[13.676026,45.737567],[13.675987,45.73752],[13.675997,45.737511],[13.676064,45.737558],[13.676142,45.737534],[13.676516,45.737323],[13.676821,45.737173],[13.677053,45.737019],[13.677055,45.736995],[13.676947,45.736903],[13.676958,45.736883],[13.676942,45.736858],[13.676957,45.736854],[13.677058,45.736928],[13.677239,45.736827],[13.677436,45.736617],[13.677599,45.736525],[13.677917,45.736277],[13.678579,45.735853],[13.678653,45.735783],[13.678703,45.73566],[13.678895,45.735508],[13.679028,45.735438],[13.679115,45.735314],[13.679668,45.734921],[13.679804,45.734804],[13.679906,45.73475],[13.680133,45.73456],[13.680241,45.734489],[13.680365,45.734366],[13.680345,45.734321],[13.680419,45.734338],[13.680598,45.734234],[13.680677,45.73414],[13.680875,45.733987],[13.681267,45.733572],[13.681283,45.733531],[13.681629,45.733268],[13.681688,45.733191],[13.681695,45.733128],[13.681743,45.733086],[13.681766,45.733013],[13.681733,45.732992],[13.681745,45.732968],[13.681818,45.732982],[13.681877,45.732937],[13.682034,45.732692],[13.682236,45.732491],[13.682223,45.732436],[13.682326,45.732367],[13.682264,45.73231],[13.682278,45.732306],[13.682358,45.73235],[13.682463,45.732289],[13.682462,45.732262],[13.682374,45.732203],[13.682389,45.732197],[13.682499,45.73226],[13.682543,45.732246],[13.682678,45.73214],[13.682675,45.732114],[13.682636,45.732093],[13.682654,45.732072],[13.682749,45.732051],[13.68302,45.731886],[13.683062,45.731855],[13.683078,45.731814],[13.683234,45.731727],[13.683245,45.731702],[13.683398,45.731619],[13.683465,45.731561],[13.683483,45.731494],[13.683601,45.731427],[13.683618,45.731382],[13.683572,45.731334],[13.6836,45.731321],[13.683674,45.731378],[13.683733,45.73136],[13.683828,45.731296],[13.683844,45.731244],[13.684103,45.731111],[13.684362,45.730949],[13.684597,45.730774],[13.684739,45.730713],[13.685161,45.730447],[13.685173,45.730404],[13.685302,45.730291],[13.685446,45.730237],[13.685504,45.730185],[13.685554,45.730168],[13.685603,45.73017],[13.685843,45.729989],[13.685959,45.729941],[13.685967,45.729915],[13.685862,45.72981],[13.68598,45.729903],[13.686016,45.729906],[13.686702,45.729537],[13.686844,45.729446],[13.686932,45.729368],[13.687056,45.729314],[13.687098,45.729268],[13.68728,45.729166],[13.687418,45.729025],[13.687529,45.728804],[13.687609,45.72875],[13.687666,45.72859],[13.687821,45.7284],[13.68789,45.728357],[13.687944,45.728358],[13.688119,45.728258],[13.688236,45.728171],[13.68829,45.728104],[13.688333,45.728089],[13.688403,45.72801],[13.688534,45.727924],[13.688589,45.727908],[13.688678,45.727829],[13.688732,45.727807],[13.688741,45.727781],[13.688709,45.727747],[13.688798,45.727812],[13.68884,45.727806],[13.688859,45.72778],[13.688967,45.727738],[13.688994,45.727703],[13.689135,45.727609],[13.689137,45.727583],[13.688945,45.727459],[13.688663,45.727597],[13.688617,45.727552],[13.688677,45.727538],[13.688826,45.727448],[13.688855,45.727459],[13.688895,45.727444],[13.688991,45.727451],[13.689115,45.727538],[13.689234,45.727473],[13.689288,45.727488],[13.689353,45.727459],[13.689362,45.727423],[13.689324,45.727388],[13.689343,45.727355],[13.689409,45.727389],[13.689471,45.727344],[13.689319,45.727234],[13.689329,45.727221],[13.689443,45.727299],[13.689482,45.727298],[13.689546,45.727248],[13.689581,45.727243],[13.689652,45.727168],[13.68973,45.727137],[13.689866,45.727037],[13.689885,45.726999],[13.689943,45.727003],[13.690154,45.726884],[13.690423,45.726672],[13.69048,45.726647],[13.690483,45.72661],[13.690515,45.726619],[13.690543,45.726605],[13.690547,45.726557],[13.690436,45.726487],[13.690438,45.726454],[13.69031,45.726369],[13.690274,45.726369],[13.690206,45.726418],[13.690189,45.726409],[13.69025,45.726357],[13.690243,45.726322],[13.690268,45.726306],[13.690464,45.726435],[13.6905,45.726435],[13.690981,45.726078],[13.69098,45.726052],[13.690851,45.725954],[13.690999,45.72604],[13.691035,45.726039],[13.691566,45.725642],[13.691565,45.725616],[13.691361,45.725481],[13.691325,45.725483],[13.690546,45.726068],[13.690333,45.725959],[13.689841,45.726309],[13.689806,45.726285],[13.690345,45.72589],[13.690554,45.72601],[13.690589,45.726008],[13.691333,45.725447],[13.691524,45.72556],[13.691608,45.725502],[13.691835,45.725446],[13.691943,45.725402],[13.6923,45.725176],[13.692331,45.72514],[13.692342,45.725069],[13.69245,45.724953],[13.692462,45.724912],[13.692504,45.724905],[13.692547,45.724868],[13.692538,45.724826],[13.692597,45.724762],[13.692692,45.724576],[13.69269,45.724514],[13.69272,45.72447],[13.692802,45.724188],[13.692917,45.724026],[13.693009,45.723844],[13.693014,45.723789],[13.693053,45.723718],[13.693026,45.723679],[13.693119,45.723619],[13.693354,45.723377],[13.693346,45.723352],[13.693183,45.723271],[13.693196,45.723262],[13.693372,45.723342],[13.693475,45.723242],[13.693519,45.72316],[13.693677,45.722973],[13.693668,45.72294],[13.693706,45.722914],[13.693674,45.72287],[13.693618,45.722872],[13.693706,45.722821],[13.693668,45.722767],[13.6937,45.722793],[13.693734,45.722796],[13.693757,45.722734],[13.69373,45.722708],[13.6938,45.722755],[13.693945,45.722697],[13.69398,45.722658],[13.693975,45.722637],[13.693844,45.722541],[13.693858,45.722537],[13.693993,45.722635],[13.69404,45.722632],[13.694253,45.722469],[13.694249,45.722447],[13.694134,45.722355],[13.694149,45.72235],[13.694268,45.722441],[13.694305,45.722443],[13.69459,45.722274],[13.694586,45.722241],[13.694612,45.722213],[13.694664,45.722206],[13.694716,45.72217],[13.694716,45.722143],[13.694657,45.722107],[13.694676,45.722067],[13.694755,45.722116],[13.694789,45.722115],[13.694841,45.722071],[13.694821,45.722047],[13.694917,45.722033],[13.695053,45.721915],[13.695041,45.721881],[13.695106,45.721824],[13.695001,45.721733],[13.695015,45.721717],[13.695172,45.721812],[13.695281,45.721753],[13.695281,45.721726],[13.695089,45.721621],[13.695119,45.721593],[13.695295,45.721715],[13.69533,45.721714],[13.695397,45.721672],[13.695452,45.721544],[13.6953,45.721404],[13.695332,45.721391],[13.695451,45.721506],[13.695512,45.72152],[13.695582,45.721505],[13.695608,45.721478],[13.69566,45.721493],[13.695799,45.721453],[13.695809,45.721425],[13.69571,45.72133],[13.69573,45.721323],[13.695858,45.721421],[13.69595,45.721356],[13.695801,45.721235],[13.695829,45.721214],[13.695869,45.721245],[13.695898,45.721242],[13.696005,45.721323],[13.696123,45.721263],[13.696133,45.721241],[13.696099,45.721222],[13.696227,45.721116],[13.696308,45.721074],[13.696291,45.721033],[13.69638,45.720963],[13.696347,45.720932],[13.696353,45.720913],[13.69631,45.720884],[13.696333,45.720866],[13.696395,45.720903],[13.696427,45.720894],[13.696547,45.720971],[13.696796,45.720819],[13.696832,45.720818],[13.696858,45.720798],[13.696749,45.720703],[13.696757,45.720693],[13.696887,45.720773],[13.696972,45.720741],[13.697095,45.720622],[13.696858,45.7205],[13.696883,45.720482],[13.697116,45.720612],[13.697161,45.720602],[13.697275,45.720467],[13.697262,45.720439],[13.697127,45.720388],[13.697131,45.720377],[13.697234,45.720406],[13.697246,45.720375],[13.697305,45.720391],[13.697433,45.720254],[13.697231,45.720128],[13.697255,45.720113],[13.697443,45.720236],[13.697481,45.720234],[13.697588,45.720109],[13.697635,45.720098],[13.697671,45.720023],[13.697637,45.720005],[13.697661,45.719974],[13.697642,45.719957],[13.697578,45.719947],[13.69745,45.719982],[13.697435,45.719956],[13.697612,45.719931],[13.697713,45.719958],[13.697758,45.719931],[13.697866,45.719746],[13.697855,45.719695],[13.69794,45.719593],[13.698043,45.719524],[13.698061,45.719467],[13.698112,45.719429],[13.698126,45.719372],[13.698108,45.71935],[13.698178,45.719371],[13.698271,45.719272],[13.698333,45.719229],[13.69838,45.719222],[13.698409,45.719181],[13.69851,45.71915],[13.698583,45.719152],[13.698644,45.71912],[13.698548,45.71898],[13.698564,45.718977],[13.698661,45.719089],[13.698698,45.719094],[13.698904,45.71899],[13.699184,45.71881],[13.699373,45.718711],[13.699377,45.718685],[13.699283,45.718589],[13.699375,45.718662],[13.699409,45.718666],[13.699511,45.71861],[13.699534,45.718571],[13.699854,45.718381],[13.699855,45.718355],[13.699772,45.71829],[13.699786,45.718276],[13.699856,45.718321],[13.699894,45.718319],[13.699979,45.718244],[13.700129,45.718157],[13.700686,45.717962],[13.700942,45.717842],[13.701078,45.717752],[13.701453,45.717401],[13.701435,45.717367],[13.701452,45.717324],[13.701373,45.717327],[13.701392,45.7173],[13.701444,45.717277],[13.701514,45.717339],[13.701544,45.717344],[13.701851,45.717059],[13.701969,45.716996],[13.702238,45.716924],[13.70233,45.716876],[13.702335,45.71685],[13.702248,45.716766],[13.702356,45.716848],[13.702392,45.71685],[13.702421,45.716834],[13.702426,45.716809],[13.702353,45.716741],[13.70244,45.716806],[13.702476,45.716808],[13.70291,45.716563],[13.70292,45.716535],[13.702789,45.716417],[13.702907,45.716507],[13.702987,45.716502],[13.703122,45.716393],[13.703023,45.716317],[13.703144,45.716376],[13.703275,45.71627],[13.703289,45.716213],[13.703199,45.716162],[13.703206,45.716149],[13.703295,45.716185],[13.703381,45.716184],[13.703577,45.716085],[13.703576,45.716022],[13.703499,45.715944],[13.703515,45.715941],[13.703593,45.716008],[13.703682,45.716024],[13.703828,45.715931],[13.703734,45.715834],[13.703848,45.715915],[13.704137,45.715751],[13.70418,45.715676],[13.704018,45.715537],[13.704043,45.715522],[13.704221,45.71566],[13.70432,45.71562],[13.70437,45.715575],[13.704262,45.715485],[13.704265,45.715467],[13.704213,45.715413],[13.704379,45.71553],[13.704449,45.715523],[13.704695,45.71536],[13.704704,45.71534],[13.704845,45.715268],[13.704838,45.715248],[13.704755,45.715192],[13.704879,45.715252],[13.704931,45.715221],[13.704933,45.715198],[13.704886,45.715184],[13.704884,45.715167],[13.704974,45.715176],[13.705121,45.715051],[13.705128,45.715022],[13.705235,45.714915],[13.705361,45.714846],[13.705368,45.714826],[13.705329,45.71476],[13.705387,45.714712],[13.706439,45.714089],[13.70644,45.714064],[13.706374,45.71401],[13.706446,45.713959],[13.706478,45.71398],[13.706514,45.71398],[13.706688,45.71385],[13.706533,45.713738],[13.706342,45.713726],[13.706271,45.71375],[13.70622,45.713796],[13.706179,45.713865],[13.706187,45.713906],[13.706156,45.713926],[13.706136,45.713907],[13.706244,45.71375],[13.706221,45.713722],[13.706244,45.713707],[13.706307,45.713723],[13.706348,45.713714],[13.706368,45.713683],[13.706392,45.713682],[13.706414,45.713709],[13.706531,45.713726],[13.706716,45.71385],[13.706751,45.71385],[13.707177,45.713581],[13.70692,45.713369],[13.707126,45.713516],[13.707264,45.713532],[13.70762,45.713292],[13.707602,45.713233],[13.707514,45.713163],[13.707642,45.713246],[13.707704,45.713244],[13.708065,45.713036],[13.708068,45.713011],[13.70799,45.712947],[13.708006,45.712932],[13.708093,45.713001],[13.708146,45.712997],[13.709228,45.712325],[13.709531,45.712109],[13.709531,45.712085],[13.709451,45.712014],[13.709813,45.711749],[13.709793,45.711705],[13.70983,45.711681],[13.70987,45.7117],[13.709888,45.711694],[13.710236,45.711438],[13.710217,45.711395],[13.710255,45.711372],[13.710294,45.71139],[13.710312,45.711384],[13.710611,45.711165],[13.710589,45.711123],[13.710616,45.7111],[13.710682,45.711112],[13.710838,45.710999],[13.7109,45.711039],[13.710937,45.711038],[13.711059,45.710942],[13.711038,45.710901],[13.711072,45.710877],[13.711128,45.710887],[13.711205,45.710818],[13.711082,45.710732],[13.711103,45.710723],[13.711213,45.710791],[13.711249,45.71079],[13.711357,45.710705],[13.711339,45.710667],[13.711368,45.710642],[13.711428,45.710649],[13.711678,45.71045],[13.711733,45.710479],[13.711769,45.710477],[13.712067,45.710229],[13.712021,45.710197],[13.712024,45.71016],[13.711875,45.710072],[13.711884,45.710058],[13.712121,45.710185],[13.712238,45.710089],[13.712244,45.710002],[13.712098,45.709943],[13.712099,45.709932],[13.712186,45.70995],[13.712222,45.70994],[13.712279,45.709963],[13.712295,45.709955],[13.712526,45.709689],[13.71274,45.709495],[13.712465,45.709322],[13.712494,45.709297],[13.712544,45.709302],[13.712579,45.709263],[13.712544,45.709234],[13.71257,45.709215],[13.712612,45.709232],[13.71263,45.709226],[13.713037,45.708869],[13.713043,45.708857],[13.713013,45.708831],[13.713033,45.708812],[13.713093,45.708819],[13.713171,45.708751],[13.713179,45.70868],[13.713159,45.708653],[13.713181,45.708635],[13.713183,45.708575],[13.713148,45.708545],[13.713189,45.708495],[13.713316,45.708447],[13.713326,45.708418],[13.713287,45.708397],[13.713302,45.708375],[13.713347,45.708382],[13.713361,45.708372],[13.713434,45.708251],[13.713435,45.708237],[13.713397,45.70822],[13.713151,45.708201],[13.713375,45.708216],[13.713408,45.708198],[13.713456,45.708203],[13.713555,45.708051],[13.713516,45.708016],[13.713531,45.707994],[13.713577,45.708002],[13.713591,45.707991],[13.71366,45.707864],[13.713618,45.707845],[13.713572,45.70734],[13.713423,45.706838],[13.712699,45.70697],[13.712683,45.706941],[13.713392,45.706797],[13.713411,45.706775],[13.713252,45.706314],[13.712937,45.706071],[13.712901,45.706069],[13.712543,45.7063],[13.712517,45.706287],[13.71288,45.706052],[13.712881,45.706026],[13.712184,45.705501],[13.711793,45.705737],[13.711779,45.705721],[13.712152,45.705476],[13.711918,45.705289],[13.711146,45.705217],[13.711091,45.70544],[13.711059,45.705442],[13.711075,45.705339],[13.711053,45.705318],[13.711012,45.705333],[13.710996,45.705418],[13.710976,45.705417],[13.711014,45.705214],[13.710991,45.705194],[13.710942,45.705194],[13.710853,45.705672],[13.711826,45.70662],[13.711843,45.707143],[13.711808,45.706622],[13.710798,45.705667],[13.710918,45.705062],[13.710884,45.70504],[13.710886,45.70502],[13.710951,45.704964],[13.71096,45.704873],[13.710919,45.704808],[13.710909,45.704684],[13.71096,45.704639],[13.710978,45.704577],[13.711101,45.704482],[13.711174,45.704446],[13.711246,45.704357],[13.711363,45.704339],[13.711447,45.704211],[13.71145,45.704175],[13.711427,45.704146],[13.711515,45.70417],[13.711692,45.70404],[13.711734,45.704029],[13.712002,45.703783],[13.712099,45.703733],[13.712199,45.703592],[13.712238,45.703401],[13.712208,45.703376],[13.712218,45.703309],[13.712183,45.703287],[13.712214,45.703054],[13.712182,45.702968],[13.711998,45.702745],[13.711891,45.702728],[13.711862,45.702743],[13.711756,45.70313],[13.7117,45.703147],[13.71181,45.702729],[13.711871,45.702609],[13.711851,45.702521],[13.711876,45.702434],[13.711918,45.702361],[13.711959,45.70233],[13.712046,45.702307],[13.712138,45.702314],[13.712227,45.702278],[13.712351,45.702268],[13.712494,45.702293],[13.712586,45.702322],[13.712618,45.702349],[13.71279,45.702388],[13.712992,45.70238],[13.713141,45.702352],[13.713382,45.702252],[13.71357,45.702111],[13.713838,45.701957],[13.714374,45.701755],[13.714518,45.701716],[13.71515,45.701622],[13.715186,45.701607],[13.715251,45.701608],[13.715435,45.701669],[13.715638,45.70167],[13.715816,45.701754],[13.716149,45.702055],[13.71632,45.702169],[13.716544,45.70219],[13.716741,45.702171],[13.717216,45.702038],[13.717859,45.701716],[13.718241,45.701591],[13.718468,45.701481],[13.718665,45.701344],[13.718625,45.701258],[13.718613,45.701165],[13.718638,45.701108],[13.718683,45.701108],[13.718688,45.701142],[13.718714,45.701158],[13.718774,45.701125],[13.719012,45.701078],[13.719104,45.700976],[13.719166,45.70095],[13.719305,45.700931],[13.719665,45.700947],[13.719746,45.700987],[13.719814,45.701092],[13.719934,45.701112],[13.719967,45.701169],[13.720001,45.70118],[13.720015,45.701157],[13.719981,45.701091],[13.7201,45.701102],[13.720161,45.700908],[13.720212,45.700918],[13.720182,45.701055],[13.720278,45.701093],[13.720444,45.701111],[13.720484,45.701097],[13.720506,45.701065],[13.720542,45.701065],[13.720576,45.701043],[13.720898,45.701028],[13.721004,45.701044],[13.721296,45.700985],[13.721387,45.701025],[13.721831,45.700916],[13.722007,45.700846],[13.72205,45.700782],[13.722274,45.700747],[13.722437,45.700704],[13.722474,45.700735],[13.722509,45.70074],[13.722557,45.700713],[13.722501,45.700641],[13.722565,45.700605],[13.722569,45.700573],[13.72265,45.700532],[13.722684,45.700554],[13.722705,45.700548],[13.723015,45.700359],[13.722941,45.700292],[13.722907,45.700289],[13.722585,45.700449],[13.722583,45.700481],[13.722563,45.700488],[13.72253,45.700456],[13.72275,45.700337],[13.722736,45.700316],[13.722697,45.700313],[13.722666,45.700283],[13.722721,45.70025],[13.722779,45.700322],[13.722932,45.700251],[13.723056,45.700354],[13.723091,45.700356],[13.723264,45.700261],[13.723265,45.700232],[13.72329,45.700216],[13.723334,45.700222],[13.723528,45.700118],[13.723534,45.700088],[13.723585,45.700061],[13.723644,45.700055],[13.723694,45.700102],[13.72373,45.700106],[13.724608,45.699675],[13.724965,45.69954],[13.724976,45.699516],[13.724941,45.699462],[13.725398,45.699295],[13.72543,45.699248],[13.725503,45.699205],[13.727784,45.698401],[13.729342,45.697792],[13.731462,45.696825],[13.731814,45.696727],[13.732292,45.696632],[13.73301,45.696406],[13.733413,45.69621],[13.73505,45.695171],[13.737102,45.693662],[13.7371,45.693635],[13.736945,45.693548],[13.736896,45.693497],[13.73669,45.69348],[13.736639,45.693372],[13.736636,45.693294],[13.736659,45.693228],[13.736761,45.693139],[13.736952,45.69307],[13.737112,45.693067],[13.737206,45.693088],[13.737568,45.693281],[13.737602,45.693279],[13.737777,45.693148],[13.737784,45.693135],[13.737751,45.693101],[13.738012,45.692906],[13.738018,45.692882],[13.738108,45.692816],[13.738141,45.69281],[13.73837,45.69264],[13.738376,45.692616],[13.738464,45.692552],[13.738495,45.692546],[13.738806,45.692315],[13.738811,45.692292],[13.738894,45.692229],[13.738926,45.692224],[13.739142,45.692051],[13.739147,45.692029],[13.739268,45.691953],[13.739619,45.691683],[13.739626,45.69166],[13.740621,45.690882],[13.740628,45.690859],[13.740717,45.690786],[13.74075,45.69078],[13.740933,45.690633],[13.740931,45.690608],[13.740863,45.690565],[13.740884,45.690547],[13.740956,45.690588],[13.741063,45.690603],[13.742023,45.689851],[13.74204,45.689774],[13.742068,45.689742],[13.742147,45.689705],[13.742223,45.689699],[13.742326,45.689617],[13.74233,45.689559],[13.742357,45.689524],[13.742425,45.68948],[13.742519,45.68947],[13.743886,45.688506],[13.743917,45.688466],[13.743829,45.68839],[13.744036,45.68825],[13.744119,45.688308],[13.744155,45.688308],[13.744465,45.688093],[13.744453,45.688058],[13.744485,45.688032],[13.744541,45.68804],[13.745432,45.687428],[13.745434,45.687403],[13.745389,45.68737],[13.745397,45.687351],[13.745421,45.687347],[13.745485,45.687384],[13.745503,45.687379],[13.746013,45.687025],[13.746019,45.687006],[13.745914,45.686812],[13.746229,45.686694],[13.746166,45.686489],[13.746187,45.686306],[13.746302,45.68613],[13.748344,45.6847],[13.748767,45.684329],[13.750584,45.682589],[13.750578,45.682564],[13.750221,45.682381],[13.750165,45.682396],[13.749959,45.682297],[13.749755,45.682495],[13.74971,45.682474],[13.750647,45.681516],[13.750853,45.681605],[13.750888,45.6816],[13.751643,45.680819],[13.752311,45.680804],[13.752333,45.68077],[13.752286,45.680719],[13.752342,45.680654],[13.752419,45.680607],[13.752504,45.680585],[13.752788,45.680263],[13.75278,45.680238],[13.752695,45.680212],[13.752639,45.680284],[13.752635,45.680348],[13.752602,45.680355],[13.75256,45.680321],[13.752645,45.680165],[13.753283,45.679375],[13.753408,45.679384],[13.753432,45.679332],[13.753403,45.679309],[13.753427,45.679248],[13.7536,45.67926],[13.753641,45.679146],[13.753677,45.679113],[13.753654,45.679094],[13.753589,45.679087],[13.753593,45.679067],[13.753742,45.679076],[13.75377,45.679061],[13.753803,45.678918],[13.75378,45.678897],[13.753724,45.678889],[13.753834,45.678601],[13.753823,45.678581],[13.753722,45.678578],[13.753931,45.678113],[13.75355,45.677967],[13.753239,45.678382],[13.753209,45.678411],[13.753164,45.678404],[13.753164,45.678371],[13.753482,45.677918],[13.753295,45.677654],[13.753301,45.677621],[13.753283,45.677592],[13.753246,45.677586],[13.753169,45.677621],[13.753131,45.677597],[13.753105,45.677532],[13.753027,45.677463],[13.752978,45.677451],[13.752918,45.677392],[13.752917,45.67736],[13.752792,45.677193],[13.752792,45.67701],[13.752823,45.676951],[13.752772,45.676933],[13.75268,45.676993],[13.752654,45.676966],[13.75227,45.676756],[13.752182,45.676643],[13.752165,45.676584],[13.752248,45.676452],[13.752311,45.676127],[13.752396,45.675831],[13.75298,45.675195],[13.753024,45.675166],[13.756075,45.675993],[13.756105,45.675986],[13.756123,45.675836],[13.756107,45.675816],[13.753146,45.67503],[13.753247,45.674757],[13.753787,45.674099],[13.753932,45.673967],[13.754233,45.67377],[13.754339,45.673757],[13.754638,45.673807],[13.755442,45.673998],[13.755731,45.673846],[13.756014,45.673743],[13.756236,45.673344],[13.756225,45.673299],[13.756353,45.673084],[13.756364,45.673033],[13.756391,45.673018],[13.75652,45.672793],[13.756559,45.672599],[13.756539,45.672579],[13.756254,45.672537],[13.756253,45.672522],[13.756542,45.672559],[13.756572,45.672545],[13.756621,45.672411],[13.756667,45.672079],[13.756648,45.672059],[13.756595,45.67205],[13.756645,45.672053],[13.756673,45.672036],[13.756691,45.671901],[13.756678,45.671855],[13.756765,45.671715],[13.756828,45.671708],[13.758596,45.668555],[13.758865,45.667036],[13.758808,45.666541],[13.758837,45.666404],[13.758893,45.666286],[13.758969,45.666306],[13.758977,45.666349],[13.759306,45.666442],[13.759359,45.66641],[13.760357,45.666675],[13.76039,45.666665],[13.760615,45.666275],[13.762113,45.666686],[13.762029,45.666797],[13.762408,45.666942],[13.762337,45.667033],[13.762391,45.667073],[13.762433,45.667138],[13.762513,45.667167],[13.762587,45.667084],[13.762524,45.667041],[13.763235,45.666217],[13.763258,45.666226],[13.763286,45.666218],[13.763482,45.665996],[13.763644,45.665881],[13.763787,45.665827],[13.763907,45.6658],[13.765086,45.665642],[13.765546,45.665554],[13.765834,45.665469],[13.766353,45.665278],[13.766525,45.665487],[13.766495,45.665552],[13.766507,45.665574],[13.766589,45.665585],[13.766603,45.665608],[13.766721,45.665646],[13.766758,45.665641],[13.766823,45.66568],[13.766983,45.665666],[13.767188,45.665491],[13.767262,45.665452],[13.767522,45.665419],[13.767509,45.665333],[13.767528,45.665303],[13.767523,45.665219],[13.768091,45.664905],[13.76853,45.665104],[13.768544,45.665175],[13.768369,45.665226],[13.768326,45.665275],[13.768177,45.665319],[13.768161,45.665339],[13.768187,45.665354],[13.768396,45.665353],[13.768615,45.665286],[13.768739,45.665462],[13.768877,45.665745],[13.768881,45.665848],[13.768842,45.66591],[13.76853,45.666211],[13.76807,45.6668],[13.767755,45.666863],[13.766606,45.666514],[13.766452,45.666493],[13.766169,45.667241],[13.765632,45.667998],[13.765362,45.668502],[13.765198,45.668437],[13.765161,45.668442],[13.76499,45.668631],[13.764614,45.668845],[13.764562,45.668837],[13.76393,45.669236],[13.764228,45.669516],[13.764294,45.669543],[13.76462,45.669854],[13.764994,45.670002],[13.764871,45.670163],[13.764947,45.67022],[13.765023,45.670194],[13.765105,45.6703],[13.764782,45.670435],[13.764913,45.670606],[13.764672,45.67072],[13.764699,45.670764],[13.764689,45.670797],[13.76478,45.670905],[13.764818,45.670915],[13.764812,45.670949],[13.764647,45.67104],[13.764643,45.671118],[13.764539,45.671212],[13.764571,45.671232],[13.764541,45.671277],[13.764542,45.671344],[13.764693,45.671764],[13.764695,45.671839],[13.764907,45.672001],[13.764949,45.672003],[13.765051,45.67209],[13.765065,45.672162],[13.765087,45.672177],[13.766551,45.672307],[13.766788,45.672376],[13.767301,45.672402],[13.767492,45.67258],[13.767478,45.672621],[13.767756,45.672831],[13.767724,45.672857],[13.767722,45.672882],[13.767972,45.673075],[13.767942,45.673105],[13.767949,45.673119],[13.768196,45.673307],[13.768138,45.673356],[13.768359,45.673533],[13.768311,45.673576],[13.768342,45.673606],[13.76834,45.673636],[13.768982,45.674039],[13.769019,45.674037],[13.769171,45.673912],[13.768842,45.673693],[13.768905,45.673644],[13.769461,45.674004],[13.769969,45.674305],[13.770377,45.674507],[13.7706,45.674272],[13.770157,45.674033],[13.770189,45.673999],[13.770509,45.674159],[13.770756,45.673946],[13.770821,45.674059],[13.770888,45.674083],[13.770954,45.674079],[13.770976,45.674129],[13.771182,45.674309],[13.771224,45.674325],[13.771714,45.67493],[13.772001,45.67514],[13.772027,45.675349],[13.772084,45.675511],[13.772116,45.675713],[13.772211,45.675951],[13.772207,45.676049],[13.772336,45.676335],[13.772616,45.676702],[13.77279,45.67701],[13.77286,45.677254],[13.773069,45.677498],[13.773137,45.677531],[13.773497,45.677837],[13.773525,45.67783],[13.774029,45.677346],[13.774517,45.67713],[13.774791,45.677079],[13.774899,45.677015],[13.774946,45.677031],[13.775316,45.676982],[13.775461,45.676934],[13.776127,45.676861],[13.776389,45.676865],[13.776408,45.67685],[13.77644,45.676643],[13.776411,45.676544],[13.775165,45.675638],[13.775011,45.675534],[13.774851,45.675473],[13.774764,45.675415],[13.774665,45.675344],[13.774537,45.675207],[13.774615,45.675017],[13.774733,45.674902],[13.774745,45.674796],[13.774728,45.674623],[13.774762,45.67462],[13.774783,45.674786],[13.774776,45.674981],[13.774728,45.674996],[13.77467,45.675053],[13.774609,45.675183],[13.774681,45.675292],[13.774874,45.675429],[13.775122,45.675545],[13.776461,45.676517],[13.776501,45.676666],[13.776476,45.676862],[13.776515,45.677083],[13.776613,45.677264],[13.776735,45.677407],[13.77673,45.677433],[13.776757,45.67747],[13.777022,45.677713],[13.777167,45.677888],[13.777225,45.678019],[13.777146,45.678331],[13.777166,45.678447],[13.77721,45.67851],[13.777278,45.678545],[13.777389,45.678571],[13.77758,45.678588],[13.778486,45.678779],[13.779266,45.678844],[13.781207,45.679204],[13.781583,45.679256],[13.781643,45.679285],[13.781622,45.679346],[13.781495,45.67945],[13.781216,45.679592],[13.781138,45.679663],[13.781064,45.679794],[13.781052,45.679852],[13.781093,45.679969],[13.777206,45.682037],[13.777129,45.682046],[13.777012,45.681957],[13.776916,45.682008],[13.77692,45.682072],[13.776737,45.682096],[13.776711,45.682254],[13.776249,45.682418],[13.775981,45.68261],[13.77598,45.682652],[13.776167,45.682852],[13.776117,45.682887],[13.775929,45.682955],[13.775636,45.683099],[13.775399,45.683196],[13.774381,45.683529],[13.77293,45.68434],[13.772302,45.684625],[13.772173,45.684783],[13.771711,45.684961],[13.771339,45.68513],[13.770631,45.685416],[13.769941,45.685561],[13.769248,45.685783],[13.768381,45.686024],[13.767886,45.686191],[13.767851,45.686242],[13.767299,45.686488],[13.767149,45.686625],[13.767042,45.686673],[13.76524,45.684112],[13.765353,45.684089],[13.765737,45.683902],[13.765858,45.68382],[13.766412,45.683571],[13.766721,45.683408],[13.767007,45.683112],[13.767317,45.682847],[13.767476,45.68273],[13.768535,45.682067],[13.768997,45.681727],[13.768999,45.681704],[13.768903,45.68163],[13.768619,45.681612],[13.768412,45.681582],[13.768261,45.681516],[13.767719,45.681048],[13.767627,45.681006],[13.76745,45.680866],[13.76716,45.680723],[13.766778,45.680503],[13.766493,45.680431],[13.766394,45.680388],[13.766322,45.680285],[13.766153,45.680152],[13.766161,45.680118],[13.765989,45.679991],[13.765887,45.679798],[13.765715,45.679632],[13.765623,45.679593],[13.765591,45.679596],[13.765441,45.679715],[13.765352,45.679731],[13.765235,45.679815],[13.765154,45.679853],[13.765161,45.679874],[13.765275,45.679948],[13.764919,45.680068],[13.764873,45.680059],[13.764599,45.680172],[13.764403,45.680286],[13.764396,45.680309],[13.764421,45.680348],[13.764262,45.680429],[13.764174,45.680498],[13.764115,45.680463],[13.764096,45.680466],[13.764038,45.680502],[13.763775,45.680584],[13.763621,45.680437],[13.763589,45.680432],[13.763227,45.680558],[13.762979,45.680679],[13.762841,45.680676],[13.762673,45.680696],[13.762648,45.680722],[13.762457,45.680757],[13.76242,45.68074],[13.762204,45.680775],[13.762118,45.680662],[13.761923,45.680516],[13.761999,45.680479],[13.762009,45.680458],[13.761933,45.680303],[13.761907,45.68007],[13.761883,45.680053],[13.761797,45.680049],[13.761837,45.679919],[13.761716,45.67988],[13.761485,45.679855],[13.76128,45.679856],[13.761278,45.679882],[13.761341,45.67993],[13.761174,45.680012],[13.761082,45.680039],[13.761036,45.680269],[13.761058,45.680301],[13.761127,45.680638],[13.761156,45.680654],[13.761177,45.68075],[13.76128,45.680894],[13.761254,45.681129],[13.761704,45.681329],[13.761912,45.68145],[13.762057,45.681503],[13.762432,45.681308],[13.762597,45.68124],[13.762732,45.68137],[13.762249,45.681609],[13.762493,45.68182],[13.762096,45.681995],[13.762087,45.682019],[13.762295,45.682242],[13.762325,45.682231],[13.762379,45.682136],[13.762402,45.682144],[13.762277,45.682327],[13.762172,45.682376],[13.761948,45.682414],[13.761661,45.682519],[13.761544,45.682517],[13.761041,45.682567],[13.760913,45.68264],[13.760997,45.682755],[13.759952,45.683208],[13.759941,45.683237],[13.759698,45.683408],[13.759672,45.683399],[13.759646,45.68341],[13.759543,45.683592],[13.75818,45.684065],[13.758022,45.683854],[13.757542,45.683952],[13.75754,45.683973],[13.757668,45.684116],[13.75779,45.684316],[13.757735,45.684337],[13.757723,45.68436],[13.757952,45.684762],[13.757269,45.684955],[13.75693,45.685231],[13.756934,45.685257],[13.7571,45.685265],[13.757166,45.68531],[13.757237,45.685326],[13.757618,45.685351],[13.757873,45.685455],[13.757945,45.685451],[13.757976,45.685427],[13.758309,45.685387],[13.758767,45.685194],[13.75886,45.685318],[13.758487,45.685548],[13.758022,45.685881],[13.757845,45.68596],[13.757532,45.686176],[13.757109,45.686697],[13.756954,45.686828],[13.75691,45.686834],[13.756762,45.686972],[13.756695,45.687058],[13.756689,45.687109],[13.756849,45.687328],[13.756684,45.687412],[13.756478,45.687488],[13.756351,45.687598],[13.756341,45.687671],[13.756149,45.687688],[13.756068,45.687734],[13.755833,45.687826],[13.755792,45.687779],[13.755507,45.687622],[13.755293,45.687681],[13.7552,45.68769],[13.754961,45.687667],[13.754892,45.687701],[13.754834,45.687661],[13.754604,45.687574],[13.754467,45.687659],[13.754393,45.687611],[13.75436,45.687609],[13.754145,45.687724],[13.754003,45.687835],[13.75384,45.687744],[13.753866,45.687713],[13.753828,45.687681],[13.753959,45.687534],[13.753889,45.687505],[13.753443,45.687904],[13.753407,45.687997],[13.753289,45.688064],[13.753154,45.688177],[13.753014,45.68826],[13.752956,45.688209],[13.752761,45.688263],[13.752703,45.688219],[13.75268,45.688223],[13.75267,45.688246],[13.752696,45.688299],[13.752775,45.688382],[13.752472,45.688492],[13.752408,45.688431],[13.752372,45.688426],[13.752172,45.68852],[13.751795,45.688731],[13.75179,45.688757],[13.751827,45.688799],[13.751729,45.688829],[13.751494,45.688941],[13.751486,45.688965],[13.751512,45.689007],[13.750995,45.689322],[13.750897,45.689371],[13.750862,45.689368],[13.750683,45.689424],[13.750596,45.689474],[13.750458,45.689606],[13.750469,45.689773],[13.7505,45.689894],[13.750484,45.689952],[13.750339,45.690143],[13.750014,45.690172],[13.749887,45.690248],[13.749766,45.690297],[13.749652,45.690392],[13.74958,45.690528],[13.74918,45.690649],[13.748654,45.690942],[13.748532,45.691081],[13.748406,45.69114],[13.748318,45.691213],[13.748169,45.691298],[13.748014,45.691281],[13.747899,45.691316],[13.74783,45.691297],[13.747239,45.691513],[13.747066,45.691561],[13.746901,45.691633],[13.746592,45.691294],[13.746415,45.691008],[13.746385,45.691009],[13.746124,45.691152],[13.745939,45.690988],[13.745764,45.691065],[13.745358,45.691279],[13.74486,45.69158],[13.744641,45.691802],[13.744506,45.692036],[13.744352,45.692359],[13.744305,45.692614],[13.744329,45.693071],[13.744277,45.693319],[13.743793,45.694062],[13.743552,45.694377],[13.74356,45.694399],[13.74406,45.694672],[13.743895,45.694868],[13.74378,45.695175],[13.744244,45.695419],[13.743751,45.695902],[13.743384,45.695666],[13.742852,45.696155],[13.742122,45.696544],[13.741828,45.696263],[13.7418,45.696256],[13.741627,45.6964],[13.741218,45.696657],[13.741156,45.696622],[13.741121,45.696622],[13.740838,45.696793],[13.740653,45.696598],[13.740399,45.696701],[13.740355,45.696674],[13.740258,45.696706],[13.740071,45.696585],[13.740005,45.696566],[13.739942,45.696526],[13.739677,45.696657],[13.739311,45.696441],[13.738908,45.696686],[13.738893,45.696639],[13.738517,45.696282],[13.738212,45.696079],[13.738119,45.695977],[13.738124,45.695942],[13.73806,45.695903],[13.738021,45.695832],[13.737835,45.695742],[13.737803,45.695744],[13.737598,45.695869],[13.737537,45.695863],[13.737183,45.696105],[13.736506,45.696529],[13.736332,45.696398],[13.736296,45.696396],[13.735934,45.696605],[13.735905,45.69661],[13.735547,45.696832],[13.735509,45.696807],[13.735487,45.696811],[13.735182,45.697005],[13.734935,45.697117],[13.734566,45.697248],[13.734486,45.697204],[13.732703,45.69762],[13.731782,45.697899],[13.731333,45.698056],[13.731276,45.698052],[13.731076,45.698123],[13.731061,45.698133],[13.731071,45.698169],[13.728095,45.699472],[13.726567,45.700239],[13.724685,45.701288],[13.724683,45.701336],[13.724407,45.701471],[13.724331,45.701476],[13.723631,45.701837],[13.723626,45.701863],[13.723667,45.701903],[13.723416,45.702034],[13.723374,45.702],[13.723331,45.701996],[13.723278,45.70195],[13.723519,45.701803],[13.723522,45.701778],[13.723478,45.70175],[13.723428,45.70177],[13.723052,45.702062],[13.72305,45.702085],[13.723109,45.70214],[13.722642,45.702383],[13.722471,45.702548],[13.722423,45.702623],[13.722352,45.70262],[13.722321,45.702693],[13.721732,45.703095],[13.721915,45.703231],[13.722281,45.703225],[13.722368,45.703238],[13.722672,45.703427],[13.723004,45.703718],[13.723016,45.70375],[13.72289,45.703862],[13.722858,45.703921],[13.722908,45.703953],[13.722933,45.704002],[13.722935,45.704152],[13.722895,45.70423],[13.722917,45.704293],[13.722808,45.704342],[13.722683,45.704442],[13.722829,45.704567],[13.722764,45.704646],[13.72277,45.704669],[13.722933,45.704767],[13.723056,45.704794],[13.723264,45.705032],[13.723132,45.705085],[13.72299,45.705207],[13.722874,45.705278],[13.722819,45.705234],[13.722745,45.705261],[13.72254,45.705426],[13.722489,45.705392],[13.722402,45.705429],[13.722288,45.705349],[13.722251,45.705349],[13.722183,45.705404],[13.722208,45.705449],[13.721933,45.705625],[13.721835,45.705662],[13.721602,45.705882],[13.721366,45.70607],[13.720856,45.706433],[13.720781,45.706548],[13.720761,45.706619],[13.720665,45.706576],[13.720499,45.706445],[13.720317,45.706469],[13.720195,45.70645],[13.720004,45.706787],[13.719914,45.706762],[13.719811,45.706678],[13.719541,45.706538],[13.719314,45.706464],[13.719233,45.706476],[13.719108,45.706544],[13.719101,45.706566],[13.719332,45.70703],[13.719096,45.707196],[13.718731,45.707365],[13.718873,45.707507],[13.719089,45.707615],[13.719343,45.707789],[13.719394,45.707801],[13.719544,45.707947],[13.719435,45.708046],[13.719322,45.708192],[13.71922,45.708175],[13.719192,45.708183],[13.719197,45.708355],[13.719085,45.70847],[13.719248,45.708561],[13.719422,45.708691],[13.719249,45.708808],[13.718783,45.709059],[13.718747,45.709092],[13.718765,45.709115],[13.718483,45.709281],[13.718495,45.709308],[13.718618,45.709341],[13.718592,45.709381],[13.718492,45.709399],[13.718437,45.709384],[13.718416,45.709401],[13.718407,45.709543],[13.718509,45.709662],[13.71848,45.709697],[13.718553,45.709825],[13.718408,45.710078],[13.71853,45.710182],[13.718181,45.71011],[13.718047,45.710043],[13.71769,45.710003],[13.717396,45.709903],[13.717343,45.709958],[13.717261,45.709992],[13.717146,45.709986],[13.716958,45.709999],[13.716906,45.710025],[13.716856,45.710021],[13.71648,45.710222],[13.716114,45.710378],[13.716106,45.710487],[13.716202,45.710574],[13.716295,45.710635],[13.716432,45.710604],[13.716452,45.710636],[13.716412,45.710618],[13.716288,45.710649],[13.716058,45.710745],[13.716009,45.710783],[13.716107,45.710901],[13.715926,45.711011],[13.715921,45.711035],[13.715958,45.711077],[13.715774,45.711204],[13.715869,45.711355],[13.716001,45.711483],[13.715644,45.711679],[13.715657,45.711699],[13.715923,45.711794],[13.715695,45.711918],[13.715666,45.711956],[13.71572,45.71199],[13.715765,45.712064],[13.715792,45.712079],[13.715821,45.712158],[13.715872,45.712168],[13.715919,45.71214],[13.716095,45.712294],[13.7162,45.712363],[13.716133,45.712429],[13.716288,45.712544],[13.716158,45.712578],[13.715735,45.712779],[13.715689,45.712772],[13.715629,45.712784],[13.715474,45.712853],[13.715466,45.712902],[13.715329,45.712973],[13.714953,45.71312],[13.714941,45.713141],[13.715005,45.713184],[13.714766,45.713301],[13.714499,45.713488],[13.714248,45.713611],[13.713843,45.713746],[13.713637,45.713787],[13.713472,45.713804],[13.713291,45.713918],[13.7132,45.714008],[13.712945,45.714089],[13.712845,45.714209],[13.712697,45.714296],[13.712479,45.7144],[13.712248,45.714468],[13.712149,45.714512],[13.712136,45.714536],[13.711984,45.714606],[13.711893,45.714667],[13.711837,45.71468],[13.711766,45.714617],[13.711729,45.714615],[13.711657,45.714661],[13.711674,45.714739],[13.711277,45.714897],[13.711232,45.714857],[13.711195,45.714854],[13.711023,45.714961],[13.711015,45.714989],[13.710826,45.715034],[13.710606,45.715139],[13.710342,45.715235],[13.710293,45.715278],[13.70977,45.715348],[13.709463,45.715501],[13.70939,45.715456],[13.709325,45.715506],[13.709301,45.715577],[13.709223,45.715616],[13.709045,45.715646],[13.708822,45.715715],[13.708729,45.715825],[13.708649,45.715885],[13.708367,45.716035],[13.708304,45.716121],[13.708263,45.716254],[13.708194,45.716361],[13.708147,45.716369],[13.708088,45.716454],[13.708097,45.716509],[13.707938,45.716682],[13.708023,45.716754],[13.707974,45.716799],[13.70795,45.716852],[13.707831,45.716928],[13.707821,45.717011],[13.707775,45.717063],[13.707755,45.717119],[13.707358,45.717432],[13.707271,45.717479],[13.707095,45.717514],[13.706969,45.717587],[13.706923,45.717644],[13.7068,45.717732],[13.706342,45.718035],[13.705281,45.718595],[13.704963,45.718818],[13.70442,45.719159],[13.704117,45.71943],[13.703917,45.71969],[13.703652,45.719878],[13.703353,45.720054],[13.70327,45.72006],[13.703113,45.720132],[13.702908,45.720255],[13.702743,45.720316],[13.70256,45.72043],[13.702502,45.720485],[13.70239,45.720654],[13.7018,45.721164],[13.701731,45.721247],[13.701529,45.721375],[13.70134,45.721584],[13.701006,45.721804],[13.700954,45.721855],[13.700394,45.722055],[13.700054,45.722114],[13.699758,45.72221],[13.699529,45.722264],[13.698801,45.722478],[13.698767,45.722434],[13.698787,45.722378],[13.698763,45.722342],[13.698819,45.72231],[13.69879,45.722251],[13.698802,45.72222],[13.698449,45.721845],[13.69841,45.721842],[13.698338,45.721793],[13.698299,45.721794],[13.697925,45.722038],[13.697459,45.722438],[13.696988,45.722931],[13.696644,45.723405],[13.696355,45.72375],[13.696297,45.723832],[13.696302,45.723857],[13.696134,45.724034],[13.694936,45.725617],[13.694699,45.725874],[13.694481,45.726071],[13.694484,45.726096],[13.694519,45.726121],[13.694193,45.726388],[13.694065,45.726517],[13.694066,45.726543],[13.693911,45.726676],[13.693836,45.726714],[13.693575,45.726956],[13.693334,45.727144],[13.693213,45.727258],[13.693233,45.727305],[13.693083,45.727443],[13.693036,45.727425],[13.692845,45.727601],[13.692768,45.7276],[13.692569,45.727817],[13.692453,45.727776],[13.692206,45.727799],[13.691826,45.728106],[13.691836,45.72814],[13.69142,45.728454],[13.691382,45.728515],[13.691204,45.728638],[13.691197,45.728653],[13.691227,45.728677],[13.691214,45.728692],[13.691041,45.728797],[13.690695,45.729092],[13.690501,45.729209],[13.690498,45.729239],[13.689915,45.729732],[13.689384,45.730116],[13.688907,45.730437],[13.688905,45.730462],[13.688968,45.730523],[13.688082,45.73126],[13.687626,45.731601],[13.687535,45.731696],[13.687504,45.731703],[13.687132,45.731977],[13.687104,45.732126],[13.68714,45.732157],[13.687291,45.73211],[13.687347,45.732072],[13.687561,45.73214],[13.688027,45.731913],[13.688276,45.731739],[13.688286,45.731718],[13.68843,45.731669],[13.68879,45.731508],[13.688973,45.731616],[13.689063,45.731695],[13.689099,45.731702],[13.68918,45.731793],[13.689046,45.731857],[13.688921,45.731865],[13.688783,45.731904],[13.688152,45.73212],[13.688045,45.732223],[13.687934,45.732277],[13.687878,45.732258],[13.687559,45.732405],[13.68746,45.732491],[13.686569,45.733002],[13.686436,45.733106],[13.686301,45.733247],[13.686056,45.733561],[13.686037,45.733654],[13.685251,45.733923],[13.684723,45.734162],[13.684598,45.734237],[13.684186,45.734596],[13.683931,45.734775],[13.683018,45.735396],[13.68201,45.736036],[13.681743,45.736363],[13.680889,45.737052],[13.680844,45.737069],[13.680853,45.737103],[13.680237,45.737446],[13.679185,45.738106],[13.67885,45.738391],[13.67836,45.738971],[13.67779,45.739437],[13.677451,45.739653],[13.677098,45.739986],[13.676728,45.74027],[13.676367,45.74058],[13.676024,45.74081],[13.67539,45.741276],[13.675047,45.741565],[13.674813,45.741719],[13.673791,45.742194],[13.673292,45.742383],[13.672593,45.742622],[13.672835,45.742197],[13.673065,45.741986],[13.673186,45.741848],[13.673181,45.741825],[13.673149,45.741824],[13.672644,45.742094],[13.671041,45.742764],[13.670912,45.742771],[13.670889,45.742753],[13.670843,45.742764],[13.67084,45.7428],[13.67065,45.742924],[13.669922,45.743232],[13.669353,45.742646],[13.669051,45.74238],[13.668464,45.741757],[13.6684,45.74176],[13.668278,45.741632]]]]},"properties":{"prov":"TS","comune_amm":"L424","comune_descr":"TRIESTE","fascia":"D","zona":"D3","zona_descr":"PARTE GRETTA - BARCOLA - COSTIERA","microzona":2,"semestre":"2025/2"}},{"type":"Feature","geometry":{"type":"MultiPolygon","coordinates":[[[[13.669953,45.743224],[13.670657,45.74292],[13.670849,45.742798],[13.670849,45.742761],[13.670915,45.742736],[13.670952,45.74276],[13.671066,45.742752],[13.672662,45.742086],[13.673357,45.74171],[13.673025,45.742066],[13.672849,45.742219],[13.67261,45.74263],[13.672625,45.742654],[13.673319,45.742423],[13.67383,45.742229],[13.674872,45.741744],[13.675113,45.741586],[13.675465,45.741289],[13.676103,45.740814],[13.676454,45.740578],[13.676824,45.740261],[13.677201,45.739972],[13.677563,45.73963],[13.677912,45.739409],[13.678427,45.738986],[13.678495,45.738929],[13.678995,45.738338],[13.679337,45.738047],[13.680414,45.737371],[13.68073,45.737192],[13.680738,45.737173],[13.680721,45.737156],[13.680893,45.737063],[13.680885,45.737026],[13.68171,45.736362],[13.681982,45.736035],[13.683002,45.735395],[13.683927,45.734775],[13.684186,45.734594],[13.684602,45.734236],[13.684729,45.734161],[13.685261,45.733923],[13.686054,45.733655],[13.686074,45.733565],[13.686324,45.733249],[13.686463,45.733105],[13.686596,45.733003],[13.687494,45.732494],[13.68761,45.732394],[13.687922,45.732252],[13.68795,45.732244],[13.687995,45.732257],[13.688082,45.732212],[13.688183,45.732111],[13.688809,45.731892],[13.688954,45.731851],[13.689064,45.731846],[13.689165,45.731805],[13.689173,45.73178],[13.689116,45.73172],[13.689081,45.731711],[13.68897,45.731614],[13.68879,45.731512],[13.688305,45.73171],[13.688028,45.731912],[13.687533,45.732153],[13.687325,45.73208],[13.687117,45.73217],[13.687077,45.732132],[13.687104,45.731985],[13.687526,45.731694],[13.687609,45.731609],[13.688068,45.731269],[13.688951,45.730543],[13.688952,45.73052],[13.688887,45.730458],[13.689746,45.729869],[13.690259,45.729452],[13.690485,45.72925],[13.69048,45.72922],[13.690694,45.729092],[13.691042,45.728796],[13.69121,45.728695],[13.691217,45.728674],[13.691185,45.728651],[13.691377,45.728519],[13.691419,45.728455],[13.691922,45.728085],[13.69227,45.727788],[13.692529,45.727764],[13.692607,45.7278],[13.692643,45.727796],[13.692837,45.727589],[13.692868,45.72758],[13.693041,45.727414],[13.693073,45.727432],[13.693101,45.727427],[13.693224,45.727313],[13.693204,45.727266],[13.693334,45.727144],[13.693575,45.726955],[13.693837,45.726712],[13.693912,45.726675],[13.694057,45.72655],[13.694059,45.726523],[13.694193,45.726388],[13.694506,45.726132],[13.694503,45.726106],[13.694469,45.726082],[13.694699,45.725874],[13.694938,45.725616],[13.696133,45.724035],[13.696291,45.72387],[13.696289,45.723845],[13.696355,45.72375],[13.696679,45.723371],[13.69702,45.722906],[13.697496,45.722416],[13.697967,45.72202],[13.698416,45.721737],[13.69862,45.721847],[13.69867,45.721923],[13.698947,45.7222],[13.698927,45.72223],[13.698954,45.722278],[13.69891,45.722305],[13.698938,45.722349],[13.698901,45.722397],[13.698916,45.722425],[13.698948,45.722434],[13.699529,45.722264],[13.699759,45.72221],[13.700058,45.722113],[13.700403,45.722051],[13.70095,45.721855],[13.701342,45.721581],[13.70153,45.721374],[13.701728,45.721248],[13.701801,45.721162],[13.70239,45.720653],[13.702556,45.720432],[13.702744,45.720315],[13.702912,45.720253],[13.703111,45.720133],[13.703272,45.720059],[13.703357,45.720052],[13.703652,45.719878],[13.703915,45.719691],[13.704116,45.719432],[13.704391,45.719181],[13.704963,45.718819],[13.70528,45.718595],[13.706341,45.718035],[13.7068,45.717732],[13.706922,45.717645],[13.706966,45.717588],[13.707097,45.717513],[13.707269,45.717479],[13.70736,45.717431],[13.70775,45.717125],[13.707817,45.717019],[13.707824,45.716937],[13.707894,45.716879],[13.707852,45.716848],[13.707912,45.716759],[13.707941,45.716676],[13.708094,45.716513],[13.708085,45.716456],[13.708154,45.716357],[13.708202,45.716349],[13.708262,45.716257],[13.708305,45.71612],[13.708368,45.716033],[13.708651,45.715883],[13.708729,45.715824],[13.708825,45.715712],[13.709042,45.715646],[13.709224,45.715615],[13.709297,45.715579],[13.709322,45.715508],[13.709386,45.715448],[13.709461,45.715496],[13.709762,45.715349],[13.710288,45.715279],[13.710339,45.715237],[13.710609,45.715138],[13.710821,45.715036],[13.710994,45.714994],[13.711012,45.714968],[13.711211,45.714844],[13.711263,45.714885],[13.711296,45.71489],[13.711662,45.714744],[13.711674,45.714724],[13.711653,45.71466],[13.711745,45.714605],[13.711838,45.714678],[13.711896,45.714666],[13.711983,45.714607],[13.71214,45.714534],[13.71226,45.714482],[13.712488,45.714413],[13.712685,45.714311],[13.712833,45.714226],[13.712879,45.714154],[13.712937,45.714105],[13.713188,45.714026],[13.713371,45.71387],[13.713467,45.713821],[13.713625,45.713807],[13.713835,45.713765],[13.71424,45.713632],[13.714491,45.713512],[13.714762,45.713323],[13.714998,45.713211],[13.715002,45.713183],[13.714931,45.713129],[13.71533,45.712973],[13.715465,45.712899],[13.715464,45.712858],[13.715631,45.712784],[13.715745,45.712775],[13.716159,45.712578],[13.716266,45.712545],[13.716263,45.712523],[13.716123,45.71243],[13.716191,45.712381],[13.71619,45.712355],[13.716097,45.712295],[13.715934,45.712153],[13.715895,45.712153],[13.715873,45.712171],[13.715819,45.71216],[13.715798,45.712098],[13.715721,45.711993],[13.715659,45.711957],[13.71569,45.71192],[13.715893,45.711812],[13.7159,45.71179],[13.715622,45.711686],[13.715993,45.711482],[13.715866,45.711352],[13.715803,45.711235],[13.715765,45.711205],[13.715944,45.711088],[13.715949,45.711065],[13.715912,45.71102],[13.7161,45.7109],[13.716005,45.71078],[13.716286,45.710642],[13.716103,45.710484],[13.716111,45.710377],[13.716482,45.710221],[13.716868,45.710014],[13.716906,45.710023],[13.716954,45.709999],[13.717149,45.709986],[13.717251,45.709993],[13.717318,45.709976],[13.717366,45.709928],[13.717338,45.709894],[13.717357,45.709875],[13.717652,45.709982],[13.718012,45.710029],[13.718175,45.710107],[13.718469,45.710163],[13.718474,45.710136],[13.718404,45.710077],[13.71855,45.709814],[13.718473,45.709687],[13.718498,45.70965],[13.718407,45.709546],[13.718416,45.709373],[13.718497,45.709398],[13.718594,45.709379],[13.71861,45.709357],[13.718595,45.709334],[13.718465,45.709299],[13.718498,45.709265],[13.718739,45.70913],[13.718733,45.709099],[13.718786,45.709057],[13.719252,45.708807],[13.719414,45.70869],[13.719251,45.708562],[13.719078,45.708468],[13.719193,45.708356],[13.719187,45.708171],[13.719304,45.70819],[13.719332,45.708181],[13.719437,45.708045],[13.719534,45.70796],[13.719536,45.707938],[13.719398,45.707803],[13.719345,45.707791],[13.719089,45.707615],[13.718877,45.707511],[13.718721,45.707364],[13.719098,45.707194],[13.719322,45.707039],[13.719328,45.70702],[13.719099,45.706571],[13.719015,45.706567],[13.718892,45.706501],[13.718811,45.706494],[13.718728,45.706512],[13.71861,45.706575],[13.718487,45.706578],[13.718381,45.706539],[13.718397,45.706529],[13.718474,45.706557],[13.718605,45.706558],[13.718712,45.706502],[13.718762,45.706451],[13.71906,45.70654],[13.71911,45.706539],[13.719234,45.706475],[13.71931,45.706463],[13.719539,45.706538],[13.719812,45.706678],[13.719911,45.706761],[13.719986,45.706782],[13.720018,45.706772],[13.720192,45.706446],[13.72032,45.706469],[13.720503,45.706446],[13.72067,45.706579],[13.720745,45.706608],[13.720769,45.706594],[13.720854,45.706434],[13.721366,45.70607],[13.721602,45.705881],[13.721838,45.70566],[13.721929,45.705627],[13.722064,45.705544],[13.722339,45.705347],[13.722478,45.705435],[13.722566,45.705397],[13.722621,45.705427],[13.72274,45.705328],[13.722898,45.705239],[13.722947,45.705273],[13.722968,45.705269],[13.723175,45.705108],[13.723303,45.705051],[13.723111,45.704829],[13.723066,45.704827],[13.723045,45.704801],[13.722972,45.704783],[13.722799,45.704677],[13.722871,45.704585],[13.722721,45.70446],[13.722855,45.704358],[13.722959,45.704309],[13.722939,45.704241],[13.72298,45.704169],[13.722978,45.704022],[13.722959,45.703977],[13.7229,45.703936],[13.722935,45.70388],[13.723055,45.703772],[13.723041,45.703722],[13.722948,45.703659],[13.722674,45.703407],[13.722339,45.703203],[13.721875,45.703195],[13.72187,45.70316],[13.721755,45.703075],[13.722318,45.702695],[13.722347,45.702615],[13.722418,45.702621],[13.722469,45.702549],[13.722645,45.70238],[13.72309,45.702151],[13.723095,45.702125],[13.72304,45.702071],[13.723427,45.701771],[13.723481,45.701746],[13.723535,45.701794],[13.723286,45.70195],[13.723319,45.701986],[13.723363,45.70199],[13.723396,45.702021],[13.723432,45.702025],[13.72365,45.701912],[13.723654,45.701887],[13.723613,45.701846],[13.724335,45.701474],[13.724411,45.701469],[13.724671,45.701341],[13.724675,45.701294],[13.726567,45.700239],[13.728094,45.699472],[13.731055,45.698176],[13.731065,45.698153],[13.731036,45.698102],[13.731058,45.698096],[13.731101,45.698114],[13.731282,45.698051],[13.7314,45.698065],[13.731796,45.697919],[13.732707,45.697638],[13.734509,45.697209],[13.73458,45.697243],[13.734934,45.697118],[13.73518,45.697007],[13.735506,45.696799],[13.735545,45.696825],[13.735566,45.696821],[13.736277,45.6964],[13.736452,45.69653],[13.736488,45.696531],[13.737144,45.696114],[13.737505,45.695862],[13.737567,45.69587],[13.737771,45.695742],[13.737986,45.695843],[13.73802,45.695909],[13.738099,45.695956],[13.738086,45.695991],[13.73817,45.69608],[13.738482,45.696285],[13.738869,45.696667],[13.738903,45.696667],[13.739274,45.696432],[13.73964,45.696649],[13.739925,45.696506],[13.739985,45.696521],[13.740177,45.696641],[13.740272,45.696607],[13.74033,45.696626],[13.740564,45.696529],[13.740743,45.696719],[13.741041,45.696547],[13.741098,45.696582],[13.741133,45.696582],[13.74152,45.696336],[13.741699,45.696182],[13.742008,45.696471],[13.742466,45.696235],[13.742564,45.696294],[13.742597,45.696294],[13.742856,45.696153],[13.743383,45.695659],[13.743727,45.695891],[13.743766,45.695888],[13.744236,45.69542],[13.743776,45.695176],[13.743898,45.694864],[13.744054,45.694673],[13.743544,45.69439],[13.743793,45.694062],[13.744275,45.693323],[13.744329,45.693072],[13.744305,45.692612],[13.744333,45.692428],[13.744436,45.692169],[13.744641,45.691801],[13.744859,45.691581],[13.745357,45.691279],[13.746011,45.690931],[13.746047,45.69096],[13.745985,45.690993],[13.745981,45.691018],[13.746125,45.691146],[13.746393,45.691009],[13.74646,45.691175],[13.746903,45.691627],[13.747843,45.691292],[13.7479,45.691314],[13.748012,45.69128],[13.748183,45.69129],[13.748318,45.691213],[13.748409,45.691137],[13.748533,45.691079],[13.748649,45.690945],[13.749176,45.690651],[13.749574,45.69053],[13.749649,45.690395],[13.749761,45.6903],[13.749887,45.690248],[13.750003,45.690175],[13.750336,45.690143],[13.750481,45.689956],[13.7505,45.689896],[13.750469,45.689772],[13.75046,45.689597],[13.750598,45.689473],[13.750682,45.689424],[13.750876,45.689363],[13.750912,45.689363],[13.750996,45.689322],[13.7515,45.689014],[13.75148,45.688949],[13.751746,45.68882],[13.751809,45.688807],[13.751816,45.688781],[13.751778,45.688742],[13.752107,45.688555],[13.752389,45.688419],[13.752455,45.688481],[13.752489,45.688487],[13.752753,45.688391],[13.752763,45.688364],[13.752687,45.688293],[13.752663,45.688229],[13.752704,45.688214],[13.752745,45.688252],[13.752776,45.688258],[13.752958,45.688204],[13.752993,45.688244],[13.753031,45.688249],[13.753151,45.688179],[13.753296,45.688058],[13.753328,45.688052],[13.753405,45.687998],[13.753434,45.687956],[13.753482,45.687954],[13.753945,45.687528],[13.754029,45.687559],[13.753902,45.6877],[13.753928,45.68774],[13.753902,45.68777],[13.754058,45.687856],[13.754197,45.687754],[13.754436,45.687629],[13.754529,45.68768],[13.754666,45.687596],[13.754957,45.687721],[13.75501,45.687696],[13.755251,45.687718],[13.755352,45.68771],[13.755578,45.687647],[13.755865,45.687812],[13.75591,45.687854],[13.756146,45.687763],[13.756218,45.687718],[13.756342,45.687706],[13.756362,45.687629],[13.756496,45.68751],[13.756702,45.687436],[13.756855,45.687358],[13.756862,45.687335],[13.756706,45.687125],[13.756711,45.687079],[13.75678,45.68699],[13.757108,45.686698],[13.757533,45.686175],[13.757849,45.685958],[13.758023,45.68588],[13.758487,45.685548],[13.758857,45.685313],[13.758785,45.685209],[13.758748,45.685201],[13.758315,45.685385],[13.757981,45.685427],[13.757946,45.685452],[13.757869,45.685455],[13.757609,45.68535],[13.757238,45.685326],[13.757168,45.685313],[13.757096,45.685264],[13.757011,45.685253],[13.7569,45.685268],[13.756726,45.685225],[13.756904,45.685247],[13.757266,45.684956],[13.757945,45.684759],[13.757715,45.684347],[13.757768,45.684326],[13.757781,45.684303],[13.757669,45.684117],[13.757524,45.683953],[13.75802,45.68385],[13.758164,45.68405],[13.758199,45.684059],[13.759539,45.683594],[13.759657,45.683389],[13.759714,45.683397],[13.759926,45.683247],[13.759921,45.683212],[13.760166,45.683098],[13.760198,45.683097],[13.760979,45.682762],[13.760989,45.682738],[13.760906,45.682639],[13.761044,45.682566],[13.761544,45.682517],[13.761665,45.682517],[13.761943,45.682415],[13.762174,45.682375],[13.762269,45.682332],[13.762308,45.682282],[13.762077,45.682005],[13.762482,45.681819],[13.762239,45.681608],[13.762713,45.681384],[13.762719,45.681358],[13.762612,45.681253],[13.762577,45.681248],[13.762432,45.681308],[13.762057,45.681506],[13.761914,45.681451],[13.761701,45.681328],[13.761252,45.68113],[13.76128,45.680897],[13.761177,45.680749],[13.761155,45.680662],[13.76113,45.680654],[13.761058,45.680303],[13.761035,45.680272],[13.761077,45.680062],[13.760944,45.679943],[13.760799,45.679911],[13.760795,45.679898],[13.760946,45.679934],[13.761089,45.68003],[13.761176,45.680011],[13.76132,45.679942],[13.761324,45.679914],[13.761254,45.679864],[13.761264,45.67985],[13.761485,45.679855],[13.76172,45.679881],[13.76184,45.679914],[13.761807,45.680044],[13.761905,45.680057],[13.761933,45.680301],[13.762014,45.680469],[13.761946,45.680504],[13.761942,45.680531],[13.762119,45.680663],[13.762202,45.680771],[13.762436,45.680737],[13.762475,45.680753],[13.762625,45.680726],[13.762647,45.680699],[13.762843,45.680676],[13.76299,45.680675],[13.763229,45.680557],[13.763604,45.680426],[13.763776,45.680579],[13.764033,45.680504],[13.764117,45.680455],[13.764175,45.680492],[13.764417,45.680345],[13.764384,45.680274],[13.764425,45.680274],[13.764601,45.680171],[13.764885,45.680054],[13.764932,45.680064],[13.765253,45.679952],[13.765247,45.67993],[13.765158,45.679877],[13.765002,45.679927],[13.764952,45.679929],[13.764941,45.679911],[13.764977,45.679915],[13.765135,45.679858],[13.765239,45.679812],[13.765354,45.679729],[13.765445,45.679712],[13.765603,45.679588],[13.765621,45.679546],[13.765725,45.679588],[13.765896,45.679742],[13.766,45.679945],[13.766187,45.680088],[13.766179,45.680121],[13.766331,45.680237],[13.766408,45.680342],[13.7665,45.680387],[13.766786,45.680457],[13.767134,45.680663],[13.767436,45.680811],[13.767798,45.68105],[13.768279,45.681466],[13.768413,45.681523],[13.768906,45.681573],[13.769047,45.681688],[13.768417,45.682147],[13.767613,45.682636],[13.767383,45.682795],[13.767077,45.683053],[13.766743,45.683383],[13.766341,45.683592],[13.766267,45.683644],[13.766,45.683739],[13.765835,45.683822],[13.765722,45.683901],[13.765318,45.684085],[13.7671,45.686659],[13.767125,45.686672],[13.767205,45.686636],[13.767513,45.687164],[13.767696,45.687542],[13.768323,45.688973],[13.768379,45.688994],[13.768352,45.689038],[13.769176,45.691191],[13.769186,45.691292],[13.769114,45.691374],[13.769217,45.692326],[13.76925,45.692342],[13.769989,45.69219],[13.770084,45.69234],[13.770116,45.692349],[13.770373,45.692286],[13.770465,45.69228],[13.770739,45.692208],[13.7708,45.692213],[13.771119,45.692281],[13.771233,45.692591],[13.771265,45.692604],[13.771345,45.692587],[13.771363,45.692567],[13.771329,45.692367],[13.771506,45.692443],[13.771554,45.692552],[13.771639,45.692592],[13.771918,45.692518],[13.772047,45.692539],[13.7725,45.69245],[13.772758,45.692357],[13.773167,45.692263],[13.773744,45.692218],[13.773947,45.692246],[13.774189,45.692445],[13.774291,45.692552],[13.774556,45.692904],[13.775065,45.693265],[13.77488,45.693424],[13.774885,45.69356],[13.774922,45.693729],[13.774963,45.693788],[13.775205,45.693942],[13.775503,45.694039],[13.775596,45.694093],[13.77565,45.694176],[13.775931,45.694465],[13.776179,45.694659],[13.775795,45.695054],[13.775263,45.695836],[13.775076,45.696167],[13.774958,45.696551],[13.774798,45.696928],[13.774839,45.69699],[13.774867,45.697001],[13.775228,45.696947],[13.775207,45.697089],[13.775213,45.697303],[13.77532,45.69734],[13.776061,45.697752],[13.776092,45.697784],[13.77613,45.69779],[13.776975,45.69826],[13.777067,45.698267],[13.77776,45.698641],[13.77775,45.698676],[13.777791,45.698716],[13.778058,45.698939],[13.778095,45.698953],[13.778128,45.698946],[13.77832,45.6987],[13.77878,45.69836],[13.780811,45.697138],[13.782512,45.696154],[13.782649,45.696169],[13.782788,45.696393],[13.782604,45.696501],[13.782499,45.696543],[13.782322,45.696662],[13.782057,45.696888],[13.781873,45.696996],[13.78173,45.697247],[13.781683,45.697292],[13.78167,45.697368],[13.781572,45.697493],[13.781614,45.697552],[13.781485,45.69758],[13.78094,45.698017],[13.780764,45.698015],[13.780674,45.698038],[13.780668,45.69815],[13.780515,45.698405],[13.780516,45.69857],[13.780644,45.698608],[13.780735,45.698667],[13.780786,45.698772],[13.780793,45.69887],[13.78084,45.698955],[13.780954,45.69906],[13.781122,45.699157],[13.781264,45.699313],[13.781344,45.699442],[13.781393,45.699566],[13.781394,45.699683],[13.781143,45.700105],[13.781292,45.700344],[13.781234,45.700384],[13.781467,45.700556],[13.781473,45.700601],[13.781448,45.700649],[13.781224,45.700839],[13.781115,45.700897],[13.780954,45.701025],[13.781271,45.701515],[13.781336,45.701574],[13.781524,45.701465],[13.781511,45.701397],[13.781558,45.701355],[13.781618,45.70133],[13.781675,45.701328],[13.781746,45.701381],[13.781778,45.701385],[13.781871,45.701348],[13.782178,45.701161],[13.78236,45.701071],[13.782481,45.701229],[13.782586,45.701457],[13.782666,45.701472],[13.782881,45.701444],[13.783089,45.701456],[13.783226,45.701494],[13.783315,45.701488],[13.783706,45.701345],[13.783738,45.701278],[13.783877,45.701265],[13.783914,45.701214],[13.783813,45.70113],[13.783754,45.701017],[13.783862,45.700982],[13.784158,45.700957],[13.784247,45.700928],[13.78474,45.700678],[13.785006,45.700654],[13.78513,45.70079],[13.785232,45.700818],[13.785264,45.700801],[13.785397,45.700585],[13.785627,45.700415],[13.785899,45.70025],[13.78674,45.700213],[13.786925,45.70016],[13.787524,45.699561],[13.788358,45.699015],[13.788719,45.698806],[13.788845,45.698568],[13.788962,45.69846],[13.789133,45.698359],[13.789246,45.698316],[13.789381,45.698312],[13.789172,45.698389],[13.788913,45.698578],[13.788998,45.698986],[13.78915,45.699079],[13.789602,45.699128],[13.79014,45.699227],[13.790437,45.699205],[13.790467,45.699182],[13.790294,45.698846],[13.791425,45.698729],[13.791443,45.69872],[13.791441,45.698671],[13.791888,45.698627],[13.791911,45.698608],[13.791868,45.698309],[13.792289,45.698198],[13.792436,45.698172],[13.793131,45.698128],[13.79358,45.698148],[13.794071,45.698196],[13.794115,45.698246],[13.794084,45.698407],[13.79399,45.698385],[13.79391,45.698407],[13.793785,45.698478],[13.793756,45.698521],[13.793835,45.698608],[13.79396,45.698659],[13.794042,45.698647],[13.794133,45.6986],[13.794136,45.698496],[13.794323,45.698517],[13.794166,45.69866],[13.794102,45.698829],[13.794124,45.699052],[13.794188,45.699201],[13.794218,45.699202],[13.794533,45.699073],[13.794756,45.698963],[13.79489,45.699183],[13.795052,45.699309],[13.795225,45.699362],[13.79541,45.699343],[13.795467,45.699324],[13.79554,45.699334],[13.795674,45.699308],[13.795995,45.69912],[13.796063,45.699115],[13.796071,45.699039],[13.796149,45.699028],[13.796215,45.698997],[13.796168,45.698904],[13.796593,45.698959],[13.796928,45.699874],[13.79687,45.700089],[13.796732,45.700305],[13.7967,45.700432],[13.796555,45.700645],[13.79651,45.700914],[13.796541,45.700992],[13.79701,45.701486],[13.797141,45.701575],[13.797265,45.701626],[13.797467,45.70166],[13.797603,45.701663],[13.797698,45.701617],[13.797837,45.701799],[13.797974,45.701935],[13.798166,45.701873],[13.798414,45.701749],[13.798867,45.701348],[13.798984,45.70134],[13.799115,45.701377],[13.799297,45.701331],[13.799359,45.701277],[13.79913,45.700946],[13.798975,45.700681],[13.798938,45.700522],[13.798916,45.700259],[13.798979,45.699981],[13.799295,45.699268],[13.799355,45.699078],[13.799406,45.699052],[13.799429,45.699003],[13.799488,45.698958],[13.799492,45.698891],[13.79945,45.698829],[13.799446,45.698791],[13.799284,45.698646],[13.799242,45.69863],[13.798686,45.697876],[13.798672,45.697697],[13.798695,45.697678],[13.798726,45.697501],[13.798809,45.697449],[13.798813,45.697303],[13.798982,45.697354],[13.799229,45.697508],[13.80044,45.698086],[13.801248,45.698365],[13.802435,45.698945],[13.802803,45.699088],[13.803251,45.699177],[13.803283,45.699165],[13.803281,45.699152],[13.803261,45.699122],[13.803217,45.699118],[13.803174,45.699053],[13.803914,45.699295],[13.804056,45.699322],[13.804386,45.699322],[13.804737,45.699423],[13.80475,45.699672],[13.804771,45.69969],[13.805534,45.699769],[13.805883,45.699661],[13.806393,45.699536],[13.807946,45.698642],[13.808253,45.698436],[13.808236,45.698367],[13.808265,45.698233],[13.808355,45.698119],[13.808449,45.698082],[13.808459,45.698058],[13.808386,45.69796],[13.808185,45.697804],[13.808171,45.697766],[13.808046,45.697753],[13.8082,45.697065],[13.808402,45.69671],[13.808359,45.696652],[13.80833,45.69647],[13.80844,45.696369],[13.808542,45.696327],[13.808577,45.696236],[13.808621,45.695848],[13.808503,45.695343],[13.808224,45.695137],[13.807728,45.694863],[13.807614,45.694836],[13.807397,45.694755],[13.807266,45.694667],[13.806908,45.694187],[13.806901,45.693992],[13.80688,45.693952],[13.806801,45.693923],[13.806726,45.693853],[13.806706,45.693794],[13.806829,45.693567],[13.806839,45.693345],[13.806576,45.693072],[13.806297,45.692648],[13.806347,45.692532],[13.806333,45.692345],[13.805998,45.691853],[13.805912,45.691692],[13.805046,45.691486],[13.8019,45.690783],[13.801532,45.690695],[13.801512,45.690679],[13.801107,45.690586],[13.801075,45.690591],[13.799767,45.690274],[13.798099,45.689898],[13.798065,45.689906],[13.796813,45.689649],[13.796788,45.689545],[13.798521,45.689894],[13.800286,45.690296],[13.800306,45.690316],[13.800405,45.690347],[13.802372,45.690791],[13.802637,45.690632],[13.803034,45.690461],[13.80318,45.690312],[13.803205,45.690175],[13.803113,45.690032],[13.803078,45.689854],[13.803011,45.689758],[13.80277,45.689507],[13.802698,45.689443],[13.802247,45.689282],[13.802526,45.689295],[13.80304,45.689184],[13.803638,45.689245],[13.803803,45.689234],[13.803951,45.689195],[13.804178,45.689074],[13.804437,45.688896],[13.804842,45.688658],[13.805002,45.688615],[13.805397,45.68847],[13.805671,45.688246],[13.805762,45.688193],[13.806185,45.688109],[13.80627,45.688053],[13.806343,45.687956],[13.806474,45.687833],[13.806766,45.687683],[13.806862,45.687615],[13.806979,45.687465],[13.806892,45.687362],[13.807361,45.6871],[13.807289,45.68702],[13.807057,45.686864],[13.806896,45.686597],[13.806857,45.68656],[13.806358,45.686259],[13.806233,45.68612],[13.805926,45.685521],[13.805649,45.68548],[13.80545,45.68534],[13.805288,45.685121],[13.805228,45.685109],[13.805151,45.685139],[13.80512,45.68505],[13.805121,45.684955],[13.805074,45.68491],[13.805102,45.684844],[13.805077,45.684791],[13.804959,45.684766],[13.804884,45.684461],[13.804852,45.684459],[13.804728,45.684516],[13.804403,45.684334],[13.80422,45.684256],[13.804033,45.684106],[13.804029,45.68401],[13.804008,45.683992],[13.803728,45.684096],[13.803637,45.683747],[13.803512,45.683733],[13.803408,45.683777],[13.802509,45.682824],[13.802826,45.682685],[13.802938,45.682617],[13.802457,45.682022],[13.802419,45.682017],[13.802039,45.682209],[13.801985,45.682182],[13.80121,45.681474],[13.799953,45.680279],[13.799436,45.679819],[13.799465,45.679785],[13.799378,45.679601],[13.799353,45.679589],[13.799222,45.679586],[13.799059,45.679184],[13.798876,45.679192],[13.798661,45.67889],[13.798297,45.678513],[13.798261,45.678507],[13.798103,45.678573],[13.797836,45.67823],[13.797573,45.678124],[13.797184,45.677561],[13.796589,45.677044],[13.796545,45.677048],[13.796581,45.677132],[13.797181,45.677682],[13.79734,45.677879],[13.797495,45.678165],[13.797719,45.678262],[13.797982,45.678565],[13.797382,45.67885],[13.797293,45.678919],[13.796942,45.679103],[13.796275,45.679406],[13.795927,45.679541],[13.795773,45.679623],[13.794906,45.67996],[13.793498,45.680547],[13.793166,45.680262],[13.793111,45.68023],[13.792926,45.680191],[13.79231,45.680432],[13.791914,45.680662],[13.791032,45.681048],[13.790978,45.680983],[13.790774,45.681054],[13.790458,45.680794],[13.790232,45.680902],[13.790122,45.680926],[13.789932,45.680868],[13.789836,45.680773],[13.7898,45.680767],[13.789758,45.680726],[13.789585,45.680721],[13.789212,45.680621],[13.789008,45.680691],[13.788725,45.68065],[13.788465,45.680483],[13.788048,45.680257],[13.787824,45.680083],[13.787597,45.67982],[13.786961,45.679331],[13.787153,45.678976],[13.78732,45.678929],[13.78746,45.678856],[13.787574,45.678821],[13.787589,45.678803],[13.787279,45.678523],[13.787123,45.678471],[13.787094,45.678437],[13.786751,45.678515],[13.785696,45.67904],[13.784873,45.679388],[13.784158,45.679562],[13.782932,45.679982],[13.782643,45.679755],[13.782484,45.679752],[13.782459,45.679768],[13.782497,45.679791],[13.782375,45.67979],[13.782328,45.679768],[13.782335,45.67974],[13.782288,45.67972],[13.781958,45.679338],[13.783166,45.679049],[13.783576,45.678896],[13.784586,45.678286],[13.784919,45.678122],[13.785576,45.677843],[13.786109,45.677546],[13.786629,45.677185],[13.787033,45.67685],[13.787706,45.676181],[13.787914,45.676004],[13.788805,45.675365],[13.789426,45.674881],[13.789544,45.675039],[13.7901,45.6754],[13.790735,45.67549],[13.791607,45.675664],[13.792354,45.675783],[13.792895,45.675897],[13.793424,45.675624],[13.794153,45.675181],[13.794333,45.675383],[13.795305,45.67611],[13.795497,45.676277],[13.795746,45.676322],[13.795751,45.676295],[13.795671,45.676225],[13.794246,45.675197],[13.797042,45.673571],[13.797186,45.673505],[13.797194,45.673481],[13.797089,45.673351],[13.797101,45.673264],[13.797429,45.673358],[13.797464,45.673347],[13.797564,45.673112],[13.797309,45.673047],[13.797408,45.672906],[13.797402,45.672834],[13.797374,45.672782],[13.797373,45.672605],[13.797342,45.672527],[13.797187,45.672484],[13.79699,45.672483],[13.797803,45.67201],[13.797838,45.671968],[13.797833,45.671927],[13.797772,45.671882],[13.797671,45.671883],[13.797543,45.671914],[13.797425,45.671986],[13.797296,45.67204],[13.796987,45.672133],[13.797143,45.671917],[13.797161,45.671744],[13.796972,45.671517],[13.796856,45.671423],[13.796955,45.671264],[13.797127,45.670889],[13.797157,45.670712],[13.797314,45.670432],[13.797426,45.670075],[13.797407,45.669867],[13.798516,45.669836],[13.798532,45.669981],[13.798561,45.669997],[13.798598,45.669989],[13.798591,45.669796],[13.798414,45.669669],[13.798668,45.669589],[13.799062,45.66942],[13.79944,45.669124],[13.799737,45.668836],[13.799994,45.668529],[13.800077,45.668575],[13.800215,45.66861],[13.800274,45.668611],[13.800605,45.668479],[13.800651,45.668482],[13.800685,45.668501],[13.80067,45.668692],[13.800717,45.668745],[13.800771,45.668755],[13.801064,45.668724],[13.801176,45.668757],[13.801233,45.668791],[13.801258,45.668835],[13.801325,45.668892],[13.801375,45.668894],[13.801417,45.668951],[13.801616,45.668996],[13.801798,45.669012],[13.801789,45.668981],[13.801494,45.668912],[13.801406,45.668859],[13.801682,45.668098],[13.802159,45.667583],[13.802079,45.667458],[13.8019,45.667326],[13.80165,45.667187],[13.801471,45.666878],[13.801299,45.66672],[13.801659,45.666814],[13.80175,45.666893],[13.802754,45.667599],[13.802819,45.667714],[13.802863,45.667718],[13.803099,45.667481],[13.803248,45.667274],[13.803531,45.666943],[13.803572,45.666692],[13.803619,45.666607],[13.803676,45.66606],[13.803788,45.665993],[13.803804,45.665963],[13.803888,45.666037],[13.803712,45.666064],[13.803714,45.666162],[13.803882,45.666154],[13.804153,45.666087],[13.804403,45.66598],[13.804574,45.665867],[13.804706,45.665751],[13.804827,45.665517],[13.804855,45.665389],[13.804911,45.665029],[13.804935,45.664534],[13.80627,45.664855],[13.806494,45.665073],[13.806435,45.665137],[13.806439,45.665161],[13.806475,45.665159],[13.806551,45.66511],[13.806822,45.665364],[13.807156,45.665183],[13.807271,45.665237],[13.807787,45.665556],[13.808415,45.665233],[13.810617,45.666601],[13.810791,45.666656],[13.811261,45.667164],[13.811341,45.667229],[13.811448,45.667363],[13.811606,45.667384],[13.811619,45.667412],[13.812806,45.667833],[13.812993,45.667909],[13.813074,45.667959],[13.81387,45.668185],[13.814232,45.668323],[13.814498,45.668329],[13.815008,45.668486],[13.815333,45.668663],[13.815417,45.668742],[13.815919,45.668961],[13.816283,45.66905],[13.816783,45.669198],[13.817015,45.669242],[13.817144,45.669312],[13.817568,45.669388],[13.817993,45.66955],[13.818148,45.669635],[13.818061,45.669646],[13.81738,45.669891],[13.816767,45.669967],[13.816065,45.670199],[13.815754,45.670325],[13.815355,45.670533],[13.814964,45.67078],[13.81461,45.670977],[13.813803,45.671379],[13.813808,45.671409],[13.813932,45.671454],[13.81465,45.671108],[13.815159,45.670832],[13.815552,45.670589],[13.815951,45.670384],[13.816259,45.670262],[13.816912,45.670048],[13.817575,45.669963],[13.818252,45.669723],[13.818343,45.669715],[13.819141,45.669444],[13.819257,45.669381],[13.819937,45.669123],[13.82016,45.669011],[13.820762,45.668654],[13.821031,45.668548],[13.821259,45.668416],[13.821555,45.668208],[13.822213,45.667663],[13.822409,45.667561],[13.822412,45.667534],[13.822376,45.667505],[13.822623,45.667259],[13.822744,45.667216],[13.822983,45.667074],[13.823442,45.666735],[13.823741,45.666066],[13.824912,45.664978],[13.825349,45.664718],[13.826362,45.664236],[13.826522,45.663729],[13.826378,45.663609],[13.826178,45.663587],[13.826007,45.664111],[13.825016,45.664584],[13.824584,45.664845],[13.823441,45.665921],[13.823152,45.666587],[13.8227,45.666925],[13.822459,45.66707],[13.822345,45.667112],[13.822115,45.667344],[13.822119,45.667367],[13.822158,45.667398],[13.821944,45.667511],[13.821301,45.668052],[13.821116,45.668188],[13.820788,45.66839],[13.82052,45.668499],[13.81993,45.668853],[13.819709,45.668966],[13.819037,45.669226],[13.818928,45.669286],[13.818138,45.669559],[13.817976,45.669474],[13.817566,45.669317],[13.817144,45.66924],[13.817012,45.66917],[13.816793,45.669127],[13.8163,45.668981],[13.815945,45.668894],[13.815449,45.668678],[13.815367,45.6686],[13.815046,45.668424],[13.814557,45.668273],[13.814292,45.668266],[13.813933,45.668129],[13.813132,45.667895],[13.813076,45.667852],[13.812891,45.667778],[13.811711,45.667361],[13.811687,45.667335],[13.811555,45.66732],[13.811452,45.667189],[13.810903,45.666624],[13.81073,45.666569],[13.808552,45.665234],[13.809005,45.664983],[13.809558,45.664334],[13.809898,45.664058],[13.810036,45.663845],[13.810635,45.663132],[13.811526,45.662197],[13.812716,45.661167],[13.813114,45.660717],[13.813397,45.660306],[13.814238,45.659476],[13.815625,45.657716],[13.820971,45.659917],[13.8201,45.660966],[13.820106,45.660988],[13.822007,45.66214],[13.823481,45.662745],[13.823794,45.662957],[13.82412,45.663099],[13.82429,45.663142],[13.824321,45.663134],[13.824313,45.663111],[13.824017,45.662962],[13.823766,45.662782],[13.822373,45.662201],[13.820373,45.660931],[13.821292,45.659878],[13.821283,45.659853],[13.815913,45.657562],[13.816227,45.657273],[13.816946,45.656557],[13.817187,45.656201],[13.817238,45.656035],[13.817218,45.656014],[13.816563,45.655915],[13.817751,45.654746],[13.817924,45.654554],[13.818098,45.654251],[13.818629,45.653641],[13.818977,45.653461],[13.819423,45.653167],[13.819511,45.653212],[13.819545,45.653211],[13.819776,45.653043],[13.819775,45.653017],[13.819721,45.65298],[13.820001,45.652889],[13.8203,45.652745],[13.820455,45.652748],[13.820628,45.652682],[13.820869,45.652621],[13.820892,45.652569],[13.821011,45.652612],[13.821397,45.652525],[13.821861,45.652348],[13.822136,45.65228],[13.822461,45.652257],[13.822484,45.652243],[13.822181,45.651634],[13.822124,45.651144],[13.822219,45.650959],[13.822241,45.650443],[13.822305,45.650194],[13.822419,45.649953],[13.822451,45.649767],[13.822425,45.649078],[13.822612,45.64895],[13.823396,45.648258],[13.822898,45.647925],[13.823498,45.647312],[13.824243,45.646726],[13.824604,45.646228],[13.824597,45.646165],[13.824467,45.646077],[13.825312,45.645413],[13.825307,45.645387],[13.824869,45.645149],[13.825059,45.645033],[13.825139,45.644961],[13.825591,45.644441],[13.825767,45.644294],[13.826093,45.643914],[13.826064,45.6439],[13.826015,45.643932],[13.825786,45.643909],[13.825439,45.643717],[13.825419,45.643714],[13.825378,45.64374],[13.825127,45.643632],[13.824874,45.64359],[13.82511,45.643393],[13.824916,45.643269],[13.824879,45.643273],[13.824734,45.643406],[13.824585,45.643502],[13.824537,45.643588],[13.824388,45.643737],[13.824272,45.643816],[13.82422,45.643938],[13.82402,45.64416],[13.823959,45.644262],[13.823879,45.644295],[13.823662,45.64444],[13.823481,45.644523],[13.823311,45.644705],[13.823213,45.644737],[13.823179,45.644853],[13.82298,45.645038],[13.822926,45.645261],[13.822768,45.645531],[13.822629,45.64568],[13.822356,45.645839],[13.822252,45.645871],[13.82213,45.646008],[13.821868,45.646161],[13.821764,45.646351],[13.822049,45.646797],[13.821739,45.647002],[13.821182,45.647548],[13.820992,45.647764],[13.820626,45.647557],[13.820389,45.647682],[13.820334,45.647632],[13.820375,45.647598],[13.820368,45.647586],[13.820256,45.647505],[13.819943,45.64759],[13.819524,45.647268],[13.819261,45.647414],[13.819132,45.647514],[13.818934,45.647457],[13.818822,45.64747],[13.818529,45.647662],[13.818282,45.64777],[13.818071,45.647839],[13.817774,45.647915],[13.817665,45.647925],[13.817393,45.647861],[13.817014,45.647916],[13.816753,45.648023],[13.816502,45.648161],[13.816337,45.648282],[13.816245,45.648322],[13.815725,45.648501],[13.815295,45.648604],[13.814466,45.644961],[13.814707,45.644802],[13.815027,45.644646],[13.815342,45.644565],[13.816622,45.644537],[13.817064,45.644439],[13.817593,45.645226],[13.817627,45.645235],[13.819318,45.644722],[13.820456,45.644306],[13.820465,45.644281],[13.820211,45.643994],[13.823697,45.642116],[13.823886,45.642031],[13.824168,45.641848],[13.82416,45.641818],[13.824273,45.641754],[13.824308,45.64177],[13.824604,45.641766],[13.824811,45.641739],[13.825341,45.641586],[13.826112,45.641245],[13.826963,45.640905],[13.827249,45.640823],[13.827354,45.640769],[13.827515,45.640655],[13.827516,45.640631],[13.826723,45.640031],[13.827938,45.639084],[13.828261,45.639272],[13.828543,45.639061],[13.828681,45.639144],[13.828717,45.639143],[13.830602,45.637752],[13.831038,45.637407],[13.831312,45.637071],[13.831416,45.636872],[13.831448,45.636732],[13.831453,45.636508],[13.831423,45.636422],[13.831389,45.636424],[13.831342,45.636457],[13.831292,45.636413],[13.831514,45.636277],[13.832432,45.635921],[13.832883,45.635684],[13.833873,45.635093],[13.83422,45.634838],[13.833831,45.634482],[13.833795,45.634479],[13.833665,45.63455],[13.833926,45.634394],[13.83393,45.634371],[13.833899,45.634364],[13.833539,45.634457],[13.832916,45.634676],[13.83258,45.634778],[13.831485,45.634996],[13.83099,45.635004],[13.830954,45.635026],[13.830653,45.635054],[13.830674,45.63499],[13.831116,45.634972],[13.831139,45.634954],[13.831115,45.634936],[13.830597,45.634925],[13.830385,45.632794],[13.829856,45.630521],[13.829831,45.630505],[13.829554,45.630505],[13.829517,45.630452],[13.829568,45.630442],[13.829567,45.630409],[13.829784,45.630207],[13.829883,45.630062],[13.829819,45.629939],[13.829856,45.629808],[13.829795,45.629644],[13.829807,45.629613],[13.829761,45.629608],[13.829748,45.629625],[13.829509,45.629713],[13.82911,45.629889],[13.828637,45.630021],[13.828493,45.630092],[13.828488,45.630117],[13.828602,45.630226],[13.828657,45.630311],[13.828634,45.630362],[13.828009,45.630465],[13.827635,45.630493],[13.827505,45.630433],[13.827629,45.630268],[13.827397,45.6301],[13.827346,45.630037],[13.82705,45.629896],[13.827028,45.629913],[13.827019,45.630156],[13.827003,45.630153],[13.826996,45.629996],[13.826012,45.629489],[13.825972,45.6295],[13.825867,45.629774],[13.825126,45.629676],[13.824692,45.629546],[13.824342,45.629568],[13.824242,45.629697],[13.823785,45.629587],[13.82354,45.62943],[13.824451,45.628478],[13.824212,45.628113],[13.824174,45.627959],[13.823949,45.627554],[13.823849,45.62746],[13.823501,45.627319],[13.823351,45.627197],[13.82317,45.626987],[13.823009,45.626854],[13.822753,45.62671],[13.822234,45.626295],[13.821949,45.625727],[13.821873,45.625395],[13.822664,45.625202],[13.822712,45.625234],[13.823483,45.625052],[13.823497,45.625164],[13.823524,45.625181],[13.823987,45.625154],[13.824185,45.625096],[13.824311,45.625233],[13.825055,45.625233],[13.82508,45.625212],[13.825025,45.625026],[13.825383,45.62483],[13.825709,45.624627],[13.825737,45.624621],[13.826096,45.624923],[13.826129,45.624927],[13.826299,45.624856],[13.826652,45.62474],[13.826663,45.624805],[13.826729,45.624827],[13.826863,45.624651],[13.826943,45.624633],[13.827206,45.624515],[13.827407,45.624402],[13.827486,45.624388],[13.827674,45.624618],[13.827854,45.624945],[13.828051,45.625155],[13.82821,45.625173],[13.828773,45.625083],[13.82982,45.624862],[13.83011,45.624817],[13.830871,45.624783],[13.831508,45.624721],[13.832105,45.624735],[13.832258,45.624753],[13.832878,45.62492],[13.833521,45.625061],[13.833886,45.625015],[13.834699,45.625259],[13.834832,45.625366],[13.834861,45.625371],[13.834883,45.625358],[13.835094,45.625574],[13.835221,45.625762],[13.835257,45.62577],[13.835285,45.625718],[13.835517,45.625668],[13.835627,45.625862],[13.835662,45.625872],[13.835825,45.62582],[13.835957,45.625753],[13.836357,45.625258],[13.837007,45.625543],[13.83722,45.625653],[13.837282,45.62564],[13.837345,45.625464],[13.837426,45.625414],[13.837398,45.625365],[13.83743,45.625281],[13.837393,45.625132],[13.837271,45.625101],[13.837169,45.625032],[13.837129,45.624946],[13.837149,45.624921],[13.83714,45.624885],[13.837228,45.625029],[13.837314,45.625078],[13.83752,45.625089],[13.837722,45.625188],[13.837742,45.625232],[13.837716,45.625313],[13.837866,45.625468],[13.838038,45.625757],[13.838209,45.625992],[13.838347,45.626077],[13.838354,45.626128],[13.838307,45.626182],[13.838309,45.626203],[13.83846,45.626346],[13.838523,45.626377],[13.838694,45.626527],[13.838881,45.62678],[13.838865,45.626912],[13.83905,45.627088],[13.83909,45.627238],[13.839127,45.627548],[13.839216,45.627639],[13.839419,45.627793],[13.839499,45.627913],[13.839681,45.628065],[13.839744,45.628143],[13.839981,45.628513],[13.840072,45.62888],[13.840404,45.628988],[13.840455,45.629103],[13.84069,45.629303],[13.840745,45.62938],[13.840895,45.629686],[13.840922,45.629792],[13.841012,45.629929],[13.841068,45.629984],[13.841233,45.63006],[13.841346,45.630163],[13.841415,45.630394],[13.84146,45.630661],[13.841515,45.630748],[13.841569,45.630893],[13.841539,45.630917],[13.841566,45.631157],[13.841541,45.631203],[13.841428,45.631268],[13.84137,45.631402],[13.841213,45.631564],[13.841259,45.631658],[13.841192,45.631704],[13.841126,45.631812],[13.84107,45.632018],[13.841648,45.63319],[13.841674,45.633203],[13.844559,45.631246],[13.850327,45.628769],[13.85241,45.62838],[13.856399,45.628937],[13.86085,45.627749],[13.862397,45.627703],[13.862458,45.627884],[13.862478,45.627898],[13.869131,45.628896],[13.869214,45.628887],[13.869836,45.62874],[13.870922,45.628329],[13.871254,45.62824],[13.871533,45.628039],[13.872177,45.62827],[13.875213,45.629772],[13.875387,45.629738],[13.875531,45.629657],[13.875687,45.629648],[13.87576,45.629706],[13.875763,45.629758],[13.875883,45.629874],[13.875966,45.630018],[13.876184,45.630163],[13.876254,45.630307],[13.879621,45.632016],[13.88365,45.63426],[13.890319,45.638052],[13.890662,45.638058],[13.89447,45.64018],[13.894924,45.640485],[13.898711,45.643216],[13.89813,45.643313],[13.89634,45.643688],[13.895691,45.643845],[13.895405,45.644073],[13.895303,45.644431],[13.894755,45.644867],[13.894044,45.644859],[13.893203,45.644882],[13.886737,45.648255],[13.878748,45.652511],[13.878736,45.652531],[13.878095,45.65292],[13.876816,45.653645],[13.87669,45.653714],[13.876326,45.653857],[13.875991,45.654036],[13.873581,45.655381],[13.871812,45.656334],[13.871136,45.656183],[13.870981,45.656601],[13.870848,45.657141],[13.867477,45.65918],[13.867448,45.659095],[13.867405,45.659086],[13.864698,45.660917],[13.862594,45.662287],[13.862343,45.662497],[13.862066,45.662046],[13.861768,45.661321],[13.861881,45.66065],[13.861841,45.660634],[13.861737,45.661083],[13.861703,45.661387],[13.862006,45.662187],[13.862208,45.66254],[13.8623,45.662656],[13.857875,45.665633],[13.857031,45.666785],[13.856042,45.668073],[13.855584,45.668735],[13.854898,45.669552],[13.853499,45.671516],[13.852839,45.672219],[13.852291,45.672601],[13.851888,45.672825],[13.851308,45.673304],[13.850399,45.674399],[13.849985,45.674855],[13.849395,45.67559],[13.848949,45.676112],[13.845678,45.675463],[13.845601,45.675474],[13.845614,45.675503],[13.848946,45.67616],[13.848349,45.676838],[13.847561,45.677867],[13.847109,45.678408],[13.846891,45.678645],[13.846359,45.679139],[13.84598,45.679621],[13.845925,45.679651],[13.8459,45.679709],[13.84546,45.680191],[13.845342,45.680349],[13.84494,45.680774],[13.844629,45.680982],[13.844302,45.68123],[13.844079,45.681354],[13.843063,45.681843],[13.842577,45.682104],[13.841718,45.682724],[13.840405,45.683467],[13.839821,45.683744],[13.838999,45.684241],[13.838433,45.684704],[13.838077,45.684959],[13.837568,45.685257],[13.836627,45.685742],[13.835971,45.686211],[13.835006,45.686627],[13.834412,45.686854],[13.833555,45.687097],[13.833508,45.687156],[13.833336,45.687682],[13.833303,45.688313],[13.832938,45.688949],[13.83255,45.689447],[13.832507,45.689551],[13.832151,45.689763],[13.831763,45.68986],[13.831748,45.689905],[13.831792,45.68994],[13.831794,45.689997],[13.831772,45.690038],[13.831577,45.690213],[13.831324,45.690394],[13.831036,45.690561],[13.830868,45.690681],[13.830783,45.690763],[13.830544,45.690918],[13.830392,45.691043],[13.830266,45.69109],[13.830127,45.691184],[13.83005,45.691278],[13.829976,45.691332],[13.829934,45.691332],[13.829871,45.691371],[13.829813,45.691379],[13.829613,45.691614],[13.829236,45.692339],[13.829185,45.692565],[13.829141,45.692622],[13.829127,45.692694],[13.829058,45.692833],[13.829065,45.692891],[13.829007,45.693156],[13.828895,45.69336],[13.828766,45.69342],[13.828367,45.694807],[13.828019,45.695432],[13.827901,45.695329],[13.827866,45.695325],[13.827855,45.695337],[13.827914,45.69541],[13.827943,45.695507],[13.827293,45.695625],[13.826483,45.695309],[13.826347,45.69542],[13.825809,45.695399],[13.825339,45.69541],[13.825297,45.695507],[13.825329,45.695647],[13.825238,45.695661],[13.825033,45.695946],[13.824382,45.696084],[13.824085,45.69606],[13.823571,45.696225],[13.821527,45.697041],[13.818126,45.69837],[13.818118,45.698396],[13.818226,45.698508],[13.817928,45.698636],[13.817836,45.698655],[13.817409,45.698814],[13.817328,45.698872],[13.817013,45.699001],[13.81671,45.699147],[13.816136,45.699372],[13.81583,45.699464],[13.815056,45.699745],[13.814476,45.700043],[13.814213,45.700161],[13.814066,45.700206],[13.813682,45.700382],[13.813483,45.700427],[13.813389,45.700466],[13.813217,45.700583],[13.812608,45.70083],[13.812392,45.700951],[13.81227,45.700992],[13.811417,45.701374],[13.811275,45.701385],[13.81118,45.701444],[13.811101,45.701524],[13.810924,45.70162],[13.810225,45.701885],[13.810016,45.701951],[13.809303,45.702243],[13.809286,45.702216],[13.809256,45.702214],[13.8087,45.702444],[13.80848,45.702491],[13.808268,45.702639],[13.808138,45.702706],[13.80777,45.702838],[13.807656,45.702892],[13.807547,45.702977],[13.807391,45.703024],[13.807226,45.703121],[13.806394,45.703428],[13.805806,45.703704],[13.805668,45.703721],[13.805172,45.70386],[13.805156,45.703879],[13.805216,45.704198],[13.80521,45.704441],[13.805277,45.704594],[13.805567,45.704983],[13.805602,45.705178],[13.805626,45.705216],[13.805624,45.705334],[13.805551,45.705594],[13.805368,45.70594],[13.805272,45.70603],[13.805238,45.706163],[13.805116,45.706294],[13.804937,45.706555],[13.804744,45.706709],[13.804617,45.70677],[13.804466,45.706767],[13.804211,45.706838],[13.80404,45.706942],[13.80396,45.706958],[13.803889,45.707011],[13.803729,45.707002],[13.80363,45.707017],[13.803567,45.707047],[13.803527,45.70704],[13.803177,45.707105],[13.802963,45.707123],[13.802894,45.707101],[13.802329,45.706719],[13.802203,45.706613],[13.801795,45.7062],[13.801373,45.705531],[13.801326,45.705392],[13.801053,45.704815],[13.800689,45.704472],[13.800477,45.704244],[13.800229,45.704256],[13.799941,45.704223],[13.799185,45.704186],[13.798893,45.704205],[13.798372,45.704191],[13.797922,45.704205],[13.797604,45.704195],[13.797291,45.704214],[13.796828,45.704303],[13.79676,45.704298],[13.796674,45.704381],[13.796384,45.704366],[13.796348,45.704345],[13.796245,45.704337],[13.796125,45.70438],[13.795427,45.704475],[13.795143,45.704471],[13.795035,45.7045],[13.794555,45.704564],[13.79445,45.704611],[13.794135,45.704621],[13.793581,45.704696],[13.79332,45.704684],[13.793228,45.704654],[13.793016,45.704734],[13.792613,45.704784],[13.792287,45.704885],[13.789455,45.705326],[13.789091,45.705406],[13.782378,45.706202],[13.7791,45.706312],[13.778073,45.705452],[13.777915,45.705287],[13.777222,45.704712],[13.776964,45.704518],[13.777038,45.704462],[13.777039,45.704437],[13.77641,45.703971],[13.776112,45.703792],[13.77601,45.703667],[13.775796,45.703481],[13.775753,45.703422],[13.775379,45.703312],[13.775168,45.70321],[13.77499,45.703158],[13.77466,45.702985],[13.774538,45.702949],[13.77416,45.70278],[13.774127,45.702784],[13.774121,45.702847],[13.773949,45.702926],[13.773868,45.702919],[13.773748,45.702831],[13.77373,45.702801],[13.77369,45.70279],[13.773641,45.702635],[13.773286,45.702401],[13.773158,45.702387],[13.772302,45.701761],[13.771673,45.701363],[13.771632,45.701355],[13.77138,45.701197],[13.771196,45.701114],[13.770321,45.700604],[13.769485,45.700142],[13.769048,45.699999],[13.769059,45.699968],[13.769044,45.699957],[13.766435,45.700845],[13.764455,45.701227],[13.764296,45.701168],[13.764061,45.701113],[13.763858,45.701136],[13.763851,45.701099],[13.763821,45.701084],[13.762293,45.701279],[13.762044,45.701327],[13.759968,45.701891],[13.759078,45.702253],[13.758538,45.701176],[13.758486,45.701036],[13.758453,45.701023],[13.758305,45.701057],[13.758289,45.70108],[13.758386,45.701267],[13.758826,45.702307],[13.75606,45.703399],[13.75554,45.70354],[13.752338,45.704182],[13.751978,45.704295],[13.751618,45.704448],[13.750948,45.704832],[13.75019,45.705167],[13.749795,45.705407],[13.748522,45.705919],[13.748344,45.705759],[13.748313,45.705753],[13.748287,45.705764],[13.748289,45.705785],[13.748446,45.705927],[13.748341,45.705952],[13.748095,45.705974],[13.747998,45.706003],[13.74771,45.706048],[13.7473,45.706086],[13.747032,45.706146],[13.74676,45.706269],[13.745938,45.706548],[13.74484,45.706773],[13.74447,45.706809],[13.743441,45.706958],[13.74341,45.706976],[13.743301,45.706975],[13.742689,45.707057],[13.742412,45.707077],[13.741885,45.707019],[13.741033,45.70696],[13.740658,45.706966],[13.740304,45.707012],[13.739709,45.70715],[13.739694,45.707179],[13.739473,45.707309],[13.738878,45.707747],[13.738707,45.707899],[13.738602,45.707949],[13.738016,45.708416],[13.737694,45.708602],[13.737651,45.708651],[13.737572,45.708639],[13.737123,45.70878],[13.737073,45.708828],[13.736907,45.708911],[13.736877,45.708948],[13.736788,45.708993],[13.736708,45.709079],[13.736489,45.709241],[13.736234,45.709374],[13.736153,45.709437],[13.736031,45.709446],[13.735722,45.709507],[13.7356,45.709674],[13.735608,45.70976],[13.735496,45.710058],[13.73544,45.710135],[13.735172,45.710384],[13.735127,45.710468],[13.735101,45.710623],[13.735157,45.71089],[13.735143,45.710974],[13.735087,45.711058],[13.734488,45.711444],[13.733964,45.711717],[13.733887,45.71178],[13.733771,45.711944],[13.733571,45.712114],[13.733425,45.712181],[13.733134,45.712274],[13.732768,45.712321],[13.732021,45.712335],[13.731997,45.712351],[13.732004,45.712368],[13.731941,45.712388],[13.731921,45.712506],[13.731685,45.712653],[13.731536,45.712666],[13.731416,45.71273],[13.731361,45.712731],[13.731228,45.712617],[13.731091,45.712566],[13.731048,45.712535],[13.730899,45.712536],[13.730828,45.712556],[13.730789,45.712593],[13.730538,45.712739],[13.730385,45.712865],[13.730301,45.713008],[13.730307,45.713163],[13.730381,45.713334],[13.730352,45.713476],[13.7301,45.713878],[13.730057,45.71398],[13.729928,45.714139],[13.729649,45.714281],[13.729372,45.714451],[13.729266,45.714502],[13.729167,45.714523],[13.7285,45.714869],[13.727966,45.715084],[13.727353,45.715186],[13.727117,45.715357],[13.724518,45.717462],[13.724375,45.717521],[13.724346,45.717512],[13.724267,45.717522],[13.723897,45.71774],[13.723487,45.717939],[13.72295,45.718303],[13.722057,45.719055],[13.721923,45.719189],[13.721862,45.719303],[13.721647,45.719532],[13.721493,45.719605],[13.72145,45.71961],[13.721256,45.719755],[13.720243,45.720126],[13.720205,45.720102],[13.720195,45.720042],[13.720088,45.720045],[13.72008,45.720149],[13.719957,45.72024],[13.719876,45.720278],[13.719787,45.720311],[13.719431,45.720387],[13.718988,45.72055],[13.718765,45.720701],[13.718086,45.72125],[13.717765,45.72141],[13.717593,45.721457],[13.717597,45.721479],[13.717675,45.721489],[13.71725,45.721593],[13.71709,45.721653],[13.716907,45.721729],[13.716619,45.721891],[13.716623,45.721928],[13.716398,45.722051],[13.715414,45.722772],[13.714813,45.723139],[13.713813,45.723704],[13.713611,45.72379],[13.713383,45.723855],[13.712874,45.724071],[13.712501,45.724304],[13.712348,45.724375],[13.711995,45.724467],[13.711695,45.724571],[13.71106,45.724857],[13.710314,45.725239],[13.709991,45.725382],[13.709975,45.725404],[13.709326,45.72576],[13.708211,45.726251],[13.707781,45.72648],[13.706784,45.727078],[13.706399,45.727392],[13.705785,45.727827],[13.705622,45.727915],[13.704942,45.728215],[13.704447,45.72847],[13.703887,45.728869],[13.702913,45.729331],[13.702902,45.729376],[13.701768,45.730125],[13.700769,45.730692],[13.700768,45.730726],[13.700529,45.730845],[13.700393,45.730949],[13.699922,45.731446],[13.699696,45.731614],[13.698779,45.732402],[13.69857,45.732613],[13.698494,45.732592],[13.698275,45.73269],[13.697971,45.732938],[13.697345,45.733591],[13.69637,45.734437],[13.696194,45.73457],[13.69619,45.734591],[13.696341,45.734688],[13.695966,45.734852],[13.695901,45.734888],[13.695876,45.734926],[13.695358,45.735144],[13.694265,45.735676],[13.694223,45.735672],[13.694129,45.735721],[13.694081,45.735709],[13.692749,45.736276],[13.69091,45.737185],[13.690705,45.737259],[13.688904,45.738352],[13.688901,45.738377],[13.688939,45.738413],[13.688317,45.738794],[13.68814,45.73868],[13.688069,45.738694],[13.687956,45.738774],[13.687947,45.738839],[13.68624,45.74004],[13.685117,45.740863],[13.684401,45.741291],[13.683402,45.741808],[13.682468,45.74236],[13.682467,45.742386],[13.682497,45.742415],[13.680619,45.743542],[13.679019,45.744559],[13.678964,45.744529],[13.678946,45.744533],[13.678812,45.744607],[13.678751,45.744606],[13.678435,45.744694],[13.677705,45.744859],[13.677052,45.745076],[13.67704,45.74511],[13.676386,45.745468],[13.676162,45.745687],[13.675636,45.746013],[13.675597,45.745959],[13.675561,45.745952],[13.675429,45.746004],[13.675383,45.746078],[13.675282,45.746029],[13.675161,45.746073],[13.675142,45.746145],[13.675045,45.74607],[13.67491,45.746052],[13.674484,45.746137],[13.674231,45.746245],[13.674057,45.746463],[13.674123,45.74658],[13.673933,45.746643],[13.673686,45.746381],[13.67288,45.745642],[13.671448,45.744468],[13.671387,45.744474],[13.670703,45.743934],[13.670135,45.74342],[13.669953,45.743224]]],[[[13.746315,45.690814],[13.746244,45.690852],[13.746218,45.69083],[13.7463,45.690782],[13.746315,45.690814]]]]},"properties":{"prov":"TS","comune_amm":"L424","comune_descr":"TRIESTE","fascia":"R","zona":"R1","zona_descr":"REGIONE AGRARIA 19 - I BORGHI DELL`ALTIPIANO","microzona":0,"semestre":"2025/2"}},{"type":"Feature","geometry":{"type":"Polygon","coordinates":[[[13.850669,45.605365],[13.850763,45.605281],[13.851427,45.604846],[13.852201,45.604426],[13.85354,45.603852],[13.853697,45.603566],[13.85364,45.603513],[13.853612,45.603509],[13.853078,45.603673],[13.852705,45.603927],[13.852376,45.604125],[13.852338,45.604077],[13.853047,45.60363],[13.853266,45.603561],[13.85328,45.603536],[13.85307,45.603217],[13.852963,45.60324],[13.852606,45.603263],[13.852948,45.603191],[13.852964,45.603168],[13.852508,45.60231],[13.852587,45.602286],[13.852602,45.602262],[13.852414,45.601948],[13.851912,45.601262],[13.85183,45.601092],[13.851759,45.600864],[13.851689,45.600742],[13.851711,45.600692],[13.851745,45.600689],[13.852317,45.600404],[13.852277,45.600461],[13.851883,45.600654],[13.851876,45.600679],[13.852059,45.600703],[13.852393,45.60078],[13.852795,45.600971],[13.852899,45.6009],[13.8529,45.600876],[13.852873,45.600854],[13.852888,45.600834],[13.852953,45.600833],[13.853194,45.601013],[13.853269,45.600997],[13.853505,45.601069],[13.854061,45.601425],[13.854374,45.60133],[13.854593,45.601171],[13.854705,45.601117],[13.854509,45.600904],[13.854367,45.600821],[13.854424,45.600799],[13.854516,45.600813],[13.854517,45.600781],[13.853962,45.600559],[13.85368,45.60035],[13.853769,45.600338],[13.853934,45.600251],[13.854007,45.600246],[13.854031,45.600224],[13.853863,45.59969],[13.853922,45.599689],[13.854097,45.600232],[13.854123,45.600246],[13.854384,45.600238],[13.854594,45.600205],[13.855252,45.6],[13.855323,45.599925],[13.855655,45.599784],[13.855398,45.599367],[13.855556,45.599302],[13.855569,45.599281],[13.855475,45.599065],[13.855367,45.598639],[13.855329,45.598098],[13.855,45.597524],[13.854924,45.597236],[13.855071,45.596968],[13.855169,45.596932],[13.855207,45.596937],[13.855051,45.597085],[13.854991,45.597255],[13.855019,45.597451],[13.855381,45.598087],[13.855401,45.598613],[13.855523,45.599052],[13.855642,45.599303],[13.855764,45.599282],[13.855777,45.599252],[13.855825,45.599234],[13.855838,45.599212],[13.855665,45.598806],[13.856981,45.598552],[13.857234,45.598514],[13.857286,45.598474],[13.857662,45.598389],[13.857729,45.598391],[13.857877,45.598353],[13.858223,45.598571],[13.858577,45.598751],[13.858595,45.598727],[13.85858,45.598697],[13.858594,45.598566],[13.858462,45.59784],[13.858418,45.597804],[13.859188,45.597608],[13.859491,45.597762],[13.859858,45.597717],[13.859952,45.597642],[13.860492,45.597664],[13.860622,45.597295],[13.86059,45.597047],[13.860611,45.596962],[13.860808,45.597139],[13.861254,45.597642],[13.861282,45.597754],[13.860538,45.598573],[13.860336,45.598759],[13.860063,45.598952],[13.860087,45.59897],[13.860106,45.598965],[13.860406,45.59878],[13.860507,45.59884],[13.860551,45.599002],[13.8604,45.599029],[13.860061,45.599203],[13.860083,45.599223],[13.860224,45.599234],[13.860306,45.59921],[13.860284,45.599245],[13.860293,45.599267],[13.86035,45.599293],[13.860473,45.599298],[13.860481,45.599274],[13.860438,45.599154],[13.8606,45.599048],[13.860634,45.598925],[13.860739,45.598849],[13.86077,45.59894],[13.860804,45.598953],[13.860934,45.598738],[13.861006,45.59874],[13.861035,45.598726],[13.861151,45.598272],[13.861405,45.598158],[13.861537,45.598012],[13.861741,45.597865],[13.861781,45.597797],[13.861828,45.597773],[13.862301,45.598202],[13.862345,45.598525],[13.862318,45.598792],[13.862258,45.59906],[13.86228,45.599081],[13.862354,45.599085],[13.862434,45.599205],[13.862315,45.599511],[13.862318,45.599603],[13.86238,45.599798],[13.862285,45.599934],[13.862519,45.600146],[13.862572,45.600337],[13.862552,45.600676],[13.862344,45.600893],[13.862139,45.601234],[13.861802,45.601593],[13.861542,45.601775],[13.861505,45.601767],[13.861482,45.601786],[13.861286,45.602205],[13.861232,45.602395],[13.860948,45.602675],[13.860884,45.602614],[13.860852,45.602607],[13.860252,45.603119],[13.860096,45.603453],[13.860398,45.604216],[13.860742,45.604443],[13.861196,45.60432],[13.861304,45.604365],[13.861737,45.604705],[13.862103,45.60504],[13.86202,45.605101],[13.862091,45.605309],[13.861999,45.60561],[13.861893,45.605694],[13.861796,45.606656],[13.86161,45.606652],[13.861585,45.606663],[13.861345,45.607098],[13.861358,45.607119],[13.861455,45.607163],[13.86123,45.607773],[13.861263,45.607875],[13.86098,45.608111],[13.86065,45.608245],[13.860511,45.608268],[13.860279,45.608132],[13.860235,45.608062],[13.860248,45.607911],[13.860226,45.607892],[13.860207,45.607895],[13.86006,45.608291],[13.860078,45.608316],[13.86004,45.608455],[13.860089,45.608533],[13.860444,45.60849],[13.860493,45.608551],[13.860475,45.608709],[13.860197,45.608862],[13.860014,45.609063],[13.860017,45.609085],[13.860287,45.60911],[13.861088,45.609054],[13.861148,45.609592],[13.860822,45.609929],[13.860404,45.609971],[13.860177,45.610385],[13.860315,45.610843],[13.859391,45.610888],[13.859212,45.610926],[13.859201,45.610816],[13.859193,45.610803],[13.859157,45.610805],[13.859046,45.61089],[13.85881,45.611406],[13.858283,45.611027],[13.857749,45.610789],[13.85756,45.610785],[13.857536,45.610811],[13.857826,45.610891],[13.858068,45.610994],[13.858338,45.611185],[13.858574,45.611393],[13.859048,45.611866],[13.859168,45.611877],[13.859249,45.611963],[13.859258,45.612168],[13.859316,45.612384],[13.8595,45.612526],[13.859644,45.612771],[13.859645,45.612934],[13.859682,45.613075],[13.859828,45.613193],[13.859948,45.613356],[13.860063,45.613766],[13.860349,45.613859],[13.86067,45.613679],[13.860929,45.613848],[13.860764,45.613935],[13.860759,45.61396],[13.861141,45.614302],[13.860821,45.614478],[13.860816,45.614502],[13.861242,45.614974],[13.861324,45.615109],[13.861661,45.615356],[13.861914,45.615628],[13.861905,45.615665],[13.862094,45.615876],[13.86242,45.616156],[13.862781,45.616579],[13.862968,45.61684],[13.863291,45.617058],[13.863575,45.617219],[13.864204,45.617485],[13.864461,45.618039],[13.864344,45.618316],[13.864401,45.618353],[13.86444,45.61835],[13.864493,45.618291],[13.864587,45.618088],[13.86469,45.618119],[13.864952,45.618336],[13.86501,45.618443],[13.86497,45.618479],[13.864995,45.618508],[13.865025,45.618509],[13.865064,45.618565],[13.865092,45.618732],[13.86515,45.618762],[13.865205,45.61885],[13.865514,45.618906],[13.86569,45.619003],[13.865719,45.618992],[13.865755,45.618941],[13.865947,45.618989],[13.865966,45.619011],[13.866085,45.619037],[13.866484,45.619171],[13.86647,45.619264],[13.866568,45.619294],[13.866514,45.619472],[13.86636,45.61947],[13.866227,45.619493],[13.866036,45.619467],[13.866019,45.619499],[13.866279,45.619544],[13.866521,45.61953],[13.867448,45.619257],[13.868196,45.619956],[13.868232,45.619959],[13.868252,45.619915],[13.868386,45.619918],[13.868396,45.619979],[13.86874,45.620089],[13.868925,45.62009],[13.869023,45.620013],[13.86979,45.61976],[13.870219,45.619736],[13.870543,45.619799],[13.871027,45.620003],[13.871039,45.620118],[13.871169,45.620215],[13.871191,45.62033],[13.871271,45.620453],[13.871531,45.62064],[13.871711,45.620661],[13.871711,45.620675],[13.871513,45.620649],[13.871229,45.620445],[13.871059,45.620482],[13.87104,45.620441],[13.871061,45.620363],[13.871154,45.620342],[13.871171,45.620322],[13.87115,45.620223],[13.871038,45.620148],[13.869991,45.619907],[13.869023,45.620384],[13.868344,45.620362],[13.868095,45.620037],[13.868028,45.620035],[13.867906,45.619994],[13.867869,45.620001],[13.867112,45.619841],[13.866993,45.619802],[13.866945,45.619763],[13.866897,45.61975],[13.866864,45.61976],[13.866833,45.619811],[13.866648,45.619774],[13.866585,45.619777],[13.866493,45.619747],[13.866518,45.619729],[13.866652,45.619702],[13.866661,45.619662],[13.866628,45.619641],[13.865684,45.619601],[13.864843,45.619036],[13.864321,45.619092],[13.864017,45.618921],[13.864148,45.618345],[13.864136,45.618327],[13.864054,45.618293],[13.863978,45.618132],[13.863755,45.617941],[13.863443,45.617588],[13.863405,45.617584],[13.863299,45.617645],[13.863102,45.6175],[13.863202,45.617425],[13.863202,45.6174],[13.863026,45.617266],[13.862404,45.616692],[13.861758,45.616014],[13.861719,45.616011],[13.861636,45.616069],[13.861458,45.616033],[13.861419,45.616078],[13.861231,45.616053],[13.860839,45.616053],[13.860789,45.615976],[13.860454,45.615888],[13.860433,45.615888],[13.860412,45.615914],[13.860254,45.615912],[13.860153,45.615865],[13.859983,45.615743],[13.859938,45.615739],[13.859918,45.615758],[13.85984,45.615745],[13.859824,45.615708],[13.859732,45.615678],[13.85961,45.615651],[13.859571,45.615664],[13.859493,45.615654],[13.859495,45.615602],[13.859478,45.615594],[13.859409,45.615586],[13.859373,45.615601],[13.858741,45.615571],[13.858704,45.615602],[13.858528,45.615597],[13.858501,45.615558],[13.85829,45.615547],[13.858093,45.615605],[13.858088,45.615632],[13.858129,45.615683],[13.858062,45.615716],[13.857808,45.615756],[13.857707,45.615824],[13.857585,45.615868],[13.857436,45.615899],[13.857254,45.61575],[13.857146,45.615747],[13.856939,45.615932],[13.856654,45.616332],[13.856708,45.616405],[13.85654,45.616538],[13.85641,45.617004],[13.856268,45.617816],[13.855946,45.617807],[13.85592,45.617818],[13.855962,45.617959],[13.85589,45.618168],[13.855911,45.618277],[13.855688,45.618287],[13.855389,45.618271],[13.855373,45.618206],[13.855348,45.618189],[13.855321,45.618205],[13.855304,45.618275],[13.855037,45.618262],[13.854914,45.61857],[13.854437,45.618957],[13.854086,45.618666],[13.854493,45.618392],[13.854278,45.618252],[13.854244,45.618253],[13.853926,45.618454],[13.853794,45.618558],[13.853643,45.618623],[13.853321,45.618685],[13.853305,45.618661],[13.853604,45.618602],[13.853743,45.618536],[13.854231,45.618239],[13.854243,45.618189],[13.854208,45.618139],[13.854233,45.61812],[13.854228,45.618105],[13.854025,45.617939],[13.85399,45.617936],[13.853372,45.618263],[13.853047,45.617991],[13.852908,45.617906],[13.852872,45.617908],[13.852768,45.617986],[13.852499,45.618116],[13.852421,45.618043],[13.852301,45.617977],[13.852272,45.617912],[13.852225,45.617868],[13.853195,45.617331],[13.853006,45.617163],[13.852926,45.617137],[13.852836,45.617165],[13.852434,45.616814],[13.85268,45.616684],[13.852666,45.616646],[13.852962,45.616488],[13.852858,45.616403],[13.852875,45.61637],[13.852788,45.61624],[13.852748,45.616234],[13.852303,45.616496],[13.852247,45.616485],[13.852909,45.616049],[13.853493,45.615567],[13.853683,45.615347],[13.853848,45.615104],[13.853939,45.6151],[13.853978,45.615],[13.854143,45.614761],[13.854875,45.614119],[13.854813,45.612794],[13.854804,45.612773],[13.854726,45.612767],[13.854716,45.612106],[13.854766,45.612102],[13.854791,45.612084],[13.854798,45.611234],[13.854779,45.611215],[13.854588,45.611186],[13.85459,45.611109],[13.854678,45.611107],[13.854704,45.611088],[13.854677,45.610601],[13.854651,45.610569],[13.854744,45.610507],[13.854897,45.610447],[13.855293,45.610783],[13.855329,45.610786],[13.855435,45.610726],[13.855438,45.6107],[13.855061,45.610375],[13.855155,45.610352],[13.855238,45.610309],[13.855916,45.61085],[13.856199,45.610894],[13.856708,45.610934],[13.856743,45.610952],[13.856786,45.610923],[13.856854,45.610923],[13.856885,45.610811],[13.856871,45.610792],[13.856392,45.610609],[13.855931,45.610221],[13.855931,45.609943],[13.855843,45.609754],[13.855755,45.609606],[13.855592,45.609497],[13.855551,45.609432],[13.855483,45.609433],[13.855479,45.609368],[13.855317,45.609116],[13.855044,45.608941],[13.854518,45.608767],[13.854382,45.608747],[13.854165,45.60866],[13.85369,45.608404],[13.853666,45.608385],[13.853654,45.608215],[13.85362,45.608212],[13.853402,45.608328],[13.853351,45.608237],[13.853328,45.607764],[13.853695,45.607732],[13.853717,45.607715],[13.853718,45.607666],[13.853689,45.60764],[13.85358,45.607645],[13.853556,45.607529],[13.853315,45.60735],[13.853278,45.607349],[13.853179,45.607419],[13.85282,45.607095],[13.853004,45.606951],[13.853023,45.606987],[13.853544,45.60715],[13.853577,45.60714],[13.853577,45.60712],[13.853693,45.60718],[13.853727,45.607178],[13.853728,45.607154],[13.853558,45.607005],[13.853595,45.607004],[13.853597,45.606981],[13.853405,45.606796],[13.853555,45.606706],[13.853559,45.606681],[13.853211,45.606351],[13.8539,45.605994],[13.854316,45.60581],[13.854717,45.605581],[13.855338,45.605113],[13.855513,45.60493],[13.855892,45.604688],[13.855896,45.604663],[13.85586,45.60466],[13.855805,45.60469],[13.855375,45.604744],[13.854825,45.604934],[13.854784,45.604892],[13.854762,45.604893],[13.854544,45.604982],[13.854449,45.604844],[13.8544,45.604839],[13.854363,45.604801],[13.854393,45.604761],[13.854233,45.604575],[13.854113,45.604359],[13.85414,45.604321],[13.853708,45.603846],[13.853673,45.603841],[13.852207,45.604467],[13.851497,45.604846],[13.850689,45.605391],[13.850669,45.605365]]]},"properties":{"prov":"TS","comune_amm":"D324","comune_descr":"SAN DORLIGO DELLA VALLE","fascia":"B","zona":"B1","zona_descr":"CENTRO STORICO SAN DORLIGO DELLA VALLE - BAGNOLI DELLA ROSANDRA","microzona":1,"semestre":"2025/2"}},{"type":"Feature","geometry":{"type":"MultiPolygon","coordinates":[[[[13.827014,45.611621],[13.824952,45.612922],[13.821278,45.61024],[13.823184,45.608969],[13.826838,45.611608],[13.827014,45.611621]]],[[[13.854993,45.611636],[13.854962,45.611652],[13.85493,45.611615],[13.854957,45.611603],[13.854993,45.611636]]],[[[13.855128,45.611122],[13.854977,45.611121],[13.855062,45.611075],[13.855128,45.611122]]],[[[13.856548,45.611073],[13.856512,45.611101],[13.856322,45.611106],[13.856548,45.611073]]],[[[13.807907,45.606092],[13.807974,45.60607],[13.80801,45.606026],[13.808654,45.605932],[13.809522,45.605717],[13.809488,45.605651],[13.809428,45.605399],[13.809432,45.605295],[13.809477,45.605081],[13.809451,45.604991],[13.809295,45.604848],[13.808888,45.604596],[13.809064,45.604509],[13.809219,45.604355],[13.809322,45.604308],[13.809375,45.604266],[13.809412,45.604144],[13.809514,45.604115],[13.809752,45.604184],[13.809865,45.604106],[13.810259,45.604005],[13.810678,45.603982],[13.81102,45.603901],[13.811514,45.603847],[13.81154,45.603796],[13.811492,45.603728],[13.811916,45.603664],[13.812111,45.603592],[13.812329,45.603556],[13.812659,45.603415],[13.813178,45.603375],[13.813408,45.603933],[13.814258,45.603691],[13.815039,45.603586],[13.815107,45.603691],[13.815412,45.603716],[13.815441,45.603698],[13.815431,45.603473],[13.816119,45.604183],[13.816341,45.604315],[13.817021,45.604525],[13.817627,45.60493],[13.81726,45.605365],[13.817261,45.605384],[13.818287,45.606478],[13.818336,45.606487],[13.81855,45.606698],[13.819873,45.605913],[13.820134,45.606109],[13.820831,45.605711],[13.820915,45.605641],[13.820981,45.605627],[13.82162,45.605588],[13.82176,45.605565],[13.821958,45.605508],[13.822673,45.605395],[13.823465,45.605229],[13.824044,45.605138],[13.824175,45.605615],[13.823953,45.605717],[13.823997,45.605777],[13.824185,45.605721],[13.824609,45.605644],[13.824865,45.605571],[13.825008,45.605513],[13.825501,45.60525],[13.825944,45.60495],[13.82595,45.60493],[13.825929,45.604917],[13.826286,45.60467],[13.826481,45.604504],[13.826629,45.604483],[13.826796,45.604428],[13.826924,45.604416],[13.827033,45.604363],[13.827079,45.604401],[13.82725,45.604384],[13.82824,45.604192],[13.828852,45.603813],[13.828813,45.603794],[13.828634,45.603195],[13.828645,45.603107],[13.828678,45.603065],[13.829798,45.602453],[13.830992,45.601837],[13.831938,45.601307],[13.832052,45.601099],[13.832083,45.600997],[13.832188,45.6004],[13.832166,45.600379],[13.832016,45.600355],[13.832206,45.599733],[13.832285,45.599233],[13.832342,45.598661],[13.832411,45.598487],[13.832544,45.598329],[13.83279,45.598165],[13.833404,45.597877],[13.833744,45.597765],[13.834449,45.597698],[13.834467,45.597723],[13.83449,45.597726],[13.834518,45.597698],[13.834799,45.597701],[13.836284,45.597607],[13.837161,45.597574],[13.837218,45.59752],[13.837727,45.597483],[13.838495,45.597447],[13.838732,45.597467],[13.83896,45.597468],[13.839313,45.597409],[13.839656,45.597373],[13.840138,45.597381],[13.840243,45.597369],[13.840635,45.597186],[13.841434,45.597141],[13.841686,45.597202],[13.842189,45.597273],[13.842657,45.597408],[13.842766,45.59739],[13.842718,45.597459],[13.842724,45.59748],[13.843562,45.598005],[13.843799,45.59805],[13.845741,45.59784],[13.846287,45.597797],[13.846364,45.597819],[13.846398,45.597813],[13.846411,45.59779],[13.846397,45.59778],[13.846306,45.597754],[13.845843,45.597554],[13.846158,45.597214],[13.845691,45.596975],[13.846349,45.59651],[13.847255,45.597035],[13.847255,45.59709],[13.847312,45.59718],[13.84735,45.597165],[13.847345,45.59706],[13.847543,45.597064],[13.848167,45.597124],[13.848423,45.596971],[13.848907,45.597326],[13.849182,45.597194],[13.849408,45.597135],[13.849591,45.597034],[13.849685,45.596864],[13.849807,45.596777],[13.850052,45.596557],[13.850117,45.596553],[13.850137,45.596514],[13.850211,45.596528],[13.850305,45.596459],[13.850505,45.596501],[13.850563,45.596545],[13.85084,45.596658],[13.85123,45.596363],[13.851536,45.596408],[13.851755,45.596399],[13.852004,45.596442],[13.852111,45.596513],[13.852226,45.59645],[13.852383,45.596451],[13.852404,45.596427],[13.852357,45.596387],[13.852438,45.596309],[13.852783,45.596291],[13.853091,45.596406],[13.853833,45.596739],[13.854101,45.596825],[13.854504,45.596867],[13.8554,45.596854],[13.855615,45.597255],[13.85578,45.597341],[13.85581,45.59734],[13.855925,45.597275],[13.855991,45.597292],[13.856104,45.597248],[13.856331,45.597255],[13.856505,45.597322],[13.856621,45.597389],[13.857127,45.597753],[13.857255,45.597803],[13.857943,45.598279],[13.858046,45.598414],[13.858266,45.598549],[13.858576,45.598697],[13.858625,45.598783],[13.858222,45.598571],[13.857874,45.598355],[13.857726,45.598391],[13.857654,45.59839],[13.85729,45.598473],[13.857238,45.598513],[13.856981,45.598552],[13.855686,45.598802],[13.855668,45.598825],[13.855843,45.599227],[13.855784,45.599254],[13.855785,45.599277],[13.855638,45.599308],[13.855525,45.599054],[13.855495,45.599042],[13.855475,45.599064],[13.855574,45.599295],[13.855404,45.599366],[13.855662,45.599786],[13.855325,45.599924],[13.855256,45.599998],[13.854591,45.600206],[13.854383,45.600238],[13.854102,45.600245],[13.853926,45.599701],[13.853898,45.599687],[13.853869,45.599695],[13.854037,45.600241],[13.853932,45.600253],[13.853778,45.600336],[13.853709,45.60035],[13.85371,45.600374],[13.853961,45.600558],[13.854533,45.600787],[13.854937,45.600864],[13.855802,45.600999],[13.856123,45.600974],[13.856404,45.600998],[13.856874,45.600987],[13.857144,45.600965],[13.857263,45.600937],[13.857471,45.600929],[13.85755,45.600947],[13.857271,45.600961],[13.857168,45.600984],[13.856793,45.601019],[13.856403,45.601033],[13.856109,45.601021],[13.855781,45.60104],[13.855282,45.600976],[13.854409,45.600803],[13.854384,45.600828],[13.854507,45.600903],[13.854714,45.601119],[13.854592,45.601172],[13.854376,45.601329],[13.85406,45.601427],[13.853503,45.601068],[13.853274,45.600999],[13.85319,45.601015],[13.852938,45.600831],[13.852881,45.600843],[13.852912,45.600891],[13.852796,45.600975],[13.85239,45.600779],[13.852057,45.600702],[13.851834,45.60068],[13.85181,45.600665],[13.851714,45.600696],[13.85169,45.600739],[13.851759,45.600863],[13.85183,45.601092],[13.851912,45.601262],[13.852414,45.601948],[13.852611,45.602276],[13.852531,45.6023],[13.852515,45.602324],[13.852972,45.603182],[13.852848,45.603212],[13.852831,45.603232],[13.852858,45.603247],[13.852958,45.603241],[13.853077,45.603214],[13.853288,45.60355],[13.853045,45.603631],[13.852352,45.604066],[13.852358,45.604106],[13.852398,45.604112],[13.852704,45.603927],[13.853071,45.603675],[13.853625,45.603506],[13.853702,45.603555],[13.853544,45.60385],[13.852201,45.604426],[13.852183,45.604457],[13.852218,45.604462],[13.853693,45.603833],[13.854151,45.604332],[13.854119,45.60437],[13.854235,45.604577],[13.854403,45.604773],[13.854374,45.604812],[13.854405,45.604833],[13.854436,45.604826],[13.854548,45.604976],[13.855336,45.604653],[13.855355,45.604672],[13.854969,45.604834],[13.854958,45.604858],[13.854992,45.604866],[13.855376,45.604743],[13.855803,45.60469],[13.856032,45.604566],[13.856024,45.604604],[13.855517,45.604928],[13.855337,45.605115],[13.854717,45.605581],[13.854319,45.605809],[13.853902,45.605994],[13.853217,45.606355],[13.853569,45.606692],[13.853421,45.606785],[13.853418,45.60681],[13.853691,45.607069],[13.853668,45.607078],[13.853668,45.607101],[13.853847,45.607258],[13.85364,45.607153],[13.853594,45.607166],[13.852985,45.606972],[13.852825,45.607093],[13.853163,45.607405],[13.853203,45.607406],[13.8533,45.607338],[13.85356,45.607532],[13.853585,45.607641],[13.85369,45.607638],[13.853718,45.607664],[13.853713,45.607731],[13.853333,45.607768],[13.853351,45.608233],[13.853391,45.608309],[13.853431,45.608316],[13.853659,45.608192],[13.853666,45.608382],[13.85369,45.608404],[13.854164,45.608659],[13.854381,45.608746],[13.854516,45.608767],[13.855045,45.608942],[13.855319,45.609116],[13.85548,45.609369],[13.85549,45.609428],[13.855556,45.60943],[13.855595,45.609499],[13.855757,45.609608],[13.855843,45.609754],[13.855931,45.609942],[13.855935,45.610223],[13.85639,45.610608],[13.856863,45.61079],[13.856893,45.610787],[13.856912,45.610745],[13.857432,45.610753],[13.857489,45.610783],[13.857747,45.610788],[13.858287,45.611029],[13.858809,45.611408],[13.858708,45.611632],[13.858252,45.611202],[13.857917,45.611004],[13.85745,45.61088],[13.856832,45.610864],[13.8568,45.610879],[13.856782,45.61094],[13.856196,45.610893],[13.855911,45.610849],[13.855238,45.610314],[13.855094,45.610367],[13.855076,45.610385],[13.855451,45.610712],[13.855301,45.610809],[13.855426,45.610918],[13.855451,45.610965],[13.855441,45.610995],[13.855493,45.611029],[13.855537,45.611013],[13.85565,45.61111],[13.855466,45.611113],[13.854841,45.610593],[13.854837,45.610489],[13.854805,45.610484],[13.854748,45.610506],[13.854666,45.610559],[13.854706,45.611123],[13.854601,45.611133],[13.854594,45.611207],[13.854615,45.611225],[13.854785,45.611251],[13.854792,45.612098],[13.854742,45.612102],[13.854717,45.612121],[13.854726,45.612753],[13.854753,45.61277],[13.854809,45.612768],[13.854813,45.612794],[13.854873,45.614129],[13.854146,45.614759],[13.853978,45.615001],[13.853943,45.615072],[13.853944,45.615112],[13.85387,45.615103],[13.853842,45.615113],[13.853684,45.615347],[13.853491,45.615569],[13.852728,45.61618],[13.852247,45.616484],[13.851903,45.616416],[13.85185,45.616365],[13.852001,45.616242],[13.851999,45.616217],[13.848516,45.614112],[13.848473,45.614113],[13.842357,45.610466],[13.842576,45.610278],[13.842573,45.610253],[13.841514,45.609596],[13.840848,45.609236],[13.840599,45.60913],[13.84026,45.609018],[13.839328,45.608826],[13.838926,45.608979],[13.838502,45.608905],[13.838246,45.608891],[13.837908,45.608901],[13.837756,45.608994],[13.837748,45.609021],[13.838095,45.609065],[13.838127,45.609384],[13.838149,45.6094],[13.838275,45.609416],[13.838287,45.609485],[13.837744,45.609414],[13.837691,45.609641],[13.837374,45.609624],[13.837347,45.609637],[13.837828,45.610469],[13.837743,45.610728],[13.837464,45.610717],[13.837057,45.611096],[13.836284,45.610868],[13.835877,45.610696],[13.835854,45.610715],[13.835875,45.611129],[13.83518,45.610905],[13.834345,45.611425],[13.834758,45.611878],[13.834955,45.611905],[13.835592,45.612326],[13.835898,45.612481],[13.836584,45.613042],[13.837431,45.613467],[13.837857,45.613855],[13.838136,45.614211],[13.838656,45.614425],[13.838895,45.614491],[13.839065,45.614514],[13.839124,45.61457],[13.839177,45.614588],[13.839941,45.615145],[13.840169,45.615348],[13.840398,45.615477],[13.841014,45.615687],[13.841432,45.615867],[13.842393,45.616168],[13.842687,45.616315],[13.843138,45.616607],[13.843513,45.617226],[13.844037,45.617564],[13.844388,45.617669],[13.844802,45.617682],[13.845229,45.617737],[13.846191,45.617769],[13.846674,45.61774],[13.847654,45.617592],[13.847992,45.617568],[13.848354,45.617573],[13.848326,45.617618],[13.848284,45.617635],[13.847979,45.618558],[13.847928,45.618558],[13.847905,45.618624],[13.847593,45.618668],[13.847383,45.61833],[13.847344,45.618322],[13.847214,45.618387],[13.846975,45.618569],[13.84715,45.618754],[13.846631,45.618869],[13.846609,45.618828],[13.846582,45.618823],[13.846575,45.618786],[13.846543,45.618771],[13.846499,45.61881],[13.84618,45.61896],[13.846138,45.619039],[13.845884,45.619157],[13.845547,45.619279],[13.845459,45.619452],[13.844959,45.619669],[13.844686,45.619674],[13.844569,45.619507],[13.844393,45.619336],[13.844237,45.61904],[13.844108,45.618933],[13.844089,45.618832],[13.84406,45.61882],[13.843634,45.618791],[13.843235,45.618814],[13.842923,45.618794],[13.842704,45.61881],[13.842519,45.618894],[13.841602,45.618858],[13.841581,45.618855],[13.841576,45.618825],[13.841549,45.618808],[13.841212,45.618823],[13.841188,45.618841],[13.841194,45.618937],[13.841227,45.619002],[13.840112,45.619074],[13.839699,45.619003],[13.839682,45.61902],[13.839683,45.619106],[13.839428,45.619139],[13.839272,45.619117],[13.839039,45.619138],[13.839006,45.619196],[13.838664,45.619258],[13.838023,45.619487],[13.838048,45.619508],[13.838101,45.61951],[13.838239,45.619639],[13.838559,45.61985],[13.838888,45.620138],[13.838759,45.620242],[13.838408,45.620432],[13.838172,45.620755],[13.83835,45.620948],[13.838477,45.62099],[13.838572,45.621059],[13.83875,45.621133],[13.839102,45.621333],[13.839588,45.621531],[13.839837,45.621709],[13.839406,45.621689],[13.83943,45.621837],[13.839076,45.621874],[13.83842,45.622115],[13.838407,45.622135],[13.838445,45.622242],[13.838593,45.622346],[13.837726,45.622729],[13.837591,45.622828],[13.837512,45.622808],[13.83747,45.622837],[13.837469,45.622859],[13.837638,45.6229],[13.837925,45.622727],[13.838344,45.622568],[13.838501,45.622743],[13.838771,45.622643],[13.839018,45.622578],[13.839146,45.622802],[13.838166,45.62304],[13.838153,45.623067],[13.838594,45.623547],[13.838641,45.623668],[13.838869,45.623839],[13.839008,45.623739],[13.839121,45.623844],[13.839241,45.623799],[13.839382,45.623778],[13.839912,45.623551],[13.840059,45.623905],[13.839336,45.624117],[13.839314,45.624136],[13.839348,45.624165],[13.839377,45.624168],[13.839991,45.623977],[13.840075,45.624103],[13.839531,45.624273],[13.839517,45.624293],[13.839656,45.624382],[13.839776,45.624495],[13.840364,45.624344],[13.84047,45.624572],[13.839964,45.624688],[13.839949,45.624713],[13.840005,45.624798],[13.840036,45.624808],[13.840581,45.624667],[13.840758,45.624837],[13.840596,45.624899],[13.840588,45.624926],[13.840621,45.624954],[13.840722,45.624951],[13.840845,45.625084],[13.840682,45.625169],[13.840762,45.625252],[13.840798,45.625256],[13.841028,45.625132],[13.841065,45.625169],[13.840931,45.625298],[13.840956,45.625348],[13.840983,45.625359],[13.841067,45.625307],[13.84145,45.625145],[13.841464,45.62511],[13.841561,45.625096],[13.841555,45.625032],[13.841621,45.625017],[13.841623,45.624971],[13.841818,45.624962],[13.842035,45.624926],[13.842092,45.625114],[13.842209,45.625105],[13.842259,45.625259],[13.842398,45.625249],[13.842392,45.625285],[13.842232,45.625307],[13.842068,45.625375],[13.842121,45.625476],[13.842084,45.625496],[13.842101,45.625523],[13.842743,45.625442],[13.843607,45.625294],[13.843683,45.625373],[13.843825,45.625473],[13.844297,45.625337],[13.844587,45.625202],[13.844583,45.625165],[13.844802,45.624861],[13.845051,45.624576],[13.845229,45.624482],[13.845429,45.624685],[13.845458,45.624692],[13.845573,45.6246],[13.846128,45.624357],[13.846175,45.624383],[13.846052,45.624502],[13.846071,45.624531],[13.846881,45.624633],[13.847549,45.624809],[13.847769,45.624776],[13.848283,45.624764],[13.848641,45.625508],[13.847586,45.625432],[13.847081,45.625451],[13.846734,45.625506],[13.846546,45.625567],[13.846463,45.625645],[13.846409,45.62565],[13.846332,45.625629],[13.84609,45.625717],[13.845388,45.62617],[13.844296,45.626509],[13.84407,45.626615],[13.843846,45.626767],[13.843502,45.626948],[13.843495,45.626971],[13.84356,45.627055],[13.843648,45.627108],[13.843679,45.627107],[13.843837,45.627027],[13.844187,45.62722],[13.844576,45.627386],[13.844025,45.627874],[13.843581,45.62837],[13.843249,45.628238],[13.843212,45.628247],[13.843149,45.628352],[13.842968,45.628823],[13.842937,45.628993],[13.842894,45.629867],[13.842746,45.630269],[13.842591,45.630513],[13.842481,45.630628],[13.842259,45.630826],[13.841533,45.631381],[13.841345,45.631591],[13.841036,45.632069],[13.840908,45.631866],[13.841295,45.631621],[13.841594,45.631229],[13.84152,45.631212],[13.84123,45.630737],[13.841144,45.630466],[13.841156,45.630332],[13.841101,45.630239],[13.84093,45.630041],[13.84077,45.629984],[13.840694,45.62982],[13.840533,45.629649],[13.840507,45.629349],[13.84021,45.629174],[13.839995,45.628968],[13.839845,45.628872],[13.839787,45.628584],[13.839673,45.628335],[13.839465,45.62812],[13.839296,45.627848],[13.839147,45.627713],[13.838987,45.627601],[13.838929,45.627118],[13.83874,45.626985],[13.838803,45.626882],[13.838731,45.626748],[13.838655,45.626626],[13.838315,45.626342],[13.838288,45.626278],[13.838289,45.626208],[13.838225,45.626117],[13.837988,45.625874],[13.837837,45.625686],[13.837843,45.625561],[13.837787,45.625488],[13.837676,45.625412],[13.837636,45.625236],[13.837565,45.625191],[13.837227,45.625116],[13.837175,45.625075],[13.837154,45.624902],[13.836897,45.624637],[13.837032,45.624487],[13.836842,45.624112],[13.836819,45.6241],[13.836628,45.624098],[13.836534,45.623967],[13.836511,45.623792],[13.836419,45.623567],[13.836033,45.623431],[13.836078,45.623059],[13.836046,45.622833],[13.835798,45.622414],[13.835905,45.622193],[13.835571,45.622036],[13.835698,45.621837],[13.835646,45.621686],[13.835285,45.621468],[13.835413,45.621165],[13.835333,45.620994],[13.835189,45.620936],[13.83526,45.620856],[13.835259,45.620828],[13.835248,45.620816],[13.835212,45.620821],[13.835093,45.620947],[13.835066,45.620945],[13.835184,45.620812],[13.834986,45.620709],[13.834742,45.620481],[13.83469,45.620138],[13.834533,45.619918],[13.83451,45.619592],[13.834573,45.619441],[13.834562,45.619414],[13.834319,45.619126],[13.834085,45.618951],[13.833738,45.618803],[13.833405,45.618623],[13.833067,45.618363],[13.832765,45.617748],[13.832621,45.617619],[13.832466,45.61736],[13.832144,45.616985],[13.831942,45.616813],[13.830843,45.61605],[13.830059,45.615636],[13.829252,45.61525],[13.828648,45.614925],[13.828602,45.614934],[13.827026,45.614163],[13.825916,45.61366],[13.825396,45.613447],[13.825287,45.613375],[13.825438,45.61324],[13.825641,45.61317],[13.825644,45.613138],[13.825792,45.613064],[13.826136,45.612839],[13.825722,45.612491],[13.827142,45.611611],[13.827144,45.611586],[13.827109,45.611568],[13.826896,45.611561],[13.821945,45.608018],[13.821922,45.608042],[13.821941,45.608077],[13.823124,45.608941],[13.821183,45.610238],[13.820366,45.60964],[13.821186,45.609097],[13.821186,45.609072],[13.819794,45.608061],[13.819357,45.608105],[13.819276,45.60742],[13.818139,45.607467],[13.817778,45.6075],[13.816625,45.607766],[13.816057,45.607861],[13.816035,45.607878],[13.816025,45.608014],[13.815089,45.608144],[13.813949,45.608179],[13.813795,45.608177],[13.813762,45.608143],[13.813135,45.608161],[13.812901,45.608186],[13.812821,45.608164],[13.812807,45.608134],[13.812757,45.608128],[13.812734,45.608143],[13.810147,45.607435],[13.81015,45.607407],[13.810096,45.607387],[13.810051,45.607405],[13.809378,45.607223],[13.809365,45.607185],[13.809287,45.607171],[13.809263,45.607191],[13.808728,45.607038],[13.808886,45.606598],[13.807928,45.60616],[13.807907,45.606092]]]]},"properties":{"prov":"TS","comune_amm":"D324","comune_descr":"SAN DORLIGO DELLA VALLE","fascia":"D","zona":"D1","zona_descr":"RESTANTE TERRITORIO EDIFICATO","microzona":0,"semestre":"2025/2"}},{"type":"Feature","geometry":{"type":"MultiPolygon","coordinates":[[[[13.838902,45.615026],[13.838876,45.615065],[13.838853,45.615058],[13.838876,45.615019],[13.838902,45.615026]]],[[[13.811677,45.59873],[13.812291,45.597568],[13.812929,45.596879],[13.813707,45.595148],[13.813727,45.594842],[13.814097,45.594519],[13.815105,45.593447],[13.815767,45.593047],[13.815601,45.592844],[13.815438,45.592573],[13.815439,45.592271],[13.815264,45.592119],[13.815182,45.591955],[13.814734,45.591732],[13.814523,45.591581],[13.813891,45.590926],[13.814093,45.590813],[13.814234,45.590763],[13.814339,45.59077],[13.81473,45.590583],[13.814733,45.590556],[13.814653,45.590494],[13.815484,45.590107],[13.815984,45.589826],[13.816338,45.589576],[13.816341,45.589554],[13.816184,45.589386],[13.816049,45.589108],[13.816812,45.588911],[13.817638,45.588809],[13.818197,45.588629],[13.818614,45.587208],[13.819118,45.585586],[13.819225,45.585621],[13.819311,45.585436],[13.819873,45.583683],[13.819859,45.583662],[13.819649,45.583588],[13.820316,45.582811],[13.820732,45.582639],[13.821046,45.582701],[13.821058,45.582677],[13.821023,45.582629],[13.821001,45.582377],[13.821462,45.582159],[13.822197,45.581948],[13.822732,45.581756],[13.82553,45.582043],[13.832787,45.58222],[13.835927,45.582321],[13.837158,45.582319],[13.837283,45.582413],[13.837645,45.582838],[13.837893,45.58317],[13.837926,45.583186],[13.837948,45.583159],[13.837832,45.583008],[13.838533,45.583054],[13.839557,45.583056],[13.839742,45.58309],[13.840676,45.58339],[13.841958,45.583836],[13.842541,45.584023],[13.843218,45.58418],[13.844088,45.584445],[13.844754,45.584609],[13.846142,45.58504],[13.847565,45.585509],[13.848318,45.585387],[13.848477,45.585378],[13.84902,45.585436],[13.849423,45.585384],[13.849961,45.58543],[13.850007,45.585559],[13.849218,45.585953],[13.849207,45.585966],[13.849232,45.585986],[13.849887,45.585988],[13.850453,45.58602],[13.851158,45.585866],[13.851463,45.585694],[13.851591,45.585663],[13.851751,45.585754],[13.851774,45.585871],[13.851656,45.586114],[13.851205,45.586547],[13.851319,45.586598],[13.85148,45.586711],[13.85154,45.586781],[13.851574,45.586888],[13.851486,45.587323],[13.851366,45.587636],[13.851331,45.588008],[13.85103,45.588314],[13.850859,45.58897],[13.850892,45.589064],[13.850961,45.589144],[13.850964,45.589231],[13.850882,45.589513],[13.851015,45.589961],[13.851048,45.589975],[13.851122,45.589957],[13.851257,45.58999],[13.851748,45.590467],[13.851832,45.590514],[13.85243,45.590748],[13.852467,45.590738],[13.852439,45.590691],[13.8526,45.590634],[13.852676,45.590455],[13.852857,45.590556],[13.853007,45.5905],[13.853412,45.590812],[13.853349,45.591819],[13.853379,45.591885],[13.853656,45.592204],[13.854148,45.592557],[13.854592,45.592804],[13.854794,45.592888],[13.855885,45.59323],[13.856738,45.593472],[13.857909,45.593711],[13.858389,45.594271],[13.85865,45.594483],[13.858734,45.594599],[13.859026,45.594845],[13.859747,45.594982],[13.859946,45.595145],[13.860386,45.595413],[13.861941,45.595648],[13.862519,45.595793],[13.863136,45.595876],[13.864423,45.595878],[13.864992,45.596147],[13.865502,45.596479],[13.865812,45.596921],[13.865855,45.5973],[13.866115,45.598112],[13.866123,45.598424],[13.86638,45.599243],[13.866734,45.59971],[13.867007,45.600021],[13.867159,45.600259],[13.867375,45.600612],[13.868015,45.601816],[13.868141,45.603033],[13.867815,45.603746],[13.867669,45.603984],[13.867833,45.604614],[13.868146,45.605025],[13.868191,45.605333],[13.868166,45.605657],[13.868281,45.605938],[13.86818,45.606382],[13.868453,45.607375],[13.868294,45.60763],[13.868189,45.608161],[13.868391,45.608502],[13.868315,45.608815],[13.868547,45.609372],[13.86867,45.609429],[13.868759,45.609505],[13.869183,45.609592],[13.86977,45.609761],[13.870259,45.609812],[13.870676,45.609983],[13.871124,45.609983],[13.871875,45.61015],[13.873368,45.610437],[13.8741,45.61063],[13.87479,45.610773],[13.875338,45.610862],[13.875805,45.610965],[13.87662,45.611061],[13.877441,45.611224],[13.878718,45.611674],[13.879072,45.611902],[13.882077,45.613261],[13.88306,45.614135],[13.88313,45.614294],[13.883233,45.614436],[13.883697,45.614698],[13.883773,45.614697],[13.884226,45.614793],[13.884278,45.614817],[13.884518,45.614849],[13.884921,45.615015],[13.885066,45.615004],[13.885442,45.615289],[13.886398,45.615578],[13.886624,45.615703],[13.887362,45.616193],[13.887744,45.616173],[13.8883,45.616183],[13.889035,45.616319],[13.889532,45.616514],[13.890354,45.616912],[13.890654,45.617101],[13.891034,45.617454],[13.89166,45.61821],[13.89173,45.618502],[13.891761,45.618512],[13.891778,45.618491],[13.891746,45.61834],[13.891955,45.618588],[13.892086,45.618692],[13.892611,45.619203],[13.893723,45.619797],[13.894074,45.620011],[13.894178,45.620192],[13.894377,45.620334],[13.895185,45.620552],[13.895443,45.620755],[13.89565,45.620755],[13.896144,45.620697],[13.896471,45.620841],[13.896708,45.620766],[13.896993,45.620906],[13.897298,45.620753],[13.89742,45.620856],[13.898482,45.621389],[13.898961,45.621529],[13.900137,45.621975],[13.900999,45.622193],[13.902035,45.62276],[13.904592,45.624396],[13.904304,45.62448],[13.904298,45.624512],[13.905068,45.624443],[13.905448,45.62468],[13.905891,45.624639],[13.906131,45.624907],[13.906415,45.624937],[13.906749,45.625082],[13.907278,45.625459],[13.907581,45.625798],[13.908266,45.626207],[13.909256,45.62673],[13.910377,45.627435],[13.9108,45.627722],[13.910831,45.627969],[13.911187,45.628104],[13.911416,45.628304],[13.911645,45.628621],[13.911835,45.628843],[13.912364,45.629025],[13.912339,45.62907],[13.912302,45.629086],[13.912296,45.629128],[13.912526,45.629142],[13.912954,45.629277],[13.912952,45.629415],[13.913201,45.629515],[13.913372,45.629448],[13.913472,45.629608],[13.913594,45.629656],[13.914001,45.629733],[13.91408,45.629834],[13.914214,45.629842],[13.914387,45.629918],[13.914461,45.629985],[13.915082,45.630253],[13.915348,45.630425],[13.915603,45.630426],[13.916759,45.63086],[13.918037,45.631246],[13.918139,45.632371],[13.918265,45.632993],[13.918517,45.633544],[13.911517,45.637411],[13.911132,45.637774],[13.910689,45.638065],[13.910458,45.638192],[13.909903,45.63845],[13.909152,45.638732],[13.908684,45.63895],[13.907985,45.639364],[13.907248,45.63973],[13.906056,45.640491],[13.902617,45.642632],[13.898,45.643476],[13.893758,45.640382],[13.893559,45.640217],[13.890625,45.638583],[13.890564,45.63824],[13.884851,45.635072],[13.879963,45.632338],[13.880046,45.632324],[13.880041,45.632298],[13.876179,45.630353],[13.876125,45.630211],[13.875879,45.630054],[13.875706,45.629817],[13.875687,45.629746],[13.875618,45.629691],[13.875494,45.629693],[13.875302,45.629826],[13.875137,45.629836],[13.871957,45.628238],[13.871481,45.628087],[13.871452,45.628091],[13.87119,45.62829],[13.870813,45.6284],[13.86988,45.628776],[13.869804,45.628803],[13.869133,45.628932],[13.869077,45.62891],[13.863039,45.627988],[13.863015,45.627969],[13.862665,45.62792],[13.862587,45.627705],[13.862561,45.627691],[13.861078,45.62773],[13.856496,45.628968],[13.852475,45.628401],[13.850341,45.628804],[13.846184,45.630498],[13.844501,45.631203],[13.841542,45.633135],[13.841117,45.632191],[13.841039,45.632067],[13.841344,45.631593],[13.841534,45.63138],[13.842259,45.630826],[13.842482,45.630627],[13.842594,45.63051],[13.842745,45.630272],[13.842893,45.629864],[13.842937,45.628994],[13.842968,45.628821],[13.843149,45.628352],[13.843222,45.628232],[13.843558,45.628364],[13.843592,45.628358],[13.844024,45.627875],[13.844567,45.627385],[13.84419,45.62722],[13.843849,45.627034],[13.843818,45.627034],[13.84366,45.627115],[13.843564,45.62706],[13.843488,45.626955],[13.843844,45.626768],[13.844072,45.626614],[13.844292,45.62651],[13.845383,45.626172],[13.846094,45.625715],[13.846341,45.625625],[13.846447,45.625649],[13.846542,45.625568],[13.846738,45.625505],[13.847078,45.625451],[13.847588,45.625432],[13.848604,45.625507],[13.84863,45.625483],[13.848315,45.624775],[13.848287,45.624763],[13.847771,45.624776],[13.847559,45.62481],[13.846878,45.624633],[13.846071,45.624533],[13.845741,45.624776],[13.845592,45.624927],[13.845575,45.624978],[13.845588,45.625042],[13.845557,45.625049],[13.845487,45.624965],[13.845703,45.624752],[13.846052,45.624503],[13.846162,45.624396],[13.846156,45.624371],[13.846128,45.62436],[13.845574,45.624599],[13.845449,45.624704],[13.845232,45.624487],[13.845056,45.624573],[13.844802,45.624861],[13.844589,45.625156],[13.844608,45.625191],[13.844299,45.625337],[13.843875,45.625454],[13.843876,45.625476],[13.843941,45.625534],[13.84395,45.625635],[13.843897,45.625625],[13.843888,45.625525],[13.843681,45.625371],[13.843608,45.625297],[13.842743,45.625442],[13.842098,45.625527],[13.842075,45.625493],[13.842113,45.625462],[13.842061,45.625374],[13.842233,45.625307],[13.842377,45.625288],[13.842396,45.625268],[13.842366,45.62525],[13.842254,45.625264],[13.842204,45.625109],[13.842085,45.625118],[13.842045,45.624944],[13.842013,45.62493],[13.841627,45.624977],[13.841628,45.625021],[13.841561,45.625035],[13.841569,45.6251],[13.841466,45.625115],[13.84146,45.62514],[13.841071,45.625305],[13.840971,45.625373],[13.840929,45.625298],[13.841055,45.625177],[13.841044,45.625145],[13.841008,45.625142],[13.840774,45.625265],[13.840672,45.625167],[13.840837,45.625085],[13.840729,45.624959],[13.84062,45.624956],[13.840573,45.624912],[13.840748,45.624835],[13.840593,45.624677],[13.840563,45.624671],[13.840019,45.624812],[13.839939,45.624699],[13.840462,45.624569],[13.840357,45.624348],[13.839775,45.624499],[13.839658,45.624384],[13.839496,45.624284],[13.840055,45.624109],[13.840068,45.624084],[13.840001,45.623989],[13.839967,45.623981],[13.839365,45.624172],[13.839283,45.624122],[13.839384,45.624113],[13.840054,45.623904],[13.839912,45.623564],[13.839883,45.623563],[13.839388,45.623776],[13.83924,45.6238],[13.839122,45.623848],[13.839027,45.623756],[13.839,45.62375],[13.838868,45.623847],[13.838639,45.623666],[13.838592,45.623544],[13.838135,45.623048],[13.839122,45.622809],[13.839138,45.622785],[13.839026,45.622592],[13.838992,45.622581],[13.838769,45.622644],[13.838499,45.622749],[13.838361,45.622583],[13.838326,45.622575],[13.837929,45.622725],[13.837639,45.622902],[13.837448,45.622857],[13.837512,45.622804],[13.83757,45.622824],[13.837601,45.62282],[13.837725,45.622729],[13.838567,45.622358],[13.838572,45.62233],[13.838444,45.62224],[13.838407,45.622121],[13.839077,45.621873],[13.839427,45.621833],[13.839429,45.621781],[13.839385,45.621684],[13.839772,45.621706],[13.8398,45.621688],[13.839587,45.62153],[13.839099,45.621332],[13.838747,45.621132],[13.838568,45.621057],[13.838476,45.620989],[13.838365,45.62097],[13.8383,45.620931],[13.838308,45.620906],[13.838165,45.620744],[13.838409,45.620431],[13.838758,45.620242],[13.838882,45.620137],[13.838558,45.619849],[13.838238,45.619638],[13.838106,45.619516],[13.83794,45.619508],[13.838661,45.619259],[13.838992,45.619199],[13.839022,45.619139],[13.839279,45.619117],[13.83943,45.619139],[13.839666,45.619108],[13.839686,45.61909],[13.839681,45.618997],[13.840118,45.619074],[13.841196,45.619004],[13.841218,45.61899],[13.841194,45.618938],[13.841191,45.618823],[13.841569,45.618807],[13.841599,45.618858],[13.842515,45.618894],[13.8427,45.618811],[13.842922,45.618794],[13.843237,45.618814],[13.843632,45.618791],[13.844064,45.61882],[13.844146,45.618862],[13.844236,45.618999],[13.844216,45.619172],[13.844514,45.619516],[13.844841,45.619827],[13.844923,45.619828],[13.844942,45.619801],[13.844815,45.619679],[13.844968,45.619666],[13.845455,45.619454],[13.845542,45.619281],[13.845884,45.619157],[13.846133,45.619041],[13.846176,45.618962],[13.846496,45.618811],[13.846563,45.61874],[13.846576,45.618794],[13.846611,45.618808],[13.846622,45.618849],[13.846654,45.618864],[13.847133,45.618754],[13.847133,45.618733],[13.84697,45.618566],[13.847217,45.618385],[13.847366,45.618312],[13.847596,45.618665],[13.847902,45.618621],[13.847921,45.618552],[13.847972,45.618554],[13.847984,45.618543],[13.848273,45.617652],[13.848249,45.617641],[13.84786,45.617645],[13.847554,45.617674],[13.846658,45.617803],[13.846382,45.617812],[13.846161,45.617839],[13.84482,45.617765],[13.844538,45.617763],[13.844165,45.617655],[13.843946,45.617562],[13.843043,45.617064],[13.842628,45.616921],[13.84241,45.616885],[13.842225,45.616896],[13.841996,45.616929],[13.84162,45.617048],[13.841441,45.617045],[13.840664,45.61689],[13.84078,45.616867],[13.841505,45.616995],[13.841647,45.616998],[13.841842,45.616904],[13.842417,45.616828],[13.842461,45.6168],[13.842912,45.616936],[13.843457,45.617172],[13.843473,45.617147],[13.843132,45.616603],[13.842687,45.616314],[13.842389,45.616167],[13.84143,45.615866],[13.841013,45.615687],[13.840402,45.615479],[13.840168,45.615347],[13.839939,45.615144],[13.839179,45.614589],[13.83905,45.614546],[13.839052,45.614514],[13.838898,45.614492],[13.838654,45.614424],[13.838133,45.614209],[13.837858,45.613857],[13.837431,45.613468],[13.836582,45.613041],[13.835894,45.612478],[13.835591,45.612325],[13.834957,45.611906],[13.834762,45.611882],[13.834339,45.611424],[13.83518,45.610902],[13.835838,45.611117],[13.835869,45.611112],[13.835854,45.610679],[13.835989,45.610751],[13.836283,45.610867],[13.837056,45.611091],[13.837472,45.61071],[13.837739,45.610725],[13.837827,45.610467],[13.837334,45.609623],[13.837687,45.609636],[13.837742,45.609408],[13.838254,45.609482],[13.838282,45.609473],[13.83828,45.609431],[13.838259,45.609415],[13.83813,45.609397],[13.83809,45.609067],[13.837167,45.608963],[13.837154,45.608911],[13.83696,45.60887],[13.837809,45.608947],[13.837942,45.608878],[13.838129,45.608847],[13.838301,45.608845],[13.839017,45.608936],[13.839382,45.608796],[13.839864,45.608824],[13.840572,45.609077],[13.841155,45.609343],[13.841619,45.609591],[13.842673,45.610206],[13.842424,45.610404],[13.842426,45.610429],[13.85213,45.616225],[13.851971,45.616377],[13.851979,45.616407],[13.852384,45.616496],[13.852812,45.616247],[13.852873,45.616435],[13.852938,45.61655],[13.852443,45.616815],[13.852825,45.617156],[13.852858,45.61716],[13.852929,45.617135],[13.853009,45.617164],[13.853204,45.617332],[13.852242,45.617859],[13.852238,45.617885],[13.852276,45.617917],[13.852305,45.617978],[13.852422,45.618044],[13.8525,45.61811],[13.852767,45.617987],[13.852892,45.617898],[13.853045,45.61799],[13.853372,45.618258],[13.854013,45.617927],[13.854242,45.618118],[13.854216,45.618141],[13.854245,45.618186],[13.854244,45.618233],[13.854503,45.618392],[13.854094,45.618667],[13.854433,45.61895],[13.854911,45.618571],[13.855031,45.618261],[13.855303,45.61827],[13.855376,45.617912],[13.855417,45.617917],[13.855363,45.618146],[13.855389,45.618267],[13.855688,45.618287],[13.855903,45.618273],[13.85589,45.618169],[13.855962,45.617952],[13.855916,45.617813],[13.856211,45.617788],[13.856233,45.617771],[13.856256,45.617579],[13.856456,45.616712],[13.856555,45.616443],[13.856688,45.616201],[13.856789,45.616082],[13.857139,45.61577],[13.857181,45.615763],[13.857371,45.615906],[13.857398,45.615911],[13.857616,45.61586],[13.85776,45.615773],[13.858023,45.615738],[13.858077,45.615699],[13.858038,45.615646],[13.85805,45.615628],[13.858264,45.615566],[13.858481,45.615584],[13.858516,45.615619],[13.85865,45.615621],[13.858687,45.615591],[13.859324,45.615622],[13.859358,45.615605],[13.859468,45.615622],[13.859465,45.615661],[13.859485,45.61568],[13.859547,45.615673],[13.859821,45.615728],[13.859855,45.615774],[13.859896,45.615756],[13.859947,45.615766],[13.860121,45.615888],[13.860238,45.615933],[13.860375,45.61594],[13.860416,45.615913],[13.860787,45.61601],[13.860849,45.616083],[13.86118,45.616081],[13.861375,45.616104],[13.861439,45.616058],[13.861619,45.616097],[13.86176,45.616017],[13.862404,45.616692],[13.863025,45.617265],[13.863216,45.61741],[13.863117,45.617486],[13.863116,45.617511],[13.863303,45.61764],[13.86343,45.617574],[13.863755,45.617941],[13.86398,45.618134],[13.864053,45.618289],[13.86415,45.618333],[13.864021,45.61892],[13.864317,45.61909],[13.864844,45.619034],[13.86568,45.619599],[13.866627,45.61964],[13.866662,45.61965],[13.866656,45.619704],[13.866519,45.619735],[13.866531,45.61976],[13.866582,45.619776],[13.866646,45.619774],[13.866834,45.619806],[13.866878,45.619745],[13.867112,45.619841],[13.867852,45.619998],[13.867888,45.619988],[13.868025,45.620034],[13.868097,45.620034],[13.868356,45.620362],[13.869027,45.620382],[13.869979,45.619905],[13.871006,45.620139],[13.871035,45.620132],[13.871018,45.619999],[13.870548,45.619801],[13.870212,45.619736],[13.869784,45.619762],[13.869025,45.620012],[13.868927,45.620092],[13.868733,45.620088],[13.868381,45.619975],[13.868387,45.619939],[13.868361,45.619917],[13.868254,45.61992],[13.868214,45.619972],[13.867447,45.619261],[13.866526,45.619529],[13.86628,45.619544],[13.865905,45.61949],[13.865815,45.619431],[13.865966,45.61948],[13.865988,45.619479],[13.866036,45.619429],[13.866076,45.619472],[13.866224,45.619492],[13.866362,45.61947],[13.86651,45.619468],[13.866565,45.61931],[13.866549,45.619288],[13.866465,45.619267],[13.866479,45.619173],[13.8661,45.619042],[13.865953,45.619007],[13.865933,45.618986],[13.865773,45.618946],[13.86574,45.618956],[13.865705,45.619015],[13.865636,45.618964],[13.865506,45.618904],[13.865358,45.618886],[13.86525,45.618855],[13.86521,45.618872],[13.865151,45.618766],[13.865094,45.61874],[13.865064,45.618565],[13.865033,45.618521],[13.864989,45.618511],[13.864962,45.618465],[13.865003,45.61843],[13.864953,45.618338],[13.864687,45.618118],[13.864616,45.618093],[13.86458,45.618104],[13.864493,45.618292],[13.864426,45.618364],[13.86433,45.618308],[13.86446,45.618036],[13.864206,45.617488],[13.863576,45.61722],[13.86329,45.617057],[13.862967,45.616839],[13.862781,45.616578],[13.86242,45.616156],[13.862095,45.615877],[13.861695,45.615422],[13.861336,45.615153],[13.861234,45.615007],[13.860803,45.614535],[13.861117,45.614335],[13.860713,45.613993],[13.860869,45.613905],[13.860871,45.613878],[13.860635,45.613728],[13.860324,45.613914],[13.860038,45.61379],[13.859987,45.61358],[13.859909,45.613396],[13.859775,45.613232],[13.859657,45.613138],[13.859611,45.613008],[13.859599,45.612819],[13.859497,45.612598],[13.859322,45.612455],[13.859243,45.612281],[13.859166,45.612001],[13.859022,45.611873],[13.858759,45.611478],[13.858944,45.610965],[13.859081,45.610865],[13.859097,45.611014],[13.859119,45.61103],[13.85927,45.610971],[13.860979,45.610865],[13.862109,45.611001],[13.862138,45.610987],[13.86212,45.610965],[13.861104,45.610778],[13.860316,45.610841],[13.860176,45.610388],[13.86041,45.609961],[13.860826,45.609925],[13.861143,45.6096],[13.861091,45.609071],[13.861063,45.609054],[13.860283,45.60911],[13.859994,45.609084],[13.860198,45.608862],[13.860475,45.608704],[13.860493,45.608553],[13.860445,45.608494],[13.86009,45.608537],[13.860039,45.608457],[13.860074,45.608329],[13.860055,45.608305],[13.860303,45.607607],[13.860257,45.607801],[13.860235,45.60806],[13.860286,45.608136],[13.860508,45.608266],[13.860651,45.608245],[13.860975,45.608113],[13.861261,45.607875],[13.861229,45.607775],[13.861452,45.607173],[13.86144,45.607154],[13.861342,45.607109],[13.86159,45.606653],[13.861771,45.606659],[13.861797,45.606642],[13.861893,45.605691],[13.862,45.605607],[13.86209,45.60531],[13.862018,45.605101],[13.862088,45.605051],[13.862091,45.605028],[13.861738,45.604706],[13.861302,45.604364],[13.861198,45.604321],[13.860742,45.604446],[13.860396,45.604214],[13.860095,45.603454],[13.860249,45.603121],[13.860823,45.60264],[13.860856,45.602589],[13.860925,45.602656],[13.860954,45.602664],[13.861231,45.602397],[13.861287,45.602203],[13.861485,45.601783],[13.861513,45.601752],[13.86154,45.601767],[13.861561,45.601762],[13.861799,45.601595],[13.86214,45.601233],[13.862343,45.600894],[13.862552,45.600674],[13.862572,45.600336],[13.86252,45.600148],[13.862282,45.599936],[13.862377,45.599801],[13.862318,45.599602],[13.862315,45.599513],[13.862433,45.599208],[13.862351,45.599087],[13.862253,45.599075],[13.862318,45.598792],[13.862344,45.598525],[13.862297,45.598195],[13.861841,45.597785],[13.861804,45.597783],[13.861744,45.597863],[13.86154,45.59801],[13.861404,45.598159],[13.86115,45.598276],[13.861032,45.598739],[13.860929,45.598748],[13.860803,45.598969],[13.860776,45.598959],[13.860741,45.59887],[13.860708,45.598872],[13.860636,45.598924],[13.860598,45.599053],[13.860515,45.599092],[13.86044,45.599154],[13.860464,45.59925],[13.8605,45.599303],[13.86034,45.599291],[13.86028,45.59926],[13.860264,45.599229],[13.860018,45.599218],[13.860403,45.599028],[13.860544,45.598999],[13.860511,45.598848],[13.860406,45.598785],[13.859912,45.599086],[13.859917,45.599197],[13.859937,45.599221],[13.859891,45.599224],[13.859853,45.59919],[13.859847,45.59909],[13.860337,45.598759],[13.860536,45.598574],[13.861282,45.59775],[13.86125,45.597638],[13.860807,45.597138],[13.860627,45.596984],[13.860598,45.596999],[13.860587,45.597048],[13.860621,45.597301],[13.860496,45.597671],[13.859952,45.597649],[13.859863,45.597724],[13.859484,45.59777],[13.859184,45.597618],[13.858437,45.597813],[13.858457,45.597848],[13.858595,45.59858],[13.858578,45.59871],[13.858265,45.598562],[13.858043,45.598427],[13.857936,45.59829],[13.857251,45.59782],[13.85712,45.597769],[13.856609,45.597406],[13.856491,45.597338],[13.856307,45.597271],[13.856091,45.597266],[13.855961,45.597315],[13.855896,45.597299],[13.855777,45.597366],[13.855605,45.597282],[13.855374,45.596871],[13.85448,45.596883],[13.854064,45.59684],[13.853795,45.596753],[13.853056,45.596421],[13.852745,45.596306],[13.852409,45.596325],[13.852333,45.59639],[13.852336,45.596412],[13.852378,45.596443],[13.852344,45.59647],[13.852186,45.596468],[13.852076,45.596534],[13.851964,45.596457],[13.851714,45.596414],[13.851495,45.596423],[13.851196,45.596381],[13.850807,45.596677],[13.850527,45.59656],[13.850467,45.596515],[13.850275,45.596476],[13.850165,45.596553],[13.850116,45.596539],[13.850087,45.596572],[13.850012,45.596579],[13.849769,45.596794],[13.849595,45.596884],[13.849497,45.597038],[13.849316,45.597139],[13.849079,45.597201],[13.848807,45.597333],[13.848327,45.596978],[13.848076,45.597126],[13.847448,45.597062],[13.847272,45.597058],[13.847246,45.597077],[13.847255,45.597155],[13.847222,45.597205],[13.847114,45.597016],[13.846246,45.596509],[13.846031,45.596663],[13.846028,45.596684],[13.846055,45.596699],[13.845682,45.596949],[13.846147,45.597188],[13.845832,45.597528],[13.846282,45.597731],[13.846172,45.597769],[13.845763,45.597801],[13.845088,45.597908],[13.843786,45.598056],[13.843562,45.59801],[13.842521,45.597365],[13.842501,45.597361],[13.842459,45.597388],[13.842099,45.597308],[13.841241,45.597158],[13.840768,45.597178],[13.840459,45.597206],[13.840196,45.597314],[13.839923,45.597373],[13.839722,45.597392],[13.839531,45.597387],[13.838682,45.597479],[13.838373,45.597458],[13.838339,45.597436],[13.837164,45.597502],[13.837107,45.597568],[13.835628,45.597638],[13.83457,45.597713],[13.834472,45.59769],[13.833692,45.597767],[13.833299,45.597903],[13.832778,45.598159],[13.83255,45.59831],[13.832395,45.598479],[13.832322,45.59864],[13.832196,45.599708],[13.83202,45.600347],[13.832042,45.600368],[13.832184,45.600382],[13.832066,45.6011],[13.831956,45.601302],[13.831147,45.601777],[13.828728,45.603078],[13.828681,45.603127],[13.828674,45.60319],[13.828874,45.603764],[13.828904,45.603778],[13.829011,45.603764],[13.828452,45.604113],[13.82725,45.604331],[13.827222,45.604282],[13.827194,45.60428],[13.827152,45.6043],[13.827105,45.604364],[13.826701,45.604417],[13.826368,45.60468],[13.826328,45.60469],[13.826216,45.60478],[13.82584,45.605021],[13.825424,45.605327],[13.825192,45.60547],[13.825038,45.60554],[13.824887,45.605585],[13.824286,45.605712],[13.823956,45.605851],[13.823881,45.605683],[13.824105,45.605579],[13.824116,45.60556],[13.823968,45.605112],[13.823245,45.605214],[13.822847,45.605323],[13.82197,45.605449],[13.821902,45.605475],[13.821566,45.605547],[13.820889,45.605602],[13.820044,45.606068],[13.819794,45.605882],[13.819758,45.605881],[13.818474,45.606671],[13.817203,45.605348],[13.817582,45.604903],[13.817578,45.60488],[13.816967,45.604498],[13.816176,45.604263],[13.815474,45.603546],[13.815456,45.603538],[13.815428,45.603557],[13.815435,45.603713],[13.81512,45.603693],[13.81506,45.603603],[13.815033,45.603592],[13.814253,45.603691],[13.813624,45.603862],[13.813395,45.603941],[13.813193,45.603378],[13.813404,45.60329],[13.813484,45.603225],[13.813585,45.603229],[13.813707,45.603192],[13.814038,45.603159],[13.814383,45.603242],[13.814635,45.60318],[13.815165,45.603255],[13.815383,45.60315],[13.816484,45.602698],[13.818717,45.601375],[13.819167,45.601012],[13.819519,45.600494],[13.818362,45.60013],[13.818229,45.60014],[13.818176,45.600045],[13.817771,45.59997],[13.817718,45.599935],[13.817618,45.599783],[13.817488,45.599714],[13.817201,45.599636],[13.816641,45.599572],[13.816257,45.599357],[13.816207,45.599353],[13.816123,45.599385],[13.816029,45.599317],[13.814702,45.599129],[13.814414,45.599015],[13.814299,45.598996],[13.814096,45.598992],[13.813912,45.598924],[13.813578,45.598977],[13.812918,45.598863],[13.81274,45.598804],[13.812516,45.598693],[13.811996,45.598701],[13.811677,45.59873]]]]},"properties":{"prov":"TS","comune_amm":"D324","comune_descr":"SAN DORLIGO DELLA VALLE","fascia":"R","zona":"R1","zona_descr":"REGIONE AGRARIA 19 - SANT`ANTONIO IN BOSCO - GROZZANA - PREBENICO - CARESANA","microzona":1,"semestre":"2025/2"}},{"type":"Feature","geometry":{"type":"Polygon","coordinates":[[[13.59068,45.776694],[13.590805,45.776638],[13.590809,45.776596],[13.590772,45.776562],[13.590793,45.776547],[13.590853,45.776563],[13.591751,45.776041],[13.592309,45.775805],[13.592658,45.775783],[13.592669,45.775738],[13.592581,45.775699],[13.592534,45.775584],[13.592722,45.775344],[13.592703,45.77527],[13.592725,45.775155],[13.592908,45.775227],[13.593107,45.775145],[13.593511,45.775021],[13.593562,45.774959],[13.593617,45.774973],[13.59369,45.774873],[13.593781,45.77487],[13.593831,45.774802],[13.593808,45.774764],[13.594094,45.774509],[13.594103,45.774476],[13.594654,45.774252],[13.594787,45.77428],[13.5949,45.774276],[13.594999,45.774457],[13.594949,45.774512],[13.59502,45.774643],[13.595278,45.774737],[13.595589,45.774712],[13.595671,45.774691],[13.595884,45.77469],[13.595885,45.774665],[13.595625,45.774475],[13.596724,45.774194],[13.596891,45.774679],[13.597263,45.7746],[13.597272,45.774554],[13.597567,45.774487],[13.597761,45.774737],[13.597796,45.774744],[13.597807,45.77472],[13.597574,45.774397],[13.597644,45.774376],[13.597654,45.774342],[13.597757,45.774324],[13.59785,45.774286],[13.59792,45.774285],[13.597963,45.774309],[13.598095,45.774282],[13.598136,45.774289],[13.598359,45.774186],[13.598377,45.774093],[13.598929,45.773657],[13.598792,45.773461],[13.598824,45.773405],[13.599035,45.77345],[13.599345,45.773381],[13.599487,45.773112],[13.599476,45.773091],[13.599146,45.772965],[13.598739,45.773281],[13.598536,45.773327],[13.598505,45.77327],[13.598518,45.773248],[13.598483,45.773211],[13.598908,45.772885],[13.598959,45.772814],[13.599033,45.772759],[13.599181,45.772726],[13.599234,45.772727],[13.599291,45.772748],[13.599333,45.77274],[13.599371,45.772709],[13.599365,45.772641],[13.599395,45.772569],[13.599607,45.772453],[13.599632,45.772427],[13.599629,45.772387],[13.599708,45.77235],[13.599914,45.772401],[13.599935,45.772474],[13.599962,45.772489],[13.600033,45.772483],[13.600036,45.77244],[13.600211,45.772452],[13.600375,45.772409],[13.60049,45.772269],[13.600463,45.772225],[13.600488,45.772176],[13.600551,45.772141],[13.60062,45.772065],[13.600752,45.772004],[13.6008,45.772016],[13.600862,45.771995],[13.600891,45.772014],[13.6009,45.772057],[13.60094,45.7721],[13.600942,45.772144],[13.600833,45.772277],[13.600925,45.772342],[13.60098,45.772444],[13.601022,45.772464],[13.601052,45.772462],[13.601326,45.772292],[13.601389,45.772301],[13.601465,45.772291],[13.601612,45.772235],[13.601678,45.772234],[13.60172,45.772189],[13.601775,45.772162],[13.60186,45.772168],[13.601906,45.772157],[13.602134,45.771981],[13.60215,45.771953],[13.602069,45.77184],[13.60203,45.771832],[13.601955,45.771776],[13.601868,45.771747],[13.601854,45.771689],[13.601799,45.771654],[13.601837,45.771541],[13.601701,45.771465],[13.601686,45.77143],[13.601787,45.771404],[13.601821,45.77143],[13.601902,45.771429],[13.601949,45.771472],[13.60198,45.771474],[13.602043,45.771569],[13.602131,45.771571],[13.60217,45.771602],[13.60219,45.771676],[13.602148,45.771727],[13.602156,45.771813],[13.602184,45.771853],[13.602263,45.771887],[13.602344,45.771874],[13.602379,45.771823],[13.602446,45.771798],[13.602536,45.771837],[13.602594,45.771845],[13.60266,45.771818],[13.602708,45.77182],[13.602811,45.771795],[13.602984,45.771673],[13.602984,45.771631],[13.603116,45.771564],[13.603162,45.7715],[13.603301,45.771484],[13.603379,45.771508],[13.603564,45.771485],[13.60364,45.771424],[13.603691,45.771333],[13.603802,45.771375],[13.603806,45.771449],[13.603835,45.771464],[13.604056,45.771521],[13.604253,45.771537],[13.604307,45.7716],[13.604315,45.771652],[13.604436,45.771799],[13.604656,45.771836],[13.604816,45.771911],[13.604937,45.771903],[13.60505,45.77194],[13.60515,45.77194],[13.605237,45.771968],[13.605545,45.771997],[13.605696,45.772008],[13.605866,45.771993],[13.606036,45.772036],[13.606081,45.772057],[13.606047,45.772148],[13.606075,45.772216],[13.606039,45.772302],[13.606191,45.772629],[13.605953,45.772598],[13.60594,45.772893],[13.606776,45.772926],[13.60681,45.772902],[13.607471,45.772923],[13.607411,45.773014],[13.607425,45.773039],[13.608056,45.773232],[13.607779,45.773498],[13.607781,45.773521],[13.60861,45.774125],[13.608758,45.774218],[13.608939,45.774303],[13.609381,45.774421],[13.608765,45.77448],[13.60847,45.774538],[13.605546,45.775447],[13.60553,45.775465],[13.605545,45.775539],[13.605898,45.775872],[13.60561,45.775964],[13.605357,45.776072],[13.605189,45.776095],[13.605171,45.77612],[13.605206,45.776182],[13.604092,45.776128],[13.604102,45.775907],[13.604071,45.775901],[13.603981,45.775928],[13.603954,45.775896],[13.603933,45.775897],[13.601242,45.776768],[13.600698,45.777021],[13.599168,45.77829],[13.598143,45.777026],[13.598106,45.77702],[13.597686,45.777205],[13.597299,45.776682],[13.597625,45.776554],[13.597316,45.776158],[13.595387,45.776937],[13.595371,45.777025],[13.595293,45.777066],[13.595214,45.777064],[13.595132,45.777018],[13.591288,45.777497],[13.590939,45.777077],[13.590763,45.776932],[13.590778,45.776829],[13.59068,45.776694]]]},"properties":{"prov":"TS","comune_amm":"D383","comune_descr":"DUINO-AURISINA","fascia":"B","zona":"B1","zona_descr":"DUINO","microzona":1,"semestre":"2025/2"}},{"type":"Feature","geometry":{"type":"Polygon","coordinates":[[[13.575969,45.795259],[13.576041,45.795009],[13.576055,45.794854],[13.57602,45.794665],[13.575998,45.794305],[13.576087,45.794163],[13.576754,45.793732],[13.577062,45.793561],[13.577206,45.79352],[13.577821,45.793447],[13.578238,45.79338],[13.578413,45.793293],[13.578467,45.793224],[13.578474,45.793071],[13.57836,45.792877],[13.578292,45.792587],[13.578232,45.792534],[13.577709,45.792226],[13.577633,45.792096],[13.577639,45.791994],[13.577725,45.791891],[13.578352,45.791494],[13.578596,45.791138],[13.578812,45.790864],[13.578989,45.790685],[13.579345,45.790378],[13.579375,45.79027],[13.579588,45.790248],[13.579594,45.790329],[13.579624,45.790346],[13.579962,45.790305],[13.579997,45.790324],[13.583639,45.7899],[13.583663,45.789886],[13.583698,45.789894],[13.587483,45.789434],[13.588884,45.789239],[13.588878,45.78918],[13.588848,45.789164],[13.5882,45.789242],[13.587489,45.789348],[13.580113,45.790217],[13.580078,45.790199],[13.579774,45.790236],[13.579754,45.790143],[13.579555,45.790157],[13.579725,45.790022],[13.579941,45.7898],[13.580059,45.789609],[13.580173,45.789217],[13.580214,45.788642],[13.580301,45.788304],[13.580276,45.788283],[13.58011,45.788281],[13.580284,45.787938],[13.580289,45.787828],[13.580207,45.787707],[13.58015,45.787675],[13.580093,45.787597],[13.580041,45.78756],[13.579944,45.787538],[13.579713,45.787521],[13.579595,45.787428],[13.579496,45.787398],[13.579456,45.787317],[13.579317,45.787226],[13.579238,45.787103],[13.579104,45.787034],[13.579056,45.786974],[13.579009,45.786951],[13.578948,45.786891],[13.578878,45.786873],[13.578713,45.786778],[13.57859,45.786654],[13.5785,45.786625],[13.578708,45.785008],[13.578632,45.785002],[13.577757,45.784758],[13.576859,45.784416],[13.576409,45.78409],[13.575938,45.783575],[13.576415,45.78342],[13.576396,45.783088],[13.576838,45.782827],[13.577514,45.782545],[13.57827,45.782388],[13.579041,45.782347],[13.579878,45.782506],[13.581185,45.782079],[13.581177,45.782056],[13.580629,45.78177],[13.58166,45.779083],[13.583277,45.779317],[13.583358,45.77939],[13.583389,45.779534],[13.583408,45.779836],[13.583886,45.779909],[13.585382,45.779504],[13.585638,45.779366],[13.585917,45.779308],[13.585998,45.779352],[13.585002,45.782469],[13.584931,45.782519],[13.584799,45.782551],[13.584872,45.782746],[13.584904,45.782758],[13.58529,45.782674],[13.585247,45.782543],[13.585358,45.782211],[13.585389,45.782216],[13.585337,45.782374],[13.585357,45.782395],[13.5854,45.782402],[13.585432,45.782389],[13.585484,45.782232],[13.585528,45.782217],[13.585921,45.781014],[13.586119,45.781042],[13.586149,45.781029],[13.586372,45.780333],[13.586424,45.780319],[13.586476,45.780154],[13.586453,45.780129],[13.586461,45.780047],[13.58652,45.779888],[13.586628,45.779709],[13.586848,45.779438],[13.586824,45.779403],[13.586237,45.779188],[13.586408,45.778981],[13.586399,45.778957],[13.584918,45.778344],[13.590006,45.774653],[13.591044,45.775277],[13.590974,45.775355],[13.590981,45.775385],[13.59086,45.775475],[13.591027,45.775596],[13.591062,45.775595],[13.591137,45.775548],[13.591192,45.775593],[13.5908,45.775923],[13.590682,45.776078],[13.590705,45.776119],[13.590545,45.77622],[13.590539,45.776247],[13.590501,45.776273],[13.590463,45.776275],[13.590413,45.776308],[13.590406,45.776335],[13.590336,45.776356],[13.589599,45.776837],[13.589598,45.776907],[13.589685,45.776974],[13.589867,45.77696],[13.590009,45.776892],[13.590089,45.776827],[13.590132,45.776833],[13.590192,45.776698],[13.590177,45.776664],[13.590189,45.776609],[13.590302,45.776502],[13.590453,45.776609],[13.590499,45.776599],[13.590495,45.776567],[13.590552,45.776551],[13.590544,45.77662],[13.590573,45.776663],[13.59059,45.776673],[13.59065,45.776655],[13.590735,45.776768],[13.590709,45.776895],[13.590865,45.777018],[13.591095,45.777329],[13.591251,45.777491],[13.591281,45.777499],[13.595143,45.777017],[13.595219,45.777065],[13.595297,45.777064],[13.595372,45.777022],[13.595376,45.776943],[13.597319,45.776152],[13.597633,45.776554],[13.597307,45.776682],[13.59761,45.777105],[13.595069,45.77832],[13.595062,45.778345],[13.595097,45.77835],[13.59759,45.77721],[13.597635,45.777254],[13.59767,45.77726],[13.598174,45.777049],[13.598174,45.777122],[13.599231,45.778382],[13.59926,45.77839],[13.600711,45.777153],[13.601518,45.776833],[13.604162,45.775977],[13.604163,45.7762],[13.604187,45.776217],[13.605288,45.77627],[13.605295,45.776248],[13.605255,45.776193],[13.605458,45.776166],[13.605622,45.776072],[13.60563,45.776039],[13.605948,45.775951],[13.605964,45.775934],[13.605597,45.775608],[13.605554,45.775527],[13.6083,45.774643],[13.608673,45.774548],[13.609086,45.774498],[13.609569,45.774497],[13.609562,45.774466],[13.608973,45.774334],[13.608811,45.774274],[13.608525,45.774102],[13.607785,45.773556],[13.608069,45.773296],[13.608069,45.773275],[13.607418,45.773076],[13.607478,45.773013],[13.607476,45.77299],[13.606852,45.772932],[13.606819,45.772945],[13.606561,45.772939],[13.605991,45.772964],[13.605989,45.772665],[13.606167,45.7727],[13.606198,45.772689],[13.60606,45.772367],[13.606104,45.772287],[13.606076,45.772223],[13.606107,45.772133],[13.606166,45.772108],[13.606216,45.77211],[13.606242,45.772135],[13.606262,45.772209],[13.606324,45.772244],[13.606353,45.772289],[13.606391,45.772311],[13.606499,45.772329],[13.606653,45.772454],[13.606804,45.77249],[13.60692,45.772479],[13.607039,45.772497],[13.60722,45.772554],[13.607308,45.772551],[13.607337,45.772572],[13.607425,45.772575],[13.607521,45.772554],[13.607562,45.772499],[13.607616,45.772467],[13.607651,45.772473],[13.607826,45.77243],[13.608014,45.772457],[13.608088,45.772443],[13.608107,45.772381],[13.608079,45.772322],[13.608153,45.772303],[13.608228,45.772213],[13.608251,45.772211],[13.60826,45.772259],[13.608282,45.772262],[13.608429,45.772242],[13.608616,45.77225],[13.608871,45.772204],[13.608966,45.772226],[13.609098,45.772183],[13.60918,45.77219],[13.60927,45.772164],[13.60962,45.772139],[13.609701,45.7721],[13.609725,45.772112],[13.609686,45.772185],[13.609716,45.772209],[13.609845,45.772192],[13.610091,45.772208],[13.610148,45.7722],[13.610225,45.772163],[13.610422,45.772149],[13.610594,45.772201],[13.610649,45.77219],[13.610822,45.772195],[13.610883,45.772217],[13.61097,45.772207],[13.611055,45.772169],[13.611211,45.772176],[13.611299,45.772195],[13.611415,45.772183],[13.611551,45.772215],[13.611771,45.772192],[13.611938,45.772243],[13.612046,45.772238],[13.6121,45.772251],[13.612185,45.772232],[13.61224,45.772195],[13.612346,45.772176],[13.612427,45.772033],[13.612493,45.771994],[13.612548,45.772018],[13.612691,45.771982],[13.612766,45.772002],[13.612834,45.771984],[13.61289,45.771939],[13.613039,45.771887],[13.613084,45.771808],[13.613167,45.771778],[13.613253,45.771775],[13.613317,45.771681],[13.613415,45.771633],[13.613499,45.771629],[13.613633,45.771566],[13.613749,45.77148],[13.613786,45.771488],[13.613902,45.771466],[13.614027,45.77136],[13.614116,45.77135],[13.614171,45.7714],[13.614218,45.771414],[13.614404,45.77136],[13.614506,45.771254],[13.614533,45.771186],[13.614661,45.771162],[13.614735,45.771114],[13.614717,45.771006],[13.614815,45.770982],[13.614878,45.770931],[13.614933,45.770929],[13.615009,45.77097],[13.615128,45.77097],[13.61521,45.77103],[13.615312,45.77104],[13.615361,45.771012],[13.615418,45.770926],[13.615655,45.770896],[13.615778,45.770799],[13.615868,45.770793],[13.616036,45.77083],[13.616234,45.770831],[13.616295,45.770808],[13.616362,45.770705],[13.616415,45.770679],[13.616446,45.770642],[13.616569,45.770653],[13.616645,45.770614],[13.616734,45.770634],[13.616969,45.770568],[13.617066,45.770645],[13.617211,45.770627],[13.617243,45.770602],[13.617456,45.770605],[13.617627,45.770688],[13.617782,45.770621],[13.617882,45.77062],[13.61805,45.770556],[13.618168,45.770575],[13.618242,45.770603],[13.618298,45.770604],[13.61849,45.77043],[13.618541,45.770412],[13.618819,45.770379],[13.618906,45.77032],[13.618972,45.770231],[13.619012,45.770207],[13.619098,45.770187],[13.619153,45.770192],[13.619175,45.770224],[13.619233,45.770244],[13.619336,45.770316],[13.619411,45.770335],[13.619543,45.770311],[13.619659,45.770242],[13.619758,45.770151],[13.619964,45.770277],[13.620092,45.770509],[13.621433,45.772249],[13.621743,45.773133],[13.621773,45.773146],[13.622162,45.773078],[13.622108,45.772905],[13.622181,45.772808],[13.622317,45.772755],[13.622488,45.772738],[13.622488,45.772664],[13.622769,45.772492],[13.623155,45.772376],[13.623151,45.77229],[13.6232,45.772164],[13.623251,45.772105],[13.623588,45.771821],[13.623656,45.771819],[13.623718,45.771786],[13.623943,45.771821],[13.623987,45.771916],[13.624089,45.771953],[13.624069,45.771992],[13.624089,45.772104],[13.624063,45.772236],[13.623937,45.772362],[13.624062,45.772856],[13.62409,45.772871],[13.624165,45.772866],[13.624175,45.772914],[13.624205,45.772929],[13.625412,45.772806],[13.626141,45.772712],[13.626652,45.772536],[13.626854,45.77245],[13.627611,45.772397],[13.627638,45.772363],[13.628123,45.772352],[13.628147,45.772338],[13.628193,45.772195],[13.628338,45.772219],[13.628326,45.772275],[13.628346,45.772296],[13.628836,45.77238],[13.62897,45.772475],[13.629003,45.772457],[13.629823,45.772642],[13.630178,45.772691],[13.630301,45.772644],[13.631781,45.77249],[13.632928,45.772292],[13.633058,45.772143],[13.633543,45.771216],[13.633817,45.770862],[13.633906,45.770872],[13.634053,45.770751],[13.634215,45.770838],[13.634568,45.770859],[13.634561,45.770689],[13.634668,45.770708],[13.634744,45.770594],[13.63479,45.770601],[13.634857,45.770565],[13.634911,45.770567],[13.634969,45.770593],[13.63521,45.770876],[13.635317,45.770956],[13.635847,45.771265],[13.636381,45.77092],[13.636566,45.771036],[13.636878,45.77086],[13.636979,45.770923],[13.637186,45.7708],[13.637687,45.771177],[13.637723,45.771178],[13.638064,45.770962],[13.638347,45.770728],[13.638662,45.770421],[13.638802,45.770245],[13.638942,45.770021],[13.6391,45.769446],[13.639182,45.76825],[13.639287,45.765069],[13.63927,45.765051],[13.63899,45.764982],[13.638583,45.764906],[13.638986,45.76452],[13.638983,45.762575],[13.638958,45.762398],[13.639017,45.762065],[13.639253,45.761522],[13.6395,45.761229],[13.639712,45.761034],[13.640123,45.760709],[13.6398,45.761029],[13.639624,45.761364],[13.639595,45.761515],[13.639602,45.761766],[13.639747,45.762115],[13.639747,45.762208],[13.639978,45.762429],[13.640061,45.76246],[13.640239,45.762577],[13.64037,45.762617],[13.640414,45.76276],[13.641046,45.763108],[13.64117,45.7631],[13.641167,45.763075],[13.640569,45.762747],[13.640528,45.762615],[13.640424,45.762578],[13.640156,45.762426],[13.640023,45.762321],[13.639954,45.762241],[13.639936,45.762091],[13.640014,45.761946],[13.640231,45.761638],[13.640373,45.761517],[13.640435,45.761496],[13.640567,45.761336],[13.640818,45.761227],[13.641104,45.760936],[13.641012,45.760569],[13.641507,45.759911],[13.641645,45.759827],[13.641602,45.759778],[13.641743,45.759568],[13.642051,45.759286],[13.642123,45.759333],[13.642162,45.75933],[13.642355,45.759147],[13.642355,45.759086],[13.642402,45.759036],[13.642529,45.759198],[13.642569,45.759203],[13.642621,45.759167],[13.642594,45.759091],[13.642629,45.758954],[13.642777,45.758924],[13.642892,45.758927],[13.642991,45.758878],[13.643001,45.758802],[13.642957,45.758731],[13.642991,45.758644],[13.643759,45.758285],[13.644089,45.758103],[13.644478,45.757943],[13.644591,45.757856],[13.64482,45.757774],[13.645047,45.757659],[13.645405,45.757389],[13.645946,45.757176],[13.646342,45.757047],[13.646731,45.756946],[13.646947,45.756855],[13.647082,45.756845],[13.647855,45.756612],[13.648123,45.756578],[13.648496,45.756484],[13.648677,45.756311],[13.64886,45.756189],[13.648883,45.756244],[13.648908,45.756258],[13.649044,45.756194],[13.649052,45.756174],[13.649018,45.756103],[13.649342,45.755928],[13.649736,45.755781],[13.650093,45.755575],[13.650358,45.755399],[13.650466,45.75529],[13.651318,45.75483],[13.652297,45.754333],[13.652489,45.754107],[13.652761,45.754052],[13.653177,45.753828],[13.653542,45.753507],[13.653856,45.753259],[13.654531,45.752868],[13.654586,45.752842],[13.655102,45.75279],[13.655668,45.75247],[13.656249,45.752256],[13.658228,45.751178],[13.6587,45.750752],[13.65913,45.750468],[13.659539,45.750261],[13.66071,45.749826],[13.66131,45.749528],[13.661522,45.74944],[13.661523,45.749212],[13.661972,45.749227],[13.662,45.748869],[13.661935,45.748581],[13.661962,45.748353],[13.661944,45.74833],[13.661954,45.748269],[13.662786,45.747422],[13.663494,45.746972],[13.663689,45.746819],[13.664016,45.746644],[13.664118,45.746563],[13.664175,45.746393],[13.664365,45.746253],[13.664551,45.74608],[13.664894,45.745838],[13.666289,45.74516],[13.666617,45.745055],[13.66731,45.744801],[13.667613,45.744727],[13.668314,45.744427],[13.668834,45.744115],[13.669235,45.743897],[13.669893,45.743594],[13.670101,45.743528],[13.670178,45.743617],[13.670787,45.744119],[13.671245,45.744482],[13.6713,45.744482],[13.672316,45.745297],[13.673284,45.746159],[13.673887,45.746644],[13.674003,45.746551],[13.673947,45.746486],[13.674174,45.74625],[13.674313,45.746181],[13.674458,45.746133],[13.674782,45.746074],[13.67492,45.746088],[13.675006,45.746153],[13.675221,45.746111],[13.67528,45.746157],[13.67532,45.746158],[13.675315,45.746112],[13.675459,45.74595],[13.675499,45.746004],[13.675532,45.746002],[13.675821,45.745789],[13.676615,45.745394],[13.677194,45.74507],[13.677928,45.744937],[13.678584,45.744765],[13.67869,45.744704],[13.678874,45.74467],[13.679425,45.744346],[13.679635,45.744193],[13.679795,45.744306],[13.679834,45.744355],[13.679754,45.744401],[13.679867,45.744545],[13.679903,45.744549],[13.679984,45.744515],[13.680346,45.744877],[13.680345,45.744922],[13.680142,45.745054],[13.680137,45.745077],[13.68025,45.745204],[13.680267,45.745212],[13.680316,45.745199],[13.680378,45.745264],[13.680756,45.745495],[13.680536,45.74572],[13.680473,45.74581],[13.680465,45.745943],[13.680642,45.746132],[13.680901,45.746275],[13.681292,45.74629],[13.681394,45.746266],[13.681574,45.746189],[13.681698,45.746118],[13.681724,45.746031],[13.681992,45.746011],[13.682036,45.746031],[13.68188,45.74623],[13.681764,45.746429],[13.681758,45.746511],[13.681847,45.746586],[13.68191,45.746783],[13.681716,45.746894],[13.681474,45.747114],[13.681284,45.747237],[13.681236,45.747217],[13.68109,45.74724],[13.681112,45.74737],[13.680739,45.747624],[13.680683,45.747629],[13.680648,45.747606],[13.680615,45.747638],[13.680677,45.747738],[13.680807,45.747851],[13.681006,45.74786],[13.68136,45.74797],[13.68143,45.74796],[13.681483,45.748016],[13.681724,45.748189],[13.681659,45.748232],[13.681656,45.748258],[13.681894,45.74844],[13.681929,45.748442],[13.682135,45.748324],[13.682442,45.748585],[13.68246,45.748583],[13.682468,45.748559],[13.682372,45.748423],[13.682534,45.748387],[13.682553,45.748339],[13.682775,45.748276],[13.682974,45.748281],[13.683179,45.748175],[13.683255,45.748205],[13.68345,45.748234],[13.68361,45.748384],[13.684532,45.748664],[13.685008,45.748239],[13.685104,45.748014],[13.685186,45.748131],[13.685253,45.748176],[13.685356,45.74815],[13.685604,45.748224],[13.685701,45.748178],[13.685876,45.748182],[13.685943,45.748261],[13.686817,45.748482],[13.68715,45.748501],[13.687614,45.748332],[13.687652,45.748158],[13.688245,45.74836],[13.688679,45.747857],[13.689803,45.747627],[13.689723,45.74784],[13.68975,45.747913],[13.689722,45.748056],[13.68986,45.748096],[13.689993,45.748161],[13.690124,45.748112],[13.690294,45.748168],[13.690533,45.74837],[13.690575,45.74854],[13.690695,45.748607],[13.690608,45.748743],[13.690368,45.748794],[13.69034,45.748855],[13.690404,45.748948],[13.690409,45.749381],[13.690635,45.749365],[13.690775,45.749497],[13.690804,45.749483],[13.690832,45.749397],[13.690891,45.749338],[13.69106,45.749287],[13.690899,45.749375],[13.690872,45.74942],[13.690774,45.749799],[13.690782,45.749995],[13.690816,45.750039],[13.690693,45.750136],[13.690673,45.750174],[13.690651,45.75057],[13.690592,45.750711],[13.690643,45.75096],[13.690673,45.75101],[13.690718,45.751025],[13.690654,45.751057],[13.690624,45.751147],[13.690679,45.751258],[13.690466,45.751441],[13.690577,45.75159],[13.690603,45.751599],[13.690881,45.751421],[13.691058,45.751328],[13.691171,45.751322],[13.691116,45.751372],[13.690811,45.75154],[13.690743,45.751635],[13.690725,45.751876],[13.69074,45.752611],[13.690689,45.753221],[13.690637,45.753357],[13.690869,45.75359],[13.691153,45.753813],[13.691253,45.753835],[13.691324,45.75383],[13.691346,45.753812],[13.69087,45.75342],[13.690986,45.752961],[13.69094,45.752932],[13.690956,45.752863],[13.690935,45.752839],[13.690934,45.751881],[13.690967,45.751643],[13.691038,45.751552],[13.691323,45.751391],[13.691413,45.751434],[13.691481,45.751553],[13.691586,45.751666],[13.691862,45.751821],[13.692129,45.751785],[13.692267,45.751703],[13.69229,45.751667],[13.692753,45.751979],[13.692775,45.75208],[13.693028,45.752091],[13.693051,45.752005],[13.693253,45.752025],[13.693415,45.752098],[13.693623,45.752257],[13.693826,45.752311],[13.694268,45.752515],[13.69459,45.752608],[13.695016,45.752584],[13.695598,45.752596],[13.695584,45.753391],[13.692945,45.752901],[13.692912,45.752916],[13.692783,45.753826],[13.692989,45.753852],[13.693606,45.754117],[13.693692,45.754253],[13.693797,45.754263],[13.694189,45.754541],[13.694461,45.754582],[13.694586,45.75468],[13.694731,45.754853],[13.694657,45.754922],[13.694685,45.754997],[13.694745,45.755011],[13.694762,45.755056],[13.694696,45.755099],[13.694737,45.755228],[13.694402,45.755486],[13.693729,45.755679],[13.693229,45.755641],[13.693203,45.755651],[13.693206,45.755701],[13.692945,45.755657],[13.692772,45.755664],[13.692565,45.755325],[13.692412,45.755195],[13.692162,45.755109],[13.692034,45.755107],[13.692038,45.755139],[13.69221,45.755197],[13.692362,45.755324],[13.692493,45.755562],[13.691949,45.755788],[13.691633,45.755837],[13.691443,45.75585],[13.6908,45.755864],[13.690766,45.755938],[13.690543,45.756023],[13.69036,45.756177],[13.690218,45.756402],[13.68993,45.75664],[13.689304,45.757083],[13.688619,45.757391],[13.688346,45.757454],[13.688423,45.757246],[13.688157,45.757015],[13.687904,45.75687],[13.687532,45.756868],[13.687521,45.756846],[13.687811,45.756848],[13.687837,45.75683],[13.687743,45.756727],[13.687681,45.756692],[13.6874,45.75639],[13.687147,45.756211],[13.687106,45.756123],[13.687103,45.755977],[13.687151,45.755807],[13.686492,45.755535],[13.685833,45.755782],[13.685273,45.75632],[13.684718,45.756668],[13.684585,45.756649],[13.684179,45.756872],[13.683844,45.757014],[13.683445,45.757168],[13.682853,45.757349],[13.68284,45.757371],[13.682873,45.757456],[13.682535,45.757563],[13.682291,45.757532],[13.68223,45.757539],[13.682139,45.757483],[13.681892,45.757564],[13.6812,45.757608],[13.681177,45.757627],[13.681178,45.757733],[13.680794,45.757747],[13.680779,45.757631],[13.680754,45.757614],[13.679958,45.75759],[13.679246,45.7575],[13.67847,45.757299],[13.677594,45.757012],[13.676241,45.75661],[13.676154,45.756623],[13.676032,45.756809],[13.674864,45.756724],[13.674925,45.756575],[13.674933,45.75646],[13.675047,45.756275],[13.674312,45.755982],[13.674256,45.755874],[13.674285,45.755824],[13.673984,45.755716],[13.673966,45.755738],[13.674016,45.755766],[13.67393,45.75582],[13.673354,45.756602],[13.673232,45.756851],[13.673267,45.756982],[13.67335,45.757071],[13.67338,45.757144],[13.673518,45.757299],[13.673402,45.757366],[13.673375,45.75741],[13.673313,45.757421],[13.673254,45.757405],[13.673168,45.75743],[13.673024,45.757419],[13.672885,45.757371],[13.672594,45.757751],[13.672604,45.757774],[13.672725,45.757826],[13.672702,45.757877],[13.672784,45.757964],[13.672876,45.757965],[13.672961,45.757912],[13.673546,45.758141],[13.674053,45.758452],[13.67403,45.758518],[13.673764,45.758765],[13.67361,45.758792],[13.673366,45.758728],[13.673218,45.758535],[13.672877,45.758428],[13.672819,45.758296],[13.672705,45.758244],[13.672491,45.758203],[13.672346,45.75806],[13.672316,45.758053],[13.672107,45.758277],[13.672091,45.758577],[13.671989,45.758587],[13.671954,45.758528],[13.67192,45.758533],[13.671598,45.758859],[13.671336,45.759086],[13.670529,45.759651],[13.67014,45.759871],[13.669937,45.759964],[13.669843,45.759971],[13.669546,45.760143],[13.669247,45.760289],[13.66848,45.760617],[13.66761,45.760916],[13.667085,45.761061],[13.667074,45.76111],[13.666957,45.761209],[13.666561,45.761303],[13.666276,45.761406],[13.665953,45.761484],[13.665663,45.761168],[13.665626,45.761163],[13.66558,45.761187],[13.665573,45.761212],[13.666171,45.761858],[13.666462,45.76221],[13.666594,45.762408],[13.666465,45.762355],[13.665977,45.762319],[13.665855,45.762247],[13.66427,45.761973],[13.664221,45.761972],[13.664071,45.762016],[13.664049,45.761972],[13.664014,45.761962],[13.663823,45.762025],[13.663932,45.762286],[13.663863,45.762453],[13.663852,45.762319],[13.663752,45.762134],[13.663717,45.762125],[13.663075,45.762329],[13.662881,45.762444],[13.662471,45.762586],[13.662295,45.762716],[13.662205,45.762753],[13.661752,45.762781],[13.661739,45.762732],[13.661699,45.762731],[13.661685,45.762747],[13.661679,45.763233],[13.661641,45.763159],[13.661446,45.76323],[13.661091,45.763292],[13.660867,45.763693],[13.660623,45.763861],[13.660399,45.763863],[13.660175,45.763811],[13.660129,45.763812],[13.66,45.763379],[13.659965,45.763366],[13.659187,45.763588],[13.658641,45.76382],[13.658627,45.763868],[13.65857,45.763854],[13.657731,45.764187],[13.657091,45.764342],[13.656828,45.764447],[13.656698,45.76443],[13.656684,45.764452],[13.656715,45.764522],[13.656564,45.764701],[13.656417,45.764789],[13.656272,45.7648],[13.655905,45.764795],[13.655256,45.764986],[13.654221,45.765208],[13.654082,45.765257],[13.654034,45.765241],[13.653206,45.765502],[13.653191,45.765525],[13.653298,45.765739],[13.653354,45.765992],[13.653525,45.766497],[13.653545,45.766842],[13.653606,45.76725],[13.653606,45.767609],[13.653491,45.768282],[13.653289,45.76889],[13.653001,45.769412],[13.652828,45.769651],[13.652496,45.769994],[13.65225,45.770202],[13.652075,45.770402],[13.650887,45.771544],[13.650671,45.771703],[13.650473,45.771876],[13.65049,45.771905],[13.650617,45.77192],[13.650895,45.772159],[13.650921,45.772271],[13.650918,45.77239],[13.650666,45.772427],[13.650678,45.772483],[13.650525,45.772839],[13.650205,45.77323],[13.65012,45.773533],[13.650033,45.773641],[13.6504,45.774229],[13.65188,45.775397],[13.648426,45.775975],[13.648344,45.776053],[13.649435,45.777175],[13.649666,45.777167],[13.649996,45.777096],[13.650252,45.776934],[13.650488,45.776856],[13.650702,45.776834],[13.651081,45.776702],[13.65137,45.776573],[13.651401,45.776591],[13.651106,45.77672],[13.650694,45.776862],[13.650476,45.776884],[13.650297,45.776946],[13.649997,45.777136],[13.649632,45.778906],[13.650022,45.779249],[13.649923,45.77931],[13.649211,45.780334],[13.648892,45.780336],[13.648399,45.780251],[13.648262,45.7802],[13.647998,45.78001],[13.647952,45.779861],[13.647973,45.779642],[13.648285,45.77928],[13.648331,45.779089],[13.648202,45.778569],[13.647995,45.777935],[13.647935,45.777847],[13.647818,45.777749],[13.646741,45.777221],[13.646674,45.777138],[13.646661,45.776781],[13.646293,45.776499],[13.64625,45.776441],[13.646186,45.776268],[13.646154,45.776255],[13.646135,45.776276],[13.646185,45.776447],[13.646257,45.776533],[13.646436,45.776669],[13.646534,45.776807],[13.646561,45.777159],[13.646593,45.7772],[13.646726,45.777288],[13.647788,45.777813],[13.647911,45.777935],[13.648106,45.778582],[13.648235,45.779108],[13.648221,45.779187],[13.648138,45.779316],[13.647882,45.779563],[13.647783,45.77934],[13.64733,45.779092],[13.646911,45.778721],[13.646803,45.778574],[13.646749,45.778531],[13.646702,45.778516],[13.646414,45.778264],[13.646399,45.778131],[13.646362,45.778135],[13.646225,45.778272],[13.646085,45.77825],[13.645529,45.778255],[13.645247,45.778288],[13.645098,45.778337],[13.644966,45.778298],[13.644944,45.778166],[13.644971,45.778072],[13.644867,45.778055],[13.644643,45.778148],[13.644646,45.778355],[13.644929,45.778583],[13.644783,45.778602],[13.644636,45.778592],[13.644631,45.778683],[13.644264,45.778749],[13.6442,45.778712],[13.644244,45.778554],[13.643862,45.778464],[13.642607,45.778503],[13.642488,45.778352],[13.64247,45.778177],[13.6424,45.777883],[13.642225,45.777543],[13.642192,45.777533],[13.641949,45.777604],[13.64139,45.777689],[13.640981,45.777784],[13.640455,45.777833],[13.640456,45.778391],[13.64042,45.778523],[13.63995,45.779042],[13.639914,45.779398],[13.638565,45.779806],[13.637983,45.779919],[13.63794,45.779902],[13.637738,45.779963],[13.637681,45.77979],[13.637147,45.779246],[13.637243,45.778268],[13.63745,45.777617],[13.635222,45.777152],[13.635086,45.777217],[13.634583,45.777106],[13.634569,45.777044],[13.633338,45.776795],[13.632654,45.776667],[13.632556,45.776667],[13.631455,45.776411],[13.631249,45.776388],[13.630974,45.77632],[13.630253,45.776195],[13.629765,45.776152],[13.629127,45.776182],[13.629294,45.776009],[13.630329,45.77542],[13.630331,45.775394],[13.630312,45.775389],[13.630149,45.775378],[13.629108,45.775961],[13.628839,45.776219],[13.627673,45.776339],[13.626808,45.776591],[13.626151,45.776825],[13.625734,45.776996],[13.625201,45.777241],[13.624586,45.777532],[13.624387,45.777647],[13.623791,45.777856],[13.62352,45.777845],[13.623113,45.777893],[13.623092,45.777912],[13.623092,45.777948],[13.62255,45.77805],[13.622465,45.777984],[13.619668,45.778189],[13.618703,45.778231],[13.618679,45.778259],[13.618144,45.778285],[13.61805,45.778278],[13.617784,45.778327],[13.617468,45.778348],[13.61747,45.77819],[13.617441,45.778172],[13.61739,45.778191],[13.617381,45.778372],[13.616762,45.77841],[13.616351,45.77838],[13.615758,45.778279],[13.615773,45.778229],[13.615754,45.778207],[13.615174,45.778103],[13.614503,45.778003],[13.613517,45.777798],[13.612563,45.777681],[13.612291,45.77766],[13.61162,45.777672],[13.611056,45.777712],[13.610518,45.77778],[13.609554,45.777985],[13.609476,45.778037],[13.6091,45.778181],[13.606784,45.778858],[13.605445,45.779323],[13.604888,45.779566],[13.604756,45.779625],[13.604448,45.779874],[13.604311,45.779955],[13.60412,45.780018],[13.603882,45.780146],[13.603606,45.780322],[13.603197,45.78054],[13.602754,45.780833],[13.602725,45.780989],[13.602742,45.781093],[13.602579,45.781051],[13.602448,45.781053],[13.60233,45.781079],[13.601696,45.781551],[13.601548,45.78171],[13.601307,45.781709],[13.601469,45.781558],[13.601369,45.781495],[13.601335,45.781334],[13.601297,45.781288],[13.600121,45.781024],[13.59949,45.78086],[13.597451,45.781687],[13.596875,45.78197],[13.596836,45.783236],[13.596749,45.783598],[13.596641,45.783807],[13.596491,45.784007],[13.596372,45.78412],[13.595944,45.784405],[13.59563,45.784552],[13.594474,45.785042],[13.594846,45.785496],[13.595513,45.785143],[13.595899,45.785357],[13.59476,45.787106],[13.594683,45.787283],[13.594682,45.787356],[13.594252,45.787961],[13.594115,45.788064],[13.594032,45.78824],[13.593669,45.788691],[13.593128,45.789276],[13.592552,45.789762],[13.592059,45.790138],[13.591517,45.790506],[13.591779,45.790704],[13.591816,45.790704],[13.591915,45.790642],[13.592182,45.790827],[13.59192,45.791011],[13.591917,45.791034],[13.592151,45.791267],[13.592461,45.79153],[13.592092,45.791715],[13.591785,45.791433],[13.591732,45.791363],[13.591432,45.790761],[13.59139,45.790751],[13.591217,45.790848],[13.591211,45.79087],[13.591674,45.791463],[13.592031,45.791789],[13.591719,45.791911],[13.591665,45.791885],[13.591509,45.791947],[13.591409,45.79228],[13.590673,45.792069],[13.590637,45.792082],[13.590642,45.792135],[13.591012,45.792252],[13.590869,45.792748],[13.590887,45.792769],[13.590976,45.792776],[13.591347,45.792491],[13.591636,45.792646],[13.59127,45.793028],[13.59125,45.793111],[13.591435,45.793277],[13.591649,45.793557],[13.591778,45.793684],[13.592113,45.793902],[13.592698,45.794112],[13.592132,45.79438],[13.591885,45.794474],[13.591447,45.794697],[13.590939,45.79497],[13.590188,45.795432],[13.589886,45.79526],[13.58985,45.795263],[13.589791,45.795314],[13.589794,45.795339],[13.590097,45.795519],[13.58967,45.796011],[13.588986,45.79574],[13.588951,45.795747],[13.588899,45.795811],[13.588908,45.795836],[13.589585,45.796124],[13.589042,45.797002],[13.588392,45.798338],[13.587935,45.799229],[13.586974,45.799672],[13.586888,45.799756],[13.586861,45.799808],[13.586844,45.799931],[13.587045,45.800617],[13.587087,45.800692],[13.587161,45.80074],[13.587005,45.80105],[13.586507,45.801805],[13.586156,45.802161],[13.584964,45.801462],[13.584781,45.801432],[13.584587,45.801427],[13.584381,45.801363],[13.584244,45.801295],[13.584147,45.801286],[13.583993,45.801294],[13.583841,45.801271],[13.583773,45.800852],[13.583727,45.800812],[13.583564,45.800758],[13.583507,45.800656],[13.583509,45.800622],[13.583374,45.800554],[13.58332,45.800492],[13.583349,45.800387],[13.583413,45.800333],[13.583496,45.800308],[13.583637,45.800314],[13.583891,45.800286],[13.583914,45.800246],[13.583903,45.800187],[13.583983,45.799999],[13.584057,45.799934],[13.584143,45.799926],[13.584426,45.800029],[13.5845,45.800029],[13.584484,45.800071],[13.584543,45.800087],[13.584631,45.800068],[13.584705,45.799951],[13.584828,45.799867],[13.584809,45.799786],[13.584767,45.79974],[13.584709,45.799711],[13.584658,45.799756],[13.584361,45.799622],[13.584325,45.799527],[13.584408,45.799349],[13.584381,45.798916],[13.584405,45.798823],[13.58454,45.798757],[13.584915,45.798742],[13.585024,45.798605],[13.585013,45.798578],[13.584871,45.798508],[13.584631,45.798355],[13.584288,45.798232],[13.58426,45.798202],[13.584269,45.798102],[13.584339,45.797951],[13.58481,45.79763],[13.584809,45.797586],[13.584657,45.79732],[13.584536,45.796899],[13.584406,45.796786],[13.584314,45.796761],[13.584133,45.796774],[13.584103,45.796758],[13.583903,45.796745],[13.583545,45.796681],[13.583186,45.796538],[13.583084,45.796473],[13.58291,45.796417],[13.58265,45.796381],[13.582054,45.796441],[13.581663,45.79641],[13.581571,45.796489],[13.581432,45.796475],[13.58147,45.796429],[13.581422,45.796412],[13.580515,45.796515],[13.578903,45.796636],[13.578735,45.796588],[13.578589,45.796463],[13.578412,45.796256],[13.578319,45.796205],[13.578106,45.796032],[13.577902,45.795952],[13.577063,45.795782],[13.576191,45.795724],[13.576211,45.795651],[13.576038,45.795541],[13.575977,45.795418],[13.575969,45.795259]]]},"properties":{"prov":"TS","comune_amm":"D383","comune_descr":"DUINO-AURISINA","fascia":"D","zona":"D1","zona_descr":"VILLAGGIO DEL PESCATORE - SISTIANA - VISOGLIANO - AURISINA CAVE, CENTRO, STAZIONE","microzona":2,"semestre":"2025/2"}},{"type":"Feature","geometry":{"type":"Polygon","coordinates":[[[13.619978,45.770091],[13.620011,45.769963],[13.620087,45.769903],[13.620372,45.769812],[13.620605,45.769688],[13.620662,45.769617],[13.620723,45.769483],[13.620828,45.769471],[13.62089,45.769433],[13.620952,45.769423],[13.62113,45.769443],[13.621322,45.769342],[13.621449,45.769297],[13.621488,45.769265],[13.621538,45.769168],[13.621588,45.76914],[13.621906,45.769117],[13.622136,45.769133],[13.622196,45.769161],[13.6222,45.769371],[13.622349,45.769455],[13.622325,45.769572],[13.622346,45.769594],[13.622366,45.769591],[13.622426,45.769376],[13.622285,45.769297],[13.622287,45.769178],[13.622323,45.769089],[13.62228,45.769025],[13.622341,45.768983],[13.622362,45.76894],[13.622413,45.768918],[13.622636,45.768878],[13.622789,45.768907],[13.623297,45.768932],[13.623684,45.768881],[13.624001,45.768937],[13.624165,45.768946],[13.624213,45.768938],[13.624235,45.768912],[13.624344,45.768904],[13.624382,45.76893],[13.624433,45.768933],[13.624464,45.768966],[13.624871,45.768944],[13.625297,45.768851],[13.625842,45.768656],[13.626503,45.768455],[13.626547,45.768541],[13.626135,45.76865],[13.625231,45.769002],[13.625221,45.769027],[13.625278,45.769091],[13.625425,45.76918],[13.625439,45.769207],[13.625531,45.769241],[13.625584,45.769287],[13.625673,45.769316],[13.625727,45.769359],[13.625851,45.769404],[13.625936,45.769411],[13.626053,45.769471],[13.626098,45.769512],[13.626112,45.769561],[13.626226,45.769662],[13.626323,45.769672],[13.626578,45.769735],[13.626627,45.769774],[13.626628,45.76981],[13.626666,45.769833],[13.626681,45.76992],[13.626732,45.769976],[13.62675,45.77003],[13.626852,45.7701],[13.626925,45.77023],[13.627051,45.770292],[13.627077,45.770326],[13.627132,45.770353],[13.627204,45.770443],[13.627269,45.770459],[13.627309,45.770488],[13.627398,45.770501],[13.627511,45.770555],[13.627776,45.770611],[13.627979,45.770691],[13.628163,45.770734],[13.628279,45.770784],[13.628406,45.77076],[13.628434,45.770699],[13.628515,45.770682],[13.628622,45.770716],[13.628658,45.770748],[13.628726,45.77076],[13.628763,45.770738],[13.628822,45.770746],[13.628838,45.770804],[13.628823,45.770854],[13.628871,45.770929],[13.628977,45.770969],[13.629054,45.770968],[13.62929,45.771007],[13.629355,45.770994],[13.629511,45.771037],[13.630264,45.770844],[13.630572,45.770742],[13.630497,45.770622],[13.630634,45.770567],[13.630644,45.770544],[13.630305,45.770083],[13.630362,45.770068],[13.630727,45.770527],[13.631322,45.770322],[13.631787,45.770129],[13.63228,45.769783],[13.632761,45.7691],[13.632722,45.768775],[13.632498,45.768359],[13.632239,45.768271],[13.631876,45.768724],[13.631829,45.768712],[13.632168,45.768244],[13.631171,45.767883],[13.63104,45.767906],[13.630113,45.768359],[13.630057,45.768289],[13.629975,45.768301],[13.629918,45.76824],[13.629861,45.768225],[13.627763,45.768385],[13.62772,45.768351],[13.627727,45.768305],[13.627824,45.768283],[13.629961,45.768146],[13.630284,45.768042],[13.630724,45.767833],[13.630847,45.767707],[13.630734,45.767512],[13.630755,45.767504],[13.630799,45.767525],[13.630969,45.767461],[13.631341,45.767419],[13.631703,45.767338],[13.631843,45.767281],[13.631938,45.767261],[13.632549,45.76702],[13.632828,45.76694],[13.633044,45.766848],[13.633041,45.766822],[13.63269,45.76662],[13.633867,45.764827],[13.634354,45.764938],[13.634406,45.764908],[13.634617,45.764886],[13.634806,45.764748],[13.634818,45.764716],[13.634773,45.76467],[13.63484,45.764661],[13.635002,45.764488],[13.634782,45.764343],[13.634792,45.764293],[13.634849,45.764287],[13.635081,45.764331],[13.635271,45.764237],[13.635532,45.76403],[13.635578,45.763964],[13.635575,45.763944],[13.635419,45.763806],[13.635392,45.763757],[13.635397,45.76372],[13.635471,45.763722],[13.635642,45.763802],[13.635798,45.763756],[13.635978,45.76365],[13.636107,45.763532],[13.635979,45.76337],[13.636005,45.763347],[13.63608,45.763344],[13.636265,45.763428],[13.63661,45.76331],[13.636827,45.763176],[13.636813,45.763145],[13.636582,45.763067],[13.636613,45.763021],[13.636714,45.763053],[13.63675,45.763043],[13.636843,45.76286],[13.636839,45.762671],[13.636713,45.762476],[13.636819,45.762428],[13.636937,45.762443],[13.637108,45.762363],[13.637265,45.76225],[13.637301,45.762189],[13.637256,45.762103],[13.637233,45.7619],[13.6373,45.761886],[13.637546,45.761689],[13.637656,45.761417],[13.637752,45.761353],[13.638066,45.761232],[13.638107,45.761183],[13.638116,45.761122],[13.638076,45.761076],[13.638158,45.761067],[13.638186,45.761027],[13.638178,45.760998],[13.638215,45.761001],[13.638259,45.760962],[13.638251,45.760936],[13.638207,45.760914],[13.638461,45.760655],[13.638754,45.760315],[13.638904,45.760196],[13.639034,45.760059],[13.639143,45.759881],[13.639222,45.759669],[13.63914,45.759613],[13.639058,45.759586],[13.638898,45.759477],[13.639003,45.759405],[13.639176,45.759524],[13.639197,45.759579],[13.639234,45.759605],[13.639269,45.759606],[13.639878,45.759259],[13.640808,45.758435],[13.641,45.758217],[13.640998,45.75819],[13.641353,45.757927],[13.641572,45.757722],[13.641716,45.757563],[13.641782,45.757442],[13.642053,45.757401],[13.642078,45.757362],[13.642144,45.757324],[13.642159,45.757267],[13.642258,45.757243],[13.642335,45.757124],[13.642446,45.757094],[13.642486,45.757037],[13.642553,45.757015],[13.642595,45.756976],[13.642728,45.756947],[13.64277,45.7569],[13.642839,45.756877],[13.642851,45.756846],[13.642889,45.756821],[13.642952,45.75683],[13.643029,45.756807],[13.643075,45.75673],[13.643218,45.756713],[13.643253,45.756666],[13.643298,45.756644],[13.643424,45.756651],[13.6435,45.756607],[13.643511,45.75656],[13.643551,45.756525],[13.643731,45.7565],[13.643838,45.756464],[13.643899,45.756375],[13.643989,45.756318],[13.64418,45.756312],[13.644276,45.756235],[13.644365,45.75622],[13.644381,45.756175],[13.644492,45.756096],[13.644755,45.756046],[13.644776,45.755998],[13.644761,45.755983],[13.644769,45.755933],[13.644906,45.755893],[13.645001,45.755919],[13.645261,45.755842],[13.645312,45.755803],[13.645343,45.755743],[13.645476,45.755664],[13.645509,45.755625],[13.645597,45.7556],[13.645607,45.755534],[13.645655,45.755503],[13.645732,45.755494],[13.645828,45.755411],[13.645988,45.755374],[13.646071,45.755323],[13.646144,45.755313],[13.646242,45.75527],[13.646375,45.755282],[13.64656,45.75524],[13.646735,45.755172],[13.64675,45.75512],[13.646837,45.755075],[13.646911,45.755071],[13.646928,45.755035],[13.647098,45.755033],[13.647226,45.755012],[13.64732,45.754862],[13.647545,45.754806],[13.647598,45.754734],[13.647656,45.754708],[13.647821,45.754707],[13.647925,45.754574],[13.648012,45.754552],[13.648152,45.754564],[13.648201,45.754548],[13.648282,45.754454],[13.648339,45.754306],[13.648392,45.754276],[13.648443,45.754266],[13.64862,45.754291],[13.648731,45.75425],[13.648794,45.754207],[13.648835,45.754133],[13.649045,45.754044],[13.649276,45.754257],[13.649319,45.754286],[13.649353,45.754287],[13.649356,45.75431],[13.649494,45.754403],[13.64956,45.754473],[13.649614,45.754496],[13.64963,45.754489],[13.649633,45.754469],[13.649579,45.754398],[13.649391,45.754284],[13.649358,45.754283],[13.649359,45.754263],[13.649234,45.754127],[13.649128,45.754043],[13.649178,45.754021],[13.64918,45.753957],[13.649204,45.753917],[13.6493,45.7539],[13.649396,45.753844],[13.649409,45.753806],[13.649382,45.753733],[13.649467,45.753628],[13.649529,45.753588],[13.649582,45.753509],[13.649637,45.753476],[13.64968,45.75338],[13.649737,45.753313],[13.649876,45.753201],[13.649931,45.753005],[13.65007,45.752964],[13.650126,45.752877],[13.65021,45.752844],[13.650239,45.752785],[13.650299,45.752725],[13.650421,45.752696],[13.650461,45.752668],[13.650507,45.752614],[13.650535,45.752516],[13.650633,45.752425],[13.65068,45.752417],[13.650845,45.752451],[13.650937,45.752377],[13.651218,45.75235],[13.651384,45.752276],[13.651572,45.752109],[13.65178,45.752022],[13.651865,45.752009],[13.652019,45.751918],[13.65207,45.751871],[13.652212,45.751845],[13.652298,45.751878],[13.652375,45.751878],[13.652611,45.751775],[13.652625,45.751747],[13.653331,45.751429],[13.653927,45.751185],[13.65457,45.750825],[13.654564,45.750794],[13.65437,45.750775],[13.654332,45.750757],[13.654283,45.750685],[13.654283,45.750591],[13.65421,45.750544],[13.654122,45.750537],[13.654046,45.750458],[13.654048,45.750397],[13.654007,45.750374],[13.653999,45.750341],[13.654136,45.750301],[13.654215,45.750304],[13.654326,45.750266],[13.654379,45.750293],[13.654432,45.750299],[13.654644,45.750241],[13.65494,45.750223],[13.655117,45.750125],[13.655213,45.750111],[13.655251,45.750132],[13.655272,45.750128],[13.65538,45.750051],[13.655312,45.749996],[13.655321,45.74998],[13.655385,45.750018],[13.65542,45.750018],[13.655743,45.749811],[13.655745,45.749785],[13.655595,45.749677],[13.655606,45.749664],[13.655773,45.74978],[13.655815,45.749775],[13.655807,45.749702],[13.655844,45.749624],[13.655821,45.749535],[13.65584,45.74939],[13.655872,45.749369],[13.655934,45.749379],[13.655988,45.749343],[13.656022,45.749278],[13.656012,45.749214],[13.656036,45.749179],[13.656237,45.749202],[13.656265,45.749238],[13.656369,45.749273],[13.656386,45.749321],[13.656421,45.74935],[13.656351,45.749405],[13.65635,45.749429],[13.656446,45.749441],[13.656538,45.749413],[13.656608,45.749413],[13.65678,45.749319],[13.657675,45.748974],[13.657737,45.748979],[13.657828,45.74893],[13.6579,45.748919],[13.658083,45.748811],[13.658274,45.748741],[13.658354,45.748671],[13.658434,45.748635],[13.658461,45.748591],[13.658509,45.748563],[13.658535,45.748513],[13.658577,45.748499],[13.658696,45.748411],[13.658784,45.748389],[13.658886,45.748311],[13.658905,45.748269],[13.659199,45.748075],[13.659326,45.747885],[13.659451,45.747766],[13.659729,45.74733],[13.659849,45.747065],[13.659891,45.746856],[13.659991,45.746683],[13.660097,45.74659],[13.660469,45.746388],[13.660929,45.746095],[13.661232,45.745948],[13.6614,45.745825],[13.661433,45.74582],[13.661558,45.745717],[13.661643,45.745607],[13.661772,45.745518],[13.661799,45.745483],[13.662328,45.745172],[13.662773,45.744993],[13.662932,45.744899],[13.663381,45.744587],[13.663581,45.744405],[13.663665,45.744372],[13.664122,45.744027],[13.66429,45.743942],[13.664556,45.743726],[13.664782,45.743598],[13.665088,45.743457],[13.665587,45.743249],[13.66599,45.743124],[13.666203,45.743016],[13.666398,45.742882],[13.666765,45.742681],[13.666773,45.742634],[13.668236,45.741738],[13.669216,45.74265],[13.669409,45.742865],[13.669781,45.743168],[13.670098,45.743525],[13.669891,45.743595],[13.669235,45.743897],[13.668834,45.744115],[13.668315,45.744426],[13.667614,45.744726],[13.667308,45.744802],[13.666617,45.745055],[13.66629,45.745159],[13.664891,45.745839],[13.664549,45.746082],[13.664366,45.746252],[13.664177,45.746391],[13.664118,45.746565],[13.664016,45.746645],[13.663686,45.746821],[13.663495,45.746971],[13.662787,45.747421],[13.661933,45.748278],[13.661887,45.748664],[13.661936,45.748901],[13.661909,45.749292],[13.661466,45.749284],[13.661466,45.749475],[13.660688,45.749867],[13.659458,45.750332],[13.659095,45.75052],[13.658649,45.750816],[13.658187,45.751237],[13.657329,45.751714],[13.656213,45.752299],[13.65561,45.752536],[13.655008,45.751774],[13.654962,45.751772],[13.654952,45.751796],[13.655544,45.752549],[13.655038,45.75283],[13.654521,45.752887],[13.65418,45.75307],[13.653816,45.753302],[13.653523,45.753518],[13.653152,45.753839],[13.652744,45.754055],[13.652452,45.754133],[13.652311,45.754318],[13.651298,45.754836],[13.650472,45.75528],[13.650359,45.755399],[13.650094,45.755574],[13.649735,45.755781],[13.649345,45.755926],[13.649029,45.756096],[13.649021,45.756117],[13.649057,45.756188],[13.648896,45.756269],[13.648864,45.756207],[13.648831,45.756208],[13.648676,45.756312],[13.648499,45.756483],[13.648122,45.756578],[13.647851,45.756613],[13.64708,45.756846],[13.646944,45.756856],[13.646727,45.756947],[13.646342,45.757047],[13.645947,45.757176],[13.645407,45.757388],[13.645048,45.757658],[13.644817,45.757775],[13.644592,45.757855],[13.644483,45.757941],[13.644086,45.758104],[13.64376,45.758284],[13.642995,45.758642],[13.642958,45.758728],[13.643001,45.758799],[13.642996,45.758876],[13.642904,45.758926],[13.64278,45.758924],[13.642631,45.758955],[13.642596,45.759089],[13.642624,45.75917],[13.642541,45.759214],[13.642422,45.75906],[13.642393,45.759052],[13.642355,45.75909],[13.642358,45.759144],[13.64216,45.759334],[13.642087,45.759287],[13.642048,45.759289],[13.641752,45.75956],[13.641609,45.759769],[13.641652,45.75983],[13.641506,45.759913],[13.641015,45.760566],[13.641108,45.760932],[13.640813,45.761232],[13.640568,45.761335],[13.640175,45.761436],[13.640042,45.761555],[13.639809,45.761863],[13.639795,45.761918],[13.639729,45.762012],[13.639626,45.761811],[13.639596,45.761686],[13.639601,45.761433],[13.639641,45.761296],[13.639816,45.760983],[13.63989,45.760899],[13.639881,45.760887],[13.639846,45.760889],[13.639674,45.761017],[13.639446,45.761221],[13.63924,45.761446],[13.63912,45.761699],[13.6393,45.761894],[13.639192,45.762115],[13.639193,45.762634],[13.639288,45.762694],[13.639292,45.764605],[13.638896,45.764964],[13.638913,45.764982],[13.639219,45.765053],[13.639174,45.76827],[13.639132,45.769598],[13.639077,45.769666],[13.63908,45.769744],[13.638963,45.770069],[13.638874,45.770183],[13.638416,45.770553],[13.638272,45.770707],[13.638022,45.770931],[13.637669,45.771163],[13.637132,45.770806],[13.636932,45.770932],[13.63685,45.770868],[13.636815,45.770866],[13.636515,45.771038],[13.636358,45.770926],[13.636322,45.770925],[13.635792,45.771252],[13.635461,45.771094],[13.635147,45.770908],[13.634872,45.770619],[13.634798,45.77058],[13.634724,45.770575],[13.634654,45.770615],[13.634601,45.770614],[13.634565,45.770725],[13.634513,45.770725],[13.634475,45.770795],[13.634201,45.77076],[13.634043,45.770686],[13.633947,45.770737],[13.633888,45.770809],[13.63386,45.77082],[13.633786,45.770799],[13.633754,45.770807],[13.633462,45.771195],[13.632956,45.772189],[13.632896,45.772235],[13.631773,45.772441],[13.630418,45.772599],[13.630226,45.77261],[13.63008,45.772644],[13.628894,45.772427],[13.62874,45.772333],[13.628296,45.772258],[13.628302,45.772186],[13.628223,45.772171],[13.628194,45.772185],[13.628138,45.772352],[13.627659,45.772362],[13.62763,45.772396],[13.626858,45.77245],[13.626653,45.772535],[13.626137,45.772712],[13.625412,45.772806],[13.624185,45.772932],[13.62416,45.77287],[13.624066,45.77287],[13.623935,45.772354],[13.623998,45.772314],[13.624063,45.772234],[13.624089,45.772106],[13.624069,45.771989],[13.62408,45.771956],[13.623988,45.77192],[13.623942,45.771822],[13.623735,45.771785],[13.623652,45.771821],[13.623579,45.771827],[13.623253,45.772103],[13.623198,45.772167],[13.623152,45.772285],[13.623159,45.772378],[13.622774,45.772489],[13.622497,45.772658],[13.62249,45.772744],[13.622315,45.772756],[13.622189,45.772803],[13.622109,45.772908],[13.62217,45.773081],[13.621922,45.773118],[13.621655,45.772247],[13.620301,45.770441],[13.620192,45.770226],[13.619978,45.770091]]]},"properties":{"prov":"TS","comune_amm":"D383","comune_descr":"DUINO-AURISINA","fascia":"D","zona":"D2","zona_descr":"PORTO PICCOLO","microzona":0,"semestre":"2025/2"}},{"type":"Feature","geometry":{"type":"MultiPolygon","coordinates":[[[[13.586155,45.802164],[13.586509,45.801804],[13.587005,45.80105],[13.587156,45.800749],[13.587088,45.800694],[13.587045,45.800618],[13.586843,45.79993],[13.586862,45.799805],[13.58692,45.799715],[13.586972,45.799673],[13.587937,45.799226],[13.589042,45.797003],[13.589579,45.796136],[13.589568,45.796113],[13.588891,45.795829],[13.588961,45.795734],[13.589665,45.796007],[13.59009,45.795519],[13.589777,45.795328],[13.589862,45.795252],[13.590167,45.795424],[13.590201,45.795423],[13.590939,45.79497],[13.591447,45.794697],[13.591882,45.794475],[13.592132,45.79438],[13.592675,45.79412],[13.592662,45.794098],[13.592109,45.7939],[13.591779,45.793685],[13.59165,45.793559],[13.591435,45.793277],[13.591249,45.793114],[13.591267,45.79303],[13.591628,45.792647],[13.591347,45.792497],[13.590967,45.792784],[13.590866,45.792763],[13.591006,45.792251],[13.590627,45.79213],[13.590643,45.792065],[13.591404,45.792272],[13.591504,45.79195],[13.591682,45.791878],[13.591737,45.791904],[13.592021,45.791788],[13.591677,45.791465],[13.591202,45.790858],[13.591493,45.790693],[13.591436,45.790772],[13.591733,45.791365],[13.591788,45.791435],[13.59208,45.791703],[13.592116,45.791707],[13.592453,45.791526],[13.59215,45.791266],[13.591906,45.791022],[13.592168,45.790842],[13.592168,45.790816],[13.591911,45.790646],[13.591793,45.790714],[13.591511,45.790503],[13.592059,45.790137],[13.592552,45.789762],[13.593126,45.789276],[13.593671,45.78869],[13.594032,45.78824],[13.59411,45.788069],[13.594253,45.78796],[13.594681,45.787358],[13.594684,45.787275],[13.594716,45.787235],[13.594759,45.787107],[13.595905,45.785342],[13.595528,45.785144],[13.594879,45.785501],[13.594488,45.785031],[13.59563,45.784553],[13.595944,45.784405],[13.59624,45.784219],[13.596488,45.784009],[13.596685,45.783739],[13.596748,45.783599],[13.596836,45.783237],[13.596877,45.781989],[13.597345,45.781752],[13.598472,45.781309],[13.599382,45.780932],[13.600021,45.781096],[13.601205,45.781363],[13.601237,45.781405],[13.601272,45.781565],[13.60138,45.781631],[13.601242,45.781754],[13.601244,45.781778],[13.601461,45.781781],[13.601545,45.781697],[13.601715,45.781782],[13.601773,45.781835],[13.601887,45.781861],[13.602304,45.781821],[13.602372,45.781971],[13.602487,45.781998],[13.602589,45.781961],[13.602602,45.781938],[13.602492,45.781902],[13.602427,45.781756],[13.602018,45.781791],[13.601905,45.781771],[13.601646,45.781624],[13.601699,45.781549],[13.602332,45.781078],[13.602446,45.781053],[13.602583,45.781051],[13.602703,45.781083],[13.602735,45.781076],[13.602725,45.780991],[13.60275,45.780835],[13.603196,45.780541],[13.603609,45.780321],[13.603799,45.780194],[13.604093,45.780033],[13.604307,45.779957],[13.604446,45.779874],[13.604754,45.779626],[13.605447,45.779322],[13.606783,45.778858],[13.609099,45.778181],[13.609472,45.778038],[13.609552,45.777986],[13.610519,45.77778],[13.611056,45.777712],[13.611621,45.777672],[13.61229,45.77766],[13.612978,45.777724],[13.613516,45.777798],[13.614503,45.778003],[13.615174,45.778103],[13.615774,45.778211],[13.61576,45.77826],[13.615779,45.778282],[13.616417,45.778386],[13.616761,45.77841],[13.617716,45.778346],[13.617978,45.778295],[13.618435,45.778284],[13.618554,45.778276],[13.618576,45.778247],[13.618946,45.778233],[13.618988,45.778279],[13.619102,45.778325],[13.619131,45.778305],[13.619063,45.778263],[13.619037,45.778221],[13.619668,45.778189],[13.622476,45.777983],[13.622536,45.77804],[13.622565,45.778048],[13.623075,45.777951],[13.623095,45.777895],[13.623514,45.777845],[13.623795,45.777854],[13.624391,45.777645],[13.624586,45.777532],[13.624866,45.777397],[13.62588,45.776935],[13.626432,45.776715],[13.627674,45.776338],[13.628839,45.776219],[13.628628,45.776433],[13.628512,45.776495],[13.627271,45.777495],[13.627067,45.77837],[13.627008,45.778407],[13.627029,45.778428],[13.627104,45.778437],[13.627282,45.778332],[13.627463,45.777495],[13.628736,45.7765],[13.628862,45.776432],[13.629119,45.776185],[13.629763,45.776152],[13.630252,45.776195],[13.630974,45.77632],[13.631245,45.776387],[13.631457,45.776411],[13.632555,45.776667],[13.63265,45.776666],[13.633338,45.776795],[13.634584,45.777047],[13.634599,45.777109],[13.635075,45.777216],[13.635209,45.77715],[13.637454,45.777612],[13.637243,45.778268],[13.637147,45.779244],[13.637685,45.779794],[13.637731,45.779943],[13.637766,45.779956],[13.637963,45.779894],[13.638004,45.779915],[13.638567,45.779806],[13.639912,45.779396],[13.639946,45.779049],[13.64042,45.778522],[13.640456,45.77839],[13.640449,45.777799],[13.640505,45.777793],[13.640513,45.777832],[13.640533,45.777836],[13.641057,45.777792],[13.641466,45.777697],[13.642027,45.777635],[13.642154,45.777602],[13.642169,45.777578],[13.642154,45.777551],[13.642211,45.777527],[13.642428,45.777929],[13.642432,45.778019],[13.642495,45.778231],[13.642501,45.77837],[13.642609,45.7785],[13.643853,45.778462],[13.644251,45.778551],[13.644202,45.778702],[13.644264,45.778747],[13.644627,45.77868],[13.644627,45.778586],[13.644776,45.778602],[13.644901,45.778583],[13.6449,45.77856],[13.644646,45.778358],[13.644642,45.778145],[13.644872,45.778054],[13.644978,45.778069],[13.644944,45.778171],[13.644968,45.778296],[13.645093,45.778335],[13.645246,45.778288],[13.64553,45.778255],[13.64609,45.77825],[13.646224,45.778269],[13.646405,45.778091],[13.646417,45.778266],[13.6467,45.778514],[13.646746,45.778529],[13.6468,45.778571],[13.646911,45.778722],[13.647327,45.779089],[13.647781,45.779337],[13.647867,45.779531],[13.647877,45.779541],[13.647912,45.779536],[13.648188,45.779252],[13.648234,45.779109],[13.648106,45.778582],[13.647911,45.777937],[13.647786,45.777812],[13.646725,45.777287],[13.646593,45.777201],[13.646561,45.777162],[13.646532,45.776806],[13.646432,45.776667],[13.646255,45.776532],[13.646183,45.776445],[13.646123,45.77623],[13.646167,45.776228],[13.646249,45.776439],[13.646294,45.7765],[13.646665,45.776784],[13.646674,45.777136],[13.646736,45.777216],[13.647821,45.77775],[13.647914,45.777817],[13.647993,45.777932],[13.648202,45.77857],[13.648331,45.779093],[13.648289,45.779275],[13.647973,45.779643],[13.647952,45.779857],[13.647994,45.780003],[13.648258,45.780197],[13.6484,45.780252],[13.648898,45.780336],[13.64921,45.780331],[13.649925,45.779308],[13.650013,45.779248],[13.649631,45.77891],[13.650004,45.777112],[13.649971,45.777101],[13.64967,45.777167],[13.649433,45.777177],[13.648332,45.776046],[13.648538,45.776065],[13.648594,45.77601],[13.651975,45.775432],[13.651974,45.77541],[13.65114,45.774695],[13.650866,45.77456],[13.650582,45.774283],[13.650254,45.773808],[13.650474,45.77326],[13.650698,45.772995],[13.650802,45.772771],[13.650882,45.772522],[13.650822,45.772407],[13.650896,45.772396],[13.650918,45.772379],[13.650921,45.772274],[13.650892,45.772158],[13.650621,45.771923],[13.650447,45.771898],[13.650671,45.771703],[13.650887,45.771543],[13.652074,45.770402],[13.65225,45.770202],[13.652496,45.769994],[13.652827,45.769652],[13.653002,45.769411],[13.653289,45.76889],[13.653516,45.768196],[13.653606,45.767609],[13.653606,45.767248],[13.653545,45.766842],[13.653525,45.766499],[13.653354,45.765991],[13.653298,45.765741],[13.653188,45.765508],[13.654049,45.765236],[13.654097,45.765252],[13.654221,45.765208],[13.655256,45.764986],[13.655907,45.764795],[13.656272,45.7648],[13.656413,45.764789],[13.656563,45.764702],[13.656712,45.764526],[13.656671,45.764421],[13.656833,45.764444],[13.657094,45.764341],[13.657727,45.764188],[13.65858,45.763849],[13.658621,45.763848],[13.658631,45.763824],[13.659185,45.763589],[13.659988,45.76336],[13.660132,45.763808],[13.660396,45.763862],[13.660634,45.763856],[13.660868,45.763691],[13.661089,45.76329],[13.661441,45.763231],[13.661675,45.763143],[13.661687,45.762735],[13.661742,45.762717],[13.661746,45.762764],[13.661774,45.76278],[13.662207,45.762752],[13.662296,45.762715],[13.662469,45.762587],[13.662877,45.762446],[13.663078,45.762327],[13.663737,45.762118],[13.663862,45.762361],[13.663896,45.762364],[13.663932,45.762283],[13.663816,45.762023],[13.664036,45.761955],[13.664061,45.761999],[13.664096,45.762009],[13.664469,45.761902],[13.665924,45.762183],[13.666051,45.762258],[13.666291,45.76226],[13.666601,45.762288],[13.666612,45.762264],[13.666534,45.762148],[13.666245,45.761801],[13.665949,45.761486],[13.666279,45.761405],[13.666564,45.761302],[13.666953,45.76121],[13.66707,45.761114],[13.667068,45.761066],[13.667608,45.760916],[13.66848,45.760617],[13.669245,45.760289],[13.669546,45.760143],[13.669847,45.759969],[13.66994,45.759963],[13.670142,45.75987],[13.670529,45.759651],[13.671336,45.759086],[13.671598,45.75886],[13.671947,45.758507],[13.671993,45.758583],[13.672088,45.758574],[13.672103,45.758284],[13.672324,45.758039],[13.672481,45.758196],[13.67271,45.758245],[13.672823,45.758298],[13.672886,45.758431],[13.673209,45.758528],[13.673372,45.75873],[13.673606,45.758791],[13.673766,45.758762],[13.674029,45.758519],[13.674041,45.758445],[13.673548,45.758143],[13.672975,45.757918],[13.672944,45.757921],[13.672882,45.757965],[13.672783,45.757966],[13.672699,45.757879],[13.672718,45.757828],[13.672585,45.757763],[13.672902,45.757342],[13.672925,45.757378],[13.673026,45.75742],[13.673154,45.75743],[13.673259,45.757404],[13.673318,45.75742],[13.673373,45.757409],[13.673404,45.757361],[13.673456,45.757344],[13.673514,45.757297],[13.673378,45.757142],[13.673349,45.757069],[13.673267,45.756984],[13.673231,45.756853],[13.673353,45.756603],[13.673931,45.755818],[13.673999,45.755773],[13.673951,45.755737],[13.673976,45.755709],[13.674294,45.755822],[13.674257,45.755879],[13.674316,45.755984],[13.675053,45.756273],[13.674933,45.756462],[13.674926,45.756574],[13.674868,45.756702],[13.674889,45.756726],[13.676014,45.756808],[13.67604,45.756798],[13.676147,45.756634],[13.676144,45.756615],[13.676237,45.756609],[13.677594,45.757013],[13.678468,45.757299],[13.679242,45.757499],[13.679961,45.75759],[13.680773,45.757615],[13.680787,45.757729],[13.680814,45.757746],[13.681175,45.757728],[13.681181,45.757609],[13.681898,45.757563],[13.682136,45.75748],[13.68223,45.757538],[13.682289,45.757532],[13.682546,45.757561],[13.682857,45.757462],[13.68287,45.75744],[13.682837,45.757354],[13.683445,45.757168],[13.683844,45.757014],[13.684181,45.756871],[13.684596,45.756643],[13.684727,45.756663],[13.685271,45.756322],[13.685839,45.755778],[13.686489,45.755533],[13.687156,45.755806],[13.687103,45.755978],[13.687106,45.756121],[13.687147,45.756209],[13.687401,45.756391],[13.68768,45.756691],[13.687741,45.756724],[13.687759,45.75676],[13.687879,45.756866],[13.687917,45.756871],[13.688155,45.757015],[13.688424,45.757245],[13.68835,45.757431],[13.688378,45.757454],[13.688487,45.757448],[13.688514,45.757428],[13.688624,45.757413],[13.689918,45.756509],[13.690308,45.756102],[13.69062,45.755848],[13.690845,45.75579],[13.691139,45.755771],[13.691604,45.755699],[13.691789,45.755698],[13.692317,45.755468],[13.69245,45.755609],[13.692692,45.755589],[13.692837,45.755625],[13.69288,45.755584],[13.693367,45.755611],[13.694063,45.755416],[13.694395,45.755541],[13.694435,45.755534],[13.694445,45.755513],[13.694404,45.755485],[13.694735,45.755229],[13.694693,45.755086],[13.694745,45.755065],[13.694758,45.755045],[13.694739,45.755013],[13.694691,45.755011],[13.694656,45.754912],[13.69472,45.754866],[13.694723,45.754844],[13.694584,45.754679],[13.694463,45.754584],[13.694193,45.754543],[13.6938,45.754266],[13.69369,45.754255],[13.693602,45.754116],[13.692992,45.753853],[13.692777,45.75383],[13.692916,45.752899],[13.695569,45.753384],[13.695585,45.753368],[13.695593,45.752599],[13.695016,45.752584],[13.694592,45.752609],[13.694264,45.752514],[13.693828,45.752312],[13.69362,45.752256],[13.693413,45.752097],[13.693256,45.752027],[13.693053,45.75201],[13.693029,45.752096],[13.69277,45.752084],[13.69275,45.751977],[13.692303,45.75168],[13.692131,45.751785],[13.691873,45.751825],[13.691582,45.751663],[13.69148,45.75155],[13.691419,45.751442],[13.691327,45.751392],[13.691349,45.751359],[13.691322,45.751342],[13.691263,45.751348],[13.691098,45.751435],[13.690819,45.75162],[13.690689,45.751453],[13.690898,45.751274],[13.690849,45.751168],[13.690877,45.751072],[13.690906,45.751039],[13.690883,45.751024],[13.690837,45.750896],[13.690815,45.750729],[13.690872,45.750588],[13.690892,45.750207],[13.69091,45.750171],[13.691032,45.750077],[13.690998,45.750021],[13.690989,45.749824],[13.691076,45.7495],[13.691056,45.749478],[13.691037,45.74948],[13.690996,45.749584],[13.690858,45.749659],[13.690879,45.749619],[13.690969,45.749563],[13.690974,45.749499],[13.690852,45.749379],[13.690619,45.749394],[13.690621,45.748963],[13.690557,45.748872],[13.690584,45.748806],[13.690836,45.748749],[13.690915,45.748627],[13.690807,45.748565],[13.690761,45.74839],[13.690528,45.748168],[13.690485,45.748162],[13.690431,45.748236],[13.690236,45.74818],[13.690105,45.748231],[13.68997,45.748161],[13.689827,45.748125],[13.689859,45.747979],[13.689832,45.747905],[13.689906,45.747708],[13.689873,45.747686],[13.688778,45.74792],[13.688327,45.74844],[13.687748,45.748237],[13.687726,45.748251],[13.687695,45.748404],[13.687204,45.74858],[13.686925,45.748568],[13.685949,45.748324],[13.685935,45.748269],[13.68591,45.748254],[13.685759,45.74825],[13.685657,45.7483],[13.68541,45.748223],[13.685299,45.748252],[13.685229,45.7482],[13.68516,45.748109],[13.685127,45.748119],[13.685004,45.748317],[13.684527,45.748749],[13.683586,45.74846],[13.68342,45.748304],[13.683222,45.748284],[13.683141,45.748257],[13.682932,45.74836],[13.6825,45.748344],[13.682495,45.748454],[13.682333,45.748509],[13.68244,45.748649],[13.682473,45.748743],[13.682077,45.748417],[13.681852,45.74854],[13.681541,45.748306],[13.681717,45.748191],[13.681438,45.74797],[13.681366,45.747972],[13.68101,45.747861],[13.680801,45.74785],[13.680676,45.747737],[13.680608,45.747626],[13.680661,45.747593],[13.680683,45.747624],[13.680743,45.747622],[13.681105,45.747375],[13.681084,45.747237],[13.681246,45.747215],[13.6813,45.747226],[13.681475,45.747113],[13.681714,45.746896],[13.681906,45.746782],[13.681847,45.746587],[13.681756,45.746515],[13.681764,45.746428],[13.681879,45.746231],[13.682031,45.746035],[13.681987,45.746011],[13.681741,45.74603],[13.681718,45.746047],[13.681703,45.746115],[13.681576,45.746189],[13.681395,45.746266],[13.6813,45.74629],[13.680905,45.746276],[13.680641,45.746131],[13.680463,45.74594],[13.680473,45.745808],[13.680536,45.74572],[13.680751,45.745498],[13.680374,45.745262],[13.680328,45.745212],[13.680311,45.745204],[13.680262,45.745217],[13.680128,45.745067],[13.680341,45.744925],[13.680344,45.744874],[13.679996,45.744526],[13.679961,45.744522],[13.679877,45.744558],[13.679747,45.7444],[13.679816,45.744368],[13.679825,45.744344],[13.679716,45.744254],[13.679632,45.744239],[13.679632,45.744191],[13.680557,45.743548],[13.680916,45.74336],[13.682434,45.742406],[13.682539,45.742304],[13.682918,45.742032],[13.683785,45.741642],[13.684893,45.740978],[13.687402,45.739165],[13.687407,45.739138],[13.687676,45.738945],[13.687725,45.738952],[13.687972,45.738796],[13.688065,45.738856],[13.6881,45.738856],[13.68867,45.738503],[13.688667,45.738469],[13.689189,45.738136],[13.690346,45.737514],[13.690804,45.737178],[13.690816,45.737155],[13.691399,45.736824],[13.691526,45.736732],[13.69198,45.736486],[13.692239,45.736385],[13.693113,45.735992],[13.693891,45.735711],[13.695608,45.734893],[13.695667,45.73485],[13.696115,45.734679],[13.696122,45.734651],[13.695939,45.73451],[13.696407,45.734251],[13.69672,45.733875],[13.697025,45.73355],[13.697064,45.733562],[13.697083,45.733554],[13.697191,45.733437],[13.697173,45.7334],[13.697443,45.733156],[13.697504,45.73316],[13.697617,45.733036],[13.698231,45.732503],[13.698706,45.732491],[13.699028,45.732519],[13.699777,45.732539],[13.700279,45.732532],[13.700386,45.732549],[13.700618,45.732677],[13.700707,45.732655],[13.701071,45.732914],[13.701313,45.733015],[13.701308,45.733055],[13.701554,45.733244],[13.701844,45.733408],[13.702309,45.733554],[13.70284,45.73366],[13.703238,45.733688],[13.703656,45.7338],[13.703877,45.733968],[13.703969,45.734085],[13.704187,45.734236],[13.704169,45.734969],[13.704253,45.735214],[13.70421,45.735433],[13.704313,45.735589],[13.704218,45.735725],[13.704025,45.735882],[13.703442,45.736556],[13.70305,45.736799],[13.702595,45.737142],[13.702554,45.737193],[13.702564,45.737285],[13.702656,45.737356],[13.702804,45.737403],[13.702976,45.737435],[13.703386,45.737709],[13.703932,45.737897],[13.704594,45.738207],[13.704885,45.738285],[13.705138,45.738326],[13.705222,45.738514],[13.705258,45.738743],[13.705234,45.738959],[13.705245,45.739116],[13.705127,45.739336],[13.705084,45.739611],[13.705003,45.739895],[13.705121,45.740224],[13.70524,45.740469],[13.705384,45.740701],[13.705423,45.740716],[13.705595,45.741379],[13.705629,45.741762],[13.70572,45.742091],[13.706072,45.742657],[13.707443,45.743857],[13.708727,45.744503],[13.709184,45.744762],[13.709663,45.745301],[13.710211,45.744966],[13.710515,45.744828],[13.710554,45.745074],[13.710757,45.745471],[13.710853,45.745606],[13.71083,45.745731],[13.710843,45.745749],[13.710964,45.74574],[13.711131,45.745637],[13.711245,45.745667],[13.711541,45.745611],[13.711721,45.74561],[13.712039,45.745653],[13.712169,45.745753],[13.712258,45.745849],[13.712447,45.7459],[13.712506,45.745939],[13.712807,45.746074],[13.712898,45.74619],[13.712888,45.7463],[13.712593,45.746363],[13.712425,45.746562],[13.712298,45.746653],[13.712161,45.746808],[13.71198,45.747101],[13.711647,45.747498],[13.711306,45.747657],[13.711301,45.747685],[13.711976,45.748248],[13.712233,45.748407],[13.713068,45.749045],[13.71311,45.749095],[13.713337,45.749202],[13.713652,45.749524],[13.713781,45.749514],[13.713858,45.749597],[13.714015,45.749574],[13.714123,45.749706],[13.714254,45.749958],[13.71423,45.750023],[13.714449,45.750202],[13.714166,45.750357],[13.714034,45.750473],[13.713971,45.750448],[13.713939,45.750451],[13.712906,45.751147],[13.712204,45.751594],[13.710217,45.752345],[13.709264,45.752906],[13.706982,45.754296],[13.705942,45.754252],[13.705933,45.754264],[13.705957,45.754283],[13.706803,45.75433],[13.708057,45.755406],[13.708193,45.755556],[13.708282,45.755764],[13.708633,45.756068],[13.70894,45.756479],[13.709047,45.756544],[13.709045,45.756628],[13.708922,45.756857],[13.708561,45.757074],[13.708207,45.757142],[13.707545,45.75698],[13.707407,45.757003],[13.707361,45.757169],[13.707483,45.757614],[13.707494,45.757856],[13.707602,45.75803],[13.707838,45.758208],[13.707869,45.7583],[13.706846,45.759109],[13.706804,45.759095],[13.706744,45.759133],[13.706763,45.759175],[13.706167,45.759661],[13.705672,45.760155],[13.705248,45.760675],[13.705228,45.760664],[13.705197,45.760673],[13.704508,45.761604],[13.704535,45.761637],[13.704519,45.761664],[13.704109,45.762223],[13.703852,45.762478],[13.703861,45.762518],[13.703888,45.762535],[13.703906,45.762529],[13.704125,45.762309],[13.704292,45.762078],[13.704566,45.761755],[13.704575,45.761729],[13.704546,45.761707],[13.70531,45.760688],[13.705328,45.760708],[13.705359,45.7607],[13.705722,45.760258],[13.706217,45.75977],[13.706791,45.759306],[13.706775,45.759267],[13.706846,45.759214],[13.706899,45.759221],[13.707915,45.758426],[13.707962,45.758554],[13.707474,45.759212],[13.707695,45.759558],[13.70783,45.759631],[13.70802,45.759656],[13.708059,45.759716],[13.708397,45.759807],[13.709309,45.759704],[13.709445,45.760006],[13.709421,45.760323],[13.709474,45.760487],[13.709501,45.760501],[13.709676,45.760493],[13.709922,45.760603],[13.710088,45.760632],[13.710172,45.7607],[13.710101,45.760756],[13.710001,45.760789],[13.709988,45.760811],[13.7105,45.761756],[13.710341,45.761803],[13.710328,45.761829],[13.710467,45.762018],[13.710649,45.762124],[13.710727,45.762359],[13.710725,45.762614],[13.711051,45.762648],[13.711207,45.762614],[13.711486,45.762799],[13.711518,45.762949],[13.711605,45.763063],[13.711694,45.763074],[13.711988,45.763223],[13.71203,45.763332],[13.712085,45.763735],[13.712073,45.763943],[13.712248,45.764194],[13.712573,45.764393],[13.712899,45.764494],[13.71306,45.7645],[13.713094,45.764431],[13.713611,45.764539],[13.713787,45.764548],[13.713836,45.764597],[13.714104,45.764526],[13.714709,45.765305],[13.715479,45.765805],[13.715654,45.765893],[13.715785,45.765979],[13.715949,45.766044],[13.716155,45.76616],[13.716884,45.766404],[13.717526,45.766588],[13.718157,45.766826],[13.718527,45.766945],[13.718861,45.767178],[13.719545,45.767159],[13.719675,45.76721],[13.719736,45.76731],[13.71973,45.76763],[13.719708,45.767675],[13.719954,45.768008],[13.720197,45.768228],[13.720265,45.768347],[13.720765,45.768741],[13.721253,45.76921],[13.720132,45.76999],[13.718769,45.770672],[13.717228,45.771224],[13.716379,45.771593],[13.714957,45.77205],[13.713031,45.772761],[13.710222,45.773983],[13.708782,45.774669],[13.707164,45.775692],[13.706165,45.776261],[13.705652,45.776582],[13.705629,45.776547],[13.705598,45.776546],[13.704276,45.777193],[13.702997,45.778069],[13.701349,45.778882],[13.700834,45.7794],[13.700699,45.779294],[13.700602,45.779266],[13.700747,45.778898],[13.700767,45.778654],[13.700677,45.778301],[13.700564,45.778134],[13.700271,45.777897],[13.700082,45.77781],[13.699749,45.777412],[13.698787,45.776501],[13.698466,45.776073],[13.698037,45.775622],[13.697282,45.774891],[13.697106,45.774668],[13.696953,45.774391],[13.696921,45.774379],[13.696906,45.774388],[13.696924,45.77446],[13.697091,45.774765],[13.697263,45.774984],[13.698005,45.775696],[13.698436,45.776144],[13.698751,45.776566],[13.699697,45.777462],[13.70002,45.777853],[13.700208,45.777938],[13.700494,45.77817],[13.700607,45.778336],[13.700696,45.778688],[13.700677,45.778921],[13.700494,45.779388],[13.700441,45.779466],[13.698753,45.781117],[13.698338,45.781436],[13.698311,45.781523],[13.697847,45.781908],[13.696894,45.782837],[13.696898,45.782862],[13.696952,45.782895],[13.694594,45.78438],[13.692265,45.785974],[13.690506,45.78723],[13.689305,45.788111],[13.6863,45.79008],[13.685689,45.790341],[13.684998,45.790694],[13.684485,45.790919],[13.683487,45.791426],[13.681049,45.792474],[13.680332,45.792856],[13.680213,45.793034],[13.679497,45.794363],[13.679224,45.794201],[13.678888,45.793945],[13.677673,45.793381],[13.677157,45.793095],[13.677087,45.793088],[13.676924,45.792983],[13.676647,45.792851],[13.676239,45.792802],[13.675962,45.79263],[13.675784,45.792432],[13.675735,45.792312],[13.675707,45.792144],[13.675711,45.792043],[13.675769,45.791971],[13.675932,45.791589],[13.675893,45.791489],[13.675676,45.791286],[13.675437,45.791144],[13.67521,45.791059],[13.67494,45.790857],[13.674896,45.790835],[13.674527,45.790746],[13.673774,45.791892],[13.673034,45.793585],[13.67273,45.794123],[13.672267,45.795326],[13.671698,45.795877],[13.671066,45.796655],[13.670756,45.796804],[13.670726,45.797026],[13.67066,45.797234],[13.670669,45.79761],[13.670735,45.797719],[13.670314,45.798493],[13.67002,45.798894],[13.669599,45.799287],[13.669395,45.799521],[13.667069,45.799669],[13.66704,45.799693],[13.667091,45.799804],[13.666123,45.799881],[13.666118,45.79976],[13.666087,45.799742],[13.663925,45.800046],[13.662917,45.80012],[13.65812,45.800373],[13.653542,45.7997],[13.649928,45.799303],[13.649135,45.799294],[13.648688,45.799263],[13.644937,45.798827],[13.644329,45.798768],[13.643164,45.798718],[13.64229,45.798347],[13.64167,45.798398],[13.641368,45.798437],[13.640561,45.798498],[13.638399,45.798187],[13.637837,45.79813],[13.637812,45.798138],[13.637664,45.798285],[13.637683,45.798791],[13.637628,45.800286],[13.637636,45.801388],[13.636141,45.800837],[13.634949,45.800433],[13.633835,45.800018],[13.632857,45.799684],[13.631238,45.799076],[13.62968,45.798537],[13.627882,45.797885],[13.626863,45.797532],[13.62619,45.79712],[13.625947,45.796991],[13.624467,45.796296],[13.624169,45.796173],[13.624146,45.796185],[13.623991,45.796523],[13.623834,45.796441],[13.623795,45.796449],[13.623597,45.796933],[13.623438,45.798068],[13.623749,45.799713],[13.623729,45.799782],[13.623774,45.800046],[13.622924,45.800193],[13.622822,45.800351],[13.62166,45.800314],[13.621263,45.800418],[13.620364,45.800486],[13.619499,45.800659],[13.618547,45.80107],[13.617327,45.801351],[13.617285,45.801348],[13.615473,45.802311],[13.615464,45.802594],[13.615145,45.802893],[13.613641,45.803229],[13.611917,45.802983],[13.611189,45.802656],[13.610599,45.802842],[13.609792,45.803198],[13.609298,45.803281],[13.608769,45.803395],[13.608681,45.80338],[13.607924,45.803614],[13.607514,45.803709],[13.606815,45.803766],[13.605567,45.803808],[13.604198,45.803943],[13.603992,45.803979],[13.603773,45.804072],[13.603172,45.804444],[13.602876,45.804556],[13.595764,45.80794],[13.595765,45.808118],[13.595427,45.807996],[13.594973,45.808048],[13.594663,45.807778],[13.5945,45.807721],[13.594611,45.807409],[13.594764,45.807187],[13.594788,45.807066],[13.594719,45.80687],[13.594251,45.806384],[13.593989,45.806307],[13.592682,45.805633],[13.592546,45.805607],[13.591062,45.80575],[13.590711,45.805863],[13.590404,45.805833],[13.590311,45.805963],[13.590257,45.80594],[13.590173,45.805946],[13.590173,45.805839],[13.589962,45.805634],[13.58942,45.805558],[13.589258,45.805579],[13.589136,45.805627],[13.588902,45.805589],[13.588659,45.805646],[13.588633,45.805558],[13.588711,45.805433],[13.588521,45.805143],[13.588092,45.804861],[13.587628,45.804598],[13.587394,45.804511],[13.588862,45.803839],[13.588873,45.80382],[13.586567,45.802397],[13.586155,45.802164]]],[[[13.584831,45.799865],[13.584703,45.799953],[13.584621,45.800083],[13.584474,45.800082],[13.584575,45.799962],[13.584723,45.799883],[13.584744,45.799798],[13.584664,45.799758],[13.584698,45.7997],[13.584772,45.799743],[13.584807,45.799782],[13.584831,45.799865]]],[[[13.663901,45.761868],[13.663763,45.761914],[13.663735,45.761864],[13.663901,45.761868]]]]},"properties":{"prov":"TS","comune_amm":"D383","comune_descr":"DUINO-AURISINA","fascia":"R","zona":"R1","zona_descr":"REGIONE AGRARIA 19 - MEDEAZZA - SLIVIA - S.PELAGIO - MALCHINA","microzona":2,"semestre":"2025/2"}},{"type":"Feature","geometry":{"type":"MultiPolygon","coordinates":[[[[13.785138,45.719077],[13.785302,45.718975],[13.78545,45.718958],[13.785467,45.718828],[13.785739,45.718771],[13.78665,45.718847],[13.786685,45.71824],[13.786977,45.718242],[13.787083,45.718188],[13.787997,45.718427],[13.78803,45.718417],[13.788213,45.718082],[13.788187,45.717629],[13.788165,45.717616],[13.787717,45.717592],[13.787345,45.717596],[13.786985,45.71752],[13.786996,45.716935],[13.787211,45.71687],[13.787363,45.717118],[13.787903,45.716999],[13.788173,45.717228],[13.789179,45.717206],[13.789261,45.717533],[13.790112,45.717895],[13.790465,45.718324],[13.790534,45.718592],[13.790842,45.71879],[13.790893,45.718866],[13.79113,45.719026],[13.791265,45.719093],[13.791378,45.719132],[13.791413,45.719123],[13.791402,45.719099],[13.791343,45.719077],[13.790969,45.718841],[13.79094,45.718777],[13.79078,45.718651],[13.790589,45.718566],[13.790525,45.718297],[13.790166,45.717859],[13.789331,45.717499],[13.789243,45.717018],[13.789533,45.716479],[13.789431,45.716173],[13.789642,45.71603],[13.790892,45.715644],[13.790908,45.715626],[13.790895,45.715503],[13.791129,45.715599],[13.791358,45.715873],[13.790879,45.71614],[13.790876,45.716166],[13.790916,45.716209],[13.790767,45.716366],[13.790668,45.716444],[13.790663,45.716464],[13.792406,45.717118],[13.791488,45.718073],[13.791522,45.718085],[13.79201,45.718024],[13.792261,45.718032],[13.792853,45.718176],[13.792916,45.71842],[13.7931,45.718457],[13.793143,45.718371],[13.793204,45.718441],[13.793212,45.718482],[13.793185,45.718564],[13.793121,45.718589],[13.793092,45.718678],[13.792975,45.718721],[13.792988,45.718744],[13.793206,45.718695],[13.793519,45.71855],[13.793722,45.718515],[13.793834,45.718564],[13.793848,45.718618],[13.793952,45.718659],[13.793754,45.718798],[13.79368,45.718873],[13.793841,45.719036],[13.793801,45.719271],[13.79398,45.719512],[13.794024,45.719635],[13.794046,45.71965],[13.793882,45.719682],[13.793865,45.719697],[13.793801,45.719948],[13.793741,45.720442],[13.793662,45.720554],[13.793523,45.72063],[13.793575,45.720666],[13.793261,45.721173],[13.793117,45.721369],[13.792748,45.721605],[13.792766,45.721627],[13.792786,45.721625],[13.792909,45.721579],[13.792986,45.721716],[13.793011,45.721728],[13.793533,45.721425],[13.793773,45.721241],[13.794224,45.72109],[13.794376,45.721123],[13.794652,45.720969],[13.794826,45.720493],[13.794721,45.720062],[13.794815,45.719739],[13.795447,45.719718],[13.795481,45.719791],[13.79601,45.719955],[13.79603,45.719938],[13.796042,45.719854],[13.796165,45.719764],[13.796239,45.719744],[13.796293,45.719957],[13.796477,45.71997],[13.796575,45.71993],[13.79657,45.719976],[13.796475,45.720181],[13.796512,45.720427],[13.79654,45.720443],[13.796822,45.720222],[13.796842,45.720145],[13.796911,45.720162],[13.796942,45.720155],[13.797187,45.719896],[13.79727,45.71968],[13.797222,45.719608],[13.797001,45.719427],[13.796972,45.719422],[13.796838,45.719453],[13.796819,45.719419],[13.79689,45.719342],[13.797041,45.719406],[13.797313,45.71962],[13.797349,45.719622],[13.797454,45.719555],[13.797488,45.719373],[13.797627,45.719177],[13.797809,45.719038],[13.797862,45.719036],[13.797651,45.7192],[13.797568,45.719415],[13.797584,45.719437],[13.797618,45.719435],[13.797931,45.719237],[13.798583,45.719438],[13.798802,45.719185],[13.798928,45.719073],[13.799443,45.718858],[13.799857,45.718703],[13.800079,45.718639],[13.800516,45.71847],[13.801442,45.717966],[13.801635,45.717841],[13.801636,45.717816],[13.80158,45.717804],[13.801577,45.717615],[13.801544,45.717611],[13.801533,45.717622],[13.801502,45.717699],[13.801185,45.717643],[13.800768,45.717449],[13.800691,45.717177],[13.801181,45.717026],[13.801305,45.71702],[13.80136,45.717122],[13.801425,45.717178],[13.801457,45.717182],[13.801474,45.717167],[13.801788,45.717088],[13.802153,45.716892],[13.802492,45.717286],[13.803301,45.716826],[13.80383,45.716734],[13.804516,45.716741],[13.804733,45.716719],[13.805049,45.716603],[13.805219,45.716498],[13.805262,45.71632],[13.805061,45.7162],[13.805047,45.716146],[13.804974,45.716155],[13.804741,45.716021],[13.804723,45.715867],[13.804831,45.715787],[13.804956,45.715755],[13.805064,45.715791],[13.805196,45.715623],[13.805293,45.715613],[13.805628,45.71545],[13.806078,45.715358],[13.806293,45.71537],[13.806411,45.715464],[13.806568,45.715634],[13.806552,45.715684],[13.806584,45.715693],[13.806905,45.715597],[13.806884,45.715529],[13.80686,45.715517],[13.806623,45.715618],[13.806473,45.715409],[13.806774,45.71529],[13.806788,45.715259],[13.807209,45.715192],[13.807299,45.715087],[13.807414,45.715066],[13.807635,45.715075],[13.807908,45.715053],[13.807964,45.715085],[13.808003,45.715081],[13.808121,45.714945],[13.808183,45.714272],[13.808166,45.713862],[13.80808,45.713502],[13.807902,45.71301],[13.807833,45.712893],[13.807599,45.712652],[13.806969,45.712129],[13.806818,45.711979],[13.806325,45.711119],[13.805647,45.710012],[13.805488,45.709775],[13.805165,45.709403],[13.804609,45.708897],[13.80317,45.707894],[13.802624,45.707534],[13.802414,45.707347],[13.802001,45.706768],[13.801728,45.706301],[13.801236,45.705426],[13.800889,45.704638],[13.801064,45.704811],[13.801113,45.704891],[13.801295,45.705315],[13.802213,45.70692],[13.802382,45.707164],[13.802501,45.707299],[13.802732,45.707484],[13.803577,45.708088],[13.804514,45.708718],[13.804764,45.708904],[13.805269,45.709348],[13.805472,45.709572],[13.805917,45.710222],[13.806935,45.711934],[13.807078,45.712083],[13.807735,45.712636],[13.80797,45.712868],[13.808226,45.713529],[13.808266,45.713697],[13.808293,45.714124],[13.80824,45.714953],[13.808305,45.714952],[13.808387,45.715046],[13.808493,45.71502],[13.808514,45.715035],[13.808546,45.715031],[13.808981,45.714696],[13.809156,45.714592],[13.809479,45.71461],[13.809724,45.714757],[13.81017,45.714865],[13.810222,45.714853],[13.810246,45.714874],[13.810327,45.71485],[13.810338,45.714918],[13.810363,45.714934],[13.810704,45.714939],[13.810796,45.714897],[13.810853,45.715014],[13.811006,45.715063],[13.811196,45.71501],[13.811754,45.714901],[13.811736,45.715039],[13.811658,45.715149],[13.811525,45.715248],[13.811555,45.715265],[13.811621,45.715261],[13.811703,45.715668],[13.811558,45.715672],[13.811531,45.715691],[13.81155,45.716021],[13.811995,45.716008],[13.812648,45.715946],[13.812689,45.716045],[13.812826,45.716024],[13.81309,45.716011],[13.813153,45.716164],[13.813181,45.716313],[13.813315,45.716529],[13.813322,45.716661],[13.813444,45.71688],[13.81339,45.7171],[13.813297,45.717195],[13.813457,45.717547],[13.813259,45.717988],[13.812561,45.717878],[13.812405,45.717913],[13.812337,45.717953],[13.812287,45.718017],[13.812301,45.718157],[13.812484,45.718365],[13.812777,45.718624],[13.812377,45.719065],[13.812337,45.719063],[13.811988,45.718803],[13.811938,45.718722],[13.811927,45.7185],[13.811892,45.718428],[13.811793,45.718353],[13.811622,45.718326],[13.811413,45.718219],[13.811377,45.718164],[13.811349,45.718154],[13.811328,45.718181],[13.811394,45.718272],[13.811553,45.718356],[13.811718,45.718378],[13.8118,45.718412],[13.811861,45.718523],[13.811866,45.71873],[13.811924,45.718814],[13.812206,45.719048],[13.811427,45.71909],[13.811289,45.718968],[13.811227,45.719002],[13.81113,45.718836],[13.811155,45.718675],[13.811124,45.718642],[13.811122,45.718469],[13.811009,45.718412],[13.810985,45.718429],[13.810972,45.718664],[13.810907,45.718963],[13.810803,45.718882],[13.810687,45.718826],[13.81041,45.718771],[13.810351,45.718768],[13.80991,45.718834],[13.809558,45.718933],[13.809063,45.71913],[13.808848,45.719141],[13.808527,45.719352],[13.80841,45.719468],[13.808176,45.719627],[13.807849,45.719726],[13.807478,45.719683],[13.80696,45.719679],[13.805297,45.720041],[13.804884,45.720106],[13.80441,45.720163],[13.804175,45.720166],[13.804146,45.720141],[13.803677,45.720125],[13.803625,45.720169],[13.80344,45.720208],[13.803319,45.720173],[13.803079,45.720266],[13.802946,45.720232],[13.802834,45.720053],[13.8027,45.72009],[13.802539,45.720159],[13.802452,45.720123],[13.802347,45.720176],[13.80231,45.72002],[13.80242,45.719955],[13.802458,45.7199],[13.802428,45.719887],[13.802386,45.719893],[13.802364,45.719811],[13.80228,45.71977],[13.802214,45.719556],[13.802207,45.719445],[13.802157,45.719405],[13.801984,45.719023],[13.801405,45.719099],[13.800954,45.719006],[13.800586,45.719071],[13.800569,45.719081],[13.800588,45.719127],[13.800557,45.719221],[13.800416,45.719348],[13.800567,45.71968],[13.800498,45.719805],[13.80053,45.72004],[13.800459,45.720328],[13.800354,45.720543],[13.800226,45.720754],[13.799932,45.721105],[13.799401,45.721468],[13.799062,45.721752],[13.798711,45.721679],[13.798679,45.721685],[13.797908,45.721466],[13.79653,45.721889],[13.796352,45.721921],[13.796323,45.721901],[13.796406,45.72177],[13.796333,45.721657],[13.79651,45.721595],[13.796548,45.721546],[13.797017,45.721393],[13.7973,45.721318],[13.797315,45.72129],[13.797879,45.72112],[13.798039,45.721058],[13.798563,45.720707],[13.798839,45.720374],[13.798974,45.720099],[13.799102,45.719767],[13.799348,45.719408],[13.799805,45.719076],[13.800273,45.718897],[13.800283,45.71887],[13.800241,45.718827],[13.800208,45.718821],[13.799705,45.719013],[13.799238,45.719349],[13.798994,45.719707],[13.798792,45.720194],[13.798663,45.720409],[13.798453,45.72065],[13.797924,45.721006],[13.797761,45.721068],[13.796213,45.721542],[13.795561,45.721781],[13.794715,45.722129],[13.794081,45.722319],[13.793806,45.722316],[13.793629,45.722255],[13.793394,45.722203],[13.793152,45.722114],[13.793093,45.722132],[13.792318,45.722189],[13.792295,45.722204],[13.792309,45.722231],[13.792357,45.722247],[13.793188,45.722186],[13.793364,45.722264],[13.793659,45.722353],[13.793818,45.722437],[13.793917,45.722446],[13.79413,45.722385],[13.794031,45.722487],[13.793939,45.722544],[13.793896,45.722887],[13.793821,45.72313],[13.793842,45.723151],[13.793897,45.723157],[13.793926,45.723142],[13.79399,45.722925],[13.794041,45.722536],[13.79412,45.722491],[13.794236,45.722378],[13.794877,45.722185],[13.795616,45.721881],[13.796178,45.72173],[13.796239,45.721763],[13.796291,45.721822],[13.796096,45.722024],[13.796037,45.722029],[13.796005,45.722066],[13.79576,45.722179],[13.795446,45.722365],[13.795185,45.722485],[13.795361,45.722671],[13.7958,45.723343],[13.795834,45.723352],[13.796002,45.723303],[13.796421,45.723748],[13.796331,45.723802],[13.79647,45.723956],[13.795982,45.724037],[13.795954,45.724055],[13.795633,45.723956],[13.794826,45.723862],[13.794818,45.723739],[13.794789,45.723721],[13.794737,45.723725],[13.794713,45.723742],[13.794726,45.723888],[13.794441,45.724044],[13.794055,45.724097],[13.793778,45.724212],[13.79327,45.724461],[13.792692,45.724646],[13.792417,45.724682],[13.79222,45.724742],[13.792201,45.72476],[13.791978,45.724816],[13.791872,45.724812],[13.791833,45.724885],[13.791776,45.724884],[13.791728,45.724847],[13.79173,45.724812],[13.791707,45.724792],[13.791549,45.724783],[13.79156,45.724891],[13.791421,45.725005],[13.791409,45.725077],[13.791304,45.725084],[13.791153,45.725023],[13.791109,45.724961],[13.790953,45.724966],[13.790849,45.724926],[13.790802,45.724851],[13.790835,45.724809],[13.790976,45.72474],[13.790994,45.724672],[13.790879,45.724652],[13.790675,45.724582],[13.790677,45.724447],[13.790641,45.724404],[13.790441,45.724428],[13.790176,45.724425],[13.79011,45.724436],[13.790017,45.724425],[13.789826,45.724287],[13.789789,45.724236],[13.789256,45.72394],[13.788908,45.723837],[13.788584,45.723762],[13.788555,45.723714],[13.78835,45.72376],[13.788201,45.723548],[13.788652,45.723445],[13.788684,45.723528],[13.788716,45.723529],[13.78875,45.723499],[13.788699,45.7233],[13.78919,45.723181],[13.789354,45.723092],[13.789683,45.723005],[13.789794,45.722824],[13.789879,45.722796],[13.789892,45.722758],[13.790062,45.722704],[13.790346,45.722692],[13.790388,45.722603],[13.790569,45.722522],[13.790442,45.722363],[13.790755,45.722296],[13.790806,45.722301],[13.79083,45.722247],[13.790902,45.722187],[13.790984,45.722196],[13.791189,45.722127],[13.791237,45.722081],[13.791241,45.722003],[13.791193,45.721929],[13.791287,45.721791],[13.79128,45.721768],[13.791344,45.721668],[13.791355,45.721613],[13.791382,45.721586],[13.791487,45.721551],[13.791438,45.721484],[13.791362,45.72148],[13.791283,45.721535],[13.791174,45.721707],[13.791185,45.721736],[13.791148,45.721767],[13.791098,45.721866],[13.791135,45.721945],[13.791132,45.722038],[13.791101,45.722062],[13.790872,45.722144],[13.790787,45.722143],[13.790708,45.722201],[13.790718,45.722243],[13.790656,45.722258],[13.790582,45.722242],[13.790356,45.722333],[13.790348,45.72236],[13.790464,45.722477],[13.790293,45.722555],[13.79027,45.722598],[13.790042,45.722633],[13.789679,45.722644],[13.789389,45.722585],[13.789145,45.722513],[13.78899,45.722441],[13.7884,45.72203],[13.787772,45.721635],[13.787464,45.721414],[13.786704,45.720924],[13.78651,45.720824],[13.786144,45.720669],[13.785971,45.720575],[13.785859,45.72046],[13.785789,45.720317],[13.785609,45.719567],[13.785463,45.719387],[13.785138,45.719077]],[[13.791763,45.719255],[13.791777,45.719265],[13.792017,45.719348],[13.792143,45.719498],[13.792177,45.719505],[13.79219,45.719483],[13.792158,45.719418],[13.792063,45.719329],[13.792051,45.719226],[13.792148,45.719135],[13.792248,45.719085],[13.79225,45.71905],[13.792389,45.71895],[13.792629,45.718917],[13.792789,45.718801],[13.792953,45.718758],[13.792964,45.718731],[13.792846,45.718698],[13.792745,45.71876],[13.79225,45.718947],[13.791922,45.719204],[13.791781,45.719232],[13.791763,45.719255]]],[[[13.785272,45.725125],[13.785308,45.725071],[13.785371,45.725064],[13.785454,45.724932],[13.785745,45.724932],[13.786049,45.724653],[13.786046,45.724629],[13.78584,45.72449],[13.78586,45.724446],[13.785732,45.724414],[13.785369,45.724275],[13.785611,45.724127],[13.785826,45.723962],[13.785962,45.723931],[13.7861,45.723854],[13.78631,45.723554],[13.786613,45.723573],[13.786801,45.723624],[13.786999,45.723654],[13.787099,45.723683],[13.787206,45.723736],[13.787328,45.723869],[13.787346,45.723877],[13.787408,45.723853],[13.787932,45.724532],[13.787654,45.724552],[13.787411,45.724628],[13.787181,45.724754],[13.786901,45.724945],[13.78671,45.725011],[13.786462,45.725018],[13.786436,45.725047],[13.786327,45.725093],[13.786188,45.725124],[13.78561,45.725067],[13.785491,45.725067],[13.78544,45.725075],[13.785305,45.72515],[13.785272,45.725125]]],[[[13.789676,45.722798],[13.789588,45.722939],[13.789305,45.723014],[13.78918,45.723096],[13.788589,45.72326],[13.788571,45.723314],[13.78769,45.723493],[13.786684,45.723502],[13.786489,45.723451],[13.785644,45.723387],[13.785376,45.723318],[13.78516,45.723231],[13.784064,45.722963],[13.783532,45.722997],[13.783504,45.723017],[13.782654,45.723144],[13.782474,45.723192],[13.781892,45.723264],[13.781474,45.723383],[13.781036,45.723444],[13.780704,45.723418],[13.780408,45.723476],[13.779956,45.723789],[13.779707,45.724025],[13.779601,45.724279],[13.779119,45.724979],[13.779001,45.725179],[13.778756,45.725418],[13.77873,45.725391],[13.778982,45.725128],[13.779266,45.724675],[13.77956,45.724263],[13.779657,45.724024],[13.779909,45.723787],[13.780378,45.723455],[13.780694,45.723395],[13.781043,45.723418],[13.781396,45.723364],[13.781856,45.723238],[13.782431,45.723167],[13.782853,45.723049],[13.782874,45.723029],[13.78407,45.722919],[13.784106,45.722879],[13.784426,45.722749],[13.784589,45.722712],[13.784904,45.722586],[13.785622,45.722334],[13.785683,45.722241],[13.785653,45.722099],[13.785893,45.722085],[13.78592,45.722035],[13.786251,45.721953],[13.786535,45.721861],[13.786548,45.721838],[13.786494,45.721743],[13.786468,45.721732],[13.786221,45.721778],[13.786166,45.721829],[13.785886,45.721899],[13.785579,45.721902],[13.785433,45.721873],[13.785308,45.7219],[13.785193,45.721891],[13.785119,45.721868],[13.784944,45.721725],[13.784889,45.72163],[13.784882,45.721555],[13.785094,45.721472],[13.785371,45.721317],[13.785456,45.721234],[13.785812,45.721022],[13.785819,45.720999],[13.785791,45.720965],[13.78589,45.720894],[13.786148,45.720809],[13.786289,45.720812],[13.786457,45.720874],[13.786703,45.721011],[13.788009,45.72186],[13.788065,45.721997],[13.788205,45.722093],[13.788295,45.722063],[13.78843,45.722198],[13.788341,45.722239],[13.788333,45.722264],[13.788561,45.722298],[13.788747,45.722363],[13.788853,45.722489],[13.789611,45.722742],[13.789676,45.722798]]]]},"properties":{"prov":"TS","comune_amm":"F378","comune_descr":"MONRUPINO","fascia":"B","zona":"B1","zona_descr":"INTERO TERRITORIO DEL COMUNE","microzona":0,"semestre":"2025/2"}},{"type":"Feature","geometry":{"type":"MultiPolygon","coordinates":[[[[13.774704,45.720818],[13.773628,45.71867],[13.774782,45.716661],[13.776283,45.715799],[13.77661,45.715645],[13.776997,45.715412],[13.777044,45.715238],[13.777135,45.715246],[13.777169,45.715287],[13.777199,45.715284],[13.777593,45.71504],[13.778265,45.714597],[13.778393,45.714387],[13.77855,45.714331],[13.779026,45.714007],[13.780023,45.713375],[13.780463,45.713042],[13.780618,45.712981],[13.780615,45.712929],[13.780718,45.712925],[13.780786,45.712899],[13.780796,45.712874],[13.780624,45.712677],[13.780756,45.712531],[13.780868,45.712447],[13.781303,45.712424],[13.781411,45.712478],[13.78145,45.712615],[13.781492,45.712626],[13.782561,45.711987],[13.784266,45.710826],[13.786048,45.709723],[13.78629,45.709627],[13.788853,45.708224],[13.788863,45.708205],[13.787928,45.705577],[13.79749,45.704241],[13.80051,45.704276],[13.800887,45.704634],[13.801236,45.705426],[13.801692,45.706238],[13.801739,45.706244],[13.802212,45.706708],[13.802819,45.70709],[13.804713,45.706702],[13.805495,45.705444],[13.805054,45.703923],[13.812034,45.701039],[13.814955,45.69981],[13.818372,45.698551],[13.819059,45.698776],[13.819848,45.69899],[13.820541,45.699207],[13.820615,45.699208],[13.822369,45.699745],[13.822455,45.699756],[13.823339,45.70002],[13.823737,45.700156],[13.825135,45.70056],[13.826319,45.700971],[13.826351,45.700966],[13.826852,45.700499],[13.826999,45.700442],[13.827318,45.700359],[13.827867,45.700257],[13.828191,45.700314],[13.828402,45.700402],[13.828678,45.700567],[13.828746,45.700677],[13.828779,45.700688],[13.828795,45.700666],[13.828747,45.700546],[13.828662,45.70041],[13.828385,45.700246],[13.828178,45.700159],[13.827845,45.700102],[13.8273,45.700205],[13.826976,45.700289],[13.826833,45.700345],[13.826312,45.700826],[13.825107,45.70041],[13.823703,45.700007],[13.823302,45.699871],[13.822418,45.699608],[13.822323,45.699595],[13.820567,45.69906],[13.820493,45.69906],[13.819795,45.698843],[13.819002,45.698629],[13.818318,45.698403],[13.824265,45.696086],[13.824552,45.696095],[13.825202,45.695977],[13.825303,45.69584],[13.825455,45.695706],[13.825522,45.695685],[13.825472,45.695515],[13.825512,45.695453],[13.825918,45.695435],[13.82616,45.695407],[13.826537,45.695446],[13.826635,45.695343],[13.827418,45.695604],[13.828119,45.695493],[13.828126,45.695433],[13.828474,45.694812],[13.828536,45.694653],[13.828754,45.693999],[13.828717,45.693807],[13.828782,45.693702],[13.828845,45.693668],[13.828922,45.693418],[13.829057,45.693366],[13.829177,45.693145],[13.829233,45.692915],[13.829229,45.692808],[13.829311,45.692684],[13.829297,45.692605],[13.829357,45.692561],[13.829434,45.692299],[13.829762,45.691689],[13.829946,45.691438],[13.830033,45.691336],[13.830106,45.691332],[13.830178,45.691293],[13.830234,45.691296],[13.830375,45.691156],[13.831011,45.69076],[13.83116,45.690623],[13.831622,45.690367],[13.831971,45.690109],[13.832123,45.689935],[13.832124,45.689894],[13.832058,45.689864],[13.832096,45.689806],[13.832271,45.689758],[13.832395,45.689746],[13.832615,45.689657],[13.8328,45.689538],[13.832737,45.689993],[13.832621,45.690288],[13.832439,45.690733],[13.831514,45.692718],[13.831424,45.692983],[13.83222,45.695821],[13.833818,45.696809],[13.834689,45.697285],[13.835658,45.697928],[13.835899,45.698035],[13.835904,45.698144],[13.835816,45.699029],[13.835484,45.700096],[13.83543,45.700211],[13.835468,45.700245],[13.835443,45.700344],[13.835052,45.700948],[13.83451,45.701694],[13.834396,45.702722],[13.834414,45.703454],[13.834245,45.704429],[13.834083,45.705889],[13.834073,45.706217],[13.834001,45.70689],[13.83403,45.707177],[13.833182,45.708044],[13.826622,45.714493],[13.826573,45.714583],[13.81642,45.720191],[13.814243,45.721418],[13.813988,45.721224],[13.813944,45.721209],[13.81376,45.721194],[13.81256,45.72127],[13.812413,45.721309],[13.812256,45.721321],[13.81179,45.721183],[13.811447,45.720969],[13.811398,45.720924],[13.811362,45.720921],[13.811355,45.720945],[13.811461,45.721059],[13.811792,45.721267],[13.812285,45.721401],[13.812415,45.721399],[13.812588,45.721354],[13.813774,45.721292],[13.813964,45.721307],[13.814012,45.721325],[13.814254,45.721525],[13.813774,45.721786],[13.813259,45.722026],[13.811958,45.722694],[13.810858,45.723296],[13.810757,45.723348],[13.810716,45.723354],[13.809325,45.724841],[13.808798,45.725364],[13.80806,45.726055],[13.807528,45.726703],[13.80702,45.727218],[13.806665,45.727644],[13.805676,45.728614],[13.805438,45.729034],[13.804978,45.729613],[13.804754,45.730197],[13.804527,45.730539],[13.804047,45.73115],[13.8037,45.731794],[13.803541,45.732048],[13.803148,45.732595],[13.802143,45.734125],[13.802069,45.734151],[13.802087,45.734176],[13.802129,45.734181],[13.802296,45.734153],[13.80157,45.735926],[13.801144,45.736759],[13.801057,45.737053],[13.800209,45.738762],[13.799408,45.740264],[13.797694,45.741392],[13.796153,45.742461],[13.795217,45.743083],[13.794461,45.743563],[13.79309,45.744396],[13.792625,45.744553],[13.790617,45.745336],[13.78975,45.745753],[13.788436,45.746353],[13.788037,45.745057],[13.788855,45.744617],[13.788608,45.744003],[13.788171,45.743496],[13.787587,45.743064],[13.787552,45.742776],[13.786716,45.741316],[13.78586,45.740409],[13.78581,45.740161],[13.785659,45.740071],[13.785496,45.739786],[13.785418,45.739572],[13.785392,45.739559],[13.785084,45.739563],[13.784854,45.73946],[13.784086,45.738995],[13.782464,45.738962],[13.782228,45.73876],[13.782022,45.738672],[13.782009,45.738252],[13.781722,45.737764],[13.781668,45.737418],[13.781411,45.736938],[13.781526,45.736858],[13.781547,45.736798],[13.781523,45.736777],[13.781441,45.73682],[13.781562,45.736212],[13.780387,45.733485],[13.780418,45.732584],[13.780649,45.728949],[13.780864,45.72886],[13.780931,45.72886],[13.780987,45.72884],[13.78107,45.728573],[13.780932,45.728314],[13.780714,45.727194],[13.780633,45.727095],[13.780607,45.726964],[13.779984,45.726445],[13.779018,45.725486],[13.779262,45.725247],[13.779377,45.725053],[13.779851,45.724371],[13.779957,45.724121],[13.780204,45.723889],[13.780645,45.723584],[13.780936,45.723526],[13.781266,45.723553],[13.781691,45.723495],[13.782101,45.72338],[13.782674,45.723309],[13.782849,45.723264],[13.783672,45.723144],[13.783697,45.723122],[13.784244,45.723089],[13.78531,45.723355],[13.785523,45.72344],[13.785758,45.723504],[13.786307,45.723553],[13.786102,45.723854],[13.78597,45.723929],[13.785823,45.723964],[13.785612,45.724126],[13.785388,45.724267],[13.7854,45.724287],[13.785731,45.724413],[13.785878,45.724446],[13.785853,45.724499],[13.786061,45.72464],[13.785747,45.724932],[13.785457,45.724934],[13.785365,45.725078],[13.785301,45.725082],[13.785275,45.725125],[13.785302,45.725144],[13.785385,45.725095],[13.785488,45.725067],[13.78561,45.725067],[13.786185,45.725123],[13.786322,45.725094],[13.786432,45.725049],[13.786501,45.724998],[13.786372,45.724889],[13.786414,45.724871],[13.786466,45.724904],[13.786571,45.725013],[13.786712,45.72501],[13.786906,45.724943],[13.787182,45.724753],[13.787412,45.724627],[13.787649,45.724553],[13.78791,45.724532],[13.787915,45.72451],[13.78742,45.723869],[13.787381,45.723864],[13.787343,45.723885],[13.787212,45.723741],[13.787101,45.723684],[13.786802,45.723624],[13.787783,45.723618],[13.788494,45.723484],[13.788212,45.723551],[13.788352,45.723755],[13.788573,45.723704],[13.78897,45.723765],[13.78853,45.723829],[13.788511,45.723851],[13.788534,45.723915],[13.788896,45.723976],[13.789249,45.72407],[13.789771,45.724362],[13.78981,45.724415],[13.790003,45.724552],[13.790087,45.724562],[13.790157,45.724551],[13.790495,45.724551],[13.790622,45.724527],[13.790658,45.724572],[13.79066,45.724706],[13.790858,45.724776],[13.790979,45.724794],[13.79096,45.724859],[13.79082,45.72493],[13.79079,45.724967],[13.790848,45.725051],[13.790912,45.725073],[13.791102,45.725073],[13.791119,45.725133],[13.79127,45.725189],[13.791378,45.725188],[13.791393,45.725123],[13.791533,45.725023],[13.791506,45.7249],[13.79171,45.724913],[13.791715,45.724965],[13.791746,45.72499],[13.791802,45.724996],[13.791842,45.724978],[13.791846,45.724921],[13.791957,45.724927],[13.792181,45.724874],[13.792383,45.724794],[13.792748,45.724746],[13.793237,45.724566],[13.793736,45.724336],[13.794063,45.724203],[13.794426,45.724141],[13.794698,45.724004],[13.795464,45.724094],[13.795814,45.724195],[13.796061,45.724713],[13.796093,45.725176],[13.796133,45.725189],[13.796253,45.725116],[13.79622,45.724624],[13.795972,45.724099],[13.795614,45.723993],[13.794834,45.723901],[13.794822,45.723864],[13.795629,45.723955],[13.795934,45.724049],[13.796435,45.723962],[13.796455,45.723945],[13.796322,45.723801],[13.796403,45.723761],[13.79641,45.723737],[13.796011,45.723314],[13.79598,45.723307],[13.795809,45.723356],[13.79536,45.72267],[13.795176,45.722484],[13.795447,45.722364],[13.79576,45.722179],[13.796002,45.722066],[13.796035,45.722027],[13.796092,45.722024],[13.796291,45.721812],[13.796187,45.721736],[13.79616,45.721733],[13.795619,45.72188],[13.796336,45.721594],[13.797307,45.721292],[13.797356,45.721303],[13.797019,45.721392],[13.796553,45.721544],[13.796514,45.721593],[13.796354,45.721649],[13.796341,45.721672],[13.79641,45.72178],[13.796331,45.721875],[13.796347,45.721914],[13.796531,45.721888],[13.797913,45.721465],[13.798662,45.72168],[13.798696,45.721676],[13.799046,45.721749],[13.799073,45.721744],[13.799401,45.721468],[13.79993,45.721106],[13.800225,45.720755],[13.800354,45.720544],[13.800485,45.720251],[13.80053,45.720039],[13.800496,45.719807],[13.800566,45.719683],[13.800414,45.719347],[13.800558,45.719219],[13.800591,45.719123],[13.801039,45.719031],[13.801549,45.719143],[13.802081,45.719067],[13.802257,45.719455],[13.802312,45.719494],[13.802399,45.719823],[13.802489,45.719869],[13.802497,45.719934],[13.802564,45.719932],[13.80251,45.720007],[13.802409,45.720068],[13.802446,45.720203],[13.802477,45.720204],[13.802559,45.720169],[13.802644,45.720207],[13.802895,45.720118],[13.802959,45.720066],[13.803043,45.72028],[13.803191,45.72032],[13.803444,45.720212],[13.803559,45.720259],[13.803708,45.720212],[13.803764,45.72017],[13.803889,45.720209],[13.804497,45.720207],[13.805235,45.72011],[13.807022,45.719726],[13.807537,45.71973],[13.807908,45.719771],[13.808232,45.719673],[13.808459,45.719518],[13.808576,45.719402],[13.808908,45.719182],[13.808955,45.719197],[13.809111,45.719179],[13.809601,45.718984],[13.809848,45.718908],[13.810381,45.718821],[13.810449,45.718823],[13.810718,45.718876],[13.810871,45.718962],[13.810908,45.718963],[13.810983,45.718607],[13.810996,45.7184],[13.811125,45.718468],[13.811124,45.718639],[13.811156,45.718668],[13.81113,45.71883],[13.811213,45.718992],[13.811245,45.718995],[13.811278,45.718951],[13.811441,45.71909],[13.812162,45.719051],[13.812179,45.719022],[13.811921,45.718811],[13.811865,45.718729],[13.811861,45.718524],[13.811802,45.718415],[13.811724,45.71838],[13.811556,45.718358],[13.811391,45.71827],[13.811321,45.718171],[13.81136,45.718139],[13.811416,45.718221],[13.811619,45.718325],[13.811805,45.718357],[13.811895,45.718429],[13.811926,45.718496],[13.811939,45.718724],[13.811986,45.718801],[13.812333,45.71906],[13.812366,45.719065],[13.812772,45.718625],[13.812485,45.718367],[13.8123,45.718156],[13.812285,45.71802],[13.812333,45.717957],[13.812406,45.717911],[13.81255,45.717878],[13.813255,45.717986],[13.813285,45.717959],[13.813456,45.717549],[13.813293,45.717194],[13.813345,45.717159],[13.813389,45.717101],[13.813443,45.716877],[13.81332,45.716657],[13.813314,45.716527],[13.813181,45.716315],[13.813153,45.716163],[13.813095,45.716024],[13.813069,45.716011],[13.812827,45.716024],[13.812684,45.716051],[13.812658,45.715962],[13.812629,45.715948],[13.811994,45.716008],[13.811543,45.716026],[13.811531,45.715676],[13.811673,45.715672],[13.8117,45.715652],[13.811624,45.715275],[13.811594,45.71526],[13.811478,45.715272],[13.811656,45.71515],[13.811735,45.71504],[13.811752,45.714927],[13.811736,45.714908],[13.811196,45.71501],[13.811011,45.715064],[13.810854,45.715018],[13.810799,45.71491],[13.810709,45.714939],[13.810345,45.714934],[13.810325,45.714865],[13.810295,45.714861],[13.810232,45.714881],[13.810207,45.714862],[13.810175,45.714867],[13.809722,45.714756],[13.809475,45.71461],[13.809161,45.714591],[13.808981,45.714695],[13.808506,45.715063],[13.808494,45.715025],[13.808384,45.71505],[13.808317,45.714965],[13.808253,45.714963],[13.808227,45.714902],[13.808277,45.714265],[13.808283,45.713901],[13.808274,45.713751],[13.808222,45.713484],[13.807972,45.71283],[13.807802,45.712653],[13.807771,45.712646],[13.807662,45.712679],[13.807646,45.712697],[13.807742,45.712784],[13.807902,45.713009],[13.80812,45.713625],[13.808178,45.71395],[13.808168,45.714521],[13.808122,45.714947],[13.807986,45.715098],[13.807903,45.715053],[13.807634,45.715075],[13.807412,45.715066],[13.807296,45.715091],[13.807216,45.715191],[13.806808,45.715256],[13.806787,45.715284],[13.806491,45.715399],[13.806482,45.715423],[13.806626,45.715611],[13.806873,45.715508],[13.806912,45.715599],[13.806535,45.715708],[13.806563,45.715628],[13.806411,45.715464],[13.806297,45.715373],[13.806085,45.715357],[13.805627,45.715451],[13.805291,45.715615],[13.8052,45.715624],[13.805067,45.715798],[13.804939,45.715756],[13.804837,45.715784],[13.804723,45.715871],[13.804746,45.716023],[13.804963,45.716149],[13.805049,45.716131],[13.805065,45.716203],[13.805212,45.716295],[13.805265,45.716299],[13.805223,45.716496],[13.805045,45.716605],[13.80473,45.71672],[13.804514,45.716741],[13.803831,45.716734],[13.803308,45.716824],[13.80249,45.717294],[13.802151,45.716899],[13.801785,45.717089],[13.801496,45.717161],[13.801481,45.717185],[13.80159,45.717369],[13.801579,45.71779],[13.801603,45.717808],[13.801675,45.717815],[13.801443,45.717965],[13.800519,45.718469],[13.800081,45.718639],[13.799857,45.718703],[13.799443,45.718858],[13.798935,45.71907],[13.798801,45.719185],[13.798584,45.719443],[13.797931,45.71924],[13.797602,45.719442],[13.797563,45.719428],[13.797631,45.719251],[13.797616,45.719229],[13.797584,45.719238],[13.797488,45.719372],[13.797453,45.719558],[13.797334,45.719631],[13.797094,45.719447],[13.797058,45.719446],[13.797055,45.719471],[13.797224,45.719609],[13.797271,45.71967],[13.797188,45.719895],[13.796933,45.720164],[13.796849,45.720152],[13.796824,45.72022],[13.796521,45.720466],[13.796475,45.720175],[13.796571,45.719965],[13.796548,45.719945],[13.796482,45.71997],[13.796289,45.719959],[13.796232,45.719751],[13.796162,45.719766],[13.796045,45.719852],[13.796023,45.719963],[13.795469,45.719787],[13.795456,45.719733],[13.795429,45.719718],[13.794819,45.719744],[13.794722,45.720057],[13.794827,45.720487],[13.794655,45.720967],[13.794363,45.721129],[13.794218,45.721092],[13.793776,45.72124],[13.793533,45.721425],[13.793001,45.72174],[13.792931,45.721594],[13.792905,45.72158],[13.792657,45.721674],[13.792642,45.721648],[13.792828,45.721562],[13.79312,45.721366],[13.793261,45.721174],[13.793567,45.720679],[13.793554,45.720656],[13.793499,45.720638],[13.793656,45.720559],[13.793739,45.720447],[13.793801,45.719949],[13.793867,45.719688],[13.794006,45.719659],[13.794024,45.719637],[13.793981,45.719515],[13.7938,45.719268],[13.793838,45.719032],[13.793717,45.718899],[13.79366,45.718885],[13.793937,45.718665],[13.793924,45.718646],[13.793835,45.718613],[13.793823,45.718559],[13.793737,45.718519],[13.793525,45.718548],[13.793207,45.718694],[13.792797,45.718798],[13.792619,45.718922],[13.792387,45.718953],[13.792261,45.719042],[13.792263,45.719077],[13.792144,45.719138],[13.79205,45.719236],[13.792068,45.719335],[13.792156,45.719413],[13.792209,45.719523],[13.792372,45.719718],[13.792467,45.719956],[13.792472,45.720489],[13.79253,45.720828],[13.792533,45.72095],[13.792562,45.72098],[13.792544,45.721076],[13.792326,45.721347],[13.792234,45.721552],[13.792223,45.721745],[13.792261,45.721771],[13.792256,45.721907],[13.792162,45.722111],[13.792118,45.722103],[13.792173,45.721995],[13.792162,45.721552],[13.792236,45.721363],[13.792468,45.721045],[13.792474,45.720961],[13.792441,45.720871],[13.792464,45.7208],[13.792408,45.720478],[13.792403,45.719963],[13.792306,45.719723],[13.79201,45.719362],[13.79128,45.719103],[13.790912,45.718857],[13.790857,45.718777],[13.79055,45.71858],[13.790485,45.71831],[13.79014,45.717887],[13.789277,45.717513],[13.789199,45.717209],[13.788175,45.71723],[13.787901,45.717002],[13.787359,45.717123],[13.787221,45.716886],[13.787187,45.716876],[13.786995,45.716944],[13.786989,45.717517],[13.78735,45.717596],[13.787716,45.717592],[13.788309,45.717624],[13.788317,45.717656],[13.788212,45.717648],[13.788185,45.717667],[13.788212,45.718087],[13.78802,45.718432],[13.787095,45.718191],[13.786982,45.718242],[13.786688,45.718246],[13.786656,45.718852],[13.785736,45.718772],[13.785481,45.718825],[13.785462,45.718842],[13.785454,45.718961],[13.785293,45.71898],[13.785153,45.719064],[13.785149,45.719088],[13.785464,45.719388],[13.78561,45.719568],[13.785789,45.720317],[13.785859,45.720459],[13.785976,45.720577],[13.786145,45.72067],[13.786508,45.720823],[13.78682,45.720995],[13.787465,45.721414],[13.787718,45.721605],[13.788401,45.722031],[13.788986,45.722439],[13.789248,45.722549],[13.789632,45.722635],[13.790043,45.722633],[13.790268,45.722599],[13.790245,45.722671],[13.789971,45.722693],[13.789677,45.722796],[13.789603,45.722739],[13.788849,45.722487],[13.788743,45.722361],[13.788555,45.722297],[13.788283,45.722263],[13.788421,45.722199],[13.788306,45.722074],[13.788271,45.722069],[13.788201,45.722096],[13.788062,45.721996],[13.788006,45.721858],[13.787112,45.72127],[13.786702,45.72101],[13.786432,45.720863],[13.786282,45.72081],[13.786147,45.720809],[13.786087,45.720821],[13.785828,45.720927],[13.785794,45.720965],[13.785826,45.721014],[13.785457,45.721233],[13.785374,45.721316],[13.785095,45.721471],[13.784893,45.72155],[13.784889,45.721629],[13.784944,45.721726],[13.785039,45.721811],[13.785118,45.721867],[13.785188,45.72189],[13.7853,45.7219],[13.785437,45.721872],[13.785581,45.721902],[13.785888,45.721898],[13.786045,45.721849],[13.78616,45.72183],[13.786216,45.721779],[13.786441,45.721741],[13.78648,45.72172],[13.786553,45.721856],[13.786251,45.721953],[13.785933,45.722032],[13.785915,45.722082],[13.785657,45.722104],[13.785685,45.722244],[13.785626,45.722332],[13.784904,45.722586],[13.784587,45.722713],[13.784425,45.722749],[13.784112,45.722877],[13.784086,45.722917],[13.78307,45.723004],[13.782951,45.723033],[13.782897,45.723028],[13.782433,45.723166],[13.781857,45.723238],[13.781399,45.723364],[13.781041,45.723418],[13.780701,45.723395],[13.780375,45.723457],[13.77991,45.723786],[13.779658,45.724023],[13.779561,45.724261],[13.779266,45.724675],[13.778981,45.725129],[13.778728,45.725388],[13.778353,45.725029],[13.777727,45.724149],[13.776231,45.722779],[13.775124,45.721376],[13.774704,45.720818]],[[13.800706,45.717172],[13.800691,45.717192],[13.800772,45.717451],[13.80118,45.71764],[13.801498,45.717694],[13.801553,45.717572],[13.801558,45.71737],[13.801434,45.717186],[13.801358,45.71712],[13.801305,45.717023],[13.801179,45.717026],[13.800706,45.717172]],[[13.789244,45.717011],[13.789337,45.717501],[13.790164,45.717857],[13.790527,45.718299],[13.7906,45.718574],[13.790778,45.718649],[13.790942,45.718779],[13.790972,45.718843],[13.791347,45.719078],[13.791745,45.719233],[13.791912,45.719208],[13.792248,45.718948],[13.792743,45.71876],[13.792845,45.718696],[13.792959,45.718721],[13.79309,45.718677],[13.793119,45.718589],[13.793188,45.718556],[13.793212,45.718483],[13.793201,45.718435],[13.793158,45.718396],[13.793126,45.71841],[13.793105,45.718462],[13.792913,45.718422],[13.792855,45.718186],[13.792838,45.718173],[13.792258,45.718032],[13.792009,45.718024],[13.791583,45.71807],[13.791451,45.718102],[13.792397,45.71712],[13.790647,45.716461],[13.790768,45.716366],[13.790909,45.716218],[13.79089,45.716179],[13.790837,45.716178],[13.79083,45.716167],[13.791351,45.715872],[13.791121,45.715595],[13.790916,45.715517],[13.790895,45.715536],[13.790906,45.715641],[13.789645,45.716029],[13.789438,45.716168],[13.789534,45.716477],[13.789244,45.717011]]],[[[13.810192,45.715388],[13.810175,45.715389],[13.810175,45.715364],[13.810192,45.715388]]]]},"properties":{"prov":"TS","comune_amm":"F378","comune_descr":"MONRUPINO","fascia":"R","zona":"R1","zona_descr":"REGIONE AGRARIA 19","microzona":1,"semestre":"2025/2"}},{"type":"Feature","geometry":{"type":"Polygon","coordinates":[[[13.749062,45.59896],[13.749135,45.598857],[13.749122,45.598674],[13.749234,45.598635],[13.749213,45.598833],[13.749162,45.598957],[13.749668,45.599075],[13.750042,45.599301],[13.750448,45.599432],[13.750616,45.599543],[13.750635,45.599621],[13.750704,45.599645],[13.751109,45.599642],[13.751576,45.599603],[13.751912,45.599613],[13.752424,45.599669],[13.753058,45.599612],[13.753606,45.599485],[13.753629,45.599465],[13.753754,45.599474],[13.753746,45.599538],[13.75384,45.599614],[13.753883,45.599707],[13.753922,45.599954],[13.753969,45.600036],[13.754147,45.600208],[13.754363,45.600327],[13.754781,45.600414],[13.755577,45.600474],[13.756034,45.600462],[13.757026,45.600494],[13.757303,45.600485],[13.75738,45.600501],[13.757703,45.600661],[13.758099,45.600824],[13.758464,45.600909],[13.75885,45.601015],[13.75907,45.601093],[13.759259,45.601137],[13.759545,45.601321],[13.759958,45.601663],[13.76044,45.60183],[13.761163,45.602147],[13.761262,45.602151],[13.761585,45.602242],[13.761755,45.60226],[13.761902,45.602324],[13.761925,45.602309],[13.761987,45.601996],[13.761995,45.601719],[13.762033,45.601542],[13.761991,45.601501],[13.761984,45.60147],[13.76201,45.601353],[13.761942,45.601165],[13.761816,45.601054],[13.761625,45.600957],[13.761627,45.600876],[13.761699,45.600755],[13.761697,45.600696],[13.762048,45.600669],[13.762052,45.600441],[13.762145,45.600283],[13.762659,45.599787],[13.762728,45.599694],[13.762851,45.599609],[13.762851,45.599585],[13.762712,45.599472],[13.763003,45.599116],[13.763041,45.599029],[13.763179,45.598865],[13.762708,45.598694],[13.7629,45.598442],[13.762877,45.598398],[13.762705,45.598328],[13.762576,45.598213],[13.762533,45.59811],[13.762568,45.598008],[13.762631,45.597955],[13.762763,45.597885],[13.763137,45.597835],[13.763304,45.597775],[13.763379,45.597765],[13.763611,45.597674],[13.763904,45.597434],[13.764082,45.597318],[13.764078,45.59729],[13.763992,45.597251],[13.764004,45.597227],[13.764275,45.597054],[13.764567,45.596965],[13.764752,45.596699],[13.764988,45.596525],[13.765153,45.596448],[13.765744,45.596239],[13.765883,45.596168],[13.76605,45.596012],[13.766091,45.595947],[13.76629,45.595941],[13.766312,45.595963],[13.766377,45.595951],[13.766382,45.596002],[13.766466,45.596006],[13.766727,45.596704],[13.766762,45.596694],[13.766789,45.596654],[13.767128,45.596569],[13.767478,45.596451],[13.767646,45.597289],[13.767673,45.597305],[13.768114,45.597301],[13.768018,45.597714],[13.767951,45.597731],[13.767955,45.597759],[13.768291,45.597734],[13.768299,45.597933],[13.768678,45.597963],[13.768644,45.598078],[13.768586,45.598151],[13.768537,45.598173],[13.768444,45.598268],[13.768411,45.598332],[13.768416,45.598475],[13.768457,45.598531],[13.768488,45.598534],[13.76864,45.598479],[13.768972,45.598468],[13.76939,45.598491],[13.769459,45.599115],[13.769309,45.599103],[13.769138,45.599144],[13.768707,45.599349],[13.768559,45.599437],[13.768449,45.599538],[13.768345,45.599762],[13.768119,45.599978],[13.767916,45.600116],[13.767912,45.600139],[13.767949,45.60015],[13.768293,45.599917],[13.768671,45.599547],[13.768783,45.59948],[13.768997,45.599383],[13.769751,45.599177],[13.769767,45.599156],[13.769759,45.599116],[13.770375,45.598994],[13.770994,45.598697],[13.771265,45.598483],[13.771368,45.598207],[13.771581,45.597995],[13.7716,45.597828],[13.771642,45.597729],[13.772124,45.598157],[13.772192,45.598122],[13.773461,45.59786],[13.773493,45.59781],[13.773749,45.597787],[13.77379,45.59782],[13.7742,45.597775],[13.774664,45.597592],[13.774692,45.597558],[13.774866,45.597543],[13.774975,45.597567],[13.775096,45.597524],[13.775695,45.597229],[13.776028,45.597046],[13.776088,45.596999],[13.776068,45.596971],[13.77626,45.596805],[13.776263,45.596822],[13.776296,45.596836],[13.776498,45.596826],[13.776714,45.596872],[13.776928,45.596941],[13.777371,45.59713],[13.777545,45.597175],[13.777722,45.59717],[13.778161,45.597037],[13.778306,45.597014],[13.778443,45.59701],[13.778618,45.597038],[13.778794,45.597121],[13.778818,45.597106],[13.778838,45.596995],[13.779098,45.596973],[13.779367,45.597083],[13.77946,45.59719],[13.779568,45.597278],[13.779979,45.597571],[13.780158,45.597566],[13.780195,45.597603],[13.78022,45.597718],[13.780196,45.597772],[13.780121,45.597845],[13.78013,45.59813],[13.780081,45.598251],[13.780098,45.598273],[13.780158,45.598291],[13.78003,45.598461],[13.780237,45.598556],[13.779935,45.598783],[13.779804,45.598834],[13.779804,45.598865],[13.780079,45.59883],[13.780378,45.598744],[13.780745,45.598627],[13.780753,45.598593],[13.780852,45.59856],[13.781008,45.598536],[13.781169,45.598452],[13.781203,45.598571],[13.780826,45.598869],[13.780578,45.599012],[13.780321,45.599128],[13.780145,45.59918],[13.779833,45.599238],[13.779892,45.599427],[13.779772,45.599467],[13.77976,45.599492],[13.780017,45.599885],[13.779985,45.599894],[13.779741,45.59954],[13.779606,45.599581],[13.779737,45.599793],[13.779713,45.599805],[13.779543,45.59957],[13.77924,45.599625],[13.779236,45.599646],[13.779337,45.599775],[13.779011,45.600012],[13.778753,45.600129],[13.777719,45.601269],[13.777727,45.601294],[13.777746,45.601296],[13.778172,45.601238],[13.778215,45.601372],[13.777737,45.601448],[13.777927,45.602167],[13.777825,45.602185],[13.777805,45.602205],[13.777864,45.602512],[13.776371,45.602712],[13.776256,45.602769],[13.776248,45.602791],[13.776634,45.60335],[13.775099,45.604208],[13.774336,45.60356],[13.774155,45.60367],[13.773582,45.603933],[13.773571,45.603952],[13.773645,45.604136],[13.773328,45.604208],[13.773361,45.604319],[13.7733,45.604366],[13.773044,45.604393],[13.77298,45.604361],[13.772961,45.604322],[13.77289,45.60432],[13.772875,45.604288],[13.772855,45.604285],[13.772566,45.60434],[13.772551,45.604798],[13.771283,45.604787],[13.771279,45.604581],[13.771081,45.604498],[13.771076,45.604461],[13.770241,45.604446],[13.770162,45.604133],[13.769951,45.604126],[13.769925,45.604144],[13.76993,45.604663],[13.76969,45.604672],[13.769297,45.604732],[13.769165,45.604774],[13.769086,45.604867],[13.769207,45.605155],[13.769148,45.605166],[13.76903,45.604885],[13.768999,45.604873],[13.768816,45.604912],[13.768798,45.604936],[13.768814,45.604977],[13.768521,45.605075],[13.76851,45.60511],[13.768551,45.605171],[13.768475,45.605096],[13.76823,45.605202],[13.767972,45.605868],[13.767777,45.605852],[13.767749,45.605865],[13.767277,45.607095],[13.767217,45.608146],[13.765025,45.607696],[13.765694,45.606747],[13.765288,45.606351],[13.764846,45.606413],[13.764842,45.60636],[13.76482,45.606344],[13.76477,45.606344],[13.764749,45.60638],[13.764726,45.606377],[13.764726,45.606347],[13.7647,45.606337],[13.764649,45.606345],[13.764646,45.606378],[13.764627,45.606382],[13.764606,45.60635],[13.764539,45.606354],[13.764526,45.606364],[13.764536,45.6064],[13.76451,45.606403],[13.764486,45.606378],[13.764452,45.606387],[13.764515,45.606553],[13.764466,45.606567],[13.764449,45.606542],[13.764474,45.606516],[13.764449,45.606488],[13.764071,45.606418],[13.761705,45.607089],[13.760112,45.607208],[13.760094,45.606963],[13.760305,45.606944],[13.7604,45.60691],[13.760411,45.606886],[13.760386,45.606832],[13.759908,45.606863],[13.759676,45.60686],[13.759417,45.606838],[13.759089,45.606768],[13.759139,45.606626],[13.759304,45.606649],[13.759358,45.606519],[13.759332,45.606508],[13.758862,45.60654],[13.758837,45.606428],[13.758776,45.606428],[13.758739,45.606402],[13.758735,45.606386],[13.758774,45.606359],[13.75855,45.605845],[13.758542,45.60583],[13.758487,45.605825],[13.758398,45.605539],[13.758373,45.605525],[13.758281,45.605522],[13.758228,45.605322],[13.758037,45.605323],[13.757751,45.605231],[13.757915,45.605069],[13.757907,45.605043],[13.757773,45.604994],[13.757274,45.60466],[13.757162,45.60463],[13.757034,45.604637],[13.756936,45.604666],[13.756803,45.604856],[13.756752,45.604892],[13.756447,45.604986],[13.756278,45.605001],[13.756186,45.604961],[13.756142,45.604915],[13.756002,45.604654],[13.755784,45.604321],[13.755596,45.604253],[13.755444,45.604159],[13.755364,45.604029],[13.755256,45.603688],[13.755018,45.603492],[13.754626,45.602853],[13.754591,45.602839],[13.754534,45.602742],[13.754557,45.602603],[13.754347,45.602239],[13.75484,45.602227],[13.754936,45.60201],[13.7553,45.601796],[13.755695,45.601485],[13.75553,45.601313],[13.755429,45.601167],[13.75544,45.601024],[13.755394,45.600837],[13.755397,45.600623],[13.755362,45.600573],[13.755258,45.600502],[13.75513,45.600459],[13.754778,45.600447],[13.754501,45.600397],[13.754289,45.600341],[13.754165,45.600277],[13.754015,45.600158],[13.753893,45.599978],[13.753842,45.599713],[13.753806,45.599633],[13.753722,45.599568],[13.753624,45.599551],[13.753436,45.599598],[13.752802,45.599665],[13.752738,45.599709],[13.75235,45.59969],[13.751904,45.599632],[13.75157,45.599623],[13.751083,45.599669],[13.750684,45.599669],[13.75061,45.59964],[13.750578,45.599552],[13.750441,45.599454],[13.750257,45.599406],[13.750024,45.599319],[13.749869,45.59924],[13.749666,45.599096],[13.7494,45.59903],[13.749069,45.598979],[13.749062,45.59896]]]},"properties":{"prov":"TS","comune_amm":"F795","comune_descr":"MUGGIA","fascia":"B","zona":"B1","zona_descr":"CENTRO STORICO - CENTRO URBANO","microzona":1,"semestre":"2025/2"}},{"type":"Feature","geometry":{"type":"MultiPolygon","coordinates":[[[[13.768393,45.590649],[13.768493,45.590525],[13.768564,45.590327],[13.768531,45.59021],[13.768584,45.58994],[13.76886,45.589955],[13.768893,45.589821],[13.769102,45.58986],[13.769161,45.589749],[13.769221,45.589754],[13.769246,45.589723],[13.769376,45.589753],[13.769352,45.589806],[13.769312,45.589819],[13.7693,45.58986],[13.769388,45.589887],[13.769386,45.589922],[13.769449,45.589941],[13.769481,45.58993],[13.769594,45.589726],[13.769753,45.589755],[13.769655,45.590042],[13.769647,45.590175],[13.769671,45.590194],[13.769754,45.590196],[13.770213,45.590105],[13.770744,45.590143],[13.77086,45.590131],[13.771179,45.590013],[13.771392,45.589964],[13.771509,45.58998],[13.771589,45.590034],[13.771681,45.590056],[13.771717,45.590092],[13.771611,45.5902],[13.771537,45.590307],[13.771486,45.590471],[13.771493,45.590744],[13.771448,45.59073],[13.77112,45.59072],[13.770736,45.590793],[13.770592,45.590777],[13.770297,45.590807],[13.770122,45.590864],[13.770028,45.590849],[13.769577,45.5907],[13.769428,45.590696],[13.769143,45.590764],[13.768393,45.590649]]],[[[13.724197,45.59566],[13.724218,45.594647],[13.725195,45.594629],[13.726447,45.594856],[13.726098,45.595774],[13.726114,45.595796],[13.726592,45.595911],[13.726686,45.596667],[13.72676,45.596679],[13.726757,45.596747],[13.726777,45.596755],[13.726898,45.596764],[13.727048,45.596804],[13.727195,45.596869],[13.727544,45.596852],[13.727619,45.596903],[13.727688,45.596918],[13.727395,45.597066],[13.727387,45.597089],[13.728119,45.597343],[13.728114,45.597432],[13.728088,45.597487],[13.727846,45.597675],[13.727844,45.597698],[13.727956,45.597797],[13.728467,45.598026],[13.728634,45.59801],[13.728924,45.598159],[13.729161,45.598319],[13.728786,45.598837],[13.728789,45.598861],[13.728593,45.599012],[13.72844,45.599227],[13.728203,45.599183],[13.727921,45.599231],[13.727565,45.599238],[13.727292,45.599225],[13.727036,45.599144],[13.726906,45.599057],[13.726722,45.598856],[13.726523,45.598554],[13.726397,45.598333],[13.72626,45.598019],[13.725896,45.597289],[13.725643,45.596854],[13.725381,45.596552],[13.725075,45.596314],[13.724795,45.596148],[13.72438,45.595936],[13.724287,45.595833],[13.724197,45.59566]]],[[[13.718973,45.605397],[13.718922,45.604261],[13.719348,45.604309],[13.719378,45.604294],[13.719568,45.603237],[13.719642,45.602985],[13.719791,45.602738],[13.71992,45.602566],[13.72013,45.602359],[13.720435,45.60212],[13.720525,45.602029],[13.721306,45.600913],[13.721291,45.600888],[13.721219,45.600869],[13.721177,45.600813],[13.720011,45.600535],[13.720381,45.599725],[13.720364,45.599702],[13.720043,45.599624],[13.720792,45.598032],[13.721124,45.598103],[13.721511,45.597293],[13.721818,45.597368],[13.721851,45.597357],[13.722125,45.596828],[13.722128,45.596645],[13.722173,45.596649],[13.722175,45.596819],[13.721914,45.597346],[13.721936,45.597363],[13.722565,45.597513],[13.722639,45.597497],[13.722987,45.596792],[13.722763,45.596727],[13.72258,45.596717],[13.722574,45.596686],[13.722793,45.596696],[13.723215,45.596809],[13.723251,45.596793],[13.72326,45.596588],[13.72329,45.596604],[13.723312,45.596588],[13.723352,45.59643],[13.723361,45.596263],[13.723406,45.596249],[13.723415,45.595965],[13.723441,45.595966],[13.72346,45.595949],[13.723454,45.595756],[13.72346,45.595747],[13.7235,45.595759],[13.723524,45.595741],[13.723568,45.59517],[13.723564,45.594924],[13.723508,45.594757],[13.724143,45.59474],[13.724126,45.595718],[13.724228,45.595929],[13.724325,45.596032],[13.724736,45.596239],[13.725017,45.596404],[13.725315,45.596629],[13.72542,45.596729],[13.725594,45.596944],[13.725713,45.597127],[13.726501,45.598628],[13.726773,45.59902],[13.726883,45.599128],[13.727015,45.599216],[13.72727,45.599296],[13.727539,45.599307],[13.727888,45.5993],[13.727679,45.599343],[13.727538,45.599321],[13.72735,45.59935],[13.727147,45.599334],[13.726877,45.599343],[13.726792,45.599391],[13.726728,45.599462],[13.726682,45.599474],[13.726602,45.599449],[13.72648,45.599464],[13.726409,45.599428],[13.726386,45.599447],[13.726423,45.599481],[13.726478,45.599496],[13.726497,45.59972],[13.726437,45.599857],[13.726492,45.599881],[13.726579,45.599957],[13.726408,45.600232],[13.726366,45.600383],[13.726225,45.60064],[13.726251,45.600653],[13.726481,45.600643],[13.726605,45.600655],[13.726808,45.60073],[13.726978,45.600815],[13.72716,45.60101],[13.727105,45.601047],[13.72688,45.600823],[13.72658,45.6007],[13.726501,45.600689],[13.726188,45.600707],[13.725858,45.60078],[13.725426,45.60079],[13.725188,45.600769],[13.724656,45.600594],[13.72457,45.60059],[13.724487,45.600969],[13.724554,45.601449],[13.724545,45.601489],[13.724222,45.601668],[13.724185,45.60172],[13.724352,45.60184],[13.724398,45.601916],[13.724504,45.601919],[13.724598,45.60188],[13.725031,45.602425],[13.72467,45.602841],[13.724611,45.602849],[13.724404,45.603085],[13.724403,45.603107],[13.724479,45.603181],[13.724622,45.603223],[13.724594,45.60329],[13.724776,45.603302],[13.724949,45.603354],[13.725951,45.603705],[13.726551,45.604069],[13.726684,45.604126],[13.726906,45.604182],[13.726776,45.604615],[13.727987,45.604983],[13.728606,45.605463],[13.72987,45.606232],[13.731215,45.60731],[13.731252,45.607311],[13.731549,45.607116],[13.731566,45.607088],[13.731594,45.607102],[13.73174,45.607241],[13.731817,45.607529],[13.731788,45.607602],[13.731808,45.607624],[13.732282,45.607728],[13.732151,45.60792],[13.732108,45.607953],[13.732216,45.608018],[13.732376,45.608071],[13.732377,45.608106],[13.732823,45.608273],[13.733206,45.608227],[13.733401,45.608245],[13.73343,45.60823],[13.733496,45.607943],[13.733983,45.607997],[13.734096,45.607909],[13.734256,45.60816],[13.734158,45.60856],[13.734004,45.608848],[13.734319,45.608924],[13.734216,45.609058],[13.734224,45.609073],[13.734657,45.609341],[13.734392,45.609695],[13.733909,45.609474],[13.733875,45.609478],[13.73379,45.609564],[13.733796,45.609589],[13.734908,45.610128],[13.735284,45.609841],[13.735418,45.609839],[13.735527,45.609795],[13.73552,45.609863],[13.735646,45.609902],[13.735717,45.609946],[13.735933,45.609939],[13.736095,45.609978],[13.73618,45.610052],[13.736271,45.610052],[13.736384,45.609936],[13.736566,45.609833],[13.737214,45.609583],[13.737224,45.609559],[13.737188,45.609505],[13.737525,45.609355],[13.737726,45.609285],[13.737759,45.609179],[13.737589,45.609156],[13.737583,45.608878],[13.737549,45.608856],[13.737522,45.608658],[13.737541,45.608487],[13.738019,45.608488],[13.739322,45.608589],[13.739347,45.60858],[13.739498,45.608381],[13.73981,45.608436],[13.739884,45.608112],[13.740219,45.607902],[13.740648,45.607798],[13.740646,45.607776],[13.740564,45.607705],[13.740999,45.60734],[13.741332,45.60697],[13.741376,45.606965],[13.741368,45.606916],[13.741451,45.606883],[13.741538,45.606874],[13.741777,45.606913],[13.742032,45.606886],[13.742213,45.606971],[13.742273,45.60703],[13.742355,45.607176],[13.74237,45.607238],[13.742407,45.607235],[13.742486,45.607157],[13.742778,45.607295],[13.742896,45.607331],[13.742979,45.607275],[13.742997,45.607172],[13.742907,45.606943],[13.743378,45.606952],[13.743671,45.606982],[13.743698,45.606957],[13.743552,45.606687],[13.743517,45.606569],[13.743531,45.606533],[13.743415,45.606494],[13.743087,45.606455],[13.743067,45.606438],[13.742828,45.605816],[13.742918,45.605784],[13.742933,45.605764],[13.742926,45.605742],[13.74289,45.605724],[13.742842,45.605525],[13.742809,45.605511],[13.742641,45.605556],[13.742416,45.605587],[13.742257,45.605149],[13.742085,45.60512],[13.741989,45.605127],[13.741673,45.604987],[13.741572,45.604796],[13.741588,45.604764],[13.74151,45.60465],[13.741431,45.604595],[13.74144,45.604577],[13.74141,45.604535],[13.74135,45.604508],[13.741093,45.604261],[13.741001,45.60424],[13.740805,45.604043],[13.740792,45.60397],[13.740724,45.603918],[13.740252,45.603748],[13.740081,45.603527],[13.740036,45.603305],[13.740022,45.602999],[13.739919,45.602973],[13.739582,45.602977],[13.738916,45.60299],[13.738734,45.603014],[13.738121,45.602927],[13.738112,45.602875],[13.737936,45.602699],[13.737719,45.602605],[13.737686,45.602627],[13.737733,45.602655],[13.737916,45.602839],[13.738001,45.60309],[13.737934,45.603127],[13.737427,45.603154],[13.737123,45.603273],[13.737001,45.603345],[13.736705,45.603479],[13.736555,45.603586],[13.736208,45.604],[13.736096,45.604187],[13.736029,45.604186],[13.735152,45.604449],[13.734993,45.604281],[13.734921,45.604246],[13.734858,45.604184],[13.734903,45.604061],[13.734861,45.603952],[13.734582,45.603722],[13.73455,45.603717],[13.733755,45.604018],[13.733597,45.604096],[13.733369,45.604236],[13.733282,45.604323],[13.733097,45.604352],[13.73225,45.604564],[13.73151,45.60468],[13.731347,45.604744],[13.731301,45.60478],[13.731082,45.605068],[13.730951,45.605116],[13.73048,45.605155],[13.730449,45.605091],[13.730768,45.605091],[13.730943,45.60507],[13.731049,45.605036],[13.731286,45.604732],[13.731449,45.604656],[13.731598,45.60462],[13.732122,45.604538],[13.732966,45.604347],[13.733257,45.604247],[13.733391,45.604146],[13.733684,45.603999],[13.733198,45.603446],[13.731911,45.603513],[13.731897,45.603266],[13.73187,45.60321],[13.731361,45.603108],[13.731345,45.603047],[13.73118,45.602979],[13.731192,45.602806],[13.731528,45.602613],[13.732204,45.602698],[13.732377,45.6027],[13.732402,45.602686],[13.732431,45.602604],[13.732635,45.60262],[13.732762,45.602463],[13.73249,45.602336],[13.732599,45.602177],[13.732586,45.602152],[13.731131,45.60176],[13.731031,45.601718],[13.730889,45.60161],[13.730834,45.601511],[13.730863,45.601367],[13.73096,45.601246],[13.731441,45.600939],[13.731553,45.600803],[13.731586,45.600663],[13.731656,45.600684],[13.731688,45.600677],[13.731688,45.600592],[13.731618,45.600442],[13.73105,45.600029],[13.731115,45.59999],[13.7311,45.599969],[13.731012,45.599929],[13.730803,45.600003],[13.730641,45.599947],[13.731081,45.599661],[13.731722,45.599371],[13.731768,45.599377],[13.731993,45.599247],[13.73201,45.599065],[13.732069,45.599039],[13.732082,45.599018],[13.732013,45.59886],[13.732638,45.598423],[13.732587,45.598349],[13.732036,45.598284],[13.731851,45.598163],[13.732015,45.597933],[13.732142,45.597976],[13.732175,45.597971],[13.732853,45.597325],[13.733625,45.596741],[13.733812,45.596703],[13.733935,45.597078],[13.734364,45.597007],[13.734519,45.597125],[13.734561,45.597249],[13.734646,45.597408],[13.734673,45.597531],[13.734788,45.597605],[13.734848,45.597695],[13.734853,45.597799],[13.734906,45.59784],[13.73494,45.597818],[13.735408,45.597785],[13.735456,45.597475],[13.735368,45.597384],[13.73582,45.597308],[13.736249,45.597611],[13.736369,45.597667],[13.736715,45.597782],[13.736818,45.59785],[13.736845,45.597823],[13.737979,45.597399],[13.73816,45.597579],[13.738195,45.597584],[13.738259,45.59756],[13.738455,45.597797],[13.738584,45.597918],[13.739093,45.597668],[13.739461,45.598055],[13.739406,45.598083],[13.739444,45.598134],[13.740493,45.597765],[13.740633,45.597827],[13.740699,45.597801],[13.740862,45.597936],[13.741165,45.598076],[13.741197,45.598073],[13.741329,45.597986],[13.741607,45.598091],[13.741679,45.598029],[13.741729,45.598056],[13.741765,45.598054],[13.74226,45.597621],[13.742347,45.597636],[13.742966,45.597232],[13.743018,45.597328],[13.743211,45.59744],[13.74325,45.597437],[13.743333,45.597381],[13.743377,45.597401],[13.74341,45.597384],[13.743613,45.597591],[13.743659,45.597598],[13.743551,45.597739],[13.742808,45.598319],[13.742397,45.59868],[13.742407,45.598811],[13.742446,45.598807],[13.742609,45.598653],[13.743625,45.597896],[13.743742,45.597754],[13.743812,45.597738],[13.744039,45.597989],[13.744069,45.59798],[13.744185,45.597844],[13.745422,45.598182],[13.745452,45.598175],[13.745687,45.597956],[13.746605,45.598233],[13.746982,45.598294],[13.747111,45.598272],[13.747473,45.598095],[13.748218,45.598148],[13.74824,45.598262],[13.747788,45.598787],[13.747798,45.598813],[13.748056,45.598907],[13.748188,45.598931],[13.748285,45.598873],[13.748688,45.598866],[13.748713,45.598849],[13.748722,45.598782],[13.748824,45.598785],[13.748824,45.598848],[13.74885,45.598866],[13.749074,45.598863],[13.749101,45.598823],[13.749221,45.598758],[13.749237,45.598632],[13.749504,45.598548],[13.749678,45.598446],[13.749736,45.598467],[13.749884,45.598427],[13.749957,45.59835],[13.749995,45.598218],[13.749988,45.598103],[13.749876,45.597887],[13.749872,45.59769],[13.749962,45.597535],[13.749997,45.597362],[13.750042,45.597381],[13.750023,45.597461],[13.749908,45.597697],[13.749923,45.597873],[13.750033,45.598107],[13.750032,45.598211],[13.749984,45.598384],[13.750056,45.598445],[13.750092,45.598447],[13.750237,45.598364],[13.750371,45.598247],[13.750461,45.598091],[13.750473,45.597942],[13.750375,45.597285],[13.750122,45.597188],[13.750121,45.597158],[13.751088,45.597503],[13.751193,45.597593],[13.751235,45.597583],[13.751307,45.59748],[13.751538,45.597404],[13.751592,45.597204],[13.751774,45.597188],[13.751795,45.597174],[13.751885,45.59689],[13.751517,45.596714],[13.751581,45.596656],[13.751743,45.596738],[13.752105,45.596592],[13.752315,45.596775],[13.752686,45.596629],[13.752899,45.596407],[13.75302,45.596461],[13.753186,45.596505],[13.753333,45.596123],[13.753267,45.595985],[13.753334,45.595836],[13.753418,45.595846],[13.753822,45.595638],[13.75385,45.595596],[13.754109,45.595629],[13.754491,45.595646],[13.75452,45.595404],[13.754585,45.595163],[13.755279,45.595216],[13.755284,45.595342],[13.755308,45.59536],[13.755591,45.595375],[13.755749,45.595351],[13.756092,45.595203],[13.756344,45.595146],[13.756335,45.595084],[13.756151,45.595087],[13.756067,45.595073],[13.756022,45.594742],[13.756588,45.594633],[13.756911,45.594602],[13.757099,45.594565],[13.757249,45.594522],[13.757403,45.594429],[13.757508,45.594404],[13.757673,45.594435],[13.757969,45.594547],[13.75806,45.594611],[13.758252,45.594901],[13.758635,45.595117],[13.758732,45.595142],[13.758971,45.595143],[13.759084,45.595161],[13.759173,45.595207],[13.759233,45.59525],[13.759283,45.595444],[13.759467,45.595568],[13.759567,45.595603],[13.759611,45.595603],[13.760007,45.595508],[13.760129,45.595514],[13.760132,45.595489],[13.760107,45.595474],[13.759985,45.59546],[13.759788,45.59552],[13.759667,45.59554],[13.759551,45.595527],[13.759468,45.595499],[13.759409,45.595459],[13.759344,45.59527],[13.759274,45.59519],[13.759059,45.595108],[13.758783,45.595095],[13.758677,45.595062],[13.758443,45.59494],[13.758286,45.594816],[13.758602,45.594548],[13.758729,45.59454],[13.758863,45.594554],[13.758908,45.594534],[13.758904,45.594519],[13.75879,45.594476],[13.758754,45.594437],[13.758702,45.59422],[13.758709,45.594157],[13.758787,45.594074],[13.758844,45.593973],[13.758891,45.593849],[13.758889,45.593773],[13.759263,45.593966],[13.759544,45.594132],[13.759578,45.594133],[13.759629,45.59388],[13.759621,45.59372],[13.75964,45.593658],[13.759786,45.593443],[13.759834,45.593395],[13.759891,45.593402],[13.759929,45.593305],[13.760011,45.593243],[13.760269,45.593375],[13.760518,45.59355],[13.76055,45.593546],[13.760607,45.593503],[13.760685,45.59355],[13.760719,45.593551],[13.761148,45.593316],[13.761574,45.593147],[13.76206,45.592984],[13.762217,45.59292],[13.762403,45.592813],[13.762497,45.592577],[13.762496,45.592543],[13.762425,45.592419],[13.762671,45.592434],[13.762799,45.592401],[13.762918,45.592349],[13.763009,45.592331],[13.763354,45.592355],[13.76361,45.592336],[13.763767,45.592406],[13.764155,45.592469],[13.764412,45.592547],[13.764599,45.592566],[13.764926,45.592624],[13.765183,45.592794],[13.76537,45.592865],[13.765762,45.592927],[13.765959,45.592922],[13.766341,45.592941],[13.766508,45.592992],[13.766536,45.593024],[13.766621,45.593063],[13.76676,45.593105],[13.76706,45.593069],[13.767534,45.59305],[13.767642,45.593024],[13.767701,45.592876],[13.767599,45.592426],[13.767556,45.592135],[13.767567,45.591945],[13.767658,45.591609],[13.767775,45.59141],[13.767767,45.591278],[13.767821,45.59118],[13.767912,45.591142],[13.76804,45.591115],[13.768181,45.591055],[13.768479,45.59082],[13.768548,45.590804],[13.76858,45.590831],[13.76882,45.590855],[13.769295,45.590947],[13.769411,45.590925],[13.769553,45.590869],[13.769664,45.590863],[13.769789,45.590884],[13.770248,45.591023],[13.770413,45.590983],[13.770923,45.590979],[13.771361,45.590896],[13.771519,45.590901],[13.771658,45.590934],[13.771741,45.590981],[13.771775,45.590979],[13.771782,45.590904],[13.771683,45.590823],[13.771592,45.590791],[13.771584,45.590492],[13.771617,45.590347],[13.771719,45.590198],[13.772184,45.589742],[13.772252,45.589588],[13.772328,45.589617],[13.772412,45.589689],[13.772674,45.589756],[13.772849,45.589724],[13.772918,45.589644],[13.773089,45.589541],[13.773223,45.589364],[13.773327,45.589351],[13.773509,45.589049],[13.773538,45.588946],[13.773713,45.588936],[13.773798,45.588806],[13.773852,45.588604],[13.773991,45.588401],[13.774034,45.588417],[13.773846,45.588909],[13.773853,45.588998],[13.77389,45.589098],[13.773956,45.589179],[13.774511,45.589546],[13.77464,45.589606],[13.774887,45.589657],[13.77504,45.589633],[13.775256,45.589572],[13.775271,45.58955],[13.775241,45.589538],[13.775047,45.589569],[13.774769,45.589556],[13.774615,45.589487],[13.774055,45.58913],[13.773991,45.589068],[13.773946,45.588908],[13.773992,45.588704],[13.77411,45.588415],[13.774138,45.588403],[13.774396,45.588074],[13.774601,45.587743],[13.774588,45.587719],[13.774517,45.587694],[13.774643,45.587589],[13.774769,45.587436],[13.774874,45.587412],[13.77493,45.587274],[13.775066,45.587098],[13.775223,45.586965],[13.775385,45.586901],[13.77581,45.586834],[13.775952,45.586792],[13.776115,45.586722],[13.776487,45.586509],[13.776798,45.586374],[13.776889,45.586293],[13.777042,45.586035],[13.777041,45.585919],[13.777357,45.58629],[13.7774,45.586315],[13.777435,45.586302],[13.777624,45.586426],[13.777879,45.586675],[13.777899,45.586777],[13.777943,45.586871],[13.777894,45.586943],[13.777901,45.586966],[13.777999,45.58697],[13.778189,45.587016],[13.778486,45.586945],[13.778629,45.586892],[13.778674,45.586827],[13.778738,45.586799],[13.778798,45.586716],[13.778847,45.586584],[13.778847,45.586449],[13.77879,45.586144],[13.778636,45.585806],[13.779278,45.585627],[13.779211,45.585208],[13.779615,45.585546],[13.779973,45.585449],[13.779992,45.585424],[13.780147,45.585383],[13.780314,45.585357],[13.780336,45.5854],[13.780368,45.585413],[13.780684,45.585354],[13.781107,45.586204],[13.781087,45.586301],[13.781163,45.586537],[13.781071,45.586719],[13.781133,45.586815],[13.781386,45.586977],[13.781423,45.587067],[13.7815,45.587142],[13.781152,45.587303],[13.781141,45.587316],[13.78119,45.587402],[13.781211,45.587414],[13.781421,45.587429],[13.781716,45.587478],[13.78241,45.587653],[13.782468,45.587761],[13.78243,45.588095],[13.782493,45.588235],[13.782577,45.588285],[13.782046,45.588436],[13.782217,45.588826],[13.782083,45.588879],[13.781445,45.588961],[13.781549,45.589208],[13.781148,45.589319],[13.78088,45.589471],[13.780705,45.589324],[13.780482,45.589087],[13.780454,45.589079],[13.779145,45.589335],[13.778977,45.589336],[13.778805,45.58938],[13.778671,45.589398],[13.778568,45.5895],[13.778606,45.589544],[13.778601,45.58966],[13.77873,45.589778],[13.778823,45.589972],[13.779001,45.590104],[13.77908,45.590211],[13.779148,45.590231],[13.779221,45.590212],[13.779264,45.590217],[13.779312,45.590245],[13.779477,45.590421],[13.779732,45.590492],[13.779852,45.590598],[13.779921,45.590634],[13.780034,45.590649],[13.780151,45.590684],[13.780279,45.590744],[13.780431,45.590909],[13.78053,45.591055],[13.780752,45.591191],[13.780839,45.591329],[13.78097,45.59146],[13.781055,45.591631],[13.780316,45.591552],[13.779109,45.591324],[13.77893,45.590918],[13.778733,45.590683],[13.778635,45.590729],[13.778637,45.590819],[13.778658,45.590835],[13.778738,45.590822],[13.779069,45.591397],[13.779165,45.591454],[13.780256,45.591666],[13.780936,45.591737],[13.780972,45.591761],[13.781014,45.591847],[13.781161,45.591896],[13.781199,45.591924],[13.7812,45.592053],[13.781242,45.592104],[13.781405,45.592168],[13.781461,45.592389],[13.781589,45.592511],[13.781682,45.592642],[13.781889,45.592767],[13.782251,45.593127],[13.782373,45.593208],[13.782648,45.59328],[13.782878,45.593221],[13.782967,45.593174],[13.783048,45.593104],[13.783211,45.593046],[13.783307,45.592946],[13.783512,45.592853],[13.783573,45.592729],[13.783556,45.5926],[13.783579,45.592395],[13.78356,45.592276],[13.783601,45.592122],[13.783535,45.592032],[13.783537,45.591985],[13.783621,45.591903],[13.783659,45.59184],[13.783675,45.59175],[13.7838,45.591563],[13.784167,45.591082],[13.784199,45.590987],[13.784287,45.590913],[13.784302,45.590861],[13.784266,45.590767],[13.784278,45.590707],[13.784363,45.59059],[13.784525,45.590553],[13.784707,45.590483],[13.784876,45.590599],[13.785092,45.590665],[13.785392,45.590675],[13.785613,45.590718],[13.785685,45.590652],[13.785676,45.590625],[13.785514,45.590572],[13.785328,45.590572],[13.785183,45.590552],[13.784792,45.590389],[13.785164,45.590012],[13.785205,45.589927],[13.78528,45.589832],[13.785334,45.589794],[13.785428,45.589759],[13.785596,45.589642],[13.785803,45.58958],[13.785891,45.589412],[13.785901,45.589276],[13.785945,45.589171],[13.786007,45.589087],[13.786111,45.589009],[13.786153,45.588957],[13.786349,45.588974],[13.786621,45.589393],[13.786804,45.58938],[13.786843,45.589486],[13.786969,45.589493],[13.787269,45.589545],[13.787446,45.589785],[13.787971,45.589884],[13.788536,45.59006],[13.788901,45.589773],[13.789016,45.589838],[13.789273,45.589939],[13.789367,45.589953],[13.789578,45.589947],[13.789788,45.589975],[13.789969,45.590382],[13.79014,45.59048],[13.790342,45.590647],[13.790392,45.590732],[13.790397,45.590818],[13.790376,45.590888],[13.790143,45.591163],[13.790137,45.591224],[13.789997,45.591352],[13.789955,45.591423],[13.790452,45.591816],[13.79029,45.591844],[13.78973,45.592093],[13.78972,45.592117],[13.789905,45.592348],[13.789088,45.592849],[13.789433,45.593158],[13.789759,45.593665],[13.789785,45.593675],[13.789853,45.593669],[13.789996,45.593521],[13.790291,45.593412],[13.790468,45.593368],[13.790679,45.593262],[13.791015,45.593037],[13.791189,45.592875],[13.791274,45.592752],[13.79126,45.592727],[13.791223,45.592715],[13.791213,45.59242],[13.791472,45.592137],[13.791668,45.592051],[13.791855,45.592168],[13.791894,45.592166],[13.791916,45.592146],[13.791913,45.59212],[13.791661,45.591975],[13.792235,45.591767],[13.792419,45.59163],[13.792514,45.591502],[13.792982,45.591744],[13.792845,45.591883],[13.793121,45.592048],[13.792805,45.592304],[13.792578,45.592443],[13.792635,45.59248],[13.792933,45.592303],[13.793655,45.591707],[13.793803,45.591566],[13.793863,45.591444],[13.794181,45.591133],[13.794432,45.590945],[13.79458,45.590891],[13.794653,45.590833],[13.794653,45.590811],[13.794473,45.590632],[13.794739,45.590294],[13.795052,45.590164],[13.795292,45.59003],[13.79541,45.590013],[13.79543,45.59],[13.795469,45.589868],[13.795443,45.589736],[13.795309,45.589457],[13.795316,45.589333],[13.795191,45.588938],[13.795287,45.588935],[13.795311,45.588911],[13.795159,45.588586],[13.795165,45.588536],[13.795361,45.588525],[13.795473,45.588501],[13.79555,45.587926],[13.795717,45.587952],[13.795763,45.58795],[13.795787,45.587933],[13.795814,45.587301],[13.795968,45.587298],[13.795993,45.587281],[13.796051,45.586774],[13.796453,45.586875],[13.796484,45.586872],[13.796577,45.586461],[13.796556,45.586283],[13.796447,45.586039],[13.796438,45.585917],[13.796449,45.585814],[13.796556,45.585511],[13.79654,45.58545],[13.796481,45.585416],[13.795749,45.585223],[13.795688,45.585221],[13.795663,45.585055],[13.795729,45.585055],[13.795732,45.58514],[13.795764,45.585176],[13.796257,45.585292],[13.796473,45.58536],[13.796534,45.585391],[13.796629,45.585489],[13.796869,45.585563],[13.79765,45.58552],[13.797673,45.585497],[13.797588,45.585241],[13.798218,45.585162],[13.798237,45.585139],[13.798214,45.58509],[13.798223,45.584876],[13.798438,45.585042],[13.798466,45.585029],[13.798542,45.584807],[13.798685,45.584821],[13.79865,45.584969],[13.798586,45.585099],[13.798591,45.585442],[13.798817,45.58544],[13.798853,45.585461],[13.7992,45.585731],[13.799505,45.586003],[13.799682,45.586185],[13.799767,45.586198],[13.799831,45.586264],[13.799868,45.58637],[13.799953,45.586475],[13.800084,45.58659],[13.800331,45.586714],[13.800663,45.586821],[13.802328,45.587293],[13.802454,45.58736],[13.802621,45.587482],[13.802877,45.587723],[13.803511,45.588424],[13.803824,45.588654],[13.80426,45.588913],[13.804683,45.588907],[13.805304,45.589243],[13.805283,45.589271],[13.805342,45.589296],[13.805444,45.589255],[13.805447,45.589225],[13.803938,45.588329],[13.803761,45.588186],[13.803501,45.587864],[13.803456,45.587696],[13.803481,45.587587],[13.803462,45.587579],[13.80343,45.587594],[13.803351,45.587703],[13.803316,45.587813],[13.803359,45.58799],[13.802937,45.587473],[13.802552,45.586855],[13.802231,45.586392],[13.802076,45.586003],[13.802002,45.5857],[13.801961,45.585609],[13.801734,45.58532],[13.801499,45.585124],[13.801471,45.584989],[13.801389,45.584786],[13.801467,45.584592],[13.801495,45.584456],[13.801488,45.584296],[13.801419,45.584103],[13.801396,45.583844],[13.801431,45.583706],[13.801498,45.583555],[13.801902,45.58296],[13.802354,45.583135],[13.802709,45.58264],[13.803015,45.582736],[13.802971,45.582895],[13.803024,45.583045],[13.803093,45.583419],[13.802909,45.583662],[13.802913,45.583683],[13.803808,45.58383],[13.803835,45.583965],[13.803968,45.583989],[13.803998,45.583978],[13.804033,45.583918],[13.804179,45.583931],[13.804207,45.58392],[13.804484,45.583383],[13.804584,45.583443],[13.804627,45.583512],[13.804594,45.58364],[13.804611,45.58366],[13.804657,45.583657],[13.804718,45.583589],[13.804925,45.58361],[13.805117,45.583583],[13.80498,45.582704],[13.805304,45.582574],[13.805346,45.582587],[13.805734,45.582491],[13.805967,45.582245],[13.806319,45.582603],[13.807144,45.582366],[13.807165,45.582423],[13.807403,45.582664],[13.807921,45.583051],[13.808108,45.583286],[13.808314,45.583694],[13.808345,45.583706],[13.808363,45.583685],[13.808353,45.583651],[13.808187,45.583314],[13.808082,45.583163],[13.807857,45.5829],[13.807795,45.582729],[13.807801,45.582666],[13.809866,45.582014],[13.809896,45.582045],[13.809916,45.582045],[13.810777,45.581834],[13.811338,45.581947],[13.811504,45.581741],[13.812251,45.582267],[13.812576,45.582431],[13.813332,45.582757],[13.813356,45.582744],[13.813409,45.582613],[13.813574,45.582388],[13.813819,45.582127],[13.814068,45.581918],[13.814442,45.581666],[13.814632,45.581567],[13.814829,45.581434],[13.814939,45.581417],[13.814819,45.581477],[13.814603,45.581629],[13.814313,45.581779],[13.813934,45.582067],[13.813607,45.582385],[13.813464,45.582602],[13.813463,45.582615],[13.813516,45.582643],[13.81346,45.582736],[13.813253,45.583296],[13.813206,45.583543],[13.813078,45.583986],[13.81303,45.584495],[13.812903,45.584841],[13.812743,45.585096],[13.812685,45.585261],[13.812816,45.585394],[13.812964,45.585496],[13.813133,45.585451],[13.813272,45.585474],[13.813403,45.585474],[13.813934,45.585372],[13.814395,45.585349],[13.814486,45.585317],[13.814547,45.585371],[13.814357,45.585401],[13.81412,45.585407],[13.814095,45.585422],[13.814079,45.585463],[13.813732,45.585463],[13.813419,45.585532],[13.813229,45.58556],[13.813183,45.585623],[13.813154,45.585549],[13.813065,45.585556],[13.812789,45.585722],[13.812616,45.585913],[13.812433,45.586058],[13.812331,45.586119],[13.812467,45.586475],[13.812729,45.587322],[13.81278,45.587549],[13.812751,45.587638],[13.812778,45.587649],[13.813704,45.587608],[13.813697,45.587645],[13.812898,45.587676],[13.812692,45.587715],[13.812879,45.588198],[13.812854,45.588226],[13.813068,45.588735],[13.812536,45.588862],[13.812519,45.588883],[13.812538,45.589021],[13.812715,45.589393],[13.81294,45.589595],[13.81304,45.589775],[13.813238,45.589896],[13.812973,45.589954],[13.812591,45.589962],[13.812532,45.590183],[13.812228,45.590179],[13.81192,45.590132],[13.811913,45.590255],[13.812186,45.590271],[13.81219,45.590413],[13.811173,45.590405],[13.810684,45.590336],[13.810655,45.590346],[13.81067,45.590383],[13.81104,45.59044],[13.811415,45.59046],[13.81227,45.590455],[13.811965,45.59059],[13.811879,45.590701],[13.811774,45.590597],[13.811689,45.590566],[13.811467,45.59053],[13.811428,45.590549],[13.811408,45.590618],[13.811021,45.590863],[13.81084,45.590837],[13.810806,45.590782],[13.810761,45.590778],[13.810766,45.590841],[13.810646,45.591145],[13.810084,45.591934],[13.809837,45.592383],[13.808793,45.595275],[13.808723,45.595268],[13.808692,45.595284],[13.808648,45.596034],[13.808593,45.596246],[13.808526,45.596385],[13.808241,45.596584],[13.808007,45.596689],[13.806975,45.596294],[13.80705,45.595958],[13.807038,45.595939],[13.806858,45.595949],[13.806743,45.595978],[13.806669,45.59611],[13.806682,45.596131],[13.806793,45.596121],[13.806946,45.596628],[13.807408,45.596981],[13.807752,45.597201],[13.807707,45.597208],[13.80772,45.597232],[13.80783,45.597267],[13.807975,45.597353],[13.808229,45.597451],[13.808362,45.597482],[13.808742,45.597515],[13.808923,45.597506],[13.809047,45.597519],[13.808778,45.59806],[13.808684,45.598047],[13.808654,45.598065],[13.808662,45.598182],[13.808852,45.598292],[13.808871,45.598337],[13.808569,45.59833],[13.808453,45.598355],[13.80843,45.598386],[13.807011,45.598434],[13.806838,45.59862],[13.806844,45.598643],[13.80739,45.598629],[13.808533,45.598537],[13.808969,45.59856],[13.809349,45.59855],[13.809371,45.598583],[13.810004,45.598657],[13.80998,45.598945],[13.810568,45.599001],[13.810533,45.59939],[13.810519,45.599919],[13.81005,45.59986],[13.81002,45.599876],[13.810005,45.600046],[13.81008,45.600085],[13.81026,45.600401],[13.810301,45.600505],[13.810322,45.600518],[13.811341,45.600626],[13.811278,45.600875],[13.810803,45.600845],[13.810782,45.601069],[13.811798,45.601158],[13.812783,45.601045],[13.813206,45.601142],[13.812451,45.603489],[13.812428,45.603617],[13.812339,45.603662],[13.812107,45.603704],[13.81192,45.603774],[13.811521,45.603839],[13.811501,45.603855],[13.81154,45.603918],[13.811525,45.60396],[13.810994,45.604022],[13.810687,45.604102],[13.810251,45.604127],[13.809865,45.604226],[13.809755,45.604316],[13.809504,45.604246],[13.809405,45.604272],[13.809359,45.604391],[13.809205,45.604485],[13.809035,45.604646],[13.808887,45.60471],[13.808876,45.60473],[13.80925,45.604955],[13.809409,45.605104],[13.809435,45.605194],[13.809381,45.605406],[13.80938,45.605518],[13.809479,45.605829],[13.808637,45.606034],[13.808004,45.606131],[13.807984,45.606151],[13.808026,45.606317],[13.808843,45.606696],[13.808723,45.607038],[13.808231,45.606965],[13.808115,45.606862],[13.807335,45.606784],[13.807038,45.60679],[13.806813,45.606813],[13.806645,45.606848],[13.806416,45.606938],[13.806155,45.607134],[13.806032,45.607246],[13.805885,45.607418],[13.80546,45.607934],[13.804322,45.609477],[13.803255,45.609117],[13.802406,45.608811],[13.802359,45.608837],[13.802384,45.608906],[13.802333,45.608973],[13.802158,45.608911],[13.802201,45.608839],[13.802297,45.608812],[13.802299,45.60877],[13.800233,45.608047],[13.80035,45.60786],[13.80018,45.607777],[13.799746,45.607478],[13.799587,45.607386],[13.799302,45.607271],[13.798874,45.607148],[13.797622,45.606623],[13.797273,45.606458],[13.797004,45.606127],[13.796614,45.60584],[13.796551,45.605699],[13.796576,45.605462],[13.796647,45.605386],[13.796819,45.605285],[13.796967,45.605264],[13.796991,45.605246],[13.796969,45.605228],[13.796766,45.605196],[13.796656,45.605118],[13.796518,45.604682],[13.796711,45.604095],[13.796804,45.603975],[13.796895,45.603923],[13.796881,45.603864],[13.796812,45.603848],[13.795065,45.604258],[13.795046,45.604281],[13.793367,45.604676],[13.793344,45.604699],[13.793358,45.604722],[13.793538,45.604778],[13.793584,45.60476],[13.793756,45.604813],[13.793767,45.604849],[13.793976,45.604914],[13.794083,45.604897],[13.79412,45.604942],[13.794095,45.604988],[13.794071,45.604998],[13.793976,45.604969],[13.793965,45.604926],[13.79376,45.60486],[13.793713,45.604878],[13.793543,45.604824],[13.793529,45.604789],[13.793336,45.60473],[13.793278,45.604751],[13.793206,45.60473],[13.793188,45.6047],[13.793261,45.604643],[13.795021,45.60423],[13.795062,45.604247],[13.796816,45.603834],[13.796943,45.603865],[13.797163,45.603793],[13.797603,45.603685],[13.79762,45.603671],[13.797659,45.603472],[13.796469,45.603252],[13.796438,45.603267],[13.796409,45.603369],[13.79588,45.603361],[13.795512,45.603258],[13.79494,45.603178],[13.794684,45.603089],[13.79416,45.602974],[13.793544,45.602766],[13.793048,45.602639],[13.792288,45.602398],[13.792133,45.602365],[13.791876,45.60236],[13.79132,45.602287],[13.791076,45.602285],[13.790674,45.602173],[13.790628,45.602146],[13.790489,45.601923],[13.790477,45.60185],[13.790502,45.60174],[13.790439,45.601688],[13.790409,45.601591],[13.790362,45.601554],[13.790378,45.601462],[13.790303,45.601291],[13.790282,45.601278],[13.790072,45.601253],[13.790028,45.60123],[13.79015,45.601207],[13.790171,45.601138],[13.790139,45.601123],[13.790236,45.601111],[13.790304,45.601061],[13.790311,45.601049],[13.790285,45.601031],[13.790165,45.601034],[13.789023,45.601201],[13.78842,45.601254],[13.788198,45.601208],[13.787833,45.600989],[13.786887,45.600358],[13.786556,45.600119],[13.786064,45.599801],[13.785543,45.599786],[13.785608,45.598293],[13.78569,45.598331],[13.785729,45.598323],[13.785815,45.598167],[13.7859,45.59808],[13.785886,45.598058],[13.785415,45.59793],[13.785383,45.597938],[13.784562,45.599005],[13.782718,45.599302],[13.779971,45.600155],[13.779697,45.599465],[13.779845,45.599438],[13.779785,45.599242],[13.780147,45.59918],[13.780324,45.599127],[13.780581,45.599011],[13.780825,45.598869],[13.780995,45.598721],[13.781194,45.598581],[13.781169,45.598469],[13.781137,45.598468],[13.781,45.598539],[13.780794,45.59858],[13.780782,45.598611],[13.780748,45.598626],[13.780077,45.598831],[13.779657,45.59889],[13.779936,45.598782],[13.780224,45.598557],[13.78002,45.598463],[13.780087,45.598399],[13.780148,45.598305],[13.780133,45.598281],[13.780076,45.598266],[13.78013,45.598129],[13.78012,45.597841],[13.780199,45.597767],[13.780219,45.597715],[13.78017,45.597575],[13.779984,45.597574],[13.779568,45.597278],[13.779457,45.597188],[13.779363,45.597082],[13.779085,45.596972],[13.778839,45.596999],[13.778812,45.597135],[13.77861,45.597036],[13.778465,45.597013],[13.778304,45.597014],[13.778158,45.597038],[13.77773,45.597169],[13.777541,45.597175],[13.777372,45.59713],[13.776926,45.59694],[13.776713,45.596872],[13.776501,45.596827],[13.776291,45.596836],[13.776248,45.596823],[13.776079,45.596962],[13.776095,45.597001],[13.776029,45.597046],[13.775697,45.597228],[13.775032,45.597552],[13.775049,45.597574],[13.775284,45.597631],[13.775763,45.597672],[13.775922,45.597673],[13.776116,45.59764],[13.776185,45.597613],[13.776186,45.597645],[13.775927,45.597696],[13.775236,45.597649],[13.775168,45.597617],[13.774873,45.597545],[13.774704,45.597557],[13.77467,45.597591],[13.774205,45.597773],[13.773993,45.597806],[13.773774,45.597821],[13.773731,45.597788],[13.773507,45.597809],[13.773473,45.597857],[13.772196,45.598121],[13.772135,45.598165],[13.772131,45.598223],[13.771615,45.597758],[13.771581,45.597754],[13.771543,45.597829],[13.771521,45.598005],[13.771358,45.598146],[13.771312,45.598209],[13.771206,45.59849],[13.771122,45.598562],[13.770824,45.598766],[13.770336,45.598997],[13.769673,45.599132],[13.769489,45.598584],[13.769079,45.598561],[13.768804,45.598592],[13.768628,45.598653],[13.768612,45.598589],[13.768589,45.598571],[13.768589,45.59842],[13.768653,45.59832],[13.76882,45.598151],[13.76884,45.598043],[13.768416,45.597991],[13.768408,45.597804],[13.768096,45.597842],[13.768093,45.597823],[13.768177,45.597797],[13.768254,45.597416],[13.768229,45.597396],[13.767821,45.59738],[13.767688,45.596545],[13.76766,45.59654],[13.766979,45.596722],[13.766899,45.596914],[13.766782,45.596676],[13.766613,45.596521],[13.766518,45.596378],[13.766462,45.596246],[13.766546,45.596106],[13.766519,45.596081],[13.766481,45.596098],[13.766476,45.596141],[13.766397,45.596154],[13.766195,45.596142],[13.765941,45.596329],[13.76577,45.596399],[13.76543,45.596493],[13.765136,45.596604],[13.764995,45.596684],[13.76487,45.596793],[13.764668,45.597041],[13.764462,45.597097],[13.764124,45.59729],[13.763903,45.597435],[13.763617,45.597671],[13.763378,45.597766],[13.763301,45.597775],[13.763143,45.597834],[13.762756,45.597888],[13.76261,45.597971],[13.762543,45.59805],[13.762541,45.598151],[13.762593,45.598232],[13.762729,45.598343],[13.762894,45.598405],[13.762909,45.598439],[13.762717,45.598692],[13.763189,45.598863],[13.763043,45.599028],[13.763002,45.599119],[13.762719,45.599463],[13.762722,45.599484],[13.762864,45.5996],[13.762724,45.599697],[13.76266,45.599785],[13.762251,45.600165],[13.762252,45.600193],[13.762142,45.600287],[13.762052,45.600443],[13.762053,45.600673],[13.761702,45.600695],[13.7617,45.600753],[13.761626,45.600882],[13.761627,45.600956],[13.761818,45.601055],[13.761946,45.601169],[13.76201,45.601355],[13.761986,45.601492],[13.762034,45.601535],[13.761995,45.601718],[13.761987,45.601995],[13.761919,45.602336],[13.761763,45.602262],[13.761583,45.602242],[13.761265,45.602152],[13.761167,45.602148],[13.760442,45.601831],[13.759955,45.601663],[13.759546,45.601321],[13.759266,45.60114],[13.758464,45.600909],[13.758101,45.600823],[13.757702,45.60066],[13.757374,45.600499],[13.757296,45.600485],[13.757027,45.600494],[13.756034,45.600462],[13.755578,45.600474],[13.755212,45.600447],[13.755184,45.60046],[13.755197,45.600481],[13.755257,45.600501],[13.755366,45.600576],[13.755395,45.600617],[13.755394,45.600838],[13.75544,45.601025],[13.75543,45.601169],[13.75553,45.601312],[13.755702,45.601486],[13.755301,45.601795],[13.754943,45.602004],[13.754843,45.60223],[13.754383,45.602237],[13.754359,45.60225],[13.754557,45.602604],[13.754532,45.60274],[13.754382,45.602742],[13.754281,45.602724],[13.754127,45.602671],[13.7538,45.602721],[13.75373,45.602662],[13.753709,45.602667],[13.753704,45.602689],[13.753808,45.602818],[13.754148,45.602775],[13.754286,45.602828],[13.754503,45.602845],[13.754575,45.602938],[13.754772,45.603296],[13.754895,45.603466],[13.754975,45.603546],[13.755044,45.603573],[13.755131,45.603688],[13.755185,45.603913],[13.755225,45.603988],[13.755362,45.604128],[13.755608,45.604249],[13.755795,45.60453],[13.755957,45.60489],[13.756206,45.604993],[13.75624,45.605027],[13.756312,45.605048],[13.756397,45.605042],[13.756738,45.604935],[13.756818,45.604886],[13.756938,45.6047],[13.757078,45.604668],[13.75716,45.604664],[13.757261,45.604684],[13.757737,45.605001],[13.757913,45.605066],[13.757767,45.605216],[13.757777,45.605243],[13.758035,45.605322],[13.758232,45.605318],[13.758278,45.60551],[13.758304,45.605525],[13.758395,45.605528],[13.758484,45.605812],[13.758511,45.605826],[13.759559,45.605754],[13.759721,45.60565],[13.760324,45.605454],[13.760398,45.605401],[13.760656,45.605335],[13.760667,45.605355],[13.760445,45.60542],[13.760409,45.605453],[13.759737,45.605678],[13.759573,45.605786],[13.758561,45.605856],[13.758781,45.606373],[13.758745,45.606388],[13.758748,45.606411],[13.758777,45.606427],[13.758844,45.606422],[13.75886,45.606526],[13.758889,45.606542],[13.759391,45.606504],[13.759362,45.606523],[13.75931,45.606653],[13.759143,45.606631],[13.75908,45.606766],[13.75851,45.606646],[13.758151,45.606615],[13.755446,45.60699],[13.75514,45.606979],[13.75497,45.606936],[13.754827,45.606875],[13.754693,45.606767],[13.75413,45.606193],[13.753502,45.605738],[13.75334,45.60569],[13.753084,45.605666],[13.752904,45.605677],[13.752821,45.605696],[13.752658,45.605748],[13.752641,45.605772],[13.752239,45.605901],[13.752188,45.605897],[13.750795,45.606364],[13.75044,45.60649],[13.75033,45.606564],[13.750214,45.606691],[13.750167,45.606839],[13.750175,45.606915],[13.7503,45.607271],[13.750328,45.607285],[13.750417,45.607277],[13.750475,45.607413],[13.750601,45.607869],[13.750608,45.607977],[13.750644,45.607997],[13.750642,45.608202],[13.750577,45.608315],[13.750454,45.608441],[13.750346,45.608509],[13.749515,45.608918],[13.74951,45.609019],[13.74943,45.609049],[13.749221,45.609086],[13.749017,45.609087],[13.748811,45.609042],[13.747735,45.608649],[13.7474,45.608577],[13.746994,45.608545],[13.745626,45.608601],[13.745561,45.60853],[13.745499,45.608529],[13.745465,45.60848],[13.745431,45.608487],[13.745436,45.608539],[13.745047,45.608567],[13.744309,45.608464],[13.743947,45.608437],[13.743676,45.608474],[13.742959,45.608658],[13.742763,45.608667],[13.742479,45.608644],[13.741886,45.608672],[13.741863,45.608693],[13.741921,45.608917],[13.741431,45.608994],[13.741345,45.608764],[13.741311,45.608752],[13.740593,45.608959],[13.740579,45.608983],[13.740761,45.60929],[13.740823,45.609312],[13.740888,45.609299],[13.74091,45.609336],[13.740663,45.609416],[13.740632,45.609369],[13.740692,45.609349],[13.740714,45.609305],[13.740539,45.608998],[13.740504,45.608989],[13.740457,45.609005],[13.740445,45.609027],[13.740557,45.609225],[13.740296,45.60932],[13.740518,45.609646],[13.735932,45.611368],[13.733519,45.61103],[13.733784,45.610446],[13.733048,45.610245],[13.733035,45.610171],[13.73275,45.610105],[13.732727,45.610079],[13.732593,45.610013],[13.732196,45.609719],[13.732116,45.609688],[13.7314,45.608961],[13.730869,45.608478],[13.730748,45.608308],[13.730727,45.608248],[13.73075,45.608195],[13.730723,45.608115],[13.730569,45.607967],[13.730497,45.607951],[13.730428,45.607996],[13.730436,45.608044],[13.730409,45.608058],[13.730334,45.607996],[13.730223,45.607834],[13.730126,45.607758],[13.729981,45.607588],[13.729861,45.607546],[13.729797,45.607552],[13.729702,45.607483],[13.729676,45.607321],[13.729463,45.607196],[13.729187,45.607001],[13.729123,45.60694],[13.728337,45.606473],[13.728121,45.606378],[13.727904,45.606349],[13.727578,45.60627],[13.727277,45.606101],[13.726988,45.605977],[13.726789,45.605977],[13.726668,45.606025],[13.726615,45.606113],[13.726682,45.606188],[13.726668,45.606205],[13.726355,45.606107],[13.725736,45.606],[13.725585,45.606],[13.725388,45.606039],[13.725172,45.606124],[13.7251,45.606134],[13.725004,45.606183],[13.724776,45.606216],[13.724298,45.606196],[13.723822,45.606135],[13.723548,45.606024],[13.723513,45.605984],[13.723592,45.605755],[13.72339,45.605707],[13.722172,45.605269],[13.721595,45.605298],[13.721063,45.605412],[13.719886,45.60575],[13.719731,45.605764],[13.719491,45.605731],[13.719408,45.605774],[13.719269,45.60567],[13.719258,45.605483],[13.718973,45.605397]],[[13.749006,45.599152],[13.749024,45.599178],[13.749386,45.599231],[13.749586,45.599278],[13.7498,45.599419],[13.750017,45.599528],[13.750163,45.599574],[13.750336,45.599597],[13.750393,45.599618],[13.750519,45.599715],[13.750577,45.599814],[13.750687,45.599885],[13.750844,45.599936],[13.751412,45.600324],[13.751636,45.600349],[13.752048,45.600267],[13.752558,45.600333],[13.752582,45.600201],[13.752562,45.600181],[13.752133,45.60012],[13.752,45.600133],[13.751694,45.600199],[13.751483,45.600169],[13.751302,45.60007],[13.750892,45.599761],[13.750751,45.599726],[13.750712,45.599654],[13.750631,45.59962],[13.750612,45.599541],[13.75045,45.599432],[13.750046,45.599304],[13.749667,45.599074],[13.749469,45.599021],[13.749155,45.598962],[13.7492,45.598858],[13.749181,45.598835],[13.749082,45.598875],[13.749074,45.599057],[13.749006,45.599152]]]]},"properties":{"prov":"TS","comune_amm":"F795","comune_descr":"MUGGIA","fascia":"D","zona":"D1","zona_descr":"RESTANTE TERRITORIO","microzona":0,"semestre":"2025/2"}},{"type":"Feature","geometry":{"type":"Polygon","coordinates":[[[13.760531,45.606908],[13.760297,45.607009],[13.760286,45.60703],[13.760311,45.60708],[13.76027,45.607094],[13.759923,45.607147],[13.759807,45.607113],[13.759704,45.607116],[13.759678,45.607147],[13.75964,45.607118],[13.759522,45.607127],[13.759373,45.60716],[13.759328,45.607187],[13.759333,45.607235],[13.759317,45.607234],[13.759294,45.607194],[13.759238,45.607189],[13.759045,45.607228],[13.759015,45.60726],[13.75907,45.607311],[13.759093,45.607372],[13.75907,45.607373],[13.759025,45.607302],[13.758915,45.607261],[13.758721,45.607333],[13.758742,45.607392],[13.758693,45.607342],[13.758672,45.607342],[13.758413,45.607414],[13.758397,45.607434],[13.758408,45.607496],[13.75778,45.60756],[13.757606,45.6076],[13.757207,45.607837],[13.757025,45.608081],[13.756719,45.608247],[13.756578,45.608398],[13.756521,45.608518],[13.756631,45.608916],[13.755115,45.609123],[13.753779,45.609439],[13.752297,45.609949],[13.752285,45.609973],[13.752576,45.610392],[13.752614,45.610488],[13.752522,45.610598],[13.751646,45.610785],[13.751508,45.61079],[13.751376,45.61077],[13.751255,45.610731],[13.751153,45.610673],[13.749695,45.609301],[13.74948,45.608988],[13.749473,45.608892],[13.750339,45.608483],[13.750522,45.608352],[13.750645,45.608172],[13.750665,45.608044],[13.750654,45.60798],[13.750616,45.607961],[13.750611,45.60784],[13.750568,45.607637],[13.750479,45.607328],[13.750435,45.60724],[13.750327,45.607245],[13.750203,45.606865],[13.750204,45.606736],[13.750294,45.606581],[13.750405,45.606488],[13.75054,45.606418],[13.752241,45.605854],[13.752305,45.605854],[13.752675,45.60574],[13.752693,45.605714],[13.752955,45.605639],[13.753139,45.605628],[13.753306,45.605643],[13.753509,45.605694],[13.753601,45.60575],[13.754132,45.606165],[13.754774,45.606861],[13.754964,45.606949],[13.755132,45.606993],[13.755448,45.607007],[13.758178,45.606636],[13.758541,45.60667],[13.759448,45.606866],[13.759824,45.606895],[13.760428,45.606858],[13.760456,45.606908],[13.760531,45.606908]]]},"properties":{"prov":"TS","comune_amm":"F795","comune_descr":"MUGGIA","fascia":"D","zona":"D2","zona_descr":"PORTO SAN ROCCO","microzona":0,"semestre":"2025/2"}},{"type":"Feature","geometry":{"type":"MultiPolygon","coordinates":[[[[13.749748,45.596605],[13.749786,45.596527],[13.749829,45.596536],[13.749899,45.596524],[13.75007,45.596426],[13.750251,45.596368],[13.751084,45.596253],[13.752534,45.595624],[13.752531,45.595572],[13.752425,45.595531],[13.752427,45.595475],[13.752534,45.595303],[13.752642,45.595305],[13.753043,45.595425],[13.753678,45.595209],[13.759051,45.593104],[13.759202,45.593155],[13.759234,45.593151],[13.759463,45.592959],[13.759459,45.592934],[13.759347,45.592863],[13.759547,45.592694],[13.759621,45.592741],[13.759652,45.592744],[13.76226,45.591647],[13.762836,45.591373],[13.762902,45.591435],[13.762995,45.591402],[13.763267,45.59126],[13.763589,45.591009],[13.763636,45.590989],[13.763775,45.590979],[13.763893,45.590672],[13.764167,45.590671],[13.764699,45.590599],[13.764744,45.59048],[13.764796,45.590469],[13.764831,45.590399],[13.764893,45.590184],[13.765599,45.590226],[13.766108,45.590015],[13.766145,45.589929],[13.766337,45.589933],[13.766347,45.589888],[13.766556,45.589798],[13.767771,45.589367],[13.767819,45.589377],[13.7678,45.589493],[13.767849,45.589627],[13.767818,45.589716],[13.767999,45.589855],[13.768122,45.58989],[13.768561,45.5897],[13.768604,45.589624],[13.768702,45.589543],[13.768824,45.589505],[13.768883,45.589467],[13.768869,45.589344],[13.768766,45.589271],[13.768546,45.589196],[13.768524,45.589155],[13.768568,45.589104],[13.768594,45.589034],[13.776662,45.585758],[13.77676,45.585753],[13.776858,45.585846],[13.776971,45.585844],[13.777063,45.585812],[13.777077,45.585795],[13.777063,45.585624],[13.777184,45.585481],[13.777295,45.585434],[13.77735,45.58535],[13.777612,45.58525],[13.777714,45.585295],[13.77782,45.585297],[13.781015,45.584009],[13.783279,45.583772],[13.787103,45.583402],[13.78723,45.583258],[13.787476,45.58304],[13.787612,45.582976],[13.787756,45.582931],[13.788138,45.582877],[13.78908,45.582896],[13.789333,45.582882],[13.789694,45.582827],[13.789993,45.582753],[13.790536,45.582662],[13.790787,45.582602],[13.791123,45.582567],[13.79139,45.582572],[13.791768,45.582605],[13.792332,45.582696],[13.792709,45.582774],[13.793592,45.582645],[13.793592,45.582726],[13.793723,45.583035],[13.794042,45.583433],[13.794266,45.583825],[13.794301,45.583834],[13.794316,45.583808],[13.794095,45.583388],[13.79383,45.583035],[13.793686,45.582703],[13.793668,45.582584],[13.795558,45.582353],[13.795579,45.582333],[13.795503,45.581995],[13.795954,45.581959],[13.796025,45.582226],[13.796054,45.582241],[13.798707,45.581996],[13.798747,45.582157],[13.798535,45.582568],[13.798503,45.582666],[13.798521,45.582687],[13.79854,45.582686],[13.799701,45.582278],[13.799747,45.582362],[13.799782,45.582373],[13.800196,45.58224],[13.800204,45.582212],[13.79985,45.581906],[13.799904,45.581869],[13.800923,45.581777],[13.801052,45.581442],[13.801393,45.58149],[13.801318,45.581731],[13.801342,45.581742],[13.801509,45.581735],[13.802807,45.581645],[13.802894,45.581533],[13.80314,45.581596],[13.803228,45.581575],[13.804496,45.581457],[13.807718,45.581184],[13.80873,45.581111],[13.810256,45.580898],[13.811445,45.580918],[13.815358,45.581186],[13.815385,45.581201],[13.816111,45.581252],[13.822654,45.581604],[13.822177,45.581843],[13.821382,45.58199],[13.821061,45.582164],[13.820946,45.582273],[13.821008,45.582558],[13.820246,45.58266],[13.820085,45.582717],[13.820039,45.582811],[13.819525,45.583414],[13.819535,45.583439],[13.819799,45.583544],[13.819499,45.583899],[13.819421,45.584027],[13.819144,45.585201],[13.819055,45.585481],[13.819164,45.585551],[13.818159,45.588547],[13.817388,45.58876],[13.817108,45.588817],[13.816873,45.588813],[13.816497,45.588864],[13.816113,45.588963],[13.816097,45.588987],[13.816229,45.589224],[13.816399,45.589413],[13.815989,45.589709],[13.815682,45.589904],[13.815113,45.590154],[13.814929,45.590252],[13.81446,45.590556],[13.814321,45.590537],[13.81422,45.590569],[13.813973,45.590701],[13.813967,45.590725],[13.814067,45.590838],[13.814221,45.590955],[13.814599,45.591405],[13.814984,45.591627],[13.81518,45.591716],[13.815245,45.59184],[13.815407,45.59197],[13.815448,45.592031],[13.815418,45.592241],[13.815444,45.592329],[13.815569,45.592548],[13.815664,45.592656],[13.815724,45.592805],[13.815187,45.593141],[13.81505,45.593265],[13.814175,45.594192],[13.813821,45.594501],[13.81379,45.59461],[13.813793,45.594804],[13.813444,45.59562],[13.813005,45.596497],[13.812386,45.597184],[13.811794,45.598296],[13.811797,45.598337],[13.811604,45.59833],[13.811444,45.598362],[13.811264,45.598358],[13.811192,45.598329],[13.811067,45.598232],[13.810982,45.598076],[13.810958,45.598064],[13.810821,45.598063],[13.810462,45.598145],[13.810391,45.598143],[13.810365,45.598159],[13.810346,45.598284],[13.810362,45.598302],[13.81066,45.598232],[13.810808,45.598231],[13.810911,45.598397],[13.811039,45.59849],[13.811109,45.598518],[13.811286,45.59852],[13.811454,45.598484],[13.811605,45.598481],[13.811634,45.598458],[13.811819,45.59841],[13.812268,45.598393],[13.81248,45.598401],[13.812599,45.598418],[13.812768,45.598513],[13.812891,45.598557],[13.813601,45.598677],[13.813731,45.598676],[13.813922,45.598636],[13.814054,45.598629],[13.814261,45.598693],[13.814525,45.598704],[13.814652,45.598735],[13.81488,45.598831],[13.815385,45.598988],[13.815719,45.599061],[13.815897,45.599077],[13.816185,45.599141],[13.816473,45.599324],[13.816554,45.599331],[13.816676,45.599317],[13.816874,45.599337],[13.816978,45.599381],[13.81708,45.599386],[13.817339,45.599463],[13.817565,45.59968],[13.817763,45.599741],[13.817895,45.5998],[13.818107,45.599854],[13.8193,45.600245],[13.819491,45.600348],[13.819013,45.60104],[13.818195,45.601621],[13.816316,45.602788],[13.816091,45.602836],[13.815579,45.603066],[13.81499,45.603293],[13.814496,45.603205],[13.814236,45.603259],[13.81384,45.603173],[13.813314,45.60325],[13.813211,45.603324],[13.813129,45.603351],[13.812993,45.603384],[13.812508,45.603431],[13.812357,45.603488],[13.813028,45.601182],[13.812597,45.601085],[13.812567,45.601063],[13.812408,45.601068],[13.81167,45.601145],[13.811212,45.60112],[13.810612,45.601066],[13.810661,45.600795],[13.811177,45.600835],[13.81123,45.600607],[13.810196,45.600487],[13.810036,45.600174],[13.809936,45.60004],[13.80987,45.599993],[13.809898,45.599939],[13.809891,45.599812],[13.81033,45.599863],[13.81036,45.599847],[13.810411,45.598998],[13.810388,45.59898],[13.810305,45.598973],[13.810278,45.598816],[13.809852,45.598723],[13.809819,45.598736],[13.809775,45.598836],[13.809638,45.599025],[13.809622,45.599013],[13.809748,45.598827],[13.809878,45.598448],[13.809327,45.598372],[13.809298,45.598343],[13.808983,45.598349],[13.808872,45.598338],[13.80885,45.59829],[13.808658,45.59818],[13.808654,45.598047],[13.808756,45.598058],[13.808786,45.598046],[13.809037,45.597524],[13.808925,45.597506],[13.808743,45.597515],[13.808361,45.597482],[13.808233,45.597452],[13.807971,45.597352],[13.807827,45.597266],[13.807389,45.597127],[13.806693,45.596835],[13.806295,45.5967],[13.80612,45.596624],[13.805825,45.596611],[13.805712,45.596573],[13.805704,45.596545],[13.805899,45.596589],[13.806081,45.596592],[13.80684,45.596872],[13.807405,45.597102],[13.807638,45.597165],[13.807647,45.597135],[13.807408,45.596982],[13.806944,45.596626],[13.806797,45.596135],[13.806766,45.596121],[13.806656,45.596139],[13.806729,45.595984],[13.806853,45.595949],[13.807055,45.595935],[13.806979,45.596293],[13.807993,45.596684],[13.80824,45.596585],[13.808523,45.596386],[13.808593,45.596246],[13.808648,45.596034],[13.808692,45.595282],[13.8087,45.595265],[13.808767,45.595274],[13.808797,45.595261],[13.809838,45.592382],[13.810084,45.591933],[13.810645,45.591148],[13.810764,45.590847],[13.810731,45.590653],[13.810838,45.590835],[13.811021,45.590861],[13.811405,45.59062],[13.811434,45.590536],[13.811477,45.590529],[13.811693,45.590567],[13.811778,45.590598],[13.811854,45.590677],[13.811886,45.590684],[13.811963,45.590591],[13.812208,45.590476],[13.812181,45.590455],[13.811415,45.59046],[13.811036,45.59044],[13.810782,45.590392],[13.81067,45.590385],[13.81064,45.59033],[13.811172,45.590405],[13.812168,45.590413],[13.812195,45.590394],[13.812181,45.590274],[13.811908,45.590259],[13.811912,45.590125],[13.812229,45.590179],[13.812515,45.590182],[13.81254,45.590168],[13.812587,45.58996],[13.812968,45.589954],[13.813207,45.589899],[13.8132,45.589875],[13.813039,45.589774],[13.812937,45.589592],[13.812711,45.58939],[13.812547,45.589038],[13.812079,45.588943],[13.811492,45.589031],[13.811474,45.589003],[13.812083,45.588912],[13.812525,45.588998],[13.812541,45.588978],[13.81252,45.588866],[13.81306,45.588733],[13.812848,45.588211],[13.812874,45.588184],[13.812684,45.587712],[13.8129,45.587676],[13.813678,45.587646],[13.813703,45.587624],[13.813675,45.587606],[13.812878,45.587637],[13.81274,45.587653],[13.81278,45.587547],[13.812729,45.587323],[13.812467,45.586475],[13.812311,45.586081],[13.812529,45.585957],[13.812921,45.585604],[13.812899,45.585584],[13.812763,45.585616],[13.81261,45.585503],[13.812509,45.585452],[13.812433,45.585336],[13.812492,45.585163],[13.812654,45.584903],[13.81273,45.584724],[13.812796,45.584471],[13.812827,45.584037],[13.812955,45.583586],[13.813002,45.583335],[13.813227,45.582719],[13.812576,45.582431],[13.812254,45.582269],[13.811513,45.581753],[13.811486,45.581761],[13.811341,45.581952],[13.810773,45.581835],[13.809896,45.58205],[13.809846,45.58202],[13.807801,45.582668],[13.807795,45.58273],[13.807854,45.582895],[13.808187,45.583312],[13.808353,45.583652],[13.808679,45.58467],[13.808788,45.58481],[13.808978,45.584937],[13.808871,45.584953],[13.808657,45.58474],[13.808601,45.584614],[13.808329,45.583724],[13.808106,45.583285],[13.807923,45.583053],[13.807403,45.582665],[13.807161,45.582418],[13.807139,45.582374],[13.806318,45.582606],[13.805988,45.582267],[13.805958,45.58226],[13.805737,45.58249],[13.805331,45.58259],[13.805288,45.58258],[13.804992,45.582699],[13.804979,45.582717],[13.805124,45.583586],[13.804918,45.583611],[13.80472,45.583592],[13.804646,45.583668],[13.804594,45.583656],[13.804625,45.58351],[13.804577,45.583438],[13.804513,45.583399],[13.804482,45.583398],[13.804201,45.58393],[13.804036,45.583921],[13.803988,45.583991],[13.803831,45.583967],[13.803813,45.583844],[13.803793,45.583829],[13.802897,45.583684],[13.803093,45.583415],[13.803024,45.583044],[13.80297,45.582893],[13.803014,45.582752],[13.802999,45.582732],[13.802731,45.582646],[13.802697,45.582654],[13.802356,45.583141],[13.801928,45.582966],[13.801892,45.582974],[13.801499,45.583554],[13.801431,45.583706],[13.801396,45.583848],[13.801419,45.584104],[13.801488,45.584296],[13.801495,45.584456],[13.801467,45.584595],[13.80139,45.584789],[13.801471,45.584989],[13.801499,45.585122],[13.801734,45.585319],[13.801914,45.585532],[13.801988,45.585658],[13.802075,45.586001],[13.802231,45.586391],[13.802282,45.586476],[13.802631,45.586965],[13.802937,45.587473],[13.803624,45.588317],[13.803806,45.588464],[13.805082,45.589226],[13.804651,45.589081],[13.804515,45.589065],[13.803822,45.588653],[13.80351,45.588424],[13.802877,45.587722],[13.802734,45.587584],[13.80262,45.58748],[13.802382,45.587319],[13.802324,45.587291],[13.800378,45.586731],[13.800085,45.586591],[13.799954,45.586476],[13.799866,45.586369],[13.79983,45.586263],[13.799773,45.586204],[13.799688,45.586192],[13.799505,45.586002],[13.7992,45.585731],[13.798853,45.585461],[13.798811,45.58544],[13.798584,45.585447],[13.798586,45.585098],[13.798651,45.584968],[13.798685,45.58484],[13.798664,45.584819],[13.798568,45.584807],[13.798539,45.584821],[13.798453,45.585061],[13.798265,45.58491],[13.798227,45.584908],[13.798214,45.585088],[13.798244,45.585158],[13.797593,45.585246],[13.797678,45.585517],[13.796878,45.585564],[13.796627,45.585488],[13.796567,45.585453],[13.796449,45.585815],[13.796438,45.585915],[13.796448,45.586043],[13.796556,45.586281],[13.796577,45.586462],[13.796486,45.586884],[13.796081,45.58678],[13.796053,45.586786],[13.795992,45.587295],[13.795838,45.587297],[13.795813,45.587315],[13.795786,45.587946],[13.795712,45.587952],[13.79558,45.587927],[13.795548,45.587943],[13.795478,45.588501],[13.79536,45.588525],[13.795188,45.588532],[13.795163,45.588547],[13.79516,45.588588],[13.795317,45.588925],[13.795426,45.588968],[13.795183,45.588988],[13.794955,45.588976],[13.794746,45.588984],[13.794359,45.589062],[13.794096,45.589073],[13.794073,45.58909],[13.794061,45.589191],[13.794094,45.589204],[13.794307,45.589147],[13.794595,45.589099],[13.794844,45.589107],[13.795041,45.589493],[13.795047,45.589619],[13.795183,45.589825],[13.795219,45.589988],[13.795188,45.590121],[13.795028,45.590128],[13.794817,45.59028],[13.794507,45.590422],[13.794237,45.59076],[13.794491,45.59091],[13.794438,45.590984],[13.794255,45.591025],[13.793897,45.591295],[13.793842,45.591378],[13.79365,45.591546],[13.793597,45.591668],[13.793126,45.592046],[13.792839,45.591886],[13.792969,45.59176],[13.792965,45.591735],[13.792516,45.59151],[13.792418,45.591631],[13.79224,45.591764],[13.791682,45.591971],[13.791689,45.591993],[13.79193,45.592132],[13.79188,45.592179],[13.791668,45.592055],[13.79147,45.592139],[13.791211,45.592429],[13.791222,45.592706],[13.791284,45.592737],[13.791189,45.592874],[13.791018,45.593036],[13.790679,45.593262],[13.790464,45.59337],[13.790294,45.593411],[13.789998,45.593519],[13.789859,45.593668],[13.789765,45.593674],[13.789432,45.593158],[13.789079,45.592848],[13.789891,45.592355],[13.789895,45.592332],[13.789713,45.5921],[13.790291,45.591843],[13.790426,45.591817],[13.790424,45.591794],[13.789964,45.591435],[13.790018,45.591358],[13.790156,45.591231],[13.790163,45.59117],[13.790391,45.590909],[13.790415,45.59078],[13.790356,45.590656],[13.790161,45.59049],[13.790001,45.590409],[13.789768,45.590521],[13.789519,45.59059],[13.78945,45.590476],[13.789896,45.590383],[13.789913,45.590362],[13.789849,45.590322],[13.789813,45.590323],[13.789635,45.589956],[13.789366,45.589953],[13.78927,45.589938],[13.789016,45.589839],[13.788901,45.589778],[13.788533,45.590063],[13.787974,45.589885],[13.787441,45.589783],[13.787263,45.589544],[13.786965,45.589493],[13.786839,45.589489],[13.7868,45.589384],[13.786619,45.589397],[13.786358,45.588984],[13.78617,45.588957],[13.786009,45.589086],[13.785946,45.589169],[13.785901,45.589277],[13.785892,45.589407],[13.7858,45.589583],[13.785598,45.589641],[13.785424,45.589762],[13.785281,45.589831],[13.785203,45.589928],[13.785165,45.590011],[13.784792,45.590389],[13.784647,45.590441],[13.784549,45.590442],[13.784445,45.590592],[13.784437,45.590781],[13.784401,45.590864],[13.784187,45.591112],[13.783972,45.591445],[13.783792,45.591663],[13.783761,45.59179],[13.783669,45.591879],[13.783664,45.591918],[13.783719,45.592007],[13.783726,45.592087],[13.783697,45.592322],[13.783706,45.592713],[13.783631,45.592773],[13.783478,45.59282],[13.783285,45.592983],[13.783141,45.593029],[13.783049,45.59312],[13.782837,45.593185],[13.782702,45.593202],[13.782574,45.593177],[13.782489,45.593144],[13.782303,45.593031],[13.782017,45.592737],[13.781811,45.592605],[13.78172,45.592526],[13.781629,45.592383],[13.781493,45.592244],[13.781441,45.59208],[13.781252,45.591975],[13.781227,45.591813],[13.781092,45.591755],[13.781018,45.591634],[13.781044,45.591607],[13.78094,45.591417],[13.780836,45.591326],[13.780747,45.591186],[13.780525,45.591051],[13.780432,45.59091],[13.780285,45.590749],[13.780151,45.590684],[13.779923,45.590635],[13.779854,45.590601],[13.779734,45.590495],[13.779565,45.590456],[13.779474,45.590419],[13.779314,45.590245],[13.779272,45.590221],[13.779211,45.590214],[13.779141,45.590233],[13.779078,45.59021],[13.779,45.590104],[13.778818,45.589967],[13.778726,45.589774],[13.778604,45.589669],[13.778606,45.589548],[13.778564,45.5895],[13.778684,45.589391],[13.778811,45.589379],[13.778976,45.589336],[13.77915,45.589334],[13.780468,45.589076],[13.780705,45.589325],[13.780876,45.589466],[13.781151,45.589318],[13.781528,45.589214],[13.781543,45.589192],[13.781438,45.588956],[13.782081,45.588879],[13.782203,45.588831],[13.782214,45.58881],[13.782038,45.588433],[13.78255,45.588289],[13.782543,45.588265],[13.782495,45.588237],[13.782429,45.588093],[13.782467,45.587762],[13.782421,45.587663],[13.781717,45.587478],[13.781421,45.587429],[13.7812,45.587412],[13.781163,45.58735],[13.781133,45.587339],[13.780803,45.587401],[13.780437,45.587385],[13.78008,45.587415],[13.779328,45.587564],[13.778797,45.587721],[13.778579,45.587687],[13.778408,45.587629],[13.778366,45.587631],[13.777952,45.587524],[13.777798,45.587552],[13.777766,45.587529],[13.777693,45.587516],[13.777702,45.587498],[13.777849,45.587437],[13.778305,45.587592],[13.778465,45.587619],[13.778605,45.587674],[13.778806,45.587696],[13.779267,45.587556],[13.780068,45.587388],[13.780308,45.587358],[13.780807,45.587367],[13.780949,45.58735],[13.781156,45.587302],[13.781491,45.58714],[13.781422,45.587065],[13.781383,45.586975],[13.781137,45.586819],[13.781069,45.586716],[13.781161,45.586533],[13.781087,45.5863],[13.781106,45.586202],[13.780691,45.585368],[13.78066,45.585356],[13.780348,45.585416],[13.780314,45.585362],[13.780118,45.585387],[13.78001,45.585418],[13.779993,45.585444],[13.779614,45.585549],[13.779247,45.585246],[13.77922,45.585267],[13.779283,45.585629],[13.778644,45.585808],[13.778789,45.586141],[13.778847,45.586447],[13.778847,45.586583],[13.778815,45.586687],[13.778731,45.586805],[13.778481,45.586889],[13.778085,45.586952],[13.77796,45.586926],[13.777872,45.586847],[13.777901,45.58675],[13.777882,45.586646],[13.777783,45.586532],[13.777551,45.586347],[13.777341,45.586245],[13.777075,45.585974],[13.777043,45.585986],[13.776974,45.586158],[13.776903,45.586246],[13.776688,45.586398],[13.776331,45.586565],[13.776078,45.586712],[13.775888,45.586798],[13.775682,45.586851],[13.775269,45.586904],[13.775215,45.586923],[13.77505,45.587035],[13.774861,45.587265],[13.774793,45.587423],[13.774749,45.587418],[13.774724,45.587437],[13.77468,45.587441],[13.774427,45.587687],[13.774423,45.587709],[13.774453,45.587725],[13.774026,45.588405],[13.773982,45.588414],[13.773853,45.588603],[13.773799,45.588802],[13.773709,45.588944],[13.773542,45.58895],[13.773508,45.589052],[13.773407,45.589194],[13.773322,45.589361],[13.773228,45.589364],[13.773091,45.58954],[13.772923,45.58964],[13.772845,45.589729],[13.772785,45.589747],[13.772664,45.589757],[13.772408,45.589689],[13.77233,45.589619],[13.772279,45.589598],[13.772242,45.589608],[13.772187,45.589738],[13.77172,45.590196],[13.771618,45.590346],[13.771584,45.590491],[13.771591,45.590792],[13.771495,45.590743],[13.771486,45.590472],[13.771553,45.590279],[13.771713,45.590092],[13.771683,45.590059],[13.771592,45.590036],[13.771483,45.589972],[13.771389,45.589964],[13.771178,45.590014],[13.770861,45.590131],[13.770746,45.590144],[13.770211,45.590105],[13.769748,45.590197],[13.769645,45.59019],[13.769656,45.590039],[13.769749,45.589771],[13.76973,45.589749],[13.769596,45.58973],[13.769471,45.589945],[13.769381,45.589926],[13.769383,45.589891],[13.769293,45.589863],[13.769318,45.589806],[13.769358,45.589793],[13.769368,45.589755],[13.769268,45.589727],[13.769224,45.589759],[13.769188,45.589751],[13.769155,45.589762],[13.769106,45.589864],[13.768899,45.589828],[13.768865,45.58996],[13.768589,45.589945],[13.768537,45.590173],[13.768564,45.590447],[13.768519,45.590572],[13.768456,45.590572],[13.768394,45.590646],[13.768171,45.590795],[13.767834,45.590906],[13.767767,45.590953],[13.767716,45.591169],[13.767633,45.591314],[13.767635,45.591385],[13.76749,45.591776],[13.767514,45.592002],[13.767616,45.592363],[13.767656,45.592605],[13.767615,45.592866],[13.767478,45.592851],[13.767132,45.592854],[13.766703,45.59289],[13.766606,45.59287],[13.766436,45.592762],[13.766355,45.59274],[13.76556,45.592734],[13.765326,45.592709],[13.764993,45.592635],[13.764874,45.592571],[13.764812,45.592471],[13.764687,45.592432],[13.764498,45.592416],[13.764358,45.592381],[13.764248,45.59239],[13.764111,45.592376],[13.763912,45.592303],[13.763714,45.592253],[13.763505,45.592255],[13.763416,45.592206],[13.76334,45.592189],[13.763175,45.592201],[13.763026,45.592161],[13.762713,45.592219],[13.762479,45.592295],[13.762254,45.592317],[13.762247,45.592337],[13.762279,45.592394],[13.762284,45.592522],[13.762212,45.592711],[13.76112,45.593145],[13.760853,45.593286],[13.7604,45.593668],[13.760341,45.593654],[13.760459,45.593605],[13.760498,45.593545],[13.760492,45.593525],[13.760293,45.593391],[13.760015,45.593266],[13.75998,45.593267],[13.759925,45.593312],[13.759899,45.593408],[13.759822,45.593406],[13.759641,45.593656],[13.759621,45.593719],[13.759629,45.59388],[13.75958,45.594153],[13.759262,45.593966],[13.75893,45.593793],[13.758895,45.593795],[13.758844,45.593973],[13.758789,45.594073],[13.758709,45.59416],[13.758702,45.594224],[13.758755,45.594439],[13.758788,45.594474],[13.758856,45.594508],[13.758973,45.594516],[13.758868,45.594554],[13.758731,45.59454],[13.758591,45.594555],[13.758291,45.594815],[13.758339,45.594869],[13.758443,45.59494],[13.758681,45.595064],[13.758777,45.595093],[13.759057,45.595107],[13.759283,45.595194],[13.759344,45.595269],[13.759407,45.595456],[13.759469,45.5955],[13.759546,45.595527],[13.75967,45.595539],[13.75979,45.595519],[13.759981,45.59546],[13.760118,45.595477],[13.760403,45.595714],[13.760667,45.595837],[13.760913,45.595983],[13.761303,45.596139],[13.761399,45.596211],[13.761459,45.596323],[13.761511,45.596348],[13.761625,45.596363],[13.761949,45.596365],[13.763443,45.59674],[13.763595,45.596765],[13.763707,45.596752],[13.763904,45.596778],[13.764012,45.596828],[13.764288,45.596911],[13.764391,45.59692],[13.764629,45.596985],[13.764602,45.597026],[13.764458,45.597057],[13.764414,45.597015],[13.764179,45.596962],[13.764083,45.596926],[13.763708,45.59684],[13.763489,45.59682],[13.763273,45.59685],[13.762532,45.596857],[13.762347,45.596882],[13.76184,45.596912],[13.761464,45.596872],[13.761294,45.596901],[13.761141,45.596876],[13.760913,45.596816],[13.760563,45.59668],[13.7605,45.596738],[13.760508,45.5969],[13.760461,45.597046],[13.760391,45.597148],[13.760281,45.597225],[13.760034,45.597273],[13.759349,45.597239],[13.759097,45.597301],[13.75902,45.597282],[13.75884,45.597276],[13.758712,45.597256],[13.758481,45.597125],[13.758074,45.597005],[13.7576,45.596815],[13.757498,45.59679],[13.757189,45.596774],[13.756958,45.596683],[13.756847,45.596724],[13.756674,45.596656],[13.756326,45.596625],[13.755966,45.596574],[13.755612,45.596589],[13.754862,45.596677],[13.754474,45.596743],[13.754282,45.596743],[13.753866,45.596694],[13.753221,45.596523],[13.752901,45.596412],[13.752688,45.596628],[13.752277,45.596796],[13.752116,45.596887],[13.752176,45.596822],[13.752285,45.596763],[13.752104,45.596597],[13.751742,45.596742],[13.751605,45.596665],[13.751569,45.596667],[13.751533,45.596698],[13.751539,45.596725],[13.751889,45.596889],[13.751793,45.597184],[13.751596,45.597207],[13.751541,45.597405],[13.751312,45.597479],[13.751246,45.597578],[13.751191,45.597597],[13.751086,45.597502],[13.750121,45.597157],[13.750118,45.597101],[13.749961,45.596865],[13.749748,45.596605]],[[13.753195,45.596459],[13.753209,45.59648],[13.753644,45.596611],[13.753897,45.596668],[13.754287,45.596718],[13.755721,45.596546],[13.756377,45.596577],[13.756701,45.596641],[13.756751,45.596612],[13.756991,45.596608],[13.757242,45.596721],[13.757528,45.596766],[13.757714,45.596821],[13.758054,45.596975],[13.758475,45.59709],[13.758653,45.597157],[13.758724,45.597212],[13.758813,45.597235],[13.758985,45.597227],[13.759101,45.597251],[13.759407,45.597198],[13.75998,45.597233],[13.760286,45.597176],[13.760411,45.59707],[13.760444,45.597005],[13.760469,45.596677],[13.760516,45.596634],[13.760565,45.596642],[13.760687,45.596711],[13.760945,45.596803],[13.761163,45.596858],[13.761316,45.596879],[13.761488,45.596843],[13.761866,45.59688],[13.762267,45.596857],[13.762419,45.596835],[13.763103,45.59683],[13.76333,45.596782],[13.763421,45.596787],[13.763449,45.596769],[13.763432,45.596752],[13.762414,45.596514],[13.761803,45.596417],[13.761464,45.596389],[13.761269,45.596173],[13.760952,45.596042],[13.760668,45.595877],[13.760394,45.595748],[13.76012,45.595524],[13.760003,45.595509],[13.759612,45.595603],[13.75957,45.595604],[13.759473,45.595571],[13.759288,45.595452],[13.759234,45.595253],[13.759171,45.595207],[13.759082,45.59516],[13.758969,45.595143],[13.75873,45.595142],[13.758637,45.595118],[13.758257,45.594906],[13.758061,45.594612],[13.75797,45.594548],[13.757677,45.594436],[13.757512,45.594405],[13.757406,45.594428],[13.757251,45.594521],[13.757099,45.594565],[13.756914,45.594601],[13.756589,45.594633],[13.756027,45.594745],[13.756072,45.595073],[13.756156,45.595087],[13.75634,45.595079],[13.756349,45.595146],[13.756088,45.595204],[13.755755,45.595349],[13.755588,45.595375],[13.755289,45.595359],[13.755284,45.595232],[13.755261,45.595215],[13.754589,45.595166],[13.75452,45.595403],[13.754498,45.59565],[13.754109,45.595629],[13.753853,45.5956],[13.753825,45.595636],[13.753409,45.595851],[13.753361,45.59584],[13.753328,45.595851],[13.753268,45.595982],[13.753334,45.59612],[13.753195,45.596459]]],[[[13.743794,45.59774],[13.743707,45.597754],[13.743915,45.59752],[13.744202,45.597552],[13.745854,45.597811],[13.74627,45.597671],[13.746364,45.597668],[13.746448,45.597709],[13.746456,45.597906],[13.746986,45.597987],[13.749695,45.596866],[13.749806,45.59699],[13.749999,45.597304],[13.749989,45.597412],[13.750025,45.597416],[13.750046,45.597379],[13.750263,45.597456],[13.750373,45.59812],[13.750374,45.598242],[13.750302,45.598388],[13.750134,45.598563],[13.749987,45.598648],[13.749906,45.598613],[13.749659,45.598662],[13.749617,45.598647],[13.749383,45.598766],[13.749157,45.598835],[13.749129,45.598814],[13.749105,45.598821],[13.749077,45.598866],[13.748825,45.598866],[13.748818,45.59879],[13.748742,45.598783],[13.748716,45.5988],[13.748707,45.598866],[13.748291,45.598873],[13.748199,45.598933],[13.74806,45.598907],[13.747776,45.598804],[13.748237,45.598265],[13.748225,45.598162],[13.748203,45.598146],[13.747478,45.598095],[13.747108,45.598273],[13.746984,45.598295],[13.746603,45.598232],[13.745684,45.59796],[13.745436,45.598185],[13.744202,45.597848],[13.74417,45.597856],[13.744048,45.598006],[13.743822,45.597749],[13.743794,45.59774]]],[[[13.72444,45.595782],[13.72442,45.595748],[13.724537,45.595795],[13.724689,45.595917],[13.724817,45.595981],[13.724913,45.596068],[13.725174,45.596235],[13.725322,45.59635],[13.725417,45.596482],[13.725497,45.596552],[13.725588,45.596584],[13.725897,45.596632],[13.7264,45.59676],[13.726572,45.596709],[13.72675,45.59672],[13.726754,45.596682],[13.726679,45.596667],[13.726588,45.595911],[13.726093,45.59579],[13.726453,45.594856],[13.727509,45.595053],[13.729775,45.595446],[13.730276,45.595306],[13.73167,45.595972],[13.731764,45.595949],[13.732158,45.596246],[13.732841,45.595959],[13.732845,45.595923],[13.732882,45.595905],[13.732889,45.59588],[13.732749,45.595712],[13.733163,45.595632],[13.733751,45.595587],[13.733865,45.595754],[13.733877,45.595811],[13.733945,45.59589],[13.733835,45.596078],[13.733852,45.596103],[13.734145,45.596149],[13.734176,45.596133],[13.734138,45.596092],[13.736601,45.59645],[13.736738,45.596378],[13.737117,45.596446],[13.737259,45.59651],[13.737444,45.596569],[13.743052,45.597177],[13.743818,45.597364],[13.743623,45.597599],[13.743428,45.597403],[13.743401,45.597396],[13.743377,45.597409],[13.743337,45.597386],[13.743103,45.597537],[13.743078,45.597516],[13.743181,45.597429],[13.743015,45.597326],[13.742969,45.597247],[13.742939,45.597249],[13.742337,45.597644],[13.742282,45.597626],[13.74225,45.597631],[13.741752,45.598065],[13.741681,45.598036],[13.741608,45.598096],[13.741325,45.59799],[13.741178,45.598082],[13.740866,45.597939],[13.740716,45.597814],[13.740695,45.597808],[13.740649,45.597834],[13.740495,45.597766],[13.739903,45.597965],[13.739441,45.598141],[13.739399,45.59808],[13.739437,45.598067],[13.739447,45.598041],[13.739105,45.59768],[13.739069,45.597676],[13.738607,45.597912],[13.7386,45.597936],[13.738628,45.59797],[13.738456,45.597798],[13.73827,45.597573],[13.738234,45.597567],[13.738174,45.597591],[13.737976,45.597403],[13.736866,45.597815],[13.736856,45.597841],[13.736993,45.597992],[13.73672,45.597784],[13.736366,45.597666],[13.736252,45.597613],[13.735821,45.597311],[13.735735,45.597329],[13.73574,45.597353],[13.736216,45.597674],[13.736202,45.597916],[13.736168,45.597919],[13.736177,45.597679],[13.735674,45.597337],[13.735405,45.597378],[13.73539,45.597406],[13.735458,45.597471],[13.735415,45.597786],[13.734982,45.597815],[13.734965,45.597844],[13.735115,45.597973],[13.735159,45.598095],[13.735326,45.598151],[13.735396,45.598388],[13.735637,45.598588],[13.735837,45.598702],[13.736125,45.598829],[13.736231,45.598908],[13.736363,45.599062],[13.736398,45.59915],[13.736483,45.599205],[13.736533,45.599264],[13.73657,45.599273],[13.736766,45.599246],[13.736821,45.59927],[13.736867,45.59936],[13.736743,45.599265],[13.736582,45.599296],[13.736524,45.599279],[13.73638,45.599167],[13.736333,45.599049],[13.736197,45.598917],[13.736053,45.59882],[13.735683,45.598642],[13.735345,45.598383],[13.735318,45.598216],[13.735292,45.598166],[13.73516,45.598139],[13.735127,45.598113],[13.735064,45.597972],[13.734856,45.597808],[13.734846,45.59769],[13.73479,45.597607],[13.734675,45.597534],[13.734647,45.597411],[13.734516,45.597123],[13.734364,45.597009],[13.73393,45.597083],[13.733816,45.596719],[13.733784,45.596706],[13.733617,45.596745],[13.732854,45.597324],[13.732161,45.597982],[13.732041,45.597939],[13.732006,45.597947],[13.731857,45.598165],[13.732045,45.598286],[13.732609,45.598352],[13.733059,45.598433],[13.733122,45.598417],[13.733204,45.598458],[13.733928,45.598596],[13.734287,45.598586],[13.733941,45.598619],[13.733232,45.598479],[13.732643,45.598387],[13.732642,45.598427],[13.732014,45.598863],[13.732087,45.599031],[13.73201,45.599072],[13.731998,45.599244],[13.731753,45.599386],[13.731707,45.599378],[13.731083,45.59966],[13.730636,45.599946],[13.729021,45.599366],[13.728738,45.599284],[13.728443,45.599227],[13.728592,45.599011],[13.728778,45.59887],[13.728781,45.598844],[13.729159,45.598323],[13.728924,45.598158],[13.728639,45.598012],[13.728471,45.598028],[13.727955,45.597797],[13.727834,45.597689],[13.728083,45.597491],[13.728113,45.597437],[13.728118,45.597352],[13.728104,45.597335],[13.727363,45.597084],[13.727648,45.596939],[13.727655,45.596915],[13.727544,45.596854],[13.727274,45.596874],[13.727187,45.596868],[13.727052,45.596805],[13.726893,45.596764],[13.7266,45.596741],[13.726366,45.596787],[13.725929,45.596663],[13.725552,45.596604],[13.725404,45.596518],[13.725198,45.596286],[13.724799,45.596011],[13.724687,45.595951],[13.724496,45.595806],[13.72444,45.595782]]],[[[13.721454,45.601416],[13.721364,45.601422],[13.72152,45.601335],[13.721714,45.601425],[13.721761,45.601483],[13.721864,45.601927],[13.72194,45.602096],[13.722045,45.602175],[13.722245,45.60227],[13.722855,45.602416],[13.723048,45.602484],[13.723582,45.602744],[13.72383,45.602839],[13.724097,45.60287],[13.724286,45.602958],[13.7244,45.603057],[13.72443,45.603063],[13.724617,45.60284],[13.724676,45.602833],[13.725027,45.602425],[13.72461,45.601894],[13.724572,45.601887],[13.724499,45.601922],[13.724444,45.601915],[13.724413,45.601928],[13.724317,45.602165],[13.724329,45.602246],[13.724377,45.60234],[13.724276,45.602217],[13.724376,45.601911],[13.724354,45.601843],[13.724265,45.601768],[13.724183,45.601726],[13.723941,45.601671],[13.723608,45.601415],[13.723518,45.601387],[13.723123,45.601329],[13.722979,45.601323],[13.722836,45.601374],[13.722792,45.601371],[13.722743,45.601307],[13.722679,45.60128],[13.722455,45.601278],[13.722226,45.601154],[13.721901,45.601121],[13.721916,45.6011],[13.722293,45.601142],[13.722425,45.601234],[13.722499,45.601253],[13.722687,45.601252],[13.722756,45.601275],[13.722831,45.601336],[13.723022,45.601293],[13.723534,45.60136],[13.723634,45.601388],[13.723803,45.601502],[13.723815,45.601536],[13.723953,45.601649],[13.724191,45.601699],[13.724219,45.601669],[13.724546,45.601485],[13.724487,45.60097],[13.724568,45.600584],[13.724655,45.600594],[13.725186,45.600769],[13.725427,45.60079],[13.725853,45.60078],[13.726189,45.600707],[13.726504,45.600689],[13.726582,45.600699],[13.726882,45.600824],[13.727084,45.601033],[13.727122,45.601037],[13.727154,45.601012],[13.72698,45.600816],[13.72681,45.600731],[13.726603,45.600655],[13.726482,45.600642],[13.726213,45.600654],[13.726368,45.600381],[13.726407,45.600235],[13.726573,45.599967],[13.726493,45.599882],[13.726431,45.599859],[13.726497,45.599714],[13.726479,45.599507],[13.726253,45.599356],[13.726203,45.599277],[13.726161,45.599132],[13.726124,45.599088],[13.725988,45.599032],[13.725637,45.598961],[13.725431,45.598728],[13.725422,45.598617],[13.725311,45.598498],[13.725278,45.598416],[13.725292,45.59829],[13.725335,45.59818],[13.725304,45.59802],[13.72527,45.597959],[13.725187,45.597892],[13.725137,45.597761],[13.725024,45.597589],[13.724927,45.597187],[13.72474,45.597116],[13.724606,45.59709],[13.724516,45.597009],[13.724209,45.596905],[13.724107,45.596773],[13.724061,45.596746],[13.724069,45.596726],[13.724153,45.596769],[13.724255,45.596899],[13.724544,45.596982],[13.724634,45.597063],[13.724914,45.597145],[13.724967,45.59718],[13.724991,45.597353],[13.725054,45.597523],[13.725242,45.597881],[13.725348,45.597983],[13.72539,45.598192],[13.725334,45.598297],[13.725349,45.598452],[13.725455,45.598607],[13.725492,45.598749],[13.725663,45.598927],[13.726052,45.59901],[13.726163,45.599067],[13.726295,45.599327],[13.726363,45.599398],[13.726469,45.599455],[13.72652,45.599462],[13.726597,45.599447],[13.726669,45.599471],[13.726715,45.599467],[13.726794,45.59939],[13.726872,45.599343],[13.727146,45.599334],[13.727351,45.599349],[13.727535,45.599321],[13.727682,45.599342],[13.72821,45.599254],[13.728278,45.59928],[13.728708,45.599351],[13.728989,45.599432],[13.730751,45.600059],[13.730987,45.599984],[13.731623,45.600448],[13.731688,45.600592],[13.731695,45.600659],[13.732136,45.600918],[13.732317,45.600994],[13.732487,45.601021],[13.732542,45.600986],[13.732691,45.600982],[13.732941,45.601012],[13.733186,45.600973],[13.733804,45.601151],[13.734053,45.601197],[13.734095,45.601226],[13.733956,45.601218],[13.733452,45.601079],[13.73331,45.601018],[13.73318,45.600994],[13.73299,45.601028],[13.73257,45.601005],[13.732523,45.601041],[13.732518,45.601072],[13.732601,45.601235],[13.732538,45.601188],[13.732493,45.601087],[13.732452,45.601052],[13.732193,45.600969],[13.731983,45.600864],[13.731725,45.600706],[13.7316,45.60067],[13.73158,45.600685],[13.731553,45.600805],[13.731439,45.60094],[13.730964,45.601243],[13.730864,45.601366],[13.730835,45.601514],[13.730889,45.601608],[13.731033,45.601719],[13.731134,45.601761],[13.731822,45.601955],[13.732609,45.60216],[13.732497,45.602335],[13.732771,45.602462],[13.732666,45.602581],[13.732669,45.602603],[13.73279,45.602624],[13.732992,45.602613],[13.733173,45.602688],[13.733406,45.602683],[13.733445,45.602695],[13.733153,45.602705],[13.733046,45.60265],[13.732974,45.602631],[13.732726,45.602633],[13.732452,45.602605],[13.732425,45.602619],[13.732398,45.602699],[13.732205,45.602698],[13.731545,45.602613],[13.731195,45.602803],[13.731184,45.60298],[13.731346,45.603046],[13.731377,45.603111],[13.731871,45.603209],[13.731897,45.603265],[13.731909,45.603495],[13.731937,45.603512],[13.7332,45.603444],[13.733693,45.603997],[13.733394,45.604145],[13.733259,45.604246],[13.732958,45.604354],[13.732122,45.604538],[13.731596,45.60462],[13.731451,45.604655],[13.731346,45.604704],[13.731335,45.604722],[13.731288,45.604731],[13.731269,45.604752],[13.731277,45.604775],[13.731311,45.604772],[13.731346,45.604734],[13.731508,45.604681],[13.732249,45.604564],[13.73297,45.604379],[13.733277,45.604324],[13.733373,45.604233],[13.733595,45.604096],[13.733754,45.604019],[13.734568,45.603712],[13.734865,45.603957],[13.734904,45.604059],[13.734863,45.60419],[13.73492,45.604244],[13.734992,45.60428],[13.735139,45.604438],[13.735171,45.604444],[13.736031,45.604185],[13.736093,45.604185],[13.736206,45.604002],[13.736558,45.603583],[13.736708,45.603477],[13.737001,45.603345],[13.737121,45.603273],[13.737434,45.603152],[13.737945,45.603123],[13.738,45.603077],[13.737943,45.602888],[13.738534,45.602972],[13.738717,45.602948],[13.739731,45.60293],[13.739836,45.602955],[13.739846,45.603265],[13.739891,45.603486],[13.740061,45.603706],[13.740554,45.603878],[13.740612,45.603935],[13.740623,45.604008],[13.740821,45.60419],[13.740913,45.604207],[13.741179,45.604454],[13.741264,45.604499],[13.741283,45.604545],[13.741353,45.6046],[13.741432,45.60471],[13.741414,45.604748],[13.741519,45.604934],[13.741808,45.605084],[13.741905,45.605079],[13.742256,45.605135],[13.74242,45.605581],[13.742638,45.605556],[13.742837,45.605504],[13.742888,45.605717],[13.742929,45.605741],[13.742935,45.605777],[13.742846,45.605807],[13.742833,45.605828],[13.743064,45.606435],[13.743093,45.606455],[13.743411,45.606493],[13.74354,45.606531],[13.743517,45.606573],[13.743552,45.606687],[13.743713,45.606984],[13.743375,45.606952],[13.742925,45.606946],[13.742915,45.606966],[13.742997,45.60717],[13.742977,45.607279],[13.742893,45.607334],[13.742488,45.607163],[13.742367,45.607274],[13.742354,45.607175],[13.742273,45.607029],[13.742211,45.60697],[13.742036,45.606888],[13.74178,45.606913],[13.74153,45.606875],[13.741444,45.606885],[13.741374,45.606918],[13.741386,45.606959],[13.741521,45.606987],[13.741624,45.607062],[13.741622,45.607243],[13.741708,45.607374],[13.741762,45.607507],[13.741789,45.607664],[13.741845,45.607734],[13.741902,45.60786],[13.741924,45.608171],[13.742034,45.608395],[13.742019,45.608598],[13.741977,45.608597],[13.741988,45.608408],[13.741881,45.608185],[13.741838,45.607822],[13.741736,45.607689],[13.741689,45.60745],[13.741554,45.607201],[13.741583,45.607103],[13.741573,45.607055],[13.741528,45.607022],[13.741337,45.606976],[13.741001,45.607338],[13.74057,45.607707],[13.740655,45.607783],[13.740971,45.60797],[13.7412,45.608161],[13.741208,45.608191],[13.740947,45.607979],[13.740795,45.607877],[13.740642,45.607805],[13.740227,45.607899],[13.739927,45.608095],[13.74047,45.608476],[13.740368,45.608764],[13.740424,45.608939],[13.740366,45.608955],[13.740319,45.608781],[13.740409,45.60849],[13.739903,45.608131],[13.739876,45.608147],[13.739819,45.60844],[13.7395,45.608385],[13.739339,45.60859],[13.738016,45.608488],[13.737565,45.608487],[13.737538,45.608504],[13.737522,45.608659],[13.737549,45.608845],[13.737583,45.608866],[13.737589,45.609143],[13.737611,45.609161],[13.737768,45.609174],[13.737718,45.609294],[13.737525,45.609356],[13.737205,45.609498],[13.737195,45.609522],[13.737231,45.609576],[13.736563,45.609835],[13.736386,45.609935],[13.736273,45.610054],[13.736176,45.610052],[13.736091,45.609978],[13.735936,45.609939],[13.735722,45.609949],[13.735645,45.609902],[13.735515,45.609866],[13.735522,45.609832],[13.735502,45.609812],[13.735422,45.609839],[13.73528,45.609845],[13.734905,45.610132],[13.733778,45.609579],[13.733888,45.609466],[13.734385,45.609689],[13.734652,45.609342],[13.734204,45.609061],[13.734312,45.60893],[13.733995,45.608851],[13.734159,45.608557],[13.734256,45.608163],[13.7341,45.607926],[13.734068,45.607931],[13.733998,45.607998],[13.733502,45.607948],[13.733421,45.608248],[13.733204,45.608228],[13.732827,45.608275],[13.732379,45.608107],[13.732352,45.608091],[13.732345,45.608061],[13.732212,45.608016],[13.732088,45.607947],[13.732153,45.607918],[13.732272,45.607732],[13.731817,45.607629],[13.731787,45.607605],[13.731817,45.607527],[13.731742,45.607246],[13.7316,45.607105],[13.731566,45.6071],[13.731229,45.607321],[13.729871,45.606233],[13.728606,45.605463],[13.72799,45.604985],[13.726771,45.604617],[13.726904,45.604186],[13.726688,45.604126],[13.726551,45.60407],[13.725948,45.603704],[13.724949,45.603354],[13.724782,45.603303],[13.724031,45.603275],[13.723623,45.603121],[13.723068,45.602638],[13.722837,45.602468],[13.722673,45.602412],[13.722214,45.602302],[13.721956,45.602167],[13.721892,45.602091],[13.721837,45.601955],[13.721716,45.601499],[13.721604,45.601439],[13.721454,45.601416]],[[13.72308,45.602559],[13.723079,45.602582],[13.723645,45.603082],[13.723736,45.60313],[13.724043,45.603237],[13.724585,45.60326],[13.724612,45.603249],[13.7246,45.603216],[13.724481,45.603184],[13.724267,45.602971],[13.724171,45.602924],[13.724053,45.602879],[13.723825,45.602864],[13.723496,45.602734],[13.723113,45.602556],[13.72308,45.602559]]]]},"properties":{"prov":"TS","comune_amm":"F795","comune_descr":"MUGGIA","fascia":"R","zona":"R1","zona_descr":"REGIONE AGRARIA 19","microzona":2,"semestre":"2025/2"}},{"type":"Feature","geometry":{"type":"Polygon","coordinates":[[[13.743229,45.735186],[13.743771,45.73493],[13.743832,45.734927],[13.743856,45.734869],[13.743843,45.734858],[13.743638,45.734786],[13.744579,45.734176],[13.744697,45.734271],[13.744571,45.734374],[13.744711,45.734474],[13.744064,45.734926],[13.744315,45.735043],[13.744515,45.735086],[13.744603,45.735088],[13.74482,45.735149],[13.744855,45.735145],[13.744916,45.735026],[13.745078,45.734838],[13.745929,45.734195],[13.746358,45.733851],[13.746367,45.733822],[13.746447,45.733792],[13.746503,45.733709],[13.746573,45.733408],[13.746621,45.733318],[13.746743,45.733169],[13.746939,45.733029],[13.747097,45.732829],[13.74708,45.732787],[13.747061,45.732781],[13.747013,45.732807],[13.747009,45.732694],[13.746879,45.732515],[13.747463,45.732289],[13.747708,45.73206],[13.747851,45.731894],[13.748008,45.731545],[13.748184,45.731506],[13.748298,45.731436],[13.748495,45.731382],[13.748973,45.731083],[13.749003,45.73104],[13.749199,45.731127],[13.749394,45.731379],[13.749039,45.731532],[13.74867,45.731757],[13.748477,45.731911],[13.748152,45.732294],[13.74812,45.732296],[13.748095,45.732322],[13.748104,45.732349],[13.747952,45.7326],[13.747985,45.732611],[13.748,45.732601],[13.748118,45.732429],[13.748194,45.732464],[13.748032,45.732761],[13.748041,45.732951],[13.748088,45.73324],[13.748117,45.733256],[13.748407,45.733231],[13.748479,45.73357],[13.748676,45.73354],[13.748723,45.733554],[13.749248,45.733431],[13.74927,45.733846],[13.749321,45.733872],[13.749347,45.733995],[13.749551,45.734157],[13.749627,45.734289],[13.749772,45.734425],[13.749795,45.734487],[13.74982,45.734493],[13.749849,45.734609],[13.749914,45.734697],[13.749953,45.734707],[13.749964,45.73475],[13.750105,45.734927],[13.750116,45.735114],[13.750158,45.735162],[13.75023,45.73516],[13.750322,45.735212],[13.750353,45.735267],[13.750397,45.735468],[13.750382,45.73562],[13.750554,45.735639],[13.75071,45.735614],[13.750831,45.735706],[13.750882,45.735712],[13.751016,45.735628],[13.751067,45.735538],[13.751423,45.73554],[13.751603,45.735689],[13.75178,45.735895],[13.751753,45.736004],[13.751591,45.736133],[13.751356,45.736592],[13.751361,45.736698],[13.75146,45.736755],[13.751407,45.736836],[13.75133,45.73688],[13.751094,45.736881],[13.750406,45.736742],[13.750299,45.736699],[13.750262,45.736709],[13.750255,45.736769],[13.75014,45.73685],[13.750072,45.736968],[13.749983,45.737355],[13.749965,45.737367],[13.750005,45.737752],[13.749938,45.737774],[13.749853,45.737764],[13.749726,45.737649],[13.749536,45.73762],[13.749211,45.737416],[13.748788,45.737351],[13.748723,45.737353],[13.748607,45.737474],[13.747941,45.737371],[13.747843,45.737498],[13.747777,45.737533],[13.747683,45.737547],[13.747562,45.737591],[13.747387,45.737696],[13.747284,45.737833],[13.747172,45.738063],[13.74718,45.738083],[13.747211,45.738091],[13.747143,45.738257],[13.747044,45.738347],[13.746915,45.738415],[13.746776,45.738518],[13.746618,45.738331],[13.746023,45.738075],[13.745884,45.738043],[13.745848,45.738063],[13.745696,45.738073],[13.745526,45.738014],[13.74523,45.737878],[13.745147,45.737895],[13.745011,45.737844],[13.744972,45.737637],[13.744985,45.737509],[13.744824,45.737439],[13.744787,45.73739],[13.744624,45.737451],[13.744471,45.737409],[13.744779,45.737291],[13.744801,45.737211],[13.745193,45.737058],[13.745205,45.737037],[13.74518,45.736975],[13.745223,45.736955],[13.745225,45.736874],[13.745493,45.73678],[13.745505,45.736757],[13.745473,45.736746],[13.745358,45.736771],[13.745197,45.736743],[13.745194,45.736708],[13.745169,45.736691],[13.744796,45.736683],[13.744772,45.73658],[13.744738,45.736565],[13.743917,45.736744],[13.743954,45.736689],[13.74397,45.736595],[13.743933,45.736587],[13.743895,45.736604],[13.743854,45.736532],[13.744051,45.736474],[13.744218,45.736342],[13.744208,45.736309],[13.74437,45.736095],[13.744341,45.735938],[13.744231,45.735829],[13.743716,45.735644],[13.743505,45.735524],[13.743331,45.735544],[13.743306,45.735496],[13.743491,45.735481],[13.743513,45.735463],[13.743397,45.73536],[13.74326,45.735274],[13.743229,45.735186]]]},"properties":{"prov":"TS","comune_amm":"I715","comune_descr":"SGONICO","fascia":"B","zona":"B1","zona_descr":"CENTRO STORICO DI SGONICO","microzona":0,"semestre":"2025/2"}},{"type":"Feature","geometry":{"type":"Polygon","coordinates":[[[13.699128,45.732811],[13.698839,45.732817],[13.699315,45.732363],[13.699558,45.732103],[13.700156,45.731597],[13.700509,45.731214],[13.700912,45.730898],[13.702172,45.730151],[13.702849,45.729687],[13.704022,45.729057],[13.70453,45.728674],[13.705076,45.728455],[13.706742,45.727361],[13.707296,45.726953],[13.708255,45.7264],[13.70912,45.725992],[13.711757,45.724586],[13.712267,45.724456],[13.713562,45.72393],[13.714033,45.723669],[13.715286,45.722845],[13.715677,45.722968],[13.716356,45.723494],[13.716543,45.723683],[13.716656,45.723884],[13.716428,45.724051],[13.716444,45.724312],[13.716504,45.724462],[13.716536,45.724712],[13.716564,45.724729],[13.71663,45.724727],[13.716776,45.724945],[13.716587,45.725368],[13.716498,45.725452],[13.716778,45.725658],[13.716935,45.725747],[13.717126,45.72579],[13.717345,45.725998],[13.717616,45.726053],[13.717149,45.726379],[13.717119,45.726461],[13.717128,45.726484],[13.717166,45.726479],[13.717236,45.726506],[13.717272,45.726498],[13.717331,45.726415],[13.717337,45.726363],[13.717799,45.726038],[13.71778,45.726021],[13.717548,45.725975],[13.717325,45.725761],[13.717131,45.725715],[13.716969,45.725624],[13.716677,45.725412],[13.716776,45.725323],[13.71697,45.724899],[13.716832,45.724683],[13.71673,45.724672],[13.716697,45.7244],[13.716638,45.724252],[13.716623,45.723977],[13.716846,45.723823],[13.716851,45.723804],[13.716741,45.723607],[13.716442,45.723321],[13.716407,45.723318],[13.716282,45.72338],[13.71639,45.723307],[13.716392,45.723282],[13.715867,45.722876],[13.715462,45.722761],[13.715587,45.722636],[13.716032,45.722281],[13.716264,45.722069],[13.716506,45.721889],[13.716754,45.721732],[13.717295,45.721588],[13.71761,45.721527],[13.717778,45.721443],[13.718811,45.720669],[13.719303,45.720489],[13.719593,45.720423],[13.719849,45.720319],[13.719923,45.72026],[13.719925,45.720158],[13.720047,45.720156],[13.720053,45.72022],[13.720084,45.720225],[13.721111,45.719867],[13.721285,45.719782],[13.721409,45.71977],[13.721739,45.719513],[13.721924,45.719498],[13.722033,45.719342],[13.723073,45.718436],[13.723487,45.718112],[13.723666,45.717992],[13.724054,45.71778],[13.724392,45.717567],[13.724542,45.717531],[13.724846,45.71729],[13.725518,45.716879],[13.727121,45.715601],[13.727736,45.715228],[13.727904,45.715218],[13.727945,45.715235],[13.728476,45.715097],[13.730008,45.714295],[13.730627,45.713538],[13.730612,45.713513],[13.730416,45.713467],[13.730349,45.71316],[13.73088,45.712731],[13.731079,45.712701],[13.731397,45.712891],[13.73196,45.712659],[13.731991,45.712462],[13.732316,45.712446],[13.73349,45.712284],[13.733753,45.712103],[13.733854,45.711867],[13.734894,45.711338],[13.735111,45.711111],[13.735036,45.710752],[13.735091,45.710545],[13.735365,45.710296],[13.735556,45.710046],[13.735529,45.710003],[13.735534,45.709872],[13.735455,45.709851],[13.735545,45.709709],[13.735673,45.709633],[13.736121,45.709572],[13.736157,45.7095],[13.736414,45.709372],[13.737005,45.708933],[13.737258,45.708828],[13.737497,45.70877],[13.73772,45.708635],[13.738229,45.708314],[13.739451,45.707322],[13.740123,45.707222],[13.740203,45.70717],[13.741423,45.707157],[13.74184,45.707161],[13.742243,45.707184],[13.742578,45.707159],[13.742967,45.707075],[13.743273,45.707038],[13.743859,45.706997],[13.744358,45.70689],[13.7448,45.70683],[13.745842,45.706611],[13.746667,45.706323],[13.746923,45.706195],[13.747162,45.70614],[13.74781,45.706085],[13.748025,45.706032],[13.74833,45.705985],[13.748703,45.70579],[13.749553,45.705443],[13.750311,45.705073],[13.750886,45.704776],[13.751498,45.704425],[13.75174,45.704307],[13.752104,45.704188],[13.752846,45.704033],[13.753109,45.704148],[13.75392,45.704674],[13.75431,45.704867],[13.754561,45.704916],[13.754565,45.704885],[13.754197,45.704701],[13.753385,45.704172],[13.753132,45.704055],[13.755459,45.703576],[13.756022,45.703432],[13.756348,45.703325],[13.758987,45.702228],[13.759814,45.701908],[13.761542,45.701426],[13.761734,45.701377],[13.762173,45.701302],[13.764061,45.701056],[13.764478,45.701188],[13.765079,45.701154],[13.765625,45.701014],[13.766395,45.700852],[13.767336,45.700502],[13.769022,45.699946],[13.769279,45.700045],[13.7701,45.700514],[13.771062,45.701036],[13.771584,45.701279],[13.772643,45.701947],[13.77316,45.702327],[13.773485,45.70251],[13.773547,45.702572],[13.773526,45.70261],[13.773635,45.70275],[13.774021,45.702707],[13.774242,45.702807],[13.77465,45.702949],[13.775035,45.703144],[13.775133,45.703152],[13.775273,45.703238],[13.775986,45.703581],[13.77637,45.703896],[13.776963,45.704298],[13.77686,45.704408],[13.776862,45.70443],[13.779067,45.70627],[13.787509,45.705517],[13.78845,45.708135],[13.78605,45.709541],[13.785818,45.709644],[13.784244,45.710644],[13.782596,45.711827],[13.78138,45.71254],[13.781324,45.712389],[13.781203,45.71232],[13.780735,45.71237],[13.78057,45.712583],[13.780712,45.712787],[13.780653,45.71282],[13.780562,45.712837],[13.780573,45.712899],[13.780518,45.712957],[13.780366,45.712954],[13.779992,45.713268],[13.778577,45.71422],[13.778379,45.714296],[13.7783,45.714486],[13.777197,45.715226],[13.777157,45.71518],[13.777068,45.715188],[13.777034,45.715316],[13.776726,45.715528],[13.776794,45.715608],[13.775615,45.716284],[13.774905,45.71673],[13.774608,45.716899],[13.773519,45.71882],[13.774634,45.720995],[13.775132,45.721506],[13.776251,45.722958],[13.777737,45.724313],[13.77834,45.725181],[13.778677,45.725507],[13.778587,45.725556],[13.778582,45.725581],[13.779722,45.726657],[13.780243,45.727108],[13.780286,45.727258],[13.780344,45.727325],[13.780347,45.727437],[13.780574,45.728464],[13.780732,45.728719],[13.780671,45.728927],[13.780591,45.72897],[13.780337,45.729051],[13.780322,45.729066],[13.780084,45.732903],[13.780082,45.73362],[13.781312,45.736351],[13.779474,45.736563],[13.779052,45.736757],[13.778707,45.736749],[13.778575,45.736787],[13.778548,45.736775],[13.778289,45.736902],[13.778089,45.736958],[13.777785,45.736966],[13.777517,45.736954],[13.77723,45.736986],[13.777077,45.737023],[13.77697,45.737011],[13.776501,45.737055],[13.776244,45.736996],[13.77559,45.737052],[13.775426,45.737044],[13.7754,45.737064],[13.775429,45.737247],[13.775454,45.737263],[13.775752,45.737277],[13.776414,45.737222],[13.776674,45.737281],[13.777146,45.73724],[13.777262,45.737251],[13.777406,45.737214],[13.777698,45.737184],[13.777966,45.737196],[13.778272,45.737189],[13.778475,45.737133],[13.778674,45.737046],[13.778738,45.736997],[13.778783,45.737014],[13.778896,45.73698],[13.779251,45.736987],[13.77967,45.736795],[13.781531,45.736586],[13.781417,45.737141],[13.781676,45.737602],[13.781744,45.737979],[13.782053,45.738464],[13.782064,45.738862],[13.782268,45.738946],[13.782522,45.739161],[13.78409,45.739145],[13.7849,45.739625],[13.785114,45.739737],[13.785481,45.739732],[13.785559,45.73996],[13.785716,45.740229],[13.785866,45.740288],[13.78593,45.740588],[13.786738,45.741412],[13.78763,45.74288],[13.787669,45.7432],[13.788228,45.743598],[13.788697,45.7441],[13.788969,45.744717],[13.78815,45.745136],[13.788141,45.745155],[13.788549,45.746441],[13.785569,45.747801],[13.784471,45.748238],[13.783988,45.748346],[13.780518,45.748543],[13.779743,45.748513],[13.778692,45.748841],[13.777816,45.748996],[13.776767,45.748944],[13.776397,45.74891],[13.775608,45.74891],[13.774947,45.748844],[13.774487,45.748847],[13.773926,45.749291],[13.773187,45.749628],[13.772593,45.749792],[13.772148,45.749972],[13.771962,45.749848],[13.771505,45.749817],[13.769682,45.750117],[13.769199,45.750171],[13.768675,45.750262],[13.767864,45.750362],[13.767163,45.75053],[13.766681,45.750666],[13.765985,45.750748],[13.765898,45.75063],[13.765457,45.750477],[13.765069,45.750023],[13.765037,45.750016],[13.765022,45.750037],[13.765058,45.750121],[13.76545,45.750574],[13.765901,45.75073],[13.765984,45.750843],[13.766676,45.750764],[13.76636,45.750854],[13.76567,45.750908],[13.765627,45.751823],[13.765616,45.752697],[13.765136,45.753177],[13.763715,45.754495],[13.763323,45.75508],[13.762853,45.755561],[13.762508,45.755984],[13.76224,45.756254],[13.76209,45.756158],[13.761898,45.756125],[13.761771,45.756142],[13.761645,45.756121],[13.761581,45.75607],[13.759999,45.7558],[13.75887,45.755658],[13.757817,45.75556],[13.756944,45.755532],[13.756365,45.755533],[13.755693,45.755481],[13.754518,45.755472],[13.752399,45.755407],[13.750906,45.755406],[13.750534,45.75539],[13.750255,45.755351],[13.748543,45.755356],[13.74676,45.755262],[13.745858,45.755242],[13.745131,45.755651],[13.744074,45.756187],[13.743866,45.756304],[13.743428,45.756591],[13.742973,45.7568],[13.742534,45.756993],[13.741529,45.757328],[13.739991,45.757895],[13.739345,45.758767],[13.739009,45.759271],[13.73881,45.759454],[13.738585,45.75958],[13.738313,45.759609],[13.736803,45.759522],[13.735636,45.759475],[13.735531,45.759547],[13.735165,45.759669],[13.734679,45.760009],[13.734292,45.760321],[13.733927,45.76066],[13.733648,45.760854],[13.733969,45.761217],[13.734719,45.761262],[13.736055,45.761195],[13.73664,45.761263],[13.736913,45.761495],[13.737502,45.761617],[13.736785,45.762032],[13.736166,45.762347],[13.736014,45.762622],[13.735605,45.762831],[13.735273,45.763289],[13.734421,45.763764],[13.731824,45.765288],[13.731071,45.765692],[13.730868,45.765814],[13.730681,45.765966],[13.730002,45.766376],[13.728488,45.766856],[13.726585,45.767433],[13.721352,45.768966],[13.721153,45.769097],[13.720555,45.76858],[13.720164,45.768279],[13.719811,45.767909],[13.719576,45.767593],[13.719623,45.767254],[13.719619,45.76717],[13.719581,45.767119],[13.719486,45.767083],[13.718792,45.767108],[13.718442,45.76684],[13.717726,45.76657],[13.716738,45.766271],[13.716083,45.766053],[13.715599,45.765817],[13.714834,45.765332],[13.714628,45.765274],[13.713737,45.764499],[13.713047,45.764387],[13.713016,45.764402],[13.713004,45.764441],[13.712806,45.764434],[13.712456,45.764305],[13.712145,45.764101],[13.712016,45.763915],[13.712015,45.763824],[13.711973,45.763809],[13.712022,45.763659],[13.711981,45.763294],[13.711931,45.763167],[13.711691,45.763041],[13.711555,45.763016],[13.711484,45.762899],[13.711421,45.76273],[13.71115,45.762569],[13.710968,45.762591],[13.710654,45.762563],[13.710684,45.762297],[13.710594,45.7621],[13.710435,45.761971],[13.710322,45.761741],[13.710497,45.761685],[13.710512,45.761663],[13.710346,45.761303],[13.710137,45.761049],[13.710043,45.760814],[13.709959,45.760738],[13.709975,45.760675],[13.71011,45.760639],[13.710187,45.760593],[13.710068,45.760503],[13.70992,45.76049],[13.70969,45.760395],[13.709424,45.760372],[13.709366,45.759856],[13.709279,45.759582],[13.708403,45.759693],[13.708044,45.759614],[13.708024,45.759553],[13.707818,45.759532],[13.707672,45.759434],[13.70744,45.75911],[13.707983,45.75844],[13.707873,45.75823],[13.707688,45.758092],[13.707476,45.757807],[13.707516,45.757593],[13.707386,45.757299],[13.70745,45.757034],[13.70761,45.757005],[13.708214,45.757167],[13.708576,45.75711],[13.708928,45.756934],[13.709026,45.756854],[13.709126,45.756621],[13.709104,45.756572],[13.709018,45.756499],[13.708727,45.756121],[13.708348,45.755802],[13.708096,45.755404],[13.706865,45.754389],[13.710013,45.752558],[13.710309,45.752421],[13.712148,45.751715],[13.713243,45.751077],[13.713941,45.750597],[13.714098,45.75061],[13.714469,45.750331],[13.714243,45.750155],[13.714267,45.750099],[13.71416,45.749864],[13.714029,45.749714],[13.714001,45.749706],[13.713855,45.749734],[13.71379,45.749654],[13.713658,45.749653],[13.713508,45.749527],[13.713384,45.749348],[13.713119,45.749241],[13.713091,45.749174],[13.711921,45.748253],[13.711546,45.747935],[13.711467,45.747911],[13.711277,45.747752],[13.711683,45.747576],[13.712025,45.747126],[13.712154,45.746919],[13.712376,45.746732],[13.712582,45.746495],[13.712875,45.746419],[13.712896,45.746303],[13.712764,45.746195],[13.712646,45.746153],[13.712478,45.746048],[13.712273,45.746001],[13.712208,45.745912],[13.712018,45.745789],[13.711795,45.745732],[13.711482,45.745747],[13.711254,45.745807],[13.711126,45.745763],[13.71094,45.745847],[13.710816,45.745869],[13.710832,45.745724],[13.710721,45.745518],[13.710728,45.745447],[13.710572,45.745215],[13.71055,45.744956],[13.710528,45.744939],[13.710314,45.74503],[13.70966,45.745402],[13.709156,45.744841],[13.708738,45.744608],[13.707526,45.743982],[13.706227,45.742772],[13.70582,45.742124],[13.70576,45.741949],[13.705719,45.741464],[13.705591,45.740788],[13.705466,45.740592],[13.705311,45.740213],[13.705266,45.739918],[13.705323,45.739587],[13.705441,45.739222],[13.705471,45.738884],[13.705424,45.738858],[13.705486,45.738531],[13.705476,45.738424],[13.705447,45.738408],[13.705288,45.738418],[13.705201,45.738408],[13.704835,45.738298],[13.704074,45.737933],[13.703749,45.737833],[13.703688,45.737826],[13.703234,45.737512],[13.702932,45.73744],[13.702862,45.737382],[13.702821,45.737256],[13.702841,45.737199],[13.702905,45.737195],[13.703386,45.736843],[13.703758,45.736624],[13.703994,45.736378],[13.704297,45.735999],[13.704557,45.735811],[13.704645,45.735687],[13.704579,45.735508],[13.704607,45.735304],[13.704529,45.735054],[13.704545,45.734347],[13.704363,45.734199],[13.704246,45.734065],[13.704013,45.733892],[13.703751,45.733828],[13.703316,45.733764],[13.702764,45.733653],[13.70226,45.733516],[13.702066,45.733418],[13.701854,45.73324],[13.701693,45.733133],[13.701688,45.733099],[13.701418,45.732974],[13.701295,45.732886],[13.701213,45.732937],[13.700855,45.732828],[13.700244,45.732913],[13.699361,45.732785],[13.699128,45.732811]],[[13.743242,45.735175],[13.743231,45.735195],[13.743262,45.735276],[13.743507,45.73545],[13.743848,45.735571],[13.744191,45.735637],[13.744284,45.735676],[13.744535,45.735852],[13.744508,45.735906],[13.74447,45.735835],[13.744258,45.735687],[13.744132,45.735649],[13.743788,45.735585],[13.743497,45.735484],[13.743337,45.735494],[13.743314,45.735507],[13.743324,45.735532],[13.743354,45.735543],[13.743502,45.735517],[13.743714,45.735644],[13.744233,45.73583],[13.744341,45.735935],[13.744374,45.736087],[13.744214,45.736301],[13.74426,45.736358],[13.744097,45.736504],[13.744105,45.736536],[13.743975,45.736609],[13.743943,45.736708],[13.743954,45.736732],[13.744762,45.736559],[13.744789,45.736668],[13.744814,45.736683],[13.745188,45.736691],[13.745213,45.736747],[13.745354,45.736771],[13.745536,45.736732],[13.745572,45.736693],[13.745633,45.73673],[13.745227,45.736875],[13.745227,45.736956],[13.745185,45.736977],[13.74521,45.737051],[13.744811,45.737207],[13.744788,45.737287],[13.744517,45.73739],[13.744506,45.737414],[13.744624,45.73745],[13.744802,45.73738],[13.74483,45.737441],[13.744998,45.737515],[13.744972,45.737639],[13.74502,45.737848],[13.745147,45.737893],[13.745221,45.737873],[13.745524,45.738013],[13.745686,45.738071],[13.745843,45.738063],[13.745887,45.738041],[13.746022,45.738075],[13.746621,45.738333],[13.746759,45.738498],[13.746786,45.738507],[13.747047,45.738355],[13.74714,45.738269],[13.747209,45.738102],[13.747252,45.738089],[13.747329,45.737906],[13.747438,45.737748],[13.74767,45.737601],[13.747913,45.737528],[13.747998,45.73738],[13.748208,45.737424],[13.748687,45.73749],[13.748715,45.737481],[13.748815,45.737345],[13.749297,45.737414],[13.749662,45.737629],[13.749837,45.737656],[13.749975,45.737781],[13.750059,45.737787],[13.750142,45.737754],[13.750154,45.737735],[13.750119,45.737607],[13.750115,45.737399],[13.750199,45.736962],[13.75025,45.736866],[13.750338,45.736786],[13.750375,45.736719],[13.750415,45.736722],[13.750462,45.736691],[13.750524,45.736718],[13.751172,45.736844],[13.751294,45.736881],[13.751334,45.736877],[13.751405,45.736837],[13.751455,45.736753],[13.751358,45.736699],[13.751356,45.736593],[13.751592,45.736131],[13.751747,45.736009],[13.751779,45.735897],[13.751604,45.73569],[13.751417,45.73554],[13.751067,45.735542],[13.751017,45.735627],[13.750889,45.735713],[13.750804,45.735707],[13.750662,45.735615],[13.750344,45.735627],[13.750357,45.735483],[13.750295,45.735249],[13.750236,45.73518],[13.750164,45.735177],[13.75006,45.735096],[13.750054,45.734988],[13.749902,45.734742],[13.749815,45.734647],[13.749806,45.734549],[13.749635,45.734378],[13.749494,45.734178],[13.749299,45.734019],[13.749274,45.733911],[13.749205,45.733894],[13.749171,45.733479],[13.749143,45.733473],[13.748637,45.733585],[13.748588,45.73357],[13.74839,45.733603],[13.748308,45.733258],[13.748012,45.733274],[13.74795,45.732962],[13.747942,45.732812],[13.747975,45.732695],[13.748097,45.732501],[13.748086,45.732478],[13.748026,45.732456],[13.748095,45.732361],[13.748087,45.732333],[13.748119,45.732294],[13.74816,45.732286],[13.748396,45.731994],[13.748614,45.731798],[13.749039,45.731532],[13.749386,45.731379],[13.749201,45.731129],[13.749005,45.731048],[13.748976,45.731082],[13.748494,45.731383],[13.748304,45.731434],[13.748187,45.731505],[13.74801,45.731546],[13.747851,45.731894],[13.747708,45.73206],[13.747462,45.732291],[13.746884,45.732519],[13.747011,45.732696],[13.747013,45.732808],[13.746818,45.733065],[13.746783,45.7331],[13.746626,45.733183],[13.746444,45.733403],[13.746351,45.733806],[13.746304,45.733841],[13.74624,45.73385],[13.746228,45.733891],[13.7453,45.73459],[13.74495,45.734885],[13.744706,45.735127],[13.744321,45.735045],[13.744107,45.734948],[13.743783,45.734928],[13.743242,45.735175]],[[13.743752,45.734711],[13.743745,45.734731],[13.743781,45.734751],[13.74412,45.734865],[13.744148,45.734862],[13.744696,45.734485],[13.744696,45.734459],[13.744562,45.734374],[13.744684,45.734283],[13.744684,45.734259],[13.744596,45.734188],[13.744559,45.734187],[13.743752,45.734711]]]},"properties":{"prov":"TS","comune_amm":"I715","comune_descr":"SGONICO","fascia":"R","zona":"R1","zona_descr":"REGIONE AGRARIA 19","microzona":1,"semestre":"2025/2"}}]}